source_organization,source_indicator_code,previous_title,previous_decision,content_decision,player_title,plain_language_description,immediate_comprehension_score,gameplay_interest_score,uniqueness_score,reason,player_link_status,player_link_reason
World Bank,SP.POP.TOTL,Largest population,approved,approved,Largest population,,94,86,86,Approved after title-by-title comprehension and gameplay review; the measure is understandable without specialized statistical knowledge.,exact,Official World Bank indicator page shows the indicator’s country data and chart.
World Bank,SP.RUR.TOTL,Largest rural population,excluded,excluded,,,,,,Near-duplicate of total population and rural population share.,not_applicable,Previously excluded from the catalog.
World Bank,SP.URB.TOTL,Largest urban population,excluded,excluded,,,,,,Near-duplicate of total population and urbanization measures.,not_applicable,Previously excluded from the catalog.
World Bank,TX.VAL.MRCH.CD.WT,Largest merchandise exports,approved,approved,Largest merchandise exports,,94,86,86,Approved after title-by-title comprehension and gameplay review; the measure is understandable without specialized statistical knowledge.,exact,Official World Bank indicator page shows the indicator’s country data and chart.
World Bank,TM.VAL.MRCH.CD.WT,Largest merchandise imports,approved,approved,Largest merchandise imports,,94,86,86,Approved after title-by-title comprehension and gameplay review; the measure is understandable without specialized statistical knowledge.,exact,Official World Bank indicator page shows the indicator’s country data and chart.
World Bank,NY.GDP.MKTP.CD,Largest economy,approved,approved,Largest economy,,94,86,86,Approved after title-by-title comprehension and gameplay review; the measure is understandable without specialized statistical knowledge.,exact,Official World Bank indicator page shows the indicator’s country data and chart.
World Bank,SP.POP.GROW,Fastest population growth,approved,approved,Fastest population growth,,94,86,86,Approved after title-by-title comprehension and gameplay review; the measure is understandable without specialized statistical knowledge.,exact,Official World Bank indicator page shows the indicator’s country data and chart.
World Bank,NY.GDP.PCAP.CD,Highest GDP per person,approved,approved,Highest GDP per person,,94,86,86,Approved after title-by-title comprehension and gameplay review; the measure is understandable without specialized statistical knowledge.,exact,Official World Bank indicator page shows the indicator’s country data and chart.
World Bank,SP.POP.65UP.TO.ZS,Oldest population,approved,approved,Highest share of people age 65+,People age 65 and older as a share of the population.,94,86,86,Approved after clarity review with a plainer title and explicit description.,exact,Official World Bank indicator page shows the indicator’s country data and chart.
World Bank,SP.RUR.TOTL.ZS,Highest rural population share,approved,approved,Highest rural population share,,94,86,86,Approved after title-by-title comprehension and gameplay review; the measure is understandable without specialized statistical knowledge.,exact,Official World Bank indicator page shows the indicator’s country data and chart.
World Bank,SP.POP.0014.TO.ZS,Youngest population,approved,approved,Highest share of children under 15,People ages 0–14 as a share of the population.,94,86,86,Approved after clarity review with a plainer title and explicit description.,exact,Official World Bank indicator page shows the indicator’s country data and chart.
World Bank,NY.GDP.MKTP.KD.ZG,Fastest economic growth,approved,approved,Fastest economic growth,,94,86,86,Approved after title-by-title comprehension and gameplay review; the measure is understandable without specialized statistical knowledge.,exact,Official World Bank indicator page shows the indicator’s country data and chart.
World Bank,NV.AGR.TOTL.CD,Largest agricultural economy,approved,approved,Largest agricultural output,"Value added by agriculture, forestry, and fishing in current US dollars.",94,86,86,Approved after clarity review with a plainer title and explicit description.,exact,Official World Bank indicator page shows the indicator’s country data and chart.
World Bank,ER.LND.PTLD.ZS,Highest protected-land share,approved,approved,Highest protected-land share,,94,86,86,Approved after title-by-title comprehension and gameplay review; the measure is understandable without specialized statistical knowledge.,exact,Official World Bank indicator page shows the indicator’s country data and chart.
UNHCR,asylum-applications:coo:applied,Most asylum applications by origin,approved,approved,Most asylum applications by country of origin,New asylum applications filed abroad by people from each country during the year.,94,86,86,Approved after clarity review with a plainer title and explicit description.,needs_exact_url,No verified human-readable deep link showing the exact filtered data is currently stored; category remains non-playable.
UNHCR,population:coo:asylum_seekers,Most asylum seekers originating,excluded,excluded,,,,,,Stock measure is too similar to refugees originating and asylum-application flows.,not_applicable,Previously excluded from the catalog.
UNHCR,population:coo:refugees,Most refugees originating,approved,approved,Most refugees by country of origin,People from each country who are living abroad as recognized refugees.,94,86,86,Approved after clarity review with a plainer title and explicit description.,needs_exact_url,No verified human-readable deep link showing the exact filtered data is currently stored; category remains non-playable.
World Bank,NV.IND.MANF.CD,Largest manufacturing output,approved,approved,Largest manufacturing output,,94,86,86,Approved after title-by-title comprehension and gameplay review; the measure is understandable without specialized statistical knowledge.,exact,Official World Bank indicator page shows the indicator’s country data and chart.
UNHCR,population:coa:refugees,Most refugees hosted,approved,approved,Most refugees hosted,,94,86,86,Approved after title-by-title comprehension and gameplay review; the measure is understandable without specialized statistical knowledge.,needs_exact_url,No verified human-readable deep link showing the exact filtered data is currently stored; category remains non-playable.
FAOSTAT,QCL:'01212:5412,Highest cabbage yield,approved,approved,Highest cabbage yield,,94,91,86,Approved after title-by-title comprehension and gameplay review; the measure is understandable without specialized statistical knowledge.,needs_exact_url,No verified human-readable deep link showing the exact filtered data is currently stored; category remains non-playable.
FAOSTAT,QCL:'01251:5412,Highest carrots and turnips yield,approved,approved,Highest carrots and turnips yield,,94,86,86,Approved after title-by-title comprehension and gameplay review; the measure is understandable without specialized statistical knowledge.,needs_exact_url,No verified human-readable deep link showing the exact filtered data is currently stored; category remains non-playable.
FAOSTAT,QCL:'0111:5412,Highest wheat yield,approved,approved,Highest wheat yield,,94,86,86,Approved after title-by-title comprehension and gameplay review; the measure is understandable without specialized statistical knowledge.,needs_exact_url,No verified human-readable deep link showing the exact filtered data is currently stored; category remains non-playable.
FAOSTAT,QCL:'0115:5510,Largest barley production,approved,approved,Largest barley production,,94,86,86,Approved after title-by-title comprehension and gameplay review; the measure is understandable without specialized statistical knowledge.,needs_exact_url,No verified human-readable deep link showing the exact filtered data is currently stored; category remains non-playable.
FAOSTAT,QCL:'0115:5412,Highest barley yield,approved,approved,Highest barley yield,,94,86,86,Approved after title-by-title comprehension and gameplay review; the measure is understandable without specialized statistical knowledge.,needs_exact_url,No verified human-readable deep link showing the exact filtered data is currently stored; category remains non-playable.
World Bank,IT.MLT.MAIN.P2,Highest fixed telephone subscriptions per 100 people,approved,excluded,,,45,40,0,Removed as dated and low-interest for current gameplay.,not_applicable,Category is excluded by content review.
WHO,WHS4_117,Highest hepatitis B vaccination rate,approved,approved,Highest hepatitis B vaccination rate,,94,86,86,Approved after title-by-title comprehension and gameplay review; the measure is understandable without specialized statistical knowledge.,needs_exact_url,No verified human-readable deep link showing the exact filtered data is currently stored; category remains non-playable.
WHO,WHS8_110,Highest measles vaccination rate,approved,approved,Highest measles vaccination rate,,94,86,86,Approved after title-by-title comprehension and gameplay review; the measure is understandable without specialized statistical knowledge.,needs_exact_url,No verified human-readable deep link showing the exact filtered data is currently stored; category remains non-playable.
World Bank,SH.XPD.CHEX.PC.CD,Highest health spending per person,approved,approved,Highest health spending per person,,94,86,86,Approved after title-by-title comprehension and gameplay review; the measure is understandable without specialized statistical knowledge.,exact,Official World Bank indicator page shows the indicator’s country data and chart.
UNESCO UIS,ROFST.MOD.3,Lowest upper-secondary out-of-school rate,excluded,excluded,,,,,,Near-inverse of upper-secondary completion and too similar to other school-attainment categories.,not_applicable,Previously excluded from the catalog.
UNESCO UIS,ROFST.MOD.2,Lowest lower-secondary out-of-school rate,excluded,excluded,,,,,,Near-inverse of lower-secondary completion and too similar to other school-attainment categories.,not_applicable,Previously excluded from the catalog.
FAOSTAT,QCL:'F1738:5412,Highest Fruit Primary yield,excluded,excluded,,,,,,"Obscure, redundant, narrowly processed, or weaker than a retained measure.",not_applicable,Previously excluded from the catalog.
World Bank,NV.IND.TOTL.ZS,Highest industry share of GDP,approved,excluded,,,45,40,0,Too technical for immediate play: industry value added as a share of GDP is not intuitive enough.,not_applicable,Category is excluded by content review.
FAOSTAT,QCL:'F1720:5412,"Highest Roots and Tubers, Total yield",excluded,excluded,,,,,,"Obscure, redundant, narrowly processed, or weaker than a retained measure.",not_applicable,Previously excluded from the catalog.
FAOSTAT,QCL:'F1735:5412,Highest Vegetables Primary yield,excluded,excluded,,,,,,"Obscure, redundant, narrowly processed, or weaker than a retained measure.",not_applicable,Previously excluded from the catalog.
ILOSTAT,SDG_0821_NOC_RT_A,Fastest labor-productivity growth,approved,excluded,,,45,40,0,Too technical for immediate play: annual labor-productivity growth requires interpreting an economic productivity measure.,not_applicable,Category is excluded by content review.
ILOSTAT,EMP_2WAP_SEX_AGE_RT_A,Highest employment-to-population ratio,approved,excluded,,,45,40,0,Too technical and too close to unemployment and labor-force participation for ordinary play.,not_applicable,Category is excluded by content review.
ILOSTAT,SDG_1041_NOC_RT_A,Highest labor-income share of GDP,approved,excluded,,,45,40,0,Too technical for immediate play: labor-income share of GDP is not self-explanatory.,not_applicable,Category is excluded by content review.
ILOSTAT,GDP_205U_NOC_NB_A,Highest output per worker,approved,excluded,,,45,40,0,Too technical for immediate play: output per worker depends on a specialized productivity measure.,not_applicable,Category is excluded by content review.
ILOSTAT,UNE_2EAP_SEX_AGE_RT_A,Lowest unemployment rate,approved,approved,Lowest unemployment rate,,94,86,86,Approved after title-by-title comprehension and gameplay review; the measure is understandable without specialized statistical knowledge.,needs_exact_url,No verified human-readable deep link showing the exact filtered data is currently stored; category remains non-playable.
FAOSTAT,QCL:'02211:5417,Highest milk yield per cow,approved,approved,Highest milk yield per cow,,94,86,86,Approved after title-by-title comprehension and gameplay review; the measure is understandable without specialized statistical knowledge.,needs_exact_url,No verified human-readable deep link showing the exact filtered data is currently stored; category remains non-playable.
World Bank,NE.EXP.GNFS.CD,Largest exports,excluded,excluded,,,,,,Superseded by the broader-coverage merchandise-exports category.,not_applicable,Previously excluded from the catalog.
World Bank,NE.IMP.GNFS.CD,Largest imports,excluded,excluded,,,,,,Superseded by the broader-coverage merchandise-imports category.,not_applicable,Previously excluded from the catalog.
UNESCO UIS,CR.MOD.1,Highest primary-school completion rate,approved,approved,Highest primary-school completion rate,,94,86,86,Approved after title-by-title comprehension and gameplay review; the measure is understandable without specialized statistical knowledge.,needs_exact_url,"The UIS browser is readable, but the current importer does not provide a proven shareable page with this exact indicator selected."
UNESCO UIS,CR.MOD.2,Highest lower-secondary completion rate,excluded,excluded,,,,,,Middle-stage completion is redundant when primary and upper-secondary completion are retained.,not_applicable,Previously excluded from the catalog.
UNESCO UIS,CR.MOD.3,Highest upper-secondary completion rate,approved,approved,Highest upper-secondary completion rate,,94,86,86,Approved after title-by-title comprehension and gameplay review; the measure is understandable without specialized statistical knowledge.,needs_exact_url,"The UIS browser is readable, but the current importer does not provide a proven shareable page with this exact indicator selected."
UNHCR,population:coa:asylum_seekers,Most asylum seekers hosted,excluded,excluded,,,,,,Stock measure is too similar to refugees hosted and asylum applications received.,not_applicable,Previously excluded from the catalog.
FAOSTAT,QCL:'0112:5412,Highest corn yield,approved,approved,Highest corn yield,,94,86,86,Approved after title-by-title comprehension and gameplay review; the measure is understandable without specialized statistical knowledge.,needs_exact_url,No verified human-readable deep link showing the exact filtered data is currently stored; category remains non-playable.
FAOSTAT,QCL:'01510:5412,Highest potatoes yield,approved,approved,Highest potatoes yield,,94,86,86,Approved after title-by-title comprehension and gameplay review; the measure is understandable without specialized statistical knowledge.,needs_exact_url,No verified human-readable deep link showing the exact filtered data is currently stored; category remains non-playable.
FAOSTAT,QCL:'01253.02:5412,Highest onions and shallots yield,approved,approved,Highest onions and shallots yield,,94,86,86,Approved after title-by-title comprehension and gameplay review; the measure is understandable without specialized statistical knowledge.,needs_exact_url,No verified human-readable deep link showing the exact filtered data is currently stored; category remains non-playable.
FAOSTAT,QCL:'F1723:5412,Highest Sugar Crops Primary yield,excluded,excluded,,,,,,"Obscure, redundant, narrowly processed, or weaker than a retained measure.",not_applicable,Previously excluded from the catalog.
FAOSTAT,QCL:'01232:5412,Highest cucumbers and gherkins yield,approved,approved,Highest cucumbers and gherkins yield,,94,86,86,Approved after title-by-title comprehension and gameplay review; the measure is understandable without specialized statistical knowledge.,needs_exact_url,No verified human-readable deep link showing the exact filtered data is currently stored; category remains non-playable.
FAOSTAT,QCL:'01231:5412,Highest green chilies and peppers yield,approved,approved,Highest green chilies and peppers yield,,94,86,86,Approved after title-by-title comprehension and gameplay review; the measure is understandable without specialized statistical knowledge.,needs_exact_url,No verified human-readable deep link showing the exact filtered data is currently stored; category remains non-playable.
FAOSTAT,QCL:'0111:5312,Largest Wheat harvested area,excluded,excluded,,,,,,Harvested-area variant removed in favor of production or yield.,not_applicable,Previously excluded from the catalog.
FAOSTAT,QCL:'0111:5510,Largest wheat production,approved,approved,Largest wheat production,,94,86,86,Approved after title-by-title comprehension and gameplay review; the measure is understandable without specialized statistical knowledge.,needs_exact_url,No verified human-readable deep link showing the exact filtered data is currently stored; category remains non-playable.
FAOSTAT,QCL:'0113:5412,Highest rice yield,approved,approved,Highest rice yield,,94,86,86,Approved after title-by-title comprehension and gameplay review; the measure is understandable without specialized statistical knowledge.,needs_exact_url,No verified human-readable deep link showing the exact filtered data is currently stored; category remains non-playable.
FAOSTAT,QCL:'0115:5312,Largest Barley harvested area,excluded,excluded,,,,,,Harvested-area variant removed in favor of production or yield.,not_applicable,Previously excluded from the catalog.
FAOSTAT,QCL:'01252:5412,Highest Green garlic yield,excluded,excluded,,,,,,"Obscure, redundant, narrowly processed, or weaker than a retained measure.",not_applicable,Previously excluded from the catalog.
FAOSTAT,QCL:'01322:5412,Highest lemons and limes yield,approved,approved,Highest lemons and limes yield,,94,86,86,Approved after title-by-title comprehension and gameplay review; the measure is understandable without specialized statistical knowledge.,needs_exact_url,No verified human-readable deep link showing the exact filtered data is currently stored; category remains non-playable.
FAOSTAT,QCL:'01214:5412,Highest lettuce and chicory yield,approved,approved,Highest lettuce and chicory yield,,94,86,86,Approved after title-by-title comprehension and gameplay review; the measure is understandable without specialized statistical knowledge.,needs_exact_url,No verified human-readable deep link showing the exact filtered data is currently stored; category remains non-playable.
FAOSTAT,QCL:'01241.90:5412,"Highest Other beans, green yield",excluded,excluded,,,,,,"Obscure, redundant, narrowly processed, or weaker than a retained measure.",not_applicable,Previously excluded from the catalog.
FAOSTAT,QCL:'0141:5412,Highest soybeans yield,approved,approved,Highest soybeans yield,,94,86,86,Approved after title-by-title comprehension and gameplay review; the measure is understandable without specialized statistical knowledge.,needs_exact_url,No verified human-readable deep link showing the exact filtered data is currently stored; category remains non-playable.
World Bank,IT.NET.BBND.P2,Highest fixed broadband subscriptions per 100 people,approved,approved,Highest fixed broadband subscriptions per 100 people,,91,86,86,Approved after title-by-title comprehension and gameplay review; the measure is understandable without specialized statistical knowledge.,exact,Official World Bank indicator page shows the indicator’s country data and chart.
FAOSTAT,QCL:'F1720:5510,Largest roots and tubers production,approved,approved,Largest roots and tubers production,,94,86,86,Approved after title-by-title comprehension and gameplay review; the measure is understandable without specialized statistical knowledge.,needs_exact_url,No verified human-readable deep link showing the exact filtered data is currently stored; category remains non-playable.
FAOSTAT,QCL:'F1806:5417,"Highest Beef and Buffalo Meat, primary yield",excluded,excluded,,,,,,"Obscure, redundant, narrowly processed, or weaker than a retained measure.",not_applicable,Previously excluded from the catalog.
FAOSTAT,QCL:'02111:5111,Largest cattle population,approved,approved,Largest cattle population,,94,86,86,Approved after title-by-title comprehension and gameplay review; the measure is understandable without specialized statistical knowledge.,needs_exact_url,No verified human-readable deep link showing the exact filtered data is currently stored; category remains non-playable.
FAOSTAT,QCL:'21111.01:5417,"Highest Meat of cattle with the bone, fresh or chilled yield",excluded,excluded,,,,,,"Obscure, redundant, narrowly processed, or weaker than a retained measure.",not_applicable,Previously excluded from the catalog.
FAOSTAT,QCL:'21121:5424,"Highest Meat of chickens, fresh or chilled yield",excluded,excluded,,,,,,"Obscure, redundant, narrowly processed, or weaker than a retained measure.",not_applicable,Previously excluded from the catalog.
FAOSTAT,QCL:'F1808:5424,"Highest Meat, Poultry yield",excluded,excluded,,,,,,"Obscure, redundant, narrowly processed, or weaker than a retained measure.",not_applicable,Previously excluded from the catalog.
FAOSTAT,QCL:'F1780:5417,"Highest Milk, Total yield",excluded,excluded,,,,,,"Obscure, redundant, narrowly processed, or weaker than a retained measure.",not_applicable,Previously excluded from the catalog.
FAOSTAT,QCL:'02211:5510,Largest cow's milk production,approved,approved,Largest cow's milk production,,94,86,86,Approved after title-by-title comprehension and gameplay review; the measure is understandable without specialized statistical knowledge.,needs_exact_url,No verified human-readable deep link showing the exact filtered data is currently stored; category remains non-playable.
FAOSTAT,QCL:'F1717:5312,"Largest Cereals, primary harvested area",excluded,excluded,,,,,,Harvested-area variant removed in favor of production or yield.,not_applicable,Previously excluded from the catalog.
FAOSTAT,QCL:'F1717:5510,Largest cereals production,approved,approved,Largest cereals production,,94,86,86,Approved after title-by-title comprehension and gameplay review; the measure is understandable without specialized statistical knowledge.,needs_exact_url,No verified human-readable deep link showing the exact filtered data is currently stored; category remains non-playable.
FAOSTAT,QCL:'F1717:5412,"Highest Cereals, primary yield",excluded,excluded,,,,,,"Obscure, redundant, narrowly processed, or weaker than a retained measure.",not_applicable,Previously excluded from the catalog.
FAOSTAT,QCL:'02122:5111,Largest sheep population,approved,approved,Largest sheep population,,94,86,86,Approved after title-by-title comprehension and gameplay review; the measure is understandable without specialized statistical knowledge.,needs_exact_url,No verified human-readable deep link showing the exact filtered data is currently stored; category remains non-playable.
FAOSTAT,QCL:'01290.90:5412,"Highest Other vegetables, fresh n.e.c. yield",excluded,excluded,,,,,,Obscure or technical commodity definition removed.,not_applicable,Previously excluded from the catalog.
FAOSTAT,QCL:'0112:5510,Largest corn production,approved,approved,Largest corn production,,94,86,86,Approved after title-by-title comprehension and gameplay review; the measure is understandable without specialized statistical knowledge.,needs_exact_url,No verified human-readable deep link showing the exact filtered data is currently stored; category remains non-playable.
World Bank,NE.CON.GOVT.CD,Highest government consumption,excluded,excluded,,,,,,Absolute consumption mostly repeats economy size and is weak for gameplay.,not_applicable,Previously excluded from the catalog.
World Bank,NE.CON.PRVT.CD,Highest household consumption,excluded,excluded,,,,,,Absolute consumption mostly repeats economy size and is weak for gameplay.,not_applicable,Previously excluded from the catalog.
FAOSTAT,QCL:'01234:5510,Largest tomatoes production,approved,approved,Largest tomatoes production,,94,86,86,Approved after title-by-title comprehension and gameplay review; the measure is understandable without specialized statistical knowledge.,needs_exact_url,No verified human-readable deep link showing the exact filtered data is currently stored; category remains non-playable.
FAOSTAT,QCL:'01234:5412,Highest tomatoes yield,approved,approved,Highest tomatoes yield,,94,86,86,Approved after title-by-title comprehension and gameplay review; the measure is understandable without specialized statistical knowledge.,needs_exact_url,No verified human-readable deep link showing the exact filtered data is currently stored; category remains non-playable.
FAOSTAT,QCL:'01510:5312,Largest Potatoes harvested area,excluded,excluded,,,,,,Harvested-area variant removed in favor of production or yield.,not_applicable,Previously excluded from the catalog.
FAOSTAT,QCL:'01510:5510,Largest potatoes production,approved,approved,Largest potatoes production,,94,86,86,Approved after title-by-title comprehension and gameplay review; the measure is understandable without specialized statistical knowledge.,needs_exact_url,No verified human-readable deep link showing the exact filtered data is currently stored; category remains non-playable.
FAOSTAT,QCL:'01212:5510,Largest cabbage production,approved,approved,Largest cabbage production,,94,91,86,Approved after title-by-title comprehension and gameplay review; the measure is understandable without specialized statistical knowledge.,needs_exact_url,No verified human-readable deep link showing the exact filtered data is currently stored; category remains non-playable.
FAOSTAT,QCL:'01253.02:5312,"Largest Onions and shallots, dry (excluding dehydrated) harvested area",excluded,excluded,,,,,,Harvested-area variant removed in favor of production or yield.,not_applicable,Previously excluded from the catalog.
FAOSTAT,QCL:'01253.02:5510,Largest onions and shallots production,approved,approved,Largest onions and shallots production,,94,86,86,Approved after title-by-title comprehension and gameplay review; the measure is understandable without specialized statistical knowledge.,needs_exact_url,No verified human-readable deep link showing the exact filtered data is currently stored; category remains non-playable.
FAOSTAT,QCL:'01232:5510,Largest cucumbers and gherkins production,approved,approved,Largest cucumbers and gherkins production,,94,86,86,Approved after title-by-title comprehension and gameplay review; the measure is understandable without specialized statistical knowledge.,needs_exact_url,No verified human-readable deep link showing the exact filtered data is currently stored; category remains non-playable.
FAOSTAT,QCL:'01232:5312,Largest Cucumbers and gherkins harvested area,excluded,excluded,,,,,,Harvested-area variant removed in favor of production or yield.,not_applicable,Previously excluded from the catalog.
FAOSTAT,QCL:'F1804:5412,"Highest Citrus Fruit, Total yield",excluded,excluded,,,,,,"Obscure, redundant, narrowly processed, or weaker than a retained measure.",not_applicable,Previously excluded from the catalog.
FAOSTAT,QCL:'01251:5510,Largest carrots and turnips production,approved,approved,Largest carrots and turnips production,,94,86,86,Approved after title-by-title comprehension and gameplay review; the measure is understandable without specialized statistical knowledge.,needs_exact_url,No verified human-readable deep link showing the exact filtered data is currently stored; category remains non-playable.
FAOSTAT,QCL:'01231:5510,Largest green chilies and peppers production,approved,approved,Largest green chilies and peppers production,,94,86,86,Approved after title-by-title comprehension and gameplay review; the measure is understandable without specialized statistical knowledge.,needs_exact_url,No verified human-readable deep link showing the exact filtered data is currently stored; category remains non-playable.
FAOSTAT,QCL:'F1729:5312,"Largest Treenuts, Total harvested area",excluded,excluded,,,,,,Harvested-area variant removed in favor of production or yield.,not_applicable,Previously excluded from the catalog.
FAOSTAT,QCL:'01235:5510,"Largest pumpkins, squash, and gourds production",approved,approved,"Largest pumpkins, squash, and gourds production",,94,86,86,Approved after title-by-title comprehension and gameplay review; the measure is understandable without specialized statistical knowledge.,needs_exact_url,No verified human-readable deep link showing the exact filtered data is currently stored; category remains non-playable.
FAOSTAT,QCL:'01235:5312,"Largest Pumpkins, squash and gourds harvested area",excluded,excluded,,,,,,Harvested-area variant removed in favor of production or yield.,not_applicable,Previously excluded from the catalog.
FAOSTAT,QCL:'01235:5412,"Highest pumpkins, squash, and gourds yield",approved,approved,"Highest pumpkins, squash, and gourds yield",,94,86,86,Approved after title-by-title comprehension and gameplay review; the measure is understandable without specialized statistical knowledge.,needs_exact_url,No verified human-readable deep link showing the exact filtered data is currently stored; category remains non-playable.
FAOSTAT,QCL:'01221:5412,Highest watermelons yield,approved,approved,Highest watermelons yield,,94,91,86,Approved after title-by-title comprehension and gameplay review; the measure is understandable without specialized statistical knowledge.,needs_exact_url,No verified human-readable deep link showing the exact filtered data is currently stored; category remains non-playable.
FAOSTAT,QCL:'F1729:5412,"Highest Treenuts, Total yield",excluded,excluded,,,,,,"Obscure, redundant, narrowly processed, or weaker than a retained measure.",not_applicable,Previously excluded from the catalog.
FAOSTAT,QCL:'0114:5510,Largest sorghum production,approved,approved,Largest sorghum production,,94,86,86,Approved after title-by-title comprehension and gameplay review; the measure is understandable without specialized statistical knowledge.,needs_exact_url,No verified human-readable deep link showing the exact filtered data is currently stored; category remains non-playable.
FAOSTAT,QCL:'01312:5412,Highest bananas yield,approved,approved,Highest bananas yield,,94,91,86,Approved after title-by-title comprehension and gameplay review; the measure is understandable without specialized statistical knowledge.,needs_exact_url,No verified human-readable deep link showing the exact filtered data is currently stored; category remains non-playable.
FAOSTAT,QCL:'01323:5412,Highest oranges yield,approved,approved,Highest oranges yield,,94,86,86,Approved after title-by-title comprehension and gameplay review; the measure is understandable without specialized statistical knowledge.,needs_exact_url,No verified human-readable deep link showing the exact filtered data is currently stored; category remains non-playable.
FAOSTAT,QCL:'01709.90:5312,Largest Other pulses n.e.c. harvested area,excluded,excluded,,,,,,Harvested-area variant removed in favor of production or yield.,not_applicable,Previously excluded from the catalog.
FAOSTAT,QCL:'0142:5412,Highest peanuts yield,approved,approved,Highest peanuts yield,,94,86,86,Approved after title-by-title comprehension and gameplay review; the measure is understandable without specialized statistical knowledge.,needs_exact_url,No verified human-readable deep link showing the exact filtered data is currently stored; category remains non-playable.
FAOSTAT,QCL:'01252:5510,Largest Green garlic production,excluded,excluded,,,,,,"Obscure, redundant, narrowly processed, or weaker than a retained measure.",not_applicable,Previously excluded from the catalog.
FAOSTAT,QCL:'01214:5510,Largest lettuce and chicory production,approved,approved,Largest lettuce and chicory production,,94,86,86,Approved after title-by-title comprehension and gameplay review; the measure is understandable without specialized statistical knowledge.,needs_exact_url,No verified human-readable deep link showing the exact filtered data is currently stored; category remains non-playable.
FAOSTAT,QCL:'02292:5417,Highest Raw milk of goats yield,excluded,excluded,,,,,,"Obscure, redundant, narrowly processed, or weaker than a retained measure.",not_applicable,Previously excluded from the catalog.
FAOSTAT,QCL:'01252:5312,Largest Green garlic harvested area,excluded,excluded,,,,,,Harvested-area variant removed in favor of production or yield.,not_applicable,Previously excluded from the catalog.
FAOSTAT,QCL:'01705:5312,"Largest Peas, dry harvested area",excluded,excluded,,,,,,Harvested-area variant removed in favor of production or yield.,not_applicable,Previously excluded from the catalog.
FAOSTAT,QCL:'01705:5412,Highest dry peas yield,approved,approved,Highest dry peas yield,,94,86,86,Approved after title-by-title comprehension and gameplay review; the measure is understandable without specialized statistical knowledge.,needs_exact_url,No verified human-readable deep link showing the exact filtered data is currently stored; category remains non-playable.
FAOSTAT,QCL:'01213:5412,Highest cauliflower and broccoli yield,approved,approved,Highest cauliflower and broccoli yield,,94,86,86,Approved after title-by-title comprehension and gameplay review; the measure is understandable without specialized statistical knowledge.,needs_exact_url,No verified human-readable deep link showing the exact filtered data is currently stored; category remains non-playable.
FAOSTAT,QCL:'01341:5412,Highest apples yield,approved,approved,Highest apples yield,,94,86,86,Approved after title-by-title comprehension and gameplay review; the measure is understandable without specialized statistical knowledge.,needs_exact_url,No verified human-readable deep link showing the exact filtered data is currently stored; category remains non-playable.
World Bank,NV.SRV.TOTL.ZS,Highest services share of GDP,excluded,excluded,,,,,,Complementary near-duplicate of industry share of GDP.,not_applicable,Previously excluded from the catalog.
FAOSTAT,QCL:'F1738:5312,Largest Fruit Primary harvested area,excluded,excluded,,,,,,Harvested-area variant removed in favor of production or yield.,not_applicable,Previously excluded from the catalog.
FAOSTAT,QCL:'F1738:5510,Largest fruit production,approved,approved,Largest fruit production,,94,86,86,Approved after title-by-title comprehension and gameplay review; the measure is understandable without specialized statistical knowledge.,needs_exact_url,No verified human-readable deep link showing the exact filtered data is currently stored; category remains non-playable.
FAOSTAT,QCL:'F1765:5510,"Largest Meat, Total production",excluded,excluded,,,,,,"Obscure, redundant, narrowly processed, or weaker than a retained measure.",not_applicable,Previously excluded from the catalog.
FAOSTAT,QCL:'F1735:5510,Largest vegetables production,approved,approved,Largest vegetables production,,94,86,86,Approved after title-by-title comprehension and gameplay review; the measure is understandable without specialized statistical knowledge.,needs_exact_url,No verified human-readable deep link showing the exact filtered data is currently stored; category remains non-playable.
FAOSTAT,QCL:'F1720:5312,"Largest Roots and Tubers, Total harvested area",excluded,excluded,,,,,,Harvested-area variant removed in favor of production or yield.,not_applicable,Previously excluded from the catalog.
FAOSTAT,QCL:'F1735:5312,Largest Vegetables Primary harvested area,excluded,excluded,,,,,,Harvested-area variant removed in favor of production or yield.,not_applicable,Previously excluded from the catalog.
FAOSTAT,QCL:'F1806:5510,Largest beef and buffalo meat production,approved,approved,Largest beef and buffalo meat production,,94,86,86,Approved after title-by-title comprehension and gameplay review; the measure is understandable without specialized statistical knowledge.,needs_exact_url,No verified human-readable deep link showing the exact filtered data is currently stored; category remains non-playable.
FAOSTAT,QCL:'F1746:5111,Largest Cattle and Buffaloes stocks,excluded,excluded,,,,,,"Obscure, redundant, narrowly processed, or weaker than a retained measure.",not_applicable,Previously excluded from the catalog.
FAOSTAT,QCL:'21121:5510,Largest chicken meat production,approved,approved,Largest chicken meat production,,94,86,86,Approved after title-by-title comprehension and gameplay review; the measure is understandable without specialized statistical knowledge.,needs_exact_url,No verified human-readable deep link showing the exact filtered data is currently stored; category remains non-playable.
FAOSTAT,QCL:'F1808:5510,"Largest Meat, Poultry production",excluded,excluded,,,,,,"Obscure, redundant, narrowly processed, or weaker than a retained measure.",not_applicable,Previously excluded from the catalog.
FAOSTAT,QCL:'F1806:5320,"Most Beef and Buffalo Meat, primary producing animals",excluded,excluded,,,,,,Technical animal-input count removed.,not_applicable,Previously excluded from the catalog.
FAOSTAT,QCL:'21111.01:5510,"Largest Meat of cattle with the bone, fresh or chilled production",excluded,excluded,,,,,,"Obscure, redundant, narrowly processed, or weaker than a retained measure.",not_applicable,Previously excluded from the catalog.
FAOSTAT,QCL:'21512:5320,"Most Cattle fat, unrendered producing animals",excluded,excluded,,,,,,Technical animal-input count removed.,not_applicable,Previously excluded from the catalog.
FAOSTAT,QCL:'21151:5320,"Most Edible offal of cattle, fresh, chilled or frozen producing animals",excluded,excluded,,,,,,Technical animal-input count removed.,not_applicable,Previously excluded from the catalog.
FAOSTAT,QCL:'21111.01:5320,"Most Meat of cattle with the bone, fresh or chilled producing animals",excluded,excluded,,,,,,Technical animal-input count removed.,not_applicable,Previously excluded from the catalog.
FAOSTAT,QCL:'02951.01:5320,Most Raw hides and skins of cattle producing animals,excluded,excluded,,,,,,Technical animal-input count removed.,not_applicable,Previously excluded from the catalog.
FAOSTAT,QCL:'F1807:5510,Largest sheep and goat meat production,approved,approved,Largest sheep and goat meat production,,94,86,86,Approved after title-by-title comprehension and gameplay review; the measure is understandable without specialized statistical knowledge.,needs_exact_url,No verified human-readable deep link showing the exact filtered data is currently stored; category remains non-playable.
FAOSTAT,QCL:'F1749:5111,Largest Sheep and Goats stocks,excluded,excluded,,,,,,"Obscure, redundant, narrowly processed, or weaker than a retained measure.",not_applicable,Previously excluded from the catalog.
FAOSTAT,QCL:'F1780:5510,"Largest Milk, Total production",excluded,excluded,,,,,,"Obscure, redundant, narrowly processed, or weaker than a retained measure.",not_applicable,Previously excluded from the catalog.
FAOSTAT,QCL:'F1780:5318,"Most Milk, Total milk-producing animals",excluded,excluded,,,,,,Technical animal-input count removed.,not_applicable,Previously excluded from the catalog.
FAOSTAT,QCL:'02211:5318,Most Raw milk of cattle milk-producing animals,excluded,excluded,,,,,,Technical animal-input count removed.,not_applicable,Previously excluded from the catalog.
FAOSTAT,QCL:'0231:5513,Largest eggs production,approved,approved,Largest eggs production,,94,86,86,Approved after title-by-title comprehension and gameplay review; the measure is understandable without specialized statistical knowledge.,needs_exact_url,No verified human-readable deep link showing the exact filtered data is currently stored; category remains non-playable.
FAOSTAT,QCL:'02123:5111,Largest goat population,approved,approved,Largest goat population,,94,86,86,Approved after title-by-title comprehension and gameplay review; the measure is understandable without specialized statistical knowledge.,needs_exact_url,No verified human-readable deep link showing the exact filtered data is currently stored; category remains non-playable.
FAOSTAT,QCL:'21115:5510,"Largest Meat of sheep, fresh or chilled production",excluded,excluded,,,,,,"Obscure, redundant, narrowly processed, or weaker than a retained measure.",not_applicable,Previously excluded from the catalog.
FAOSTAT,QCL:'F1726:5312,"Largest Pulses, Total harvested area",excluded,excluded,,,,,,Harvested-area variant removed in favor of production or yield.,not_applicable,Previously excluded from the catalog.
FAOSTAT,QCL:'F1726:5510,"Largest pulses, total production",approved,approved,"Largest pulses, total production",,94,86,86,Approved after title-by-title comprehension and gameplay review; the measure is understandable without specialized statistical knowledge.,needs_exact_url,No verified human-readable deep link showing the exact filtered data is currently stored; category remains non-playable.
FAOSTAT,QCL:'F1726:5412,"Highest Pulses, Total yield",excluded,excluded,,,,,,"Obscure, redundant, narrowly processed, or weaker than a retained measure.",not_applicable,Previously excluded from the catalog.
FAOSTAT,QCL:'0112:5312,Largest Maize (corn) harvested area,excluded,excluded,,,,,,Harvested-area variant removed in favor of production or yield.,not_applicable,Previously excluded from the catalog.
FAOSTAT,QCL:'02140:5111,Largest pig population,approved,approved,Largest pig population,,94,86,86,Approved after title-by-title comprehension and gameplay review; the measure is understandable without specialized statistical knowledge.,needs_exact_url,No verified human-readable deep link showing the exact filtered data is currently stored; category remains non-playable.
FAOSTAT,QCL:'21113.01:5510,Largest pork production,approved,approved,Largest pork production,,94,86,86,Approved after title-by-title comprehension and gameplay review; the measure is understandable without specialized statistical knowledge.,needs_exact_url,No verified human-readable deep link showing the exact filtered data is currently stored; category remains non-playable.
FAOSTAT,QCL:'21153:5320,"Most Edible offal of pigs, fresh, chilled or frozen producing animals",excluded,excluded,,,,,,Technical animal-input count removed.,not_applicable,Previously excluded from the catalog.
FAOSTAT,QCL:'21511.01:5320,Most Fat of pigs producing animals,excluded,excluded,,,,,,Technical animal-input count removed.,not_applicable,Previously excluded from the catalog.
FAOSTAT,QCL:'21113.01:5320,"Most Meat of pig with the bone, fresh or chilled producing animals",excluded,excluded,,,,,,Technical animal-input count removed.,not_applicable,Previously excluded from the catalog.
FAOSTAT,QCL:'F1783:5424,Highest Eggs Primary yield,excluded,excluded,,,,,,"Obscure, redundant, narrowly processed, or weaker than a retained measure.",not_applicable,Previously excluded from the catalog.
FAOSTAT,QCL:'0231:5424,"Highest Hen eggs in shell, fresh yield",excluded,excluded,,,,,,"Obscure, redundant, narrowly processed, or weaker than a retained measure.",not_applicable,Previously excluded from the catalog.
FAOSTAT,QCL:'01234:5312,Largest Tomatoes harvested area,excluded,excluded,,,,,,Harvested-area variant removed in favor of production or yield.,not_applicable,Previously excluded from the catalog.
FAOSTAT,QCL:'F1732:5412,"Highest Oilcrops, Oil Equivalent yield",excluded,excluded,,,,,,Obscure or technical commodity definition removed.,not_applicable,Previously excluded from the catalog.
FAOSTAT,QCL:'F1841:5412,"Highest Oilcrops, Cake Equivalent yield",excluded,excluded,,,,,,Obscure or technical commodity definition removed.,not_applicable,Previously excluded from the catalog.
FAOSTAT,QCL:'01212:5312,Largest Cabbages harvested area,excluded,excluded,,,,,,Harvested-area variant removed in favor of production or yield.,not_applicable,Previously excluded from the catalog.
FAOSTAT,QCL:'F1723:5312,Largest Sugar Crops Primary harvested area,excluded,excluded,,,,,,Harvested-area variant removed in favor of production or yield.,not_applicable,Previously excluded from the catalog.
FAOSTAT,QCL:'F1723:5510,Largest Sugar Crops Primary production,excluded,excluded,,,,,,"Obscure, redundant, narrowly processed, or weaker than a retained measure.",not_applicable,Previously excluded from the catalog.
FAOSTAT,QCL:'02131:5111,Largest horse population,approved,approved,Largest horse population,,94,86,86,Approved after title-by-title comprehension and gameplay review; the measure is understandable without specialized statistical knowledge.,needs_exact_url,No verified human-readable deep link showing the exact filtered data is currently stored; category remains non-playable.
FAOSTAT,QCL:'0113:5312,Largest Rice harvested area,excluded,excluded,,,,,,Harvested-area variant removed in favor of production or yield.,not_applicable,Previously excluded from the catalog.
FAOSTAT,QCL:'0113:5510,Largest rice production,approved,approved,Largest rice production,,94,86,86,Approved after title-by-title comprehension and gameplay review; the measure is understandable without specialized statistical knowledge.,needs_exact_url,No verified human-readable deep link showing the exact filtered data is currently stored; category remains non-playable.
FAOSTAT,QCL:'01221:5510,Largest watermelons production,approved,approved,Largest watermelons production,,94,91,86,Approved after title-by-title comprehension and gameplay review; the measure is understandable without specialized statistical knowledge.,needs_exact_url,No verified human-readable deep link showing the exact filtered data is currently stored; category remains non-playable.
FAOSTAT,QCL:'01221:5312,Largest Watermelons harvested area,excluded,excluded,,,,,,Harvested-area variant removed in favor of production or yield.,not_applicable,Previously excluded from the catalog.
FAOSTAT,QCL:'01251:5312,Largest Carrots and turnips harvested area,excluded,excluded,,,,,,Harvested-area variant removed in favor of production or yield.,not_applicable,Previously excluded from the catalog.
FAOSTAT,QCL:'01231:5312,"Largest Chillies and peppers, green (Capsicum spp. and Pimenta spp.) harvested area",excluded,excluded,,,,,,Harvested-area variant removed in favor of production or yield.,not_applicable,Previously excluded from the catalog.
FAOSTAT,QCL:'F1729:5510,Largest tree nuts production,approved,approved,Largest tree nuts production,,94,86,86,Approved after title-by-title comprehension and gameplay review; the measure is understandable without specialized statistical knowledge.,needs_exact_url,No verified human-readable deep link showing the exact filtered data is currently stored; category remains non-playable.
FAOSTAT,QCL:'01970:5412,Highest Unmanufactured tobacco yield,excluded,excluded,,,,,,"Obscure, redundant, narrowly processed, or weaker than a retained measure.",not_applicable,Previously excluded from the catalog.
FAOSTAT,QCL:'0114:5312,Largest Sorghum harvested area,excluded,excluded,,,,,,Harvested-area variant removed in favor of production or yield.,not_applicable,Previously excluded from the catalog.
FAOSTAT,QCL:'02292:5510,Largest goat milk production,approved,approved,Largest goat milk production,,94,86,86,Approved after title-by-title comprehension and gameplay review; the measure is understandable without specialized statistical knowledge.,needs_exact_url,No verified human-readable deep link showing the exact filtered data is currently stored; category remains non-playable.
FAOSTAT,QCL:'0142:5510,Largest peanuts production,approved,approved,Largest peanuts production,,94,86,86,Approved after title-by-title comprehension and gameplay review; the measure is understandable without specialized statistical knowledge.,needs_exact_url,No verified human-readable deep link showing the exact filtered data is currently stored; category remains non-playable.
FAOSTAT,QCL:'01709.90:5510,Largest Other pulses n.e.c. production,excluded,excluded,,,,,,Obscure or technical commodity definition removed.,not_applicable,Previously excluded from the catalog.
FAOSTAT,QCL:'0141:5312,Largest Soya beans harvested area,excluded,excluded,,,,,,Harvested-area variant removed in favor of production or yield.,not_applicable,Previously excluded from the catalog.
FAOSTAT,QCL:'0114:5412,Highest sorghum yield,approved,approved,Highest sorghum yield,,94,86,86,Approved after title-by-title comprehension and gameplay review; the measure is understandable without specialized statistical knowledge.,needs_exact_url,No verified human-readable deep link showing the exact filtered data is currently stored; category remains non-playable.
FAOSTAT,QCL:'0142:5312,"Largest Groundnuts, excluding shelled harvested area",excluded,excluded,,,,,,Harvested-area variant removed in favor of production or yield.,not_applicable,Previously excluded from the catalog.
FAOSTAT,QCL:'0141:5510,Largest soybeans production,approved,approved,Largest soybeans production,,94,86,86,Approved after title-by-title comprehension and gameplay review; the measure is understandable without specialized statistical knowledge.,needs_exact_url,No verified human-readable deep link showing the exact filtered data is currently stored; category remains non-playable.
FAOSTAT,QCL:'01530:5412,Highest sweet potatoes yield,approved,approved,Highest sweet potatoes yield,,94,86,86,Approved after title-by-title comprehension and gameplay review; the measure is understandable without specialized statistical knowledge.,needs_exact_url,No verified human-readable deep link showing the exact filtered data is currently stored; category remains non-playable.
FAOSTAT,QCL:'01530:5510,Largest sweet potatoes production,approved,approved,Largest sweet potatoes production,,94,86,86,Approved after title-by-title comprehension and gameplay review; the measure is understandable without specialized statistical knowledge.,needs_exact_url,No verified human-readable deep link showing the exact filtered data is currently stored; category remains non-playable.
FAOSTAT,QCL:'01701:5412,Highest dry beans yield,approved,approved,Highest dry beans yield,,94,86,86,Approved after title-by-title comprehension and gameplay review; the measure is understandable without specialized statistical knowledge.,needs_exact_url,No verified human-readable deep link showing the exact filtered data is currently stored; category remains non-playable.
FAOSTAT,QCL:'01701:5312,"Largest Beans, dry harvested area",excluded,excluded,,,,,,Harvested-area variant removed in favor of production or yield.,not_applicable,Previously excluded from the catalog.
FAOSTAT,QCL:'01701:5510,Largest dry beans production,approved,approved,Largest dry beans production,,94,86,86,Approved after title-by-title comprehension and gameplay review; the measure is understandable without specialized statistical knowledge.,needs_exact_url,No verified human-readable deep link showing the exact filtered data is currently stored; category remains non-playable.
FAOSTAT,QCL:'01241.90:5510,"Largest Other beans, green production",excluded,excluded,,,,,,"Obscure, redundant, narrowly processed, or weaker than a retained measure.",not_applicable,Previously excluded from the catalog.
FAOSTAT,QCL:'01229:5510,Largest melons production,approved,approved,Largest melons production,,94,86,86,Approved after title-by-title comprehension and gameplay review; the measure is understandable without specialized statistical knowledge.,needs_exact_url,No verified human-readable deep link showing the exact filtered data is currently stored; category remains non-playable.
FAOSTAT,QCL:'01241.90:5312,"Largest Other beans, green harvested area",excluded,excluded,,,,,,Harvested-area variant removed in favor of production or yield.,not_applicable,Previously excluded from the catalog.
FAOSTAT,QCL:'02292:5318,Most Raw milk of goats milk-producing animals,excluded,excluded,,,,,,Technical animal-input count removed.,not_applicable,Previously excluded from the catalog.
FAOSTAT,QCL:'01229:5312,Largest Cantaloupes and other melons harvested area,excluded,excluded,,,,,,Harvested-area variant removed in favor of production or yield.,not_applicable,Previously excluded from the catalog.
FAOSTAT,QCL:'01214:5312,Largest Lettuce and chicory harvested area,excluded,excluded,,,,,,Harvested-area variant removed in favor of production or yield.,not_applicable,Previously excluded from the catalog.
FAOSTAT,QCL:'01233:5510,Largest eggplants production,approved,approved,Largest eggplants production,,94,86,86,Approved after title-by-title comprehension and gameplay review; the measure is understandable without specialized statistical knowledge.,needs_exact_url,No verified human-readable deep link showing the exact filtered data is currently stored; category remains non-playable.
FAOSTAT,QCL:'01316:5412,"Highest mangoes, guavas, and mangosteens yield",approved,approved,"Highest mangoes, guavas, and mangosteens yield",,94,86,86,Approved after title-by-title comprehension and gameplay review; the measure is understandable without specialized statistical knowledge.,needs_exact_url,No verified human-readable deep link showing the exact filtered data is currently stored; category remains non-playable.
FAOSTAT,QCL:'01213:5510,Largest cauliflower and broccoli production,approved,approved,Largest cauliflower and broccoli production,,94,86,86,Approved after title-by-title comprehension and gameplay review; the measure is understandable without specialized statistical knowledge.,needs_exact_url,No verified human-readable deep link showing the exact filtered data is currently stored; category remains non-playable.
FAOSTAT,QCL:'01330:5312,Largest Grapes harvested area,excluded,excluded,,,,,,Harvested-area variant removed in favor of production or yield.,not_applicable,Previously excluded from the catalog.
FAOSTAT,QCL:'01705:5510,Largest dry peas production,approved,approved,Largest dry peas production,,94,86,86,Approved after title-by-title comprehension and gameplay review; the measure is understandable without specialized statistical knowledge.,needs_exact_url,No verified human-readable deep link showing the exact filtered data is currently stored; category remains non-playable.
FAOSTAT,QCL:'01330:5510,Largest grapes production,approved,approved,Largest grapes production,,94,86,86,Approved after title-by-title comprehension and gameplay review; the measure is understandable without specialized statistical knowledge.,needs_exact_url,No verified human-readable deep link showing the exact filtered data is currently stored; category remains non-playable.
FAOSTAT,QCL:'01229:5412,Highest melons yield,approved,approved,Highest melons yield,,94,86,86,Approved after title-by-title comprehension and gameplay review; the measure is understandable without specialized statistical knowledge.,needs_exact_url,No verified human-readable deep link showing the exact filtered data is currently stored; category remains non-playable.
FAOSTAT,QCL:'01330:5412,Highest grapes yield,approved,approved,Highest grapes yield,,94,86,86,Approved after title-by-title comprehension and gameplay review; the measure is understandable without specialized statistical knowledge.,needs_exact_url,No verified human-readable deep link showing the exact filtered data is currently stored; category remains non-playable.
World Bank,SP.DYN.TFRT.IN,Highest fertility rate,approved,approved,Highest fertility rate,,94,86,86,Approved after title-by-title comprehension and gameplay review; the measure is understandable without specialized statistical knowledge.,exact,Official World Bank indicator page shows the indicator’s country data and chart.
World Bank,IP.JRN.ARTC.SC,Most scientific journal articles,approved,approved,Most scientific journal articles,,94,86,86,Approved after title-by-title comprehension and gameplay review; the measure is understandable without specialized statistical knowledge.,exact,Official World Bank indicator page shows the indicator’s country data and chart.
World Bank,IT.CEL.SETS.P2,Highest mobile subscriptions per 100 people,approved,approved,Highest mobile subscriptions per 100 people,,91,86,86,Approved after title-by-title comprehension and gameplay review; the measure is understandable without specialized statistical knowledge.,exact,Official World Bank indicator page shows the indicator’s country data and chart.
Natural Earth,largest-geographic-span,Largest geographic span,excluded,excluded,,,,,,Ambiguous diagonal extent; north-south span is clearer and retained.,not_applicable,Previously excluded from the catalog.
Natural Earth,largest-north-south-span,Largest north-south span,approved,approved,Largest north-south span,,94,86,86,Approved after title-by-title comprehension and gameplay review; the measure is understandable without specialized statistical knowledge.,unavailable,No official external webpage publishes the exact GeoStats-derived country ranking.
World Bank,SP.DYN.IMRT.IN,Lowest infant mortality,approved,approved,Lowest infant mortality,,94,86,86,Approved after title-by-title comprehension and gameplay review; the measure is understandable without specialized statistical knowledge.,exact,Official World Bank indicator page shows the indicator’s country data and chart.
Natural Earth,northernmost-country,Northernmost country,approved,approved,Northernmost country,,94,86,86,Approved after title-by-title comprehension and gameplay review; the measure is understandable without specialized statistical knowledge.,unavailable,No official external webpage publishes the exact GeoStats-derived country ranking.
Natural Earth,southernmost-country,Southernmost country,approved,approved,Southernmost country,,94,86,86,Approved after title-by-title comprehension and gameplay review; the measure is understandable without specialized statistical knowledge.,unavailable,No official external webpage publishes the exact GeoStats-derived country ranking.
World Bank,SH.XPD.CHEX.GD.ZS,Highest health spending share,approved,approved,Highest health-spending share of GDP,Health spending as a share of the country’s economy.,86,86,86,Approved after clarity review with a plainer title and explicit description.,exact,Official World Bank indicator page shows the indicator’s country data and chart.
FAOSTAT,QCL:'21121:5321,"Most Meat of chickens, fresh or chilled producing animals",excluded,excluded,,,,,,Technical animal-input count removed.,not_applicable,Previously excluded from the catalog.
FAOSTAT,QCL:'F1808:5321,"Most Meat, Poultry producing animals",excluded,excluded,,,,,,Technical animal-input count removed.,not_applicable,Previously excluded from the catalog.
World Bank,SL.TLF.CACT.FE.ZS,Highest female labor participation,approved,approved,Highest share of women working or seeking work,Share of women age 15+ who are working or actively looking for work.,94,86,86,Approved after clarity review with a plainer title and explicit description.,exact,Official World Bank indicator page shows the indicator’s country data and chart.
FAOSTAT,QCL:'F1807:5320,Most Sheep and Goat Meat producing animals,excluded,excluded,,,,,,Technical animal-input count removed.,not_applicable,Previously excluded from the catalog.
FAOSTAT,QCL:'01290.90:5510,"Largest Other vegetables, fresh n.e.c. production",excluded,excluded,,,,,,Obscure or technical commodity definition removed.,not_applicable,Previously excluded from the catalog.
FAOSTAT,QCL:'01290.90:5312,"Largest Other vegetables, fresh n.e.c. harvested area",excluded,excluded,,,,,,Harvested-area variant removed in favor of production or yield.,not_applicable,Previously excluded from the catalog.
FAOSTAT,QCL:'02151:5112,Largest chicken population,approved,approved,Largest chicken population,,94,86,86,Approved after title-by-title comprehension and gameplay review; the measure is understandable without specialized statistical knowledge.,needs_exact_url,No verified human-readable deep link showing the exact filtered data is currently stored; category remains non-playable.
FAOSTAT,QCL:'F2029:5112,Largest Poultry Birds stocks,excluded,excluded,,,,,,"Obscure, redundant, narrowly processed, or weaker than a retained measure.",not_applicable,Previously excluded from the catalog.
FAOSTAT,QCL:'21155:5320,"Most Edible offal of sheep, fresh, chilled or frozen producing animals",excluded,excluded,,,,,,Technical animal-input count removed.,not_applicable,Previously excluded from the catalog.
FAOSTAT,QCL:'21115:5320,"Most Meat of sheep, fresh or chilled producing animals",excluded,excluded,,,,,,Technical animal-input count removed.,not_applicable,Previously excluded from the catalog.
FAOSTAT,QCL:'02953:5320,Most Raw hides and skins of sheep or lambs producing animals,excluded,excluded,,,,,,Technical animal-input count removed.,not_applicable,Previously excluded from the catalog.
FAOSTAT,QCL:'21514:5320,"Most Sheep fat, unrendered producing animals",excluded,excluded,,,,,,Technical animal-input count removed.,not_applicable,Previously excluded from the catalog.
World Bank,NE.EXP.GNFS.ZS,Highest exports share of GDP,approved,approved,Most export-dependent economy,Exports of goods and services as a share of GDP.,94,86,86,Approved after clarity review with a plainer title and explicit description.,exact,Official World Bank indicator page shows the indicator’s country data and chart.
FAOSTAT,QCL:'21156:5320,"Most Edible offal of goat, fresh, chilled or frozen producing animals",excluded,excluded,,,,,,Technical animal-input count removed.,not_applicable,Previously excluded from the catalog.
FAOSTAT,QCL:'21515:5320,"Most Goat fat, unrendered producing animals",excluded,excluded,,,,,,Technical animal-input count removed.,not_applicable,Previously excluded from the catalog.
FAOSTAT,QCL:'21116:5320,"Most Meat of goat, fresh or chilled producing animals",excluded,excluded,,,,,,Technical animal-input count removed.,not_applicable,Previously excluded from the catalog.
FAOSTAT,QCL:'02954:5320,Most Raw hides and skins of goats or kids producing animals,excluded,excluded,,,,,,Technical animal-input count removed.,not_applicable,Previously excluded from the catalog.
FAOSTAT,QCL:'21116:5510,"Largest Meat of goat, fresh or chilled production",excluded,excluded,,,,,,"Obscure, redundant, narrowly processed, or weaker than a retained measure.",not_applicable,Previously excluded from the catalog.
FAOSTAT,QCL:'F1783:5510,Largest Eggs Primary production,excluded,excluded,,,,,,"Obscure, redundant, narrowly processed, or weaker than a retained measure.",not_applicable,Previously excluded from the catalog.
FAOSTAT,QCL:'21113.01:5417,"Highest Meat of pig with the bone, fresh or chilled yield",excluded,excluded,,,,,,"Obscure, redundant, narrowly processed, or weaker than a retained measure.",not_applicable,Previously excluded from the catalog.
FAOSTAT,QCL:'F1804:5312,"Largest Citrus Fruit, Total harvested area",excluded,excluded,,,,,,Harvested-area variant removed in favor of production or yield.,not_applicable,Previously excluded from the catalog.
FAOSTAT,QCL:'F1804:5510,"Largest Citrus Fruit, Total production",excluded,excluded,,,,,,"Obscure, redundant, narrowly processed, or weaker than a retained measure.",not_applicable,Previously excluded from the catalog.
FAOSTAT,QCL:'01312:5312,Largest Bananas harvested area,excluded,excluded,,,,,,Harvested-area variant removed in favor of production or yield.,not_applicable,Previously excluded from the catalog.
FAOSTAT,QCL:'01312:5510,Largest bananas production,approved,approved,Largest bananas production,,94,91,86,Approved after title-by-title comprehension and gameplay review; the measure is understandable without specialized statistical knowledge.,needs_exact_url,No verified human-readable deep link showing the exact filtered data is currently stored; category remains non-playable.
FAOSTAT,QCL:'01323:5510,Largest oranges production,approved,approved,Largest oranges production,,94,86,86,Approved after title-by-title comprehension and gameplay review; the measure is understandable without specialized statistical knowledge.,needs_exact_url,No verified human-readable deep link showing the exact filtered data is currently stored; category remains non-playable.
FAOSTAT,QCL:'01359.90:5412,"Highest Other fruits, n.e.c. yield",excluded,excluded,,,,,,Obscure or technical commodity definition removed.,not_applicable,Previously excluded from the catalog.
FAOSTAT,QCL:'01323:5312,Largest Oranges harvested area,excluded,excluded,,,,,,Harvested-area variant removed in favor of production or yield.,not_applicable,Previously excluded from the catalog.
FAOSTAT,QCL:'01970:5312,Largest Unmanufactured tobacco harvested area,excluded,excluded,,,,,,Harvested-area variant removed in favor of production or yield.,not_applicable,Previously excluded from the catalog.
FAOSTAT,QCL:'01970:5510,Largest tobacco production,approved,approved,Largest tobacco production,,94,86,86,Approved after title-by-title comprehension and gameplay review; the measure is understandable without specialized statistical knowledge.,needs_exact_url,No verified human-readable deep link showing the exact filtered data is currently stored; category remains non-playable.
FAOSTAT,QCL:'01322:5510,Largest lemons and limes production,approved,approved,Largest lemons and limes production,,94,86,86,Approved after title-by-title comprehension and gameplay review; the measure is understandable without specialized statistical knowledge.,needs_exact_url,No verified human-readable deep link showing the exact filtered data is currently stored; category remains non-playable.
FAOSTAT,QCL:'01322:5312,Largest Lemons and limes harvested area,excluded,excluded,,,,,,Harvested-area variant removed in favor of production or yield.,not_applicable,Previously excluded from the catalog.
FAOSTAT,QCL:'02910:5510,Largest honey production,approved,approved,Largest honey production,,94,86,86,Approved after title-by-title comprehension and gameplay review; the measure is understandable without specialized statistical knowledge.,needs_exact_url,No verified human-readable deep link showing the exact filtered data is currently stored; category remains non-playable.
FAOSTAT,QCL:'01709.90:5412,Highest Other pulses n.e.c. yield,excluded,excluded,,,,,,Obscure or technical commodity definition removed.,not_applicable,Previously excluded from the catalog.
FAOSTAT,QCL:'01530:5312,Largest Sweet potatoes harvested area,excluded,excluded,,,,,,Harvested-area variant removed in favor of production or yield.,not_applicable,Previously excluded from the catalog.
FAOSTAT,QCL:'02132:5111,Largest Asses stocks,excluded,excluded,,,,,,"Obscure, redundant, narrowly processed, or weaker than a retained measure.",not_applicable,Previously excluded from the catalog.
FAOSTAT,QCL:'F17530:5412,"Highest Fibre Crops, Fibre Equivalent yield",excluded,excluded,,,,,,Obscure or technical commodity definition removed.,not_applicable,Previously excluded from the catalog.
FAOSTAT,QCL:'01233:5312,Largest Eggplants (aubergines) harvested area,excluded,excluded,,,,,,Harvested-area variant removed in favor of production or yield.,not_applicable,Previously excluded from the catalog.
FAOSTAT,QCL:'01316:5510,"Largest mangoes, guavas, and mangosteens production",approved,approved,"Largest mangoes, guavas, and mangosteens production",,94,86,86,Approved after title-by-title comprehension and gameplay review; the measure is understandable without specialized statistical knowledge.,needs_exact_url,No verified human-readable deep link showing the exact filtered data is currently stored; category remains non-playable.
FAOSTAT,QCL:'01213:5312,Largest Cauliflowers and broccoli harvested area,excluded,excluded,,,,,,Harvested-area variant removed in favor of production or yield.,not_applicable,Previously excluded from the catalog.
FAOSTAT,QCL:'01341:5510,Largest apples production,approved,approved,Largest apples production,,94,86,86,Approved after title-by-title comprehension and gameplay review; the measure is understandable without specialized statistical knowledge.,needs_exact_url,No verified human-readable deep link showing the exact filtered data is currently stored; category remains non-playable.
FAOSTAT,QCL:'01802:5412,Highest sugarcane yield,approved,approved,Highest sugarcane yield,,94,86,86,Approved after title-by-title comprehension and gameplay review; the measure is understandable without specialized statistical knowledge.,needs_exact_url,No verified human-readable deep link showing the exact filtered data is currently stored; category remains non-playable.
FAOSTAT,QCL:'01341:5312,Largest Apples harvested area,excluded,excluded,,,,,,Harvested-area variant removed in favor of production or yield.,not_applicable,Previously excluded from the catalog.
FAOSTAT,QCL:'01520.01:5412,Highest cassava yield,approved,approved,Highest cassava yield,,94,86,86,Approved after title-by-title comprehension and gameplay review; the measure is understandable without specialized statistical knowledge.,needs_exact_url,No verified human-readable deep link showing the exact filtered data is currently stored; category remains non-playable.
FAOSTAT,QCL:'01233:5412,Highest eggplants yield,approved,approved,Highest eggplants yield,,94,86,86,Approved after title-by-title comprehension and gameplay review; the measure is understandable without specialized statistical knowledge.,needs_exact_url,No verified human-readable deep link showing the exact filtered data is currently stored; category remains non-playable.
FAOSTAT,QCL:'01520.01:5510,Largest cassava production,approved,approved,Largest cassava production,,94,86,86,Approved after title-by-title comprehension and gameplay review; the measure is understandable without specialized statistical knowledge.,needs_exact_url,No verified human-readable deep link showing the exact filtered data is currently stored; category remains non-playable.
World Bank,AG.LND.FRST.K2,Largest forest area,approved,approved,Largest forest area,,94,86,86,Approved after title-by-title comprehension and gameplay review; the measure is understandable without specialized statistical knowledge.,exact,Official World Bank indicator page shows the indicator’s country data and chart.
World Bank,AG.LND.TOTL.K2,Largest land area,approved,approved,Largest land area,,94,86,86,Approved after title-by-title comprehension and gameplay review; the measure is understandable without specialized statistical knowledge.,exact,Official World Bank indicator page shows the indicator’s country data and chart.
World Bank,AG.LND.AGRI.K2,Largest agricultural land area,excluded,excluded,,,,,,Near-duplicate of land area and arable-land totals.,not_applicable,Previously excluded from the catalog.
Natural Earth,longest-coastline,Longest coastline,approved,approved,Longest coastline,,94,91,86,Approved after title-by-title comprehension and gameplay review; the measure is understandable without specialized statistical knowledge.,unavailable,No official external webpage publishes the exact GeoStats-derived country ranking.
FAOSTAT,QCL:'F1783:5313,Most Eggs Primary laying animals,excluded,excluded,,,,,,Technical animal-input count removed.,not_applicable,Previously excluded from the catalog.
FAOSTAT,QCL:'0231:5313,"Most Hen eggs in shell, fresh laying animals",excluded,excluded,,,,,,Technical animal-input count removed.,not_applicable,Previously excluded from the catalog.
FAOSTAT,QCL:'F1732:5312,"Largest Oilcrops, Oil Equivalent harvested area",excluded,excluded,,,,,,Harvested-area variant removed in favor of production or yield.,not_applicable,Previously excluded from the catalog.
FAOSTAT,QCL:'F1732:5510,"Largest Oilcrops, Oil Equivalent production",excluded,excluded,,,,,,Obscure or technical commodity definition removed.,not_applicable,Previously excluded from the catalog.
FAOSTAT,QCL:'21512:5510,"Largest Cattle fat, unrendered production",excluded,excluded,,,,,,Obscure or technical commodity definition removed.,not_applicable,Previously excluded from the catalog.
FAOSTAT,QCL:'21151:5510,"Largest Edible offal of cattle, fresh, chilled or frozen production",excluded,excluded,,,,,,Obscure or technical commodity definition removed.,not_applicable,Previously excluded from the catalog.
FAOSTAT,QCL:'F1841:5312,"Largest Oilcrops, Cake Equivalent harvested area",excluded,excluded,,,,,,Harvested-area variant removed in favor of production or yield.,not_applicable,Previously excluded from the catalog.
FAOSTAT,QCL:'F1841:5510,"Largest Oilcrops, Cake Equivalent production",excluded,excluded,,,,,,Obscure or technical commodity definition removed.,not_applicable,Previously excluded from the catalog.
FAOSTAT,QCL:'02951.01:5510,Largest Raw hides and skins of cattle production,excluded,excluded,,,,,,Obscure or technical commodity definition removed.,not_applicable,Previously excluded from the catalog.
FAOSTAT,QCL:'21155:5510,"Largest Edible offal of sheep, fresh, chilled or frozen production",excluded,excluded,,,,,,Obscure or technical commodity definition removed.,not_applicable,Previously excluded from the catalog.
FAOSTAT,QCL:'02953:5510,Largest Raw hides and skins of sheep or lambs production,excluded,excluded,,,,,,Obscure or technical commodity definition removed.,not_applicable,Previously excluded from the catalog.
FAOSTAT,QCL:'21514:5510,"Largest Sheep fat, unrendered production",excluded,excluded,,,,,,Obscure or technical commodity definition removed.,not_applicable,Previously excluded from the catalog.
FAOSTAT,QCL:'21156:5510,"Largest Edible offal of goat, fresh, chilled or frozen production",excluded,excluded,,,,,,Obscure or technical commodity definition removed.,not_applicable,Previously excluded from the catalog.
FAOSTAT,QCL:'21515:5510,"Largest Goat fat, unrendered production",excluded,excluded,,,,,,Obscure or technical commodity definition removed.,not_applicable,Previously excluded from the catalog.
FAOSTAT,QCL:'02954:5510,Largest Raw hides and skins of goats or kids production,excluded,excluded,,,,,,Obscure or technical commodity definition removed.,not_applicable,Previously excluded from the catalog.
FAOSTAT,QCL:'21153:5510,"Largest Edible offal of pigs, fresh, chilled or frozen production",excluded,excluded,,,,,,Obscure or technical commodity definition removed.,not_applicable,Previously excluded from the catalog.
FAOSTAT,QCL:'21511.01:5510,Largest Fat of pigs production,excluded,excluded,,,,,,"Obscure, redundant, narrowly processed, or weaker than a retained measure.",not_applicable,Previously excluded from the catalog.
FAOSTAT,QCL:'01359.90:5312,"Largest Other fruits, n.e.c. harvested area",excluded,excluded,,,,,,Harvested-area variant removed in favor of production or yield.,not_applicable,Previously excluded from the catalog.
FAOSTAT,QCL:'01359.90:5510,"Largest Other fruits, n.e.c. production",excluded,excluded,,,,,,Obscure or technical commodity definition removed.,not_applicable,Previously excluded from the catalog.
FAOSTAT,QCL:'F17530:5510,"Largest Fibre Crops, Fibre Equivalent production",excluded,excluded,,,,,,Obscure or technical commodity definition removed.,not_applicable,Previously excluded from the catalog.
FAOSTAT,QCL:'22241.01:5510,Largest Butter of cow milk production,excluded,excluded,,,,,,"Obscure, redundant, narrowly processed, or weaker than a retained measure.",not_applicable,Previously excluded from the catalog.
FAOSTAT,QCL:'F17530:5312,"Largest Fibre Crops, Fibre Equivalent harvested area",excluded,excluded,,,,,,Harvested-area variant removed in favor of production or yield.,not_applicable,Previously excluded from the catalog.
FAOSTAT,QCL:'02196:5114,Largest bee population,approved,excluded,,,45,40,0,Removed pending clearer source semantics and a player-facing unit; “bee population” may be misleading.,not_applicable,Category is excluded by content review.
FAOSTAT,QCL:'01316:5312,"Largest Mangoes, guavas and mangosteens harvested area",excluded,excluded,,,,,,Harvested-area variant removed in favor of production or yield.,not_applicable,Previously excluded from the catalog.
FAOSTAT,QCL:'01802:5510,Largest sugarcane production,approved,approved,Largest sugarcane production,,94,86,86,Approved after title-by-title comprehension and gameplay review; the measure is understandable without specialized statistical knowledge.,needs_exact_url,No verified human-readable deep link showing the exact filtered data is currently stored; category remains non-playable.
FAOSTAT,QCL:'01520.01:5312,"Largest Cassava, fresh harvested area",excluded,excluded,,,,,,Harvested-area variant removed in favor of production or yield.,not_applicable,Previously excluded from the catalog.
FAOSTAT,QCL:'01346:5510,Largest plums and sloes production,approved,approved,Largest plums and sloes production,,94,86,86,Approved after title-by-title comprehension and gameplay review; the measure is understandable without specialized statistical knowledge.,needs_exact_url,No verified human-readable deep link showing the exact filtered data is currently stored; category remains non-playable.
FAOSTAT,QCL:'01346:5412,Highest plums and sloes yield,approved,approved,Highest plums and sloes yield,,94,86,86,Approved after title-by-title comprehension and gameplay review; the measure is understandable without specialized statistical knowledge.,needs_exact_url,No verified human-readable deep link showing the exact filtered data is currently stored; category remains non-playable.
FAOSTAT,QCL:'01342.01:5412,Highest pears yield,approved,approved,Highest pears yield,,94,86,86,Approved after title-by-title comprehension and gameplay review; the measure is understandable without specialized statistical knowledge.,needs_exact_url,No verified human-readable deep link showing the exact filtered data is currently stored; category remains non-playable.
World Bank,SP.DYN.LE00.IN,Highest life expectancy,approved,approved,Highest life expectancy,,94,91,86,Approved after title-by-title comprehension and gameplay review; the measure is understandable without specialized statistical knowledge.,exact,Official World Bank indicator page shows the indicator’s country data and chart.
World Bank,EN.POP.DNST,Highest population density,approved,approved,Highest population density,,91,86,86,Approved after title-by-title comprehension and gameplay review; the measure is understandable without specialized statistical knowledge.,exact,Official World Bank indicator page shows the indicator’s country data and chart.
World Bank,AG.LND.ARBL.HA,Most arable land,approved,approved,Most arable land,,94,86,86,Approved after title-by-title comprehension and gameplay review; the measure is understandable without specialized statistical knowledge.,exact,Official World Bank indicator page shows the indicator’s country data and chart.
FAOSTAT,QCL:'F1807:5417,Highest Sheep and Goat Meat yield,excluded,excluded,,,,,,"Obscure, redundant, narrowly processed, or weaker than a retained measure.",not_applicable,Previously excluded from the catalog.
FAOSTAT,QCL:'21115:5417,"Highest Meat of sheep, fresh or chilled yield",excluded,excluded,,,,,,"Obscure, redundant, narrowly processed, or weaker than a retained measure.",not_applicable,Previously excluded from the catalog.
UNHCR,asylum-applications:coa:applied,Most asylum applications received,approved,approved,Most asylum applications received,,94,86,86,Approved after title-by-title comprehension and gameplay review; the measure is understandable without specialized statistical knowledge.,needs_exact_url,No verified human-readable deep link showing the exact filtered data is currently stored; category remains non-playable.
World Bank,TX.VAL.FOOD.ZS.UN,Highest food share of exports,approved,approved,Highest food share of exports,Food products as a share of all merchandise exports.,94,86,86,Approved after clarity review with a plainer title and explicit description.,exact,Official World Bank indicator page shows the indicator’s country data and chart.
FAOSTAT,QCL:'F1811:5510,Largest butter and ghee production,approved,approved,Largest butter and ghee production,,94,86,86,Approved after title-by-title comprehension and gameplay review; the measure is understandable without specialized statistical knowledge.,needs_exact_url,No verified human-readable deep link showing the exact filtered data is currently stored; category remains non-playable.
FAOSTAT,QCL:'F1745:5510,Largest cheese production,approved,approved,Largest cheese production,,94,91,86,Approved after title-by-title comprehension and gameplay review; the measure is understandable without specialized statistical knowledge.,needs_exact_url,No verified human-readable deep link showing the exact filtered data is currently stored; category remains non-playable.
FAOSTAT,QCL:'22251.01:5510,Largest Cheese from whole cow milk production,excluded,excluded,,,,,,"Obscure, redundant, narrowly processed, or weaker than a retained measure.",not_applicable,Previously excluded from the catalog.
FAOSTAT,QCL:'01311:5312,Largest Avocados harvested area,excluded,excluded,,,,,,Harvested-area variant removed in favor of production or yield.,not_applicable,Previously excluded from the catalog.
FAOSTAT,QCL:'01311:5510,Largest avocado production,approved,approved,Largest avocado production,,94,86,86,Approved after title-by-title comprehension and gameplay review; the measure is understandable without specialized statistical knowledge.,needs_exact_url,No verified human-readable deep link showing the exact filtered data is currently stored; category remains non-playable.
FAOSTAT,QCL:'01319:5510,"Largest Other tropical fruits, n.e.c. production",excluded,excluded,,,,,,Obscure or technical commodity definition removed.,not_applicable,Previously excluded from the catalog.
FAOSTAT,QCL:'01802:5312,Largest Sugar cane harvested area,excluded,excluded,,,,,,Harvested-area variant removed in favor of production or yield.,not_applicable,Previously excluded from the catalog.
FAOSTAT,QCL:'01345:5312,Largest Peaches and nectarines harvested area,excluded,excluded,,,,,,Harvested-area variant removed in favor of production or yield.,not_applicable,Previously excluded from the catalog.
FAOSTAT,QCL:'01345:5510,Largest peaches and nectarines production,approved,approved,Largest peaches and nectarines production,,94,86,86,Approved after title-by-title comprehension and gameplay review; the measure is understandable without specialized statistical knowledge.,needs_exact_url,No verified human-readable deep link showing the exact filtered data is currently stored; category remains non-playable.
FAOSTAT,QCL:'01346:5312,Largest Plums and sloes harvested area,excluded,excluded,,,,,,Harvested-area variant removed in favor of production or yield.,not_applicable,Previously excluded from the catalog.
FAOSTAT,QCL:'01342.01:5510,Largest pears production,approved,approved,Largest pears production,,94,86,86,Approved after title-by-title comprehension and gameplay review; the measure is understandable without specialized statistical knowledge.,needs_exact_url,No verified human-readable deep link showing the exact filtered data is currently stored; category remains non-playable.
FAOSTAT,QCL:'01342.01:5312,Largest Pears harvested area,excluded,excluded,,,,,,Harvested-area variant removed in favor of production or yield.,not_applicable,Previously excluded from the catalog.
FAOSTAT,QCL:'02291:5510,Largest Raw milk of sheep production,excluded,excluded,,,,,,"Obscure, redundant, narrowly processed, or weaker than a retained measure.",not_applicable,Previously excluded from the catalog.
FAOSTAT,QCL:'01318:5412,Highest pineapple yield,approved,approved,Highest pineapple yield,,94,86,86,Approved after title-by-title comprehension and gameplay review; the measure is understandable without specialized statistical knowledge.,needs_exact_url,No verified human-readable deep link showing the exact filtered data is currently stored; category remains non-playable.
FAOSTAT,QCL:'01318:5510,Largest pineapple production,approved,approved,Largest pineapple production,,94,86,86,Approved after title-by-title comprehension and gameplay review; the measure is understandable without specialized statistical knowledge.,needs_exact_url,No verified human-readable deep link showing the exact filtered data is currently stored; category remains non-playable.
FAOSTAT,QCL:'01242:5412,Highest green peas yield,approved,approved,Highest green peas yield,,94,86,86,Approved after title-by-title comprehension and gameplay review; the measure is understandable without specialized statistical knowledge.,needs_exact_url,No verified human-readable deep link showing the exact filtered data is currently stored; category remains non-playable.
FAOSTAT,QCL:'01354:5412,Highest strawberries yield,approved,approved,Highest strawberries yield,,94,86,86,Approved after title-by-title comprehension and gameplay review; the measure is understandable without specialized statistical knowledge.,needs_exact_url,No verified human-readable deep link showing the exact filtered data is currently stored; category remains non-playable.
FAOSTAT,QCL:'0117:5510,Largest oats production,approved,approved,Largest oats production,,94,86,86,Approved after title-by-title comprehension and gameplay review; the measure is understandable without specialized statistical knowledge.,needs_exact_url,No verified human-readable deep link showing the exact filtered data is currently stored; category remains non-playable.
World Bank,AG.LND.FRST.ZS,Highest forest coverage,approved,approved,Highest forest coverage,,92,86,86,Approved after title-by-title comprehension and gameplay review; the measure is understandable without specialized statistical knowledge.,exact,Official World Bank indicator page shows the indicator’s country data and chart.
World Bank,AG.LND.AGRI.ZS,Highest farmland share,excluded,excluded,,,,,,Near-duplicate of arable-land share.,not_applicable,Previously excluded from the catalog.
Natural Earth,longest-land-border,Longest total land border,approved,approved,Longest total land border,,94,91,86,Approved after title-by-title comprehension and gameplay review; the measure is understandable without specialized statistical knowledge.,unavailable,No official external webpage publishes the exact GeoStats-derived country ranking.
World Bank,AG.LND.ARBL.ZS,Highest arable-land share,approved,approved,Highest arable-land share,,94,86,86,Approved after title-by-title comprehension and gameplay review; the measure is understandable without specialized statistical knowledge.,exact,Official World Bank indicator page shows the indicator’s country data and chart.
World Bank,NE.GDI.TOTL.ZS,Highest investment share,approved,excluded,,,45,40,0,Too technical for immediate play: gross capital formation share is not self-explanatory.,not_applicable,Category is excluded by content review.
FAOSTAT,QCL:'21116:5417,"Highest Meat of goat, fresh or chilled yield",excluded,excluded,,,,,,"Obscure, redundant, narrowly processed, or weaker than a retained measure.",not_applicable,Previously excluded from the catalog.
FAOSTAT,QCL:'24310.01:5510,Largest beer production,approved,approved,Largest beer production,,94,86,86,Approved after title-by-title comprehension and gameplay review; the measure is understandable without specialized statistical knowledge.,needs_exact_url,No verified human-readable deep link showing the exact filtered data is currently stored; category remains non-playable.
World Bank,TX.VAL.TECH.CD,Largest high-tech exports,approved,approved,Largest high-tech exports,,94,86,86,Approved after title-by-title comprehension and gameplay review; the measure is understandable without specialized statistical knowledge.,exact,Official World Bank indicator page shows the indicator’s country data and chart.
WHO,WHS4_543,Highest tuberculosis vaccination rate,approved,approved,Highest tuberculosis vaccination rate,,94,86,86,Approved after title-by-title comprehension and gameplay review; the measure is understandable without specialized statistical knowledge.,needs_exact_url,No verified human-readable deep link showing the exact filtered data is currently stored; category remains non-playable.
FAOSTAT,QCL:'F1809:5510,"Largest Skim Milk & Buttermilk, Dry production",excluded,excluded,,,,,,"Obscure, redundant, narrowly processed, or weaker than a retained measure.",not_applicable,Previously excluded from the catalog.
FAOSTAT,QCL:'02951.01:5417,Highest Raw hides and skins of cattle yield,excluded,excluded,,,,,,Obscure or technical commodity definition removed.,not_applicable,Previously excluded from the catalog.
FAOSTAT,QCL:'22230.04:5510,"Largest Buttermilk, dry production",excluded,excluded,,,,,,"Obscure, redundant, narrowly processed, or weaker than a retained measure.",not_applicable,Previously excluded from the catalog.
FAOSTAT,QCL:'22110.02:5510,Largest Skim milk of cows production,excluded,excluded,,,,,,"Obscure, redundant, narrowly processed, or weaker than a retained measure.",not_applicable,Previously excluded from the catalog.
FAOSTAT,QCL:'2351f:5510,Largest cane and beet sugar production,approved,approved,Largest cane and beet sugar production,,94,86,86,Approved after title-by-title comprehension and gameplay review; the measure is understandable without specialized statistical knowledge.,needs_exact_url,No verified human-readable deep link showing the exact filtered data is currently stored; category remains non-playable.
FAOSTAT,QCL:'23540:5510,Largest Molasses production,excluded,excluded,,,,,,"Obscure, redundant, narrowly processed, or weaker than a retained measure.",not_applicable,Previously excluded from the catalog.
FAOSTAT,QCL:'01319:5312,"Largest Other tropical fruits, n.e.c. harvested area",excluded,excluded,,,,,,Harvested-area variant removed in favor of production or yield.,not_applicable,Previously excluded from the catalog.
FAOSTAT,QCL:'01321:5510,Largest grapefruits and pomelos production,approved,approved,Largest grapefruits and pomelos production,,94,86,86,Approved after title-by-title comprehension and gameplay review; the measure is understandable without specialized statistical knowledge.,needs_exact_url,No verified human-readable deep link showing the exact filtered data is currently stored; category remains non-playable.
FAOSTAT,QCL:'01321:5312,Largest Pomelos and grapefruits harvested area,excluded,excluded,,,,,,Harvested-area variant removed in favor of production or yield.,not_applicable,Previously excluded from the catalog.
FAOSTAT,QCL:'01324:5510,Largest mandarins and tangerines production,approved,approved,Largest mandarins and tangerines production,,94,86,86,Approved after title-by-title comprehension and gameplay review; the measure is understandable without specialized statistical knowledge.,needs_exact_url,No verified human-readable deep link showing the exact filtered data is currently stored; category remains non-playable.
FAOSTAT,QCL:'01242:5510,Largest green peas production,approved,approved,Largest green peas production,,94,86,86,Approved after title-by-title comprehension and gameplay review; the measure is understandable without specialized statistical knowledge.,needs_exact_url,No verified human-readable deep link showing the exact filtered data is currently stored; category remains non-playable.
FAOSTAT,QCL:'01921.01:5412,"Highest Seed cotton, unginned yield",excluded,excluded,,,,,,"Obscure, redundant, narrowly processed, or weaker than a retained measure.",not_applicable,Previously excluded from the catalog.
FAOSTAT,QCL:'01242:5312,"Largest Peas, green harvested area",excluded,excluded,,,,,,Harvested-area variant removed in favor of production or yield.,not_applicable,Previously excluded from the catalog.
FAOSTAT,QCL:'01318:5312,Largest Pineapples harvested area,excluded,excluded,,,,,,Harvested-area variant removed in favor of production or yield.,not_applicable,Previously excluded from the catalog.
FAOSTAT,QCL:'01354:5510,Largest strawberries production,approved,approved,Largest strawberries production,,94,86,86,Approved after title-by-title comprehension and gameplay review; the measure is understandable without specialized statistical knowledge.,needs_exact_url,No verified human-readable deep link showing the exact filtered data is currently stored; category remains non-playable.
FAOSTAT,QCL:'01445:5312,Largest Sunflower seed harvested area,excluded,excluded,,,,,,Harvested-area variant removed in favor of production or yield.,not_applicable,Previously excluded from the catalog.
FAOSTAT,QCL:'01354:5312,Largest Strawberries harvested area,excluded,excluded,,,,,,Harvested-area variant removed in favor of production or yield.,not_applicable,Previously excluded from the catalog.
FAOSTAT,QCL:'01445:5510,Largest sunflower seeds production,approved,approved,Largest sunflower seeds production,,94,86,86,Approved after title-by-title comprehension and gameplay review; the measure is understandable without specialized statistical knowledge.,needs_exact_url,No verified human-readable deep link showing the exact filtered data is currently stored; category remains non-playable.
FAOSTAT,QCL:'01345:5412,Highest peaches and nectarines yield,approved,approved,Highest peaches and nectarines yield,,94,86,86,Approved after title-by-title comprehension and gameplay review; the measure is understandable without specialized statistical knowledge.,needs_exact_url,No verified human-readable deep link showing the exact filtered data is currently stored; category remains non-playable.
FAOSTAT,QCL:'0117:5312,Largest Oats harvested area,excluded,excluded,,,,,,Harvested-area variant removed in favor of production or yield.,not_applicable,Previously excluded from the catalog.
FAOSTAT,QCL:'0117:5412,Highest oats yield,approved,approved,Highest oats yield,,94,86,86,Approved after title-by-title comprehension and gameplay review; the measure is understandable without specialized statistical knowledge.,needs_exact_url,No verified human-readable deep link showing the exact filtered data is currently stored; category remains non-playable.
World Bank,TM.VAL.FOOD.ZS.UN,Highest food share of imports,approved,approved,Highest food share of imports,Food products as a share of all merchandise imports.,94,86,86,Approved after clarity review with a plainer title and explicit description.,exact,Official World Bank indicator page shows the indicator’s country data and chart.
World Bank,NY.GNS.ICTR.ZS,Highest gross savings rate,approved,excluded,,,45,40,0,Too technical for immediate play: gross savings as a share of GDP is not self-explanatory.,not_applicable,Category is excluded by content review.
FAOSTAT,QCL:'23913:5510,"Largest Green tea (not fermented), black tea (fermented) and partly fermented tea, in immediate packings of a content not exceeding 3 kg production",excluded,excluded,,,,,,"Obscure, redundant, narrowly processed, or weaker than a retained measure.",not_applicable,Previously excluded from the catalog.
FAOSTAT,QCL:'2161:5510,Largest Soya bean oil production,excluded,excluded,,,,,,"Obscure, redundant, narrowly processed, or weaker than a retained measure.",not_applicable,Previously excluded from the catalog.
FAOSTAT,QCL:'01324:5312,"Largest Tangerines, mandarins, clementines harvested area",excluded,excluded,,,,,,Harvested-area variant removed in favor of production or yield.,not_applicable,Previously excluded from the catalog.
FAOSTAT,QCL:'01921.01:5510,"Largest Seed cotton, unginned production",excluded,excluded,,,,,,"Obscure, redundant, narrowly processed, or weaker than a retained measure.",not_applicable,Previously excluded from the catalog.
FAOSTAT,QCL:'01921.01:5312,"Largest Seed cotton, unginned harvested area",excluded,excluded,,,,,,Harvested-area variant removed in favor of production or yield.,not_applicable,Previously excluded from the catalog.
FAOSTAT,QCL:'01460:5412,Highest coconuts yield,approved,approved,Highest coconuts yield,,94,86,86,Approved after title-by-title comprehension and gameplay review; the measure is understandable without specialized statistical knowledge.,needs_exact_url,No verified human-readable deep link showing the exact filtered data is currently stored; category remains non-playable.
FAOSTAT,QCL:'02291:5318,Most Raw milk of sheep milk-producing animals,excluded,excluded,,,,,,Technical animal-input count removed.,not_applicable,Previously excluded from the catalog.
FAOSTAT,QCL:'01343:5510,Largest apricot production,approved,approved,Largest apricot production,,94,86,86,Approved after title-by-title comprehension and gameplay review; the measure is understandable without specialized statistical knowledge.,needs_exact_url,No verified human-readable deep link showing the exact filtered data is currently stored; category remains non-playable.
FAOSTAT,QCL:'01319:5412,"Highest Other tropical fruits, n.e.c. yield",excluded,excluded,,,,,,Obscure or technical commodity definition removed.,not_applicable,Previously excluded from the catalog.
FAOSTAT,QCL:'01445:5412,Highest sunflower seeds yield,approved,approved,Highest sunflower seeds yield,,94,86,86,Approved after title-by-title comprehension and gameplay review; the measure is understandable without specialized statistical knowledge.,needs_exact_url,No verified human-readable deep link showing the exact filtered data is currently stored; category remains non-playable.
UN Comtrade,85,Largest electrical-equipment exports,approved,approved,Largest electrical-equipment exports,,94,86,86,Approved after title-by-title comprehension and gameplay review; the measure is understandable without specialized statistical knowledge.,needs_exact_url,No verified human-readable deep link showing the exact filtered data is currently stored; category remains non-playable.
UN Comtrade,30,Largest pharmaceutical exports,approved,approved,Largest pharmaceutical exports,,94,86,86,Approved after title-by-title comprehension and gameplay review; the measure is understandable without specialized statistical knowledge.,needs_exact_url,No verified human-readable deep link showing the exact filtered data is currently stored; category remains non-playable.
FAOSTAT,QCL:'0143:5510,Largest Cotton seed production,excluded,excluded,,,,,,"Obscure, redundant, narrowly processed, or weaker than a retained measure.",not_applicable,Previously excluded from the catalog.
FAOSTAT,QCL:'21700.02:5510,Largest Margarine and shortening production,excluded,excluded,,,,,,"Obscure, redundant, narrowly processed, or weaker than a retained measure.",not_applicable,Previously excluded from the catalog.
FAOSTAT,QCL:'01460:5510,Largest coconuts production,approved,approved,Largest coconuts production,,94,86,86,Approved after title-by-title comprehension and gameplay review; the measure is understandable without specialized statistical knowledge.,needs_exact_url,No verified human-readable deep link showing the exact filtered data is currently stored; category remains non-playable.
FAOSTAT,QCL:'01379.90:5510,"Largest Other nuts (excluding wild edible nuts and groundnuts), in shell, n.e.c. production",excluded,excluded,,,,,,Obscure or technical commodity definition removed.,not_applicable,Previously excluded from the catalog.
FAOSTAT,QCL:'01343:5312,Largest Apricots harvested area,excluded,excluded,,,,,,Harvested-area variant removed in favor of production or yield.,not_applicable,Previously excluded from the catalog.
FAOSTAT,QCL:'0118:5312,Largest Millet harvested area,excluded,excluded,,,,,,Harvested-area variant removed in favor of production or yield.,not_applicable,Previously excluded from the catalog.
FAOSTAT,QCL:'0118:5510,Largest millet production,approved,approved,Largest millet production,,94,86,86,Approved after title-by-title comprehension and gameplay review; the measure is understandable without specialized statistical knowledge.,needs_exact_url,No verified human-readable deep link showing the exact filtered data is currently stored; category remains non-playable.
FAOSTAT,QCL:'01610:5412,Highest coffee yield,approved,approved,Highest coffee yield,,94,91,86,Approved after title-by-title comprehension and gameplay review; the measure is understandable without specialized statistical knowledge.,needs_exact_url,No verified human-readable deep link showing the exact filtered data is currently stored; category remains non-playable.
FAOSTAT,QCL:'02291:5417,Highest Raw milk of sheep yield,excluded,excluded,,,,,,"Obscure, redundant, narrowly processed, or weaker than a retained measure.",not_applicable,Previously excluded from the catalog.
FAOSTAT,QCL:'01610:5312,"Largest Coffee, green harvested area",excluded,excluded,,,,,,Harvested-area variant removed in favor of production or yield.,not_applicable,Previously excluded from the catalog.
FAOSTAT,QCL:'01311:5412,Highest avocado yield,approved,approved,Highest avocado yield,,94,86,86,Approved after title-by-title comprehension and gameplay review; the measure is understandable without specialized statistical knowledge.,needs_exact_url,No verified human-readable deep link showing the exact filtered data is currently stored; category remains non-playable.
FAOSTAT,QCL:'01324:5412,Highest mandarins and tangerines yield,approved,approved,Highest mandarins and tangerines yield,,94,86,86,Approved after title-by-title comprehension and gameplay review; the measure is understandable without specialized statistical knowledge.,needs_exact_url,No verified human-readable deep link showing the exact filtered data is currently stored; category remains non-playable.
FAOSTAT,QCL:'01215:5412,Highest Spinach yield,excluded,excluded,,,,,,"Obscure, redundant, narrowly processed, or weaker than a retained measure.",not_applicable,Previously excluded from the catalog.
FAOSTAT,QCL:'01443:5312,Largest Rape or colza seed harvested area,excluded,excluded,,,,,,Harvested-area variant removed in favor of production or yield.,not_applicable,Previously excluded from the catalog.
FAOSTAT,QCL:'01443:5510,Largest Rape or colza seed production,excluded,excluded,,,,,,"Obscure, redundant, narrowly processed, or weaker than a retained measure.",not_applicable,Previously excluded from the catalog.
FAOSTAT,QCL:'01443:5412,Highest Rape or colza seed yield,excluded,excluded,,,,,,"Obscure, redundant, narrowly processed, or weaker than a retained measure.",not_applicable,Previously excluded from the catalog.
FAOSTAT,QCL:'0116:5412,Highest Rye yield,excluded,excluded,,,,,,"Obscure, redundant, narrowly processed, or weaker than a retained measure.",not_applicable,Previously excluded from the catalog.
UNESCO UIS,GER.1,Highest primary-school enrollment,excluded,excluded,,,,,,Gross enrollment can exceed 100 percent and is less intuitive than completion rates.,not_applicable,Previously excluded from the catalog.
World Bank,SH.H2O.BASW.ZS,Highest basic drinking-water access,approved,approved,Highest basic drinking-water access,,94,86,86,Approved after title-by-title comprehension and gameplay review; the measure is understandable without specialized statistical knowledge.,exact,Official World Bank indicator page shows the indicator’s country data and chart.
UN Comtrade,88,Largest aircraft exports,approved,approved,Largest aircraft exports,,94,91,86,Approved after title-by-title comprehension and gameplay review; the measure is understandable without specialized statistical knowledge.,needs_exact_url,No verified human-readable deep link showing the exact filtered data is currently stored; category remains non-playable.
UN Comtrade,8703,Largest car exports,approved,approved,Largest car exports,,94,86,86,Approved after title-by-title comprehension and gameplay review; the measure is understandable without specialized statistical knowledge.,needs_exact_url,No verified human-readable deep link showing the exact filtered data is currently stored; category remains non-playable.
World Bank,MS.MIL.XPND.CD,Highest military spending,approved,approved,Highest military spending,,94,86,86,Approved after title-by-title comprehension and gameplay review; the measure is understandable without specialized statistical knowledge.,exact,Official World Bank indicator page shows the indicator’s country data and chart.
FAOSTAT,QCL:'01921.02:5510,Largest cotton production,approved,approved,Largest cotton production,,94,86,86,Approved after title-by-title comprehension and gameplay review; the measure is understandable without specialized statistical knowledge.,needs_exact_url,No verified human-readable deep link showing the exact filtered data is currently stored; category remains non-playable.
FAOSTAT,QCL:'01379.90:5312,"Largest Other nuts (excluding wild edible nuts and groundnuts), in shell, n.e.c. harvested area",excluded,excluded,,,,,,Harvested-area variant removed in favor of production or yield.,not_applicable,Previously excluded from the catalog.
FAOSTAT,QCL:'01460:5312,"Largest Coconuts, in shell harvested area",excluded,excluded,,,,,,Harvested-area variant removed in favor of production or yield.,not_applicable,Previously excluded from the catalog.
FAOSTAT,QCL:'01610:5510,Largest coffee production,approved,approved,Largest coffee production,,94,91,86,Approved after title-by-title comprehension and gameplay review; the measure is understandable without specialized statistical knowledge.,needs_exact_url,No verified human-readable deep link showing the exact filtered data is currently stored; category remains non-playable.
FAOSTAT,QCL:'01321:5412,Highest grapefruits and pomelos yield,approved,approved,Highest grapefruits and pomelos yield,,94,86,86,Approved after title-by-title comprehension and gameplay review; the measure is understandable without specialized statistical knowledge.,needs_exact_url,No verified human-readable deep link showing the exact filtered data is currently stored; category remains non-playable.
FAOSTAT,QCL:'01317:5510,Largest papaya production,approved,approved,Largest papaya production,,94,86,86,Approved after title-by-title comprehension and gameplay review; the measure is understandable without specialized statistical knowledge.,needs_exact_url,No verified human-readable deep link showing the exact filtered data is currently stored; category remains non-playable.
FAOSTAT,QCL:'01444:5510,Largest sesame seeds production,approved,approved,Largest sesame seeds production,,94,86,86,Approved after title-by-title comprehension and gameplay review; the measure is understandable without specialized statistical knowledge.,needs_exact_url,No verified human-readable deep link showing the exact filtered data is currently stored; category remains non-playable.
FAOSTAT,QCL:'01215:5510,Largest Spinach production,excluded,excluded,,,,,,"Obscure, redundant, narrowly processed, or weaker than a retained measure.",not_applicable,Previously excluded from the catalog.
FAOSTAT,QCL:'01344.02:5510,Largest cherries production,approved,approved,Largest cherries production,,94,86,86,Approved after title-by-title comprehension and gameplay review; the measure is understandable without specialized statistical knowledge.,needs_exact_url,No verified human-readable deep link showing the exact filtered data is currently stored; category remains non-playable.
FAOSTAT,QCL:'01343:5412,Highest apricot yield,approved,approved,Highest apricot yield,,94,86,86,Approved after title-by-title comprehension and gameplay review; the measure is understandable without specialized statistical knowledge.,needs_exact_url,No verified human-readable deep link showing the exact filtered data is currently stored; category remains non-playable.
FAOSTAT,QCL:'01344.02:5312,Largest Cherries harvested area,excluded,excluded,,,,,,Harvested-area variant removed in favor of production or yield.,not_applicable,Previously excluded from the catalog.
FAOSTAT,QCL:'01702:5412,"Highest Broad beans and horse beans, dry yield",excluded,excluded,,,,,,"Obscure, redundant, narrowly processed, or weaker than a retained measure.",not_applicable,Previously excluded from the catalog.
FAOSTAT,QCL:'0116:5312,Largest Rye harvested area,excluded,excluded,,,,,,Harvested-area variant removed in favor of production or yield.,not_applicable,Previously excluded from the catalog.
FAOSTAT,QCL:'0116:5510,Largest Rye production,excluded,excluded,,,,,,"Obscure, redundant, narrowly processed, or weaker than a retained measure.",not_applicable,Previously excluded from the catalog.
FAOSTAT,QCL:'01801:5312,Largest Sugar beet harvested area,excluded,excluded,,,,,,Harvested-area variant removed in favor of production or yield.,not_applicable,Previously excluded from the catalog.
FAOSTAT,QCL:'01801:5510,Largest sugar beets production,approved,approved,Largest sugar beets production,,94,86,86,Approved after title-by-title comprehension and gameplay review; the measure is understandable without specialized statistical knowledge.,needs_exact_url,No verified human-readable deep link showing the exact filtered data is currently stored; category remains non-playable.
UN Comtrade,0901,Largest coffee exports,approved,approved,Largest coffee exports,,94,91,86,Approved after title-by-title comprehension and gameplay review; the measure is understandable without specialized statistical knowledge.,needs_exact_url,No verified human-readable deep link showing the exact filtered data is currently stored; category remains non-playable.
FAOSTAT,QCL:'2162:5510,Largest Groundnut oil production,excluded,excluded,,,,,,"Obscure, redundant, narrowly processed, or weaker than a retained measure.",not_applicable,Previously excluded from the catalog.
FAOSTAT,QCL:'2168:5510,Largest Cottonseed oil production,excluded,excluded,,,,,,"Obscure, redundant, narrowly processed, or weaker than a retained measure.",not_applicable,Previously excluded from the catalog.
FAOSTAT,QCL:'24212.02:5510,Largest wine production,approved,approved,Largest wine production,,94,91,86,Approved after title-by-title comprehension and gameplay review; the measure is understandable without specialized statistical knowledge.,needs_exact_url,No verified human-readable deep link showing the exact filtered data is currently stored; category remains non-playable.
FAOSTAT,QCL:'21122:5510,"Largest Meat of ducks, fresh or chilled production",excluded,excluded,,,,,,"Obscure, redundant, narrowly processed, or weaker than a retained measure.",not_applicable,Previously excluded from the catalog.
FAOSTAT,QCL:'21122:5321,"Most Meat of ducks, fresh or chilled producing animals",excluded,excluded,,,,,,Technical animal-input count removed.,not_applicable,Previously excluded from the catalog.
FAOSTAT,QCL:'0118:5412,Highest millet yield,approved,approved,Highest millet yield,,94,86,86,Approved after title-by-title comprehension and gameplay review; the measure is understandable without specialized statistical knowledge.,needs_exact_url,No verified human-readable deep link showing the exact filtered data is currently stored; category remains non-playable.
FAOSTAT,QCL:'01449.90:5312,"Largest Other oil seeds, n.e.c. harvested area",excluded,excluded,,,,,,Harvested-area variant removed in favor of production or yield.,not_applicable,Previously excluded from the catalog.
FAOSTAT,QCL:'02941:5510,"Largest Shorn wool, greasy, including fleece-washed shorn wool production",excluded,excluded,,,,,,"Obscure, redundant, narrowly processed, or weaker than a retained measure.",not_applicable,Previously excluded from the catalog.
FAOSTAT,QCL:'01444:5412,Highest sesame seeds yield,approved,approved,Highest sesame seeds yield,,94,86,86,Approved after title-by-title comprehension and gameplay review; the measure is understandable without specialized statistical knowledge.,needs_exact_url,No verified human-readable deep link showing the exact filtered data is currently stored; category remains non-playable.
FAOSTAT,QCL:'01444:5312,Largest Sesame seed harvested area,excluded,excluded,,,,,,Harvested-area variant removed in favor of production or yield.,not_applicable,Previously excluded from the catalog.
FAOSTAT,QCL:'21122:5424,"Highest Meat of ducks, fresh or chilled yield",excluded,excluded,,,,,,"Obscure, redundant, narrowly processed, or weaker than a retained measure.",not_applicable,Previously excluded from the catalog.
FAOSTAT,QCL:'01317:5412,Highest Papayas yield,excluded,excluded,,,,,,"Obscure, redundant, narrowly processed, or weaker than a retained measure.",not_applicable,Previously excluded from the catalog.
FAOSTAT,QCL:'01317:5312,Largest Papayas harvested area,excluded,excluded,,,,,,Harvested-area variant removed in favor of production or yield.,not_applicable,Previously excluded from the catalog.
FAOSTAT,QCL:'01215:5312,Largest Spinach harvested area,excluded,excluded,,,,,,Harvested-area variant removed in favor of production or yield.,not_applicable,Previously excluded from the catalog.
FAOSTAT,QCL:'01702:5312,"Largest Broad beans and horse beans, dry harvested area",excluded,excluded,,,,,,Harvested-area variant removed in favor of production or yield.,not_applicable,Previously excluded from the catalog.
FAOSTAT,QCL:'01702:5510,"Largest Broad beans and horse beans, dry production",excluded,excluded,,,,,,"Obscure, redundant, narrowly processed, or weaker than a retained measure.",not_applicable,Previously excluded from the catalog.
FAOSTAT,QCL:'01376:5312,"Largest Walnuts, in shell harvested area",excluded,excluded,,,,,,Harvested-area variant removed in favor of production or yield.,not_applicable,Previously excluded from the catalog.
World Bank,EG.ELC.ACCS.ZS,Highest electricity access,approved,approved,Highest electricity access,,94,86,86,Approved after title-by-title comprehension and gameplay review; the measure is understandable without specialized statistical knowledge.,exact,Official World Bank indicator page shows the indicator’s country data and chart.
UN Comtrade,1006,Largest rice exports,approved,approved,Largest rice exports,,94,86,86,Approved after title-by-title comprehension and gameplay review; the measure is understandable without specialized statistical knowledge.,needs_exact_url,No verified human-readable deep link showing the exact filtered data is currently stored; category remains non-playable.
World Bank,MS.MIL.XPND.GD.ZS,Highest military spending share,approved,approved,Highest military-spending share of GDP,Military spending as a share of the country’s economy.,86,86,86,Approved after clarity review with a plainer title and explicit description.,exact,Official World Bank indicator page shows the indicator’s country data and chart.
World Bank,EG.USE.ELEC.KH.PC,Highest electricity use per person,approved,approved,Highest electricity use per person,,94,86,86,Approved after title-by-title comprehension and gameplay review; the measure is understandable without specialized statistical knowledge.,exact,Official World Bank indicator page shows the indicator’s country data and chart.
World Bank,EG.USE.PCAP.KG.OE,Highest energy use per person,approved,approved,Highest energy use per person,,94,86,86,Approved after title-by-title comprehension and gameplay review; the measure is understandable without specialized statistical knowledge.,exact,Official World Bank indicator page shows the indicator’s country data and chart.
FAOSTAT,QCL:'02154:5112,Largest duck population,approved,approved,Largest duck population,,94,86,86,Approved after title-by-title comprehension and gameplay review; the measure is understandable without specialized statistical knowledge.,needs_exact_url,No verified human-readable deep link showing the exact filtered data is currently stored; category remains non-playable.
FAOSTAT,QCL:'21631.01:5510,"Largest Sunflower-seed oil, crude production",excluded,excluded,,,,,,"Obscure, redundant, narrowly processed, or weaker than a retained measure.",not_applicable,Previously excluded from the catalog.
FAOSTAT,QCL:'01329:5312,"Largest Other citrus fruit, n.e.c. harvested area",excluded,excluded,,,,,,Harvested-area variant removed in favor of production or yield.,not_applicable,Previously excluded from the catalog.
FAOSTAT,QCL:'F1816:5510,Largest Evaporated & Condensed Milk production,excluded,excluded,,,,,,"Obscure, redundant, narrowly processed, or weaker than a retained measure.",not_applicable,Previously excluded from the catalog.
FAOSTAT,QCL:'01329:5510,"Largest Other citrus fruit, n.e.c. production",excluded,excluded,,,,,,Obscure or technical commodity definition removed.,not_applicable,Previously excluded from the catalog.
FAOSTAT,QCL:'22120:5510,"Largest Cream, fresh production",excluded,excluded,,,,,,"Obscure, redundant, narrowly processed, or weaker than a retained measure.",not_applicable,Previously excluded from the catalog.
FAOSTAT,QCL:'01449.90:5510,"Largest Other oil seeds, n.e.c. production",excluded,excluded,,,,,,Obscure or technical commodity definition removed.,not_applicable,Previously excluded from the catalog.
FAOSTAT,QCL:'01270:5510,Largest mushrooms and truffles production,approved,approved,Largest mushrooms and truffles production,,94,86,86,Approved after title-by-title comprehension and gameplay review; the measure is understandable without specialized statistical knowledge.,needs_exact_url,No verified human-readable deep link showing the exact filtered data is currently stored; category remains non-playable.
FAOSTAT,QCL:'21159.01:5320,"Most Edible offals of horses and other equines, fresh, chilled or frozen producing animals",excluded,excluded,,,,,,Technical animal-input count removed.,not_applicable,Previously excluded from the catalog.
FAOSTAT,QCL:'21118.01:5320,"Most Horse meat, fresh or chilled producing animals",excluded,excluded,,,,,,Technical animal-input count removed.,not_applicable,Previously excluded from the catalog.
FAOSTAT,QCL:'01449.90:5412,"Highest Other oil seeds, n.e.c. yield",excluded,excluded,,,,,,Obscure or technical commodity definition removed.,not_applicable,Previously excluded from the catalog.
FAOSTAT,QCL:'01243:5510,"Largest Broad beans and horse beans, green production",excluded,excluded,,,,,,"Obscure, redundant, narrowly processed, or weaker than a retained measure.",not_applicable,Previously excluded from the catalog.
FAOSTAT,QCL:'01344.02:5412,Highest Cherries yield,excluded,excluded,,,,,,"Obscure, redundant, narrowly processed, or weaker than a retained measure.",not_applicable,Previously excluded from the catalog.
FAOSTAT,QCL:'01243:5312,"Largest Broad beans and horse beans, green harvested area",excluded,excluded,,,,,,Harvested-area variant removed in favor of production or yield.,not_applicable,Previously excluded from the catalog.
FAOSTAT,QCL:'01199.90:5312,Largest Cereals n.e.c. harvested area,excluded,excluded,,,,,,Harvested-area variant removed in favor of production or yield.,not_applicable,Previously excluded from the catalog.
FAOSTAT,QCL:'21124:5510,"Largest Meat of turkeys, fresh or chilled production",excluded,excluded,,,,,,"Obscure, redundant, narrowly processed, or weaker than a retained measure.",not_applicable,Previously excluded from the catalog.
FAOSTAT,QCL:'01376:5510,Largest walnuts production,approved,approved,Largest walnuts production,,94,86,86,Approved after title-by-title comprehension and gameplay review; the measure is understandable without specialized statistical knowledge.,needs_exact_url,No verified human-readable deep link showing the exact filtered data is currently stored; category remains non-playable.
WHO,MDG_0000000026,Lowest maternal mortality,approved,approved,Lowest maternal mortality,,94,86,86,Approved after title-by-title comprehension and gameplay review; the measure is understandable without specialized statistical knowledge.,needs_exact_url,No verified human-readable deep link showing the exact filtered data is currently stored; category remains non-playable.
WHO,PHE_HHAIR_POP_CLEAN_FUELS,Highest clean-cooking-fuel access,approved,approved,Highest clean-cooking-fuel access,,94,86,86,Approved after title-by-title comprehension and gameplay review; the measure is understandable without specialized statistical knowledge.,needs_exact_url,No verified human-readable deep link showing the exact filtered data is currently stored; category remains non-playable.
UN Comtrade,2204,Largest wine exports,approved,approved,Largest wine exports,,94,91,86,Approved after title-by-title comprehension and gameplay review; the measure is understandable without specialized statistical knowledge.,needs_exact_url,No verified human-readable deep link showing the exact filtered data is currently stored; category remains non-playable.
FAOSTAT,QCL:'02152:5112,Largest turkey population,approved,approved,Largest turkey population,,94,86,86,Approved after title-by-title comprehension and gameplay review; the measure is understandable without specialized statistical knowledge.,needs_exact_url,No verified human-readable deep link showing the exact filtered data is currently stored; category remains non-playable.
FAOSTAT,QCL:'01379.90:5412,"Highest Other nuts (excluding wild edible nuts and groundnuts), in shell, n.e.c. yield",excluded,excluded,,,,,,Obscure or technical commodity definition removed.,not_applicable,Previously excluded from the catalog.
FAOSTAT,QCL:'01315:5510,Largest figs production,approved,approved,Largest figs production,,94,86,86,Approved after title-by-title comprehension and gameplay review; the measure is understandable without specialized statistical knowledge.,needs_exact_url,No verified human-readable deep link showing the exact filtered data is currently stored; category remains non-playable.
FAOSTAT,QCL:'01315:5312,Largest Figs harvested area,excluded,excluded,,,,,,Harvested-area variant removed in favor of production or yield.,not_applicable,Previously excluded from the catalog.
FAOSTAT,QCL:'01199.90:5510,Largest Cereals n.e.c. production,excluded,excluded,,,,,,Obscure or technical commodity definition removed.,not_applicable,Previously excluded from the catalog.
FAOSTAT,QCL:'21124:5321,"Most Meat of turkeys, fresh or chilled producing animals",excluded,excluded,,,,,,Technical animal-input count removed.,not_applicable,Previously excluded from the catalog.
World Bank,ER.H2O.INTR.K3,Most renewable freshwater,approved,approved,Most renewable freshwater resources,"Fresh water naturally replenished by rainfall, rivers, and groundwater each year.",94,86,86,Approved after clarity review with a plainer title and explicit description.,exact,Official World Bank indicator page shows the indicator’s country data and chart.
World Bank,IS.AIR.PSGR,Most airline passengers,approved,approved,Most airline passengers,,94,86,86,Approved after title-by-title comprehension and gameplay review; the measure is understandable without specialized statistical knowledge.,exact,Official World Bank indicator page shows the indicator’s country data and chart.
FAOSTAT,QCL:'21521:5510,"Largest Pig fat, rendered production",excluded,excluded,,,,,,Obscure or technical commodity definition removed.,not_applicable,Previously excluded from the catalog.
FAOSTAT,QCL:'21641.01:5510,"Largest Rapeseed or canola oil, crude production",excluded,excluded,,,,,,"Obscure, redundant, narrowly processed, or weaker than a retained measure.",not_applicable,Previously excluded from the catalog.
FAOSTAT,QCL:'02133:5111,Largest Mules and hinnies stocks,excluded,excluded,,,,,,"Obscure, redundant, narrowly processed, or weaker than a retained measure.",not_applicable,Previously excluded from the catalog.
FAOSTAT,QCL:'01699:5412,"Highest Other stimulant, spice and aromatic crops, n.e.c. yield",excluded,excluded,,,,,,Obscure or technical commodity definition removed.,not_applicable,Previously excluded from the catalog.
FAOSTAT,QCL:'01699:5312,"Largest Other stimulant, spice and aromatic crops, n.e.c. harvested area",excluded,excluded,,,,,,Harvested-area variant removed in favor of production or yield.,not_applicable,Previously excluded from the catalog.
FAOSTAT,QCL:'01699:5510,"Largest Other stimulant, spice and aromatic crops, n.e.c. production",excluded,excluded,,,,,,Obscure or technical commodity definition removed.,not_applicable,Previously excluded from the catalog.
FAOSTAT,QCL:'01371:5312,"Largest Almonds, in shell harvested area",excluded,excluded,,,,,,Harvested-area variant removed in favor of production or yield.,not_applicable,Previously excluded from the catalog.
FAOSTAT,QCL:'01371:5510,Largest almonds production,approved,approved,Largest almonds production,,94,86,86,Approved after title-by-title comprehension and gameplay review; the measure is understandable without specialized statistical knowledge.,needs_exact_url,No verified human-readable deep link showing the exact filtered data is currently stored; category remains non-playable.
FAOSTAT,QCL:'21124:5424,"Highest Meat of turkeys, fresh or chilled yield",excluded,excluded,,,,,,"Obscure, redundant, narrowly processed, or weaker than a retained measure.",not_applicable,Previously excluded from the catalog.
FAOSTAT,QCL:'21118.01:5510,"Largest Horse meat, fresh or chilled production",excluded,excluded,,,,,,"Obscure, redundant, narrowly processed, or weaker than a retained measure.",not_applicable,Previously excluded from the catalog.
FAOSTAT,QCL:'22211:5510,Largest Whole milk powder production,excluded,excluded,,,,,,"Obscure, redundant, narrowly processed, or weaker than a retained measure.",not_applicable,Previously excluded from the catalog.
FAOSTAT,QCL:'22212:5510,Largest Skim milk and whey powder production,excluded,excluded,,,,,,"Obscure, redundant, narrowly processed, or weaker than a retained measure.",not_applicable,Previously excluded from the catalog.
FAOSTAT,QCL:'02112:5111,Largest buffalo population,approved,approved,Largest buffalo population,,94,86,86,Approved after title-by-title comprehension and gameplay review; the measure is understandable without specialized statistical knowledge.,needs_exact_url,No verified human-readable deep link showing the exact filtered data is currently stored; category remains non-playable.
FAOSTAT,QCL:'21523:5510,Largest Tallow production,excluded,excluded,,,,,,"Obscure, redundant, narrowly processed, or weaker than a retained measure.",not_applicable,Previously excluded from the catalog.
FAOSTAT,QCL:'22222.01:5510,"Largest Whole milk, condensed production",excluded,excluded,,,,,,"Obscure, redundant, narrowly processed, or weaker than a retained measure.",not_applicable,Previously excluded from the catalog.
FAOSTAT,QCL:'22221.01:5510,"Largest Whole milk, evaporated production",excluded,excluded,,,,,,"Obscure, redundant, narrowly processed, or weaker than a retained measure.",not_applicable,Previously excluded from the catalog.
FAOSTAT,QCL:'2166:5510,Largest Coconut oil production,excluded,excluded,,,,,,"Obscure, redundant, narrowly processed, or weaker than a retained measure.",not_applicable,Previously excluded from the catalog.
FAOSTAT,QCL:'21691.07:5510,Largest Oil of sesame seed production,excluded,excluded,,,,,,"Obscure, redundant, narrowly processed, or weaker than a retained measure.",not_applicable,Previously excluded from the catalog.
FAOSTAT,QCL:'01199.90:5412,Highest Cereals n.e.c. yield,excluded,excluded,,,,,,Obscure or technical commodity definition removed.,not_applicable,Previously excluded from the catalog.
FAOSTAT,QCL:'01599.10:5412,"Highest Edible roots and tubers with high starch or inulin content, n.e.c., fresh yield",excluded,excluded,,,,,,Obscure or technical commodity definition removed.,not_applicable,Previously excluded from the catalog.
FAOSTAT,QCL:'01599.10:5312,"Largest Edible roots and tubers with high starch or inulin content, n.e.c., fresh harvested area",excluded,excluded,,,,,,Harvested-area variant removed in favor of production or yield.,not_applicable,Previously excluded from the catalog.
FAOSTAT,QCL:'0231:5413,"Highest Hen eggs in shell, fresh yield",excluded,excluded,,,,,,"Curated out: current coverage or quality is below the specialty-category standard, or the commodity is too narrow relative to the retained FAOSTAT library.",not_applicable,Previously excluded from the catalog.
FAOSTAT,QCL:'0231:5510,"Largest Hen eggs in shell, fresh production",excluded,excluded,,,,,,Curated out: duplicate of the retained hen-eggs production series QCL:'0231:5513.,not_applicable,Previously excluded from the catalog.
FAOSTAT,QCL:'02953:5417,Highest Raw hides and skins of sheep or lambs yield,excluded,excluded,,,,,,Curated out: obscure or technical commodity definition.,not_applicable,Previously excluded from the catalog.
FAOSTAT,QCL:'01801:5412,Highest Sugar beet yield,excluded,excluded,,,,,,"Curated out: current coverage or quality is below the specialty-category standard, or the commodity is too narrow relative to the retained FAOSTAT library.",not_applicable,Previously excluded from the catalog.
FAOSTAT,QCL:'01355.90:5312,Largest Other berries and fruits of the genus vaccinium n.e.c. harvested area,excluded,excluded,,,,,,Curated out: harvested-area variants are redundant with production and yield.,not_applicable,Previously excluded from the catalog.
FAOSTAT,QCL:'01243:5412,"Highest Broad beans and horse beans, green yield",excluded,excluded,,,,,,"Curated out: current coverage or quality is below the specialty-category standard, or the commodity is too narrow relative to the retained FAOSTAT library.",not_applicable,Previously excluded from the catalog.
FAOSTAT,QCL:'01254:5412,Highest Leeks and other alliaceous vegetables yield,excluded,excluded,,,,,,"Curated out: current coverage or quality is below the specialty-category standard, or the commodity is too narrow relative to the retained FAOSTAT library.",not_applicable,Previously excluded from the catalog.
FAOSTAT,QCL:'01355.90:5412,Highest Other berries and fruits of the genus vaccinium n.e.c. yield,excluded,excluded,,,,,,Curated out: obscure or technical commodity definition.,not_applicable,Previously excluded from the catalog.
FAOSTAT,QCL:'02954:5417,Highest Raw hides and skins of goats or kids yield,excluded,excluded,,,,,,Curated out: obscure or technical commodity definition.,not_applicable,Previously excluded from the catalog.
FAOSTAT,QCL:'01376:5412,"Highest Walnuts, in shell yield",excluded,excluded,,,,,,"Curated out: current coverage or quality is below the specialty-category standard, or the commodity is too narrow relative to the retained FAOSTAT library.",not_applicable,Previously excluded from the catalog.
FAOSTAT,QCL:'01254:5510,Largest Leeks and other alliaceous vegetables production,excluded,excluded,,,,,,"Curated out: current coverage or quality is below the specialty-category standard, or the commodity is too narrow relative to the retained FAOSTAT library.",not_applicable,Previously excluded from the catalog.
FAOSTAT,QCL:'01355.90:5510,Largest Other berries and fruits of the genus vaccinium n.e.c. production,excluded,excluded,,,,,,Curated out: obscure or technical commodity definition.,not_applicable,Previously excluded from the catalog.
FAOSTAT,QCL:'01353.01:5510,Largest Raspberries production,excluded,excluded,,,,,,"Curated out: current coverage or quality is below the specialty-category standard, or the commodity is too narrow relative to the retained FAOSTAT library.",not_applicable,Previously excluded from the catalog.
FAOSTAT,QCL:'01441:5412,Highest Linseed yield,excluded,excluded,,,,,,"Curated out: current coverage or quality is below the specialty-category standard, or the commodity is too narrow relative to the retained FAOSTAT library.",not_applicable,Previously excluded from the catalog.
FAOSTAT,QCL:'01353.01:5412,Highest Raspberries yield,excluded,excluded,,,,,,"Curated out: current coverage or quality is below the specialty-category standard, or the commodity is too narrow relative to the retained FAOSTAT library.",not_applicable,Previously excluded from the catalog.
FAOSTAT,QCL:'01191:5412,Highest Triticale yield,excluded,excluded,,,,,,"Curated out: current coverage or quality is below the specialty-category standard, or the commodity is too narrow relative to the retained FAOSTAT library.",not_applicable,Previously excluded from the catalog.
FAOSTAT,QCL:'01540:5412,Highest Yams yield,excluded,excluded,,,,,,"Curated out: current coverage or quality is below the specialty-category standard, or the commodity is too narrow relative to the retained FAOSTAT library.",not_applicable,Previously excluded from the catalog.
FAOSTAT,QCL:'01353.01:5312,Largest Raspberries harvested area,excluded,excluded,,,,,,Curated out: harvested-area variants are redundant with production and yield.,not_applicable,Previously excluded from the catalog.
FAOSTAT,QCL:'01191:5312,Largest Triticale harvested area,excluded,excluded,,,,,,Curated out: harvested-area variants are redundant with production and yield.,not_applicable,Previously excluded from the catalog.
FAOSTAT,QCL:'01652:5412,"Highest Chillies and peppers, dry (Capsicum spp., Pimenta spp.), raw yield",excluded,excluded,,,,,,"Curated out: current coverage or quality is below the specialty-category standard, or the commodity is too narrow relative to the retained FAOSTAT library.",not_applicable,Previously excluded from the catalog.
FAOSTAT,QCL:'01640:5412,Highest Cocoa beans yield,excluded,excluded,,,,,,"Curated out: current coverage or quality is below the specialty-category standard, or the commodity is too narrow relative to the retained FAOSTAT library.",not_applicable,Previously excluded from the catalog.
FAOSTAT,QCL:'01239.01:5412,Highest Okra yield,excluded,excluded,,,,,,"Curated out: current coverage or quality is below the specialty-category standard, or the commodity is too narrow relative to the retained FAOSTAT library.",not_applicable,Previously excluded from the catalog.
FAOSTAT,QCL:'01640:5312,Largest Cocoa beans harvested area,excluded,excluded,,,,,,Curated out: harvested-area variants are redundant with production and yield.,not_applicable,Previously excluded from the catalog.
FAOSTAT,QCL:'01640:5510,Largest Cocoa beans production,excluded,excluded,,,,,,"Curated out: current coverage or quality is below the specialty-category standard, or the commodity is too narrow relative to the retained FAOSTAT library.",not_applicable,Previously excluded from the catalog.
FAOSTAT,QCL:'01254:5312,Largest Leeks and other alliaceous vegetables harvested area,excluded,excluded,,,,,,Curated out: harvested-area variants are redundant with production and yield.,not_applicable,Previously excluded from the catalog.
FAOSTAT,QCL:'01441:5312,Largest Linseed harvested area,excluded,excluded,,,,,,Curated out: harvested-area variants are redundant with production and yield.,not_applicable,Previously excluded from the catalog.
FAOSTAT,QCL:'01441:5510,Largest Linseed production,excluded,excluded,,,,,,"Curated out: current coverage or quality is below the specialty-category standard, or the commodity is too narrow relative to the retained FAOSTAT library.",not_applicable,Previously excluded from the catalog.
FAOSTAT,QCL:'01239.01:5312,Largest Okra harvested area,excluded,excluded,,,,,,Curated out: harvested-area variants are redundant with production and yield.,not_applicable,Previously excluded from the catalog.
FAOSTAT,QCL:'01239.01:5510,Largest Okra production,excluded,excluded,,,,,,"Curated out: current coverage or quality is below the specialty-category standard, or the commodity is too narrow relative to the retained FAOSTAT library.",not_applicable,Previously excluded from the catalog.
FAOSTAT,QCL:'01450:5312,Largest Olives harvested area,excluded,excluded,,,,,,Curated out: harvested-area variants are redundant with production and yield.,not_applicable,Previously excluded from the catalog.
FAOSTAT,QCL:'01344.01:5312,Largest Sour cherries harvested area,excluded,excluded,,,,,,Curated out: harvested-area variants are redundant with production and yield.,not_applicable,Previously excluded from the catalog.
FAOSTAT,QCL:'01344.01:5510,Largest Sour cherries production,excluded,excluded,,,,,,"Curated out: current coverage or quality is below the specialty-category standard, or the commodity is too narrow relative to the retained FAOSTAT library.",not_applicable,Previously excluded from the catalog.
FAOSTAT,QCL:'01191:5510,Largest Triticale production,excluded,excluded,,,,,,"Curated out: current coverage or quality is below the specialty-category standard, or the commodity is too narrow relative to the retained FAOSTAT library.",not_applicable,Previously excluded from the catalog.
FAOSTAT,QCL:'01371:5412,"Highest Almonds, in shell yield",excluded,excluded,,,,,,"Curated out: current coverage or quality is below the specialty-category standard, or the commodity is too narrow relative to the retained FAOSTAT library.",not_applicable,Previously excluded from the catalog.
FAOSTAT,QCL:'01211:5412,Highest Asparagus yield,excluded,excluded,,,,,,"Curated out: current coverage or quality is below the specialty-category standard, or the commodity is too narrow relative to the retained FAOSTAT library.",not_applicable,Previously excluded from the catalog.
FAOSTAT,QCL:'01351.01:5412,Highest Currants yield,excluded,excluded,,,,,,"Curated out: current coverage or quality is below the specialty-category standard, or the commodity is too narrow relative to the retained FAOSTAT library.",not_applicable,Previously excluded from the catalog.
FAOSTAT,QCL:'01315:5412,Highest Figs yield,excluded,excluded,,,,,,"Curated out: current coverage or quality is below the specialty-category standard, or the commodity is too narrow relative to the retained FAOSTAT library.",not_applicable,Previously excluded from the catalog.
FAOSTAT,QCL:'21118.01:5417,"Highest Horse meat, fresh or chilled yield",excluded,excluded,,,,,,"Curated out: current coverage or quality is below the specialty-category standard, or the commodity is too narrow relative to the retained FAOSTAT library.",not_applicable,Previously excluded from the catalog.
FAOSTAT,QCL:'01704:5412,"Highest Lentils, dry yield",excluded,excluded,,,,,,"Curated out: current coverage or quality is below the specialty-category standard, or the commodity is too narrow relative to the retained FAOSTAT library.",not_applicable,Previously excluded from the catalog.
FAOSTAT,QCL:'01620:5412,Highest Tea leaves yield,excluded,excluded,,,,,,"Curated out: current coverage or quality is below the specialty-category standard, or the commodity is too narrow relative to the retained FAOSTAT library.",not_applicable,Previously excluded from the catalog.
FAOSTAT,QCL:'01355.01:5312,Largest Blueberries harvested area,excluded,excluded,,,,,,Curated out: harvested-area variants are redundant with production and yield.,not_applicable,Previously excluded from the catalog.
FAOSTAT,QCL:'01652:5312,"Largest Chillies and peppers, dry (Capsicum spp., Pimenta spp.), raw harvested area",excluded,excluded,,,,,,Curated out: harvested-area variants are redundant with production and yield.,not_applicable,Previously excluded from the catalog.
FAOSTAT,QCL:'01652:5510,"Largest Chillies and peppers, dry (Capsicum spp., Pimenta spp.), raw production",excluded,excluded,,,,,,"Curated out: current coverage or quality is below the specialty-category standard, or the commodity is too narrow relative to the retained FAOSTAT library.",not_applicable,Previously excluded from the catalog.
FAOSTAT,QCL:'01313:5510,Largest Plantains and cooking bananas production,excluded,excluded,,,,,,"Curated out: current coverage or quality is below the specialty-category standard, or the commodity is too narrow relative to the retained FAOSTAT library.",not_applicable,Previously excluded from the catalog.
FAOSTAT,QCL:'01540:5312,Largest Yams harvested area,excluded,excluded,,,,,,Curated out: harvested-area variants are redundant with production and yield.,not_applicable,Previously excluded from the catalog.
FAOSTAT,QCL:'01540:5510,Largest Yams production,excluded,excluded,,,,,,"Curated out: current coverage or quality is below the specialty-category standard, or the commodity is too narrow relative to the retained FAOSTAT library.",not_applicable,Previously excluded from the catalog.
FAOSTAT,QCL:'01355.01:5412,Highest Blueberries yield,excluded,excluded,,,,,,"Curated out: current coverage or quality is below the specialty-category standard, or the commodity is too narrow relative to the retained FAOSTAT library.",not_applicable,Previously excluded from the catalog.
FAOSTAT,QCL:'01703:5412,"Highest Chick peas, dry yield",excluded,excluded,,,,,,"Curated out: current coverage or quality is below the specialty-category standard, or the commodity is too narrow relative to the retained FAOSTAT library.",not_applicable,Previously excluded from the catalog.
FAOSTAT,QCL:'01657:5412,"Highest Ginger, raw yield",excluded,excluded,,,,,,"Curated out: current coverage or quality is below the specialty-category standard, or the commodity is too narrow relative to the retained FAOSTAT library.",not_applicable,Previously excluded from the catalog.
FAOSTAT,QCL:'01290.01:5412,Highest Green corn (maize) yield,excluded,excluded,,,,,,"Curated out: current coverage or quality is below the specialty-category standard, or the commodity is too narrow relative to the retained FAOSTAT library.",not_applicable,Previously excluded from the catalog.
FAOSTAT,QCL:'01253.01:5412,"Highest Onions and shallots, green yield",excluded,excluded,,,,,,"Curated out: current coverage or quality is below the specialty-category standard, or the commodity is too narrow relative to the retained FAOSTAT library.",not_applicable,Previously excluded from the catalog.
FAOSTAT,QCL:'01313:5412,Highest Plantains and cooking bananas yield,excluded,excluded,,,,,,"Curated out: current coverage or quality is below the specialty-category standard, or the commodity is too narrow relative to the retained FAOSTAT library.",not_applicable,Previously excluded from the catalog.
FAOSTAT,QCL:'01211:5312,Largest Asparagus harvested area,excluded,excluded,,,,,,Curated out: harvested-area variants are redundant with production and yield.,not_applicable,Previously excluded from the catalog.
FAOSTAT,QCL:'01211:5510,Largest Asparagus production,excluded,excluded,,,,,,"Curated out: current coverage or quality is below the specialty-category standard, or the commodity is too narrow relative to the retained FAOSTAT library.",not_applicable,Previously excluded from the catalog.
FAOSTAT,QCL:'01355.01:5510,Largest Blueberries production,excluded,excluded,,,,,,"Curated out: current coverage or quality is below the specialty-category standard, or the commodity is too narrow relative to the retained FAOSTAT library.",not_applicable,Previously excluded from the catalog.
FAOSTAT,QCL:'02121.01:5111,Largest Camels stocks,excluded,excluded,,,,,,"Curated out: current coverage or quality is below the specialty-category standard, or the commodity is too narrow relative to the retained FAOSTAT library.",not_applicable,Previously excluded from the catalog.
FAOSTAT,QCL:'01290.01:5312,Largest Green corn (maize) harvested area,excluded,excluded,,,,,,Curated out: harvested-area variants are redundant with production and yield.,not_applicable,Previously excluded from the catalog.
FAOSTAT,QCL:'01290.01:5510,Largest Green corn (maize) production,excluded,excluded,,,,,,"Curated out: current coverage or quality is below the specialty-category standard, or the commodity is too narrow relative to the retained FAOSTAT library.",not_applicable,Previously excluded from the catalog.
FAOSTAT,QCL:'01704:5312,"Largest Lentils, dry harvested area",excluded,excluded,,,,,,Curated out: harvested-area variants are redundant with production and yield.,not_applicable,Previously excluded from the catalog.
FAOSTAT,QCL:'01704:5510,"Largest Lentils, dry production",excluded,excluded,,,,,,"Curated out: current coverage or quality is below the specialty-category standard, or the commodity is too narrow relative to the retained FAOSTAT library.",not_applicable,Previously excluded from the catalog.
FAOSTAT,QCL:'01450:5510,Largest Olives production,excluded,excluded,,,,,,"Curated out: current coverage or quality is below the specialty-category standard, or the commodity is too narrow relative to the retained FAOSTAT library.",not_applicable,Previously excluded from the catalog.
FAOSTAT,QCL:'01253.01:5312,"Largest Onions and shallots, green harvested area",excluded,excluded,,,,,,Curated out: harvested-area variants are redundant with production and yield.,not_applicable,Previously excluded from the catalog.
FAOSTAT,QCL:'01253.01:5510,"Largest Onions and shallots, green production",excluded,excluded,,,,,,"Curated out: current coverage or quality is below the specialty-category standard, or the commodity is too narrow relative to the retained FAOSTAT library.",not_applicable,Previously excluded from the catalog.
FAOSTAT,QCL:'01651:5510,"Largest Pepper (Piper spp.), raw production",excluded,excluded,,,,,,"Curated out: current coverage or quality is below the specialty-category standard, or the commodity is too narrow relative to the retained FAOSTAT library.",not_applicable,Previously excluded from the catalog.
FAOSTAT,QCL:'01491.01:5412,Highest Oil palm fruit yield,excluded,excluded,,,,,,"Curated out: current coverage or quality is below the specialty-category standard, or the commodity is too narrow relative to the retained FAOSTAT library.",not_applicable,Previously excluded from the catalog.
FAOSTAT,QCL:'01450:5412,Highest Olives yield,excluded,excluded,,,,,,"Curated out: current coverage or quality is below the specialty-category standard, or the commodity is too narrow relative to the retained FAOSTAT library.",not_applicable,Previously excluded from the catalog.
FAOSTAT,QCL:'01651:5412,"Highest Pepper (Piper spp.), raw yield",excluded,excluded,,,,,,"Curated out: current coverage or quality is below the specialty-category standard, or the commodity is too narrow relative to the retained FAOSTAT library.",not_applicable,Previously excluded from the catalog.
FAOSTAT,QCL:'01344.01:5412,Highest Sour cherries yield,excluded,excluded,,,,,,"Curated out: current coverage or quality is below the specialty-category standard, or the commodity is too narrow relative to the retained FAOSTAT library.",not_applicable,Previously excluded from the catalog.
FAOSTAT,QCL:'01550:5412,Highest Taro yield,excluded,excluded,,,,,,"Curated out: current coverage or quality is below the specialty-category standard, or the commodity is too narrow relative to the retained FAOSTAT library.",not_applicable,Previously excluded from the catalog.
FAOSTAT,QCL:'01372:5510,"Largest Cashew nuts, in shell production",excluded,excluded,,,,,,"Curated out: current coverage or quality is below the specialty-category standard, or the commodity is too narrow relative to the retained FAOSTAT library.",not_applicable,Previously excluded from the catalog.
FAOSTAT,QCL:'01703:5312,"Largest Chick peas, dry harvested area",excluded,excluded,,,,,,Curated out: harvested-area variants are redundant with production and yield.,not_applicable,Previously excluded from the catalog.
FAOSTAT,QCL:'01703:5510,"Largest Chick peas, dry production",excluded,excluded,,,,,,"Curated out: current coverage or quality is below the specialty-category standard, or the commodity is too narrow relative to the retained FAOSTAT library.",not_applicable,Previously excluded from the catalog.
FAOSTAT,QCL:'01351.01:5312,Largest Currants harvested area,excluded,excluded,,,,,,Curated out: harvested-area variants are redundant with production and yield.,not_applicable,Previously excluded from the catalog.
FAOSTAT,QCL:'01351.01:5510,Largest Currants production,excluded,excluded,,,,,,"Curated out: current coverage or quality is below the specialty-category standard, or the commodity is too narrow relative to the retained FAOSTAT library.",not_applicable,Previously excluded from the catalog.
FAOSTAT,QCL:'21159.01:5510,"Largest Edible offals of horses and other equines, fresh, chilled or frozen production",excluded,excluded,,,,,,Curated out: obscure or technical commodity definition.,not_applicable,Previously excluded from the catalog.
FAOSTAT,QCL:'21170.02:5510,"Largest Game meat, fresh, chilled or frozen production",excluded,excluded,,,,,,"Curated out: current coverage or quality is below the specialty-category standard, or the commodity is too narrow relative to the retained FAOSTAT library.",not_applicable,Previously excluded from the catalog.
FAOSTAT,QCL:'01657:5312,"Largest Ginger, raw harvested area",excluded,excluded,,,,,,Curated out: harvested-area variants are redundant with production and yield.,not_applicable,Previously excluded from the catalog.
FAOSTAT,QCL:'01657:5510,"Largest Ginger, raw production",excluded,excluded,,,,,,"Curated out: current coverage or quality is below the specialty-category standard, or the commodity is too narrow relative to the retained FAOSTAT library.",not_applicable,Previously excluded from the catalog.
FAOSTAT,QCL:'01651:5312,"Largest Pepper (Piper spp.), raw harvested area",excluded,excluded,,,,,,Curated out: harvested-area variants are redundant with production and yield.,not_applicable,Previously excluded from the catalog.
FAOSTAT,QCL:'01313:5312,Largest Plantains and cooking bananas harvested area,excluded,excluded,,,,,,Curated out: harvested-area variants are redundant with production and yield.,not_applicable,Previously excluded from the catalog.
FAOSTAT,QCL:'01342.02:5510,Largest Quinces production,excluded,excluded,,,,,,"Curated out: current coverage or quality is below the specialty-category standard, or the commodity is too narrow relative to the retained FAOSTAT library.",not_applicable,Previously excluded from the catalog.
FAOSTAT,QCL:'02191:5112,Largest Rabbits and hares stocks,excluded,excluded,,,,,,"Curated out: current coverage or quality is below the specialty-category standard, or the commodity is too narrow relative to the retained FAOSTAT library.",not_applicable,Previously excluded from the catalog.
FAOSTAT,QCL:'01550:5510,Largest Taro production,excluded,excluded,,,,,,"Curated out: current coverage or quality is below the specialty-category standard, or the commodity is too narrow relative to the retained FAOSTAT library.",not_applicable,Previously excluded from the catalog.
FAOSTAT,QCL:'01620:5312,Largest Tea leaves harvested area,excluded,excluded,,,,,,Curated out: harvested-area variants are redundant with production and yield.,not_applicable,Previously excluded from the catalog.
FAOSTAT,QCL:'01620:5510,Largest Tea leaves production,excluded,excluded,,,,,,"Curated out: current coverage or quality is below the specialty-category standard, or the commodity is too narrow relative to the retained FAOSTAT library.",not_applicable,Previously excluded from the catalog.
FAOSTAT,QCL:'01372:5412,"Highest Cashew nuts, in shell yield",excluded,excluded,,,,,,"Curated out: current coverage or quality is below the specialty-category standard, or the commodity is too narrow relative to the retained FAOSTAT library.",not_applicable,Previously excluded from the catalog.
FAOSTAT,QCL:'01706:5412,"Highest Cow peas, dry yield",excluded,excluded,,,,,,"Curated out: current coverage or quality is below the specialty-category standard, or the commodity is too narrow relative to the retained FAOSTAT library.",not_applicable,Previously excluded from the catalog.
FAOSTAT,QCL:'01314:5412,Highest Dates yield,excluded,excluded,,,,,,"Curated out: current coverage or quality is below the specialty-category standard, or the commodity is too narrow relative to the retained FAOSTAT library.",not_applicable,Previously excluded from the catalog.
FAOSTAT,QCL:'01374:5412,"Highest Hazelnuts, in shell yield",excluded,excluded,,,,,,"Curated out: current coverage or quality is below the specialty-category standard, or the commodity is too narrow relative to the retained FAOSTAT library.",not_applicable,Previously excluded from the catalog.
FAOSTAT,QCL:'21117.01:5417,"Highest Meat of camels, fresh or chilled yield",excluded,excluded,,,,,,"Curated out: current coverage or quality is below the specialty-category standard, or the commodity is too narrow relative to the retained FAOSTAT library.",not_applicable,Previously excluded from the catalog.
FAOSTAT,QCL:'21114:5424,"Highest Meat of rabbits and hares, fresh or chilled yield",excluded,excluded,,,,,,"Curated out: current coverage or quality is below the specialty-category standard, or the commodity is too narrow relative to the retained FAOSTAT library.",not_applicable,Previously excluded from the catalog.
FAOSTAT,QCL:'01342.02:5412,Highest Quinces yield,excluded,excluded,,,,,,"Curated out: current coverage or quality is below the specialty-category standard, or the commodity is too narrow relative to the retained FAOSTAT library.",not_applicable,Previously excluded from the catalog.
FAOSTAT,QCL:'02960.01:5510,Largest Beeswax production,excluded,excluded,,,,,,"Curated out: current coverage or quality is below the specialty-category standard, or the commodity is too narrow relative to the retained FAOSTAT library.",not_applicable,Previously excluded from the catalog.
FAOSTAT,QCL:'01372:5312,"Largest Cashew nuts, in shell harvested area",excluded,excluded,,,,,,Curated out: harvested-area variants are redundant with production and yield.,not_applicable,Previously excluded from the catalog.
FAOSTAT,QCL:'01706:5312,"Largest Cow peas, dry harvested area",excluded,excluded,,,,,,Curated out: harvested-area variants are redundant with production and yield.,not_applicable,Previously excluded from the catalog.
FAOSTAT,QCL:'01314:5312,Largest Dates harvested area,excluded,excluded,,,,,,Curated out: harvested-area variants are redundant with production and yield.,not_applicable,Previously excluded from the catalog.
FAOSTAT,QCL:'01314:5510,Largest Dates production,excluded,excluded,,,,,,"Curated out: current coverage or quality is below the specialty-category standard, or the commodity is too narrow relative to the retained FAOSTAT library.",not_applicable,Previously excluded from the catalog.
FAOSTAT,QCL:'01374:5312,"Largest Hazelnuts, in shell harvested area",excluded,excluded,,,,,,Curated out: harvested-area variants are redundant with production and yield.,not_applicable,Previously excluded from the catalog.
FAOSTAT,QCL:'01374:5510,"Largest Hazelnuts, in shell production",excluded,excluded,,,,,,"Curated out: current coverage or quality is below the specialty-category standard, or the commodity is too narrow relative to the retained FAOSTAT library.",not_applicable,Previously excluded from the catalog.
FAOSTAT,QCL:'21117.01:5510,"Largest Meat of camels, fresh or chilled production",excluded,excluded,,,,,,"Curated out: current coverage or quality is below the specialty-category standard, or the commodity is too narrow relative to the retained FAOSTAT library.",not_applicable,Previously excluded from the catalog.
FAOSTAT,QCL:'21114:5510,"Largest Meat of rabbits and hares, fresh or chilled production",excluded,excluded,,,,,,"Curated out: current coverage or quality is below the specialty-category standard, or the commodity is too narrow relative to the retained FAOSTAT library.",not_applicable,Previously excluded from the catalog.
FAOSTAT,QCL:'21691.12:5510,Largest Oil of linseed production,excluded,excluded,,,,,,"Curated out: current coverage or quality is below the specialty-category standard, or the commodity is too narrow relative to the retained FAOSTAT library.",not_applicable,Previously excluded from the catalog.
FAOSTAT,QCL:'01349.20:5312,Largest Other stone fruits harvested area,excluded,excluded,,,,,,Curated out: harvested-area variants are redundant with production and yield.,not_applicable,Previously excluded from the catalog.
FAOSTAT,QCL:'01349.20:5510,Largest Other stone fruits production,excluded,excluded,,,,,,"Curated out: current coverage or quality is below the specialty-category standard, or the commodity is too narrow relative to the retained FAOSTAT library.",not_applicable,Previously excluded from the catalog.
FAOSTAT,QCL:'01550:5312,Largest Taro harvested area,excluded,excluded,,,,,,Curated out: harvested-area variants are redundant with production and yield.,not_applicable,Previously excluded from the catalog.
FAOSTAT,QCL:'21159.02:5320,"Most Edible offals of camels and other camelids, fresh, chilled or frozen producing animals",excluded,excluded,,,,,,Curated out: technical animal-input count rather than a clear player-facing outcome.,not_applicable,Previously excluded from the catalog.
FAOSTAT,QCL:'21519.02:5320,Most Fat of camels producing animals,excluded,excluded,,,,,,Curated out: technical animal-input count rather than a clear player-facing outcome.,not_applicable,Previously excluded from the catalog.
FAOSTAT,QCL:'21117.01:5320,"Most Meat of camels, fresh or chilled producing animals",excluded,excluded,,,,,,Curated out: technical animal-input count rather than a clear player-facing outcome.,not_applicable,Previously excluded from the catalog.
FAOSTAT,QCL:'01950.01:5412,Highest Natural rubber in primary forms yield,excluded,excluded,,,,,,"Curated out: current coverage or quality is below the specialty-category standard, or the commodity is too narrow relative to the retained FAOSTAT library.",not_applicable,Previously excluded from the catalog.
FAOSTAT,QCL:'01349.20:5412,Highest Other stone fruits yield,excluded,excluded,,,,,,"Curated out: current coverage or quality is below the specialty-category standard, or the commodity is too narrow relative to the retained FAOSTAT library.",not_applicable,Previously excluded from the catalog.
FAOSTAT,QCL:'01216:5312,Largest Artichokes harvested area,excluded,excluded,,,,,,Curated out: harvested-area variants are redundant with production and yield.,not_applicable,Previously excluded from the catalog.
FAOSTAT,QCL:'01216:5510,Largest Artichokes production,excluded,excluded,,,,,,"Curated out: current coverage or quality is below the specialty-category standard, or the commodity is too narrow relative to the retained FAOSTAT library.",not_applicable,Previously excluded from the catalog.
FAOSTAT,QCL:'01706:5510,"Largest Cow peas, dry production",excluded,excluded,,,,,,"Curated out: current coverage or quality is below the specialty-category standard, or the commodity is too narrow relative to the retained FAOSTAT library.",not_applicable,Previously excluded from the catalog.
FAOSTAT,QCL:'21159.02:5510,"Largest Edible offals of camels and other camelids, fresh, chilled or frozen production",excluded,excluded,,,,,,Curated out: obscure or technical commodity definition.,not_applicable,Previously excluded from the catalog.
FAOSTAT,QCL:'21519.02:5510,Largest Fat of camels production,excluded,excluded,,,,,,Curated out: obscure or technical commodity definition.,not_applicable,Previously excluded from the catalog.
FAOSTAT,QCL:'01709.02:5312,Largest Lupins harvested area,excluded,excluded,,,,,,Curated out: harvested-area variants are redundant with production and yield.,not_applicable,Previously excluded from the catalog.
FAOSTAT,QCL:'01709.02:5510,Largest Lupins production,excluded,excluded,,,,,,"Curated out: current coverage or quality is below the specialty-category standard, or the commodity is too narrow relative to the retained FAOSTAT library.",not_applicable,Previously excluded from the catalog.
FAOSTAT,QCL:'01950.01:5312,Largest Natural rubber in primary forms harvested area,excluded,excluded,,,,,,Curated out: harvested-area variants are redundant with production and yield.,not_applicable,Previously excluded from the catalog.
FAOSTAT,QCL:'01950.01:5510,Largest Natural rubber in primary forms production,excluded,excluded,,,,,,"Curated out: current coverage or quality is below the specialty-category standard, or the commodity is too narrow relative to the retained FAOSTAT library.",not_applicable,Previously excluded from the catalog.
FAOSTAT,QCL:'21691.02:5510,Largest Oil of maize production,excluded,excluded,,,,,,"Curated out: current coverage or quality is below the specialty-category standard, or the commodity is too narrow relative to the retained FAOSTAT library.",not_applicable,Previously excluded from the catalog.
FAOSTAT,QCL:'01491.01:5312,Largest Oil palm fruit harvested area,excluded,excluded,,,,,,Curated out: harvested-area variants are redundant with production and yield.,not_applicable,Previously excluded from the catalog.
FAOSTAT,QCL:'01491.01:5510,Largest Oil palm fruit production,excluded,excluded,,,,,,"Curated out: current coverage or quality is below the specialty-category standard, or the commodity is too narrow relative to the retained FAOSTAT library.",not_applicable,Previously excluded from the catalog.
FAOSTAT,QCL:'01342.02:5312,Largest Quinces harvested area,excluded,excluded,,,,,,Curated out: harvested-area variants are redundant with production and yield.,not_applicable,Previously excluded from the catalog.
FAOSTAT,QCL:'22130.02:5510,"Largest Whey, dry production",excluded,excluded,,,,,,Curated out: obscure or technical commodity definition.,not_applicable,Previously excluded from the catalog.
FAOSTAT,QCL:'22230.01:5510,Largest Yoghurt production,excluded,excluded,,,,,,"Curated out: current coverage or quality is below the specialty-category standard, or the commodity is too narrow relative to the retained FAOSTAT library.",not_applicable,Previously excluded from the catalog.
FAOSTAT,QCL:'21114:5321,"Most Meat of rabbits and hares, fresh or chilled producing animals",excluded,excluded,,,,,,Curated out: technical animal-input count rather than a clear player-facing outcome.,not_applicable,Previously excluded from the catalog.
FAOSTAT,QCL:'01447:5412,Highest Castor oil seeds yield,excluded,excluded,,,,,,"Curated out: current coverage or quality is below the specialty-category standard, or the commodity is too narrow relative to the retained FAOSTAT library.",not_applicable,Previously excluded from the catalog.
FAOSTAT,QCL:'22254:5510,"Largest Cheese from milk of goats, fresh or processed production",excluded,excluded,,,,,,"Curated out: current coverage or quality is below the specialty-category standard, or the commodity is too narrow relative to the retained FAOSTAT library.",not_applicable,Previously excluded from the catalog.
FAOSTAT,QCL:'22253:5510,"Largest Cheese from milk of sheep, fresh or processed production",excluded,excluded,,,,,,"Curated out: current coverage or quality is below the specialty-category standard, or the commodity is too narrow relative to the retained FAOSTAT library.",not_applicable,Previously excluded from the catalog.
FAOSTAT,QCL:'01373:5312,"Largest Chestnuts, in shell harvested area",excluded,excluded,,,,,,Curated out: harvested-area variants are redundant with production and yield.,not_applicable,Previously excluded from the catalog.
FAOSTAT,QCL:'01373:5510,"Largest Chestnuts, in shell production",excluded,excluded,,,,,,"Curated out: current coverage or quality is below the specialty-category standard, or the commodity is too narrow relative to the retained FAOSTAT library.",not_applicable,Previously excluded from the catalog.
FAOSTAT,QCL:'0232:5513,"Largest Eggs from other birds in shell, fresh, n.e.c. production",excluded,excluded,,,,,,Curated out: obscure or technical commodity definition.,not_applicable,Previously excluded from the catalog.
FAOSTAT,QCL:'01352:5312,Largest Kiwi fruit harvested area,excluded,excluded,,,,,,Curated out: harvested-area variants are redundant with production and yield.,not_applicable,Previously excluded from the catalog.
FAOSTAT,QCL:'01352:5510,Largest Kiwi fruit production,excluded,excluded,,,,,,"Curated out: current coverage or quality is below the specialty-category standard, or the commodity is too narrow relative to the retained FAOSTAT library.",not_applicable,Previously excluded from the catalog.
FAOSTAT,QCL:'21119.90:5510,"Largest Other meat of mammals, fresh or chilled production",excluded,excluded,,,,,,Curated out: obscure or technical commodity definition.,not_applicable,Previously excluded from the catalog.
FAOSTAT,QCL:'2165:5510,Largest Palm oil production,excluded,excluded,,,,,,"Curated out: current coverage or quality is below the specialty-category standard, or the commodity is too narrow relative to the retained FAOSTAT library.",not_applicable,Previously excluded from the catalog.
FAOSTAT,QCL:'01654:5412,"Highest Anise, badian, coriander, cumin, caraway, fennel and juniper berries, raw yield",excluded,excluded,,,,,,"Curated out: current coverage or quality is below the specialty-category standard, or the commodity is too narrow relative to the retained FAOSTAT library.",not_applicable,Previously excluded from the catalog.
FAOSTAT,QCL:'01329:5412,"Highest Other citrus fruit, n.e.c. yield",excluded,excluded,,,,,,Curated out: obscure or technical commodity definition.,not_applicable,Previously excluded from the catalog.
FAOSTAT,QCL:'01447:5312,Largest Castor oil seeds harvested area,excluded,excluded,,,,,,Curated out: harvested-area variants are redundant with production and yield.,not_applicable,Previously excluded from the catalog.
FAOSTAT,QCL:'22251.02:5510,Largest Cheese from skimmed cow milk production,excluded,excluded,,,,,,"Curated out: current coverage or quality is below the specialty-category standard, or the commodity is too narrow relative to the retained FAOSTAT library.",not_applicable,Previously excluded from the catalog.
FAOSTAT,QCL:'01599.10:5510,"Largest Edible roots and tubers with high starch or inulin content, n.e.c., fresh production",excluded,excluded,,,,,,Curated out: obscure or technical commodity definition.,not_applicable,Previously excluded from the catalog.
FAOSTAT,QCL:'0232:5510,"Largest Eggs from other birds in shell, fresh, n.e.c. production",excluded,excluded,,,,,,Curated out: obscure or technical commodity definition.,not_applicable,Previously excluded from the catalog.
FAOSTAT,QCL:'01199.02:5312,Largest Mixed grain harvested area,excluded,excluded,,,,,,Curated out: harvested-area variants are redundant with production and yield.,not_applicable,Previously excluded from the catalog.
FAOSTAT,QCL:'01199.02:5510,Largest Mixed grain production,excluded,excluded,,,,,,Curated out: obscure or technical commodity definition.,not_applicable,Previously excluded from the catalog.
FAOSTAT,QCL:'02293:5318,Most Raw milk of camel milk-producing animals,excluded,excluded,,,,,,Curated out: technical animal-input count rather than a clear player-facing outcome.,not_applicable,Previously excluded from the catalog.
FAOSTAT,QCL:'01654:5312,"Largest Anise, badian, coriander, cumin, caraway, fennel and juniper berries, raw harvested area",excluded,excluded,,,,,,Curated out: harvested-area variants are redundant with production and yield.,not_applicable,Previously excluded from the catalog.
FAOSTAT,QCL:'01654:5510,"Largest Anise, badian, coriander, cumin, caraway, fennel and juniper berries, raw production",excluded,excluded,,,,,,"Curated out: current coverage or quality is below the specialty-category standard, or the commodity is too narrow relative to the retained FAOSTAT library.",not_applicable,Previously excluded from the catalog.
FAOSTAT,QCL:'01447:5510,Largest Castor oil seeds production,excluded,excluded,,,,,,"Curated out: current coverage or quality is below the specialty-category standard, or the commodity is too narrow relative to the retained FAOSTAT library.",not_applicable,Previously excluded from the catalog.
FAOSTAT,QCL:'01659:5312,Largest Hop cones harvested area,excluded,excluded,,,,,,Curated out: harvested-area variants are redundant with production and yield.,not_applicable,Previously excluded from the catalog.
FAOSTAT,QCL:'01659:5510,Largest Hop cones production,excluded,excluded,,,,,,"Curated out: current coverage or quality is below the specialty-category standard, or the commodity is too narrow relative to the retained FAOSTAT library.",not_applicable,Previously excluded from the catalog.
FAOSTAT,QCL:'21691.14:5510,Largest Oil of palm kernel production,excluded,excluded,,,,,,"Curated out: current coverage or quality is below the specialty-category standard, or the commodity is too narrow relative to the retained FAOSTAT library.",not_applicable,Previously excluded from the catalog.
FAOSTAT,QCL:'2167:5510,Largest Olive oil production,excluded,excluded,,,,,,"Curated out: current coverage or quality is below the specialty-category standard, or the commodity is too narrow relative to the retained FAOSTAT library.",not_applicable,Previously excluded from the catalog.
FAOSTAT,QCL:'01491.02:5510,Largest Palm kernels production,excluded,excluded,,,,,,"Curated out: current coverage or quality is below the specialty-category standard, or the commodity is too narrow relative to the retained FAOSTAT library.",not_applicable,Previously excluded from the catalog.
FAOSTAT,QCL:'01709.02:5412,Highest Lupins yield,excluded,excluded,,,,,,"Curated out: current coverage or quality is below the specialty-category standard, or the commodity is too narrow relative to the retained FAOSTAT library.",not_applicable,Previously excluded from the catalog.
FAOSTAT,QCL:'02212:5510,Largest Raw milk of buffalo production,excluded,excluded,,,,,,"Curated out: current coverage or quality is below the specialty-category standard, or the commodity is too narrow relative to the retained FAOSTAT library.",not_applicable,Previously excluded from the catalog.
FAOSTAT,QCL:'21123:5321,"Most Meat of geese, fresh or chilled producing animals",excluded,excluded,,,,,,Curated out: technical animal-input count rather than a clear player-facing outcome.,not_applicable,Previously excluded from the catalog.
FAOSTAT,QCL:'01373:5412,"Highest Chestnuts, in shell yield",excluded,excluded,,,,,,"Curated out: current coverage or quality is below the specialty-category standard, or the commodity is too narrow relative to the retained FAOSTAT library.",not_applicable,Previously excluded from the catalog.
FAOSTAT,QCL:'01929.02:5312,"Largest True hemp, raw or retted harvested area",excluded,excluded,,,,,,Curated out: harvested-area variants are redundant with production and yield.,not_applicable,Previously excluded from the catalog.
FAOSTAT,QCL:'22130.03:5510,"Largest Whey, condensed production",excluded,excluded,,,,,,Curated out: obscure or technical commodity definition.,not_applicable,Previously excluded from the catalog.
FAOSTAT,QCL:'01659:5412,Highest Hop cones yield,excluded,excluded,,,,,,"Curated out: current coverage or quality is below the specialty-category standard, or the commodity is too narrow relative to the retained FAOSTAT library.",not_applicable,Previously excluded from the catalog.
FAOSTAT,QCL:'01352:5412,Highest Kiwi fruit yield,excluded,excluded,,,,,,"Curated out: current coverage or quality is below the specialty-category standard, or the commodity is too narrow relative to the retained FAOSTAT library.",not_applicable,Previously excluded from the catalog.
FAOSTAT,QCL:'02153:5112,Largest Geese stocks,excluded,excluded,,,,,,"Curated out: current coverage or quality is below the specialty-category standard, or the commodity is too narrow relative to the retained FAOSTAT library.",not_applicable,Previously excluded from the catalog.
FAOSTAT,QCL:'02293:5510,Largest Raw milk of camel production,excluded,excluded,,,,,,"Curated out: current coverage or quality is below the specialty-category standard, or the commodity is too narrow relative to the retained FAOSTAT library.",not_applicable,Previously excluded from the catalog.
FAOSTAT,QCL:'21513:5320,"Most Buffalo fat, unrendered producing animals",excluded,excluded,,,,,,Curated out: technical animal-input count rather than a clear player-facing outcome.,not_applicable,Previously excluded from the catalog.
FAOSTAT,QCL:'21152:5320,"Most Edible offal of buffalo, fresh, chilled or frozen producing animals",excluded,excluded,,,,,,Curated out: technical animal-input count rather than a clear player-facing outcome.,not_applicable,Previously excluded from the catalog.
FAOSTAT,QCL:'21112:5320,"Most Meat of buffalo, fresh or chilled producing animals",excluded,excluded,,,,,,Curated out: technical animal-input count rather than a clear player-facing outcome.,not_applicable,Previously excluded from the catalog.
FAOSTAT,QCL:'02951.03:5320,Most Raw hides and skins of buffaloes producing animals,excluded,excluded,,,,,,Curated out: technical animal-input count rather than a clear player-facing outcome.,not_applicable,Previously excluded from the catalog.
FAOSTAT,QCL:'01216:5412,Highest Artichokes yield,excluded,excluded,,,,,,"Curated out: current coverage or quality is below the specialty-category standard, or the commodity is too narrow relative to the retained FAOSTAT library.",not_applicable,Previously excluded from the catalog.
FAOSTAT,QCL:'21112:5417,"Highest Meat of buffalo, fresh or chilled yield",excluded,excluded,,,,,,"Curated out: current coverage or quality is below the specialty-category standard, or the commodity is too narrow relative to the retained FAOSTAT library.",not_applicable,Previously excluded from the catalog.
FAOSTAT,QCL:'01707:5412,"Highest Pigeon peas, dry yield",excluded,excluded,,,,,,"Curated out: current coverage or quality is below the specialty-category standard, or the commodity is too narrow relative to the retained FAOSTAT library.",not_applicable,Previously excluded from the catalog.
FAOSTAT,QCL:'02293:5417,Highest Raw milk of camel yield,excluded,excluded,,,,,,"Curated out: current coverage or quality is below the specialty-category standard, or the commodity is too narrow relative to the retained FAOSTAT library.",not_applicable,Previously excluded from the catalog.
FAOSTAT,QCL:'21112:5510,"Largest Meat of buffalo, fresh or chilled production",excluded,excluded,,,,,,"Curated out: current coverage or quality is below the specialty-category standard, or the commodity is too narrow relative to the retained FAOSTAT library.",not_applicable,Previously excluded from the catalog.
FAOSTAT,QCL:'01707:5312,"Largest Pigeon peas, dry harvested area",excluded,excluded,,,,,,Curated out: harvested-area variants are redundant with production and yield.,not_applicable,Previously excluded from the catalog.
FAOSTAT,QCL:'01707:5510,"Largest Pigeon peas, dry production",excluded,excluded,,,,,,"Curated out: current coverage or quality is below the specialty-category standard, or the commodity is too narrow relative to the retained FAOSTAT library.",not_applicable,Previously excluded from the catalog.
FAOSTAT,QCL:'01929.02:5510,"Largest True hemp, raw or retted production",excluded,excluded,,,,,,"Curated out: current coverage or quality is below the specialty-category standard, or the commodity is too narrow relative to the retained FAOSTAT library.",not_applicable,Previously excluded from the catalog.
FAOSTAT,QCL:'21123:5424,"Highest Meat of geese, fresh or chilled yield",excluded,excluded,,,,,,"Curated out: current coverage or quality is below the specialty-category standard, or the commodity is too narrow relative to the retained FAOSTAT library.",not_applicable,Previously excluded from the catalog.
FAOSTAT,QCL:'02951.03:5417,Highest Raw hides and skins of buffaloes yield,excluded,excluded,,,,,,Curated out: obscure or technical commodity definition.,not_applicable,Previously excluded from the catalog.
FAOSTAT,QCL:'21513:5510,"Largest Buffalo fat, unrendered production",excluded,excluded,,,,,,Curated out: obscure or technical commodity definition.,not_applicable,Previously excluded from the catalog.
FAOSTAT,QCL:'21152:5510,"Largest Edible offal of buffalo, fresh, chilled or frozen production",excluded,excluded,,,,,,Curated out: obscure or technical commodity definition.,not_applicable,Previously excluded from the catalog.
FAOSTAT,QCL:'02951.03:5510,Largest Raw hides and skins of buffaloes production,excluded,excluded,,,,,,Curated out: obscure or technical commodity definition.,not_applicable,Previously excluded from the catalog.
FAOSTAT,QCL:'01929.01:5312,"Largest Flax, raw or retted harvested area",excluded,excluded,,,,,,Curated out: harvested-area variants are redundant with production and yield.,not_applicable,Previously excluded from the catalog.
FAOSTAT,QCL:'21123:5510,"Largest Meat of geese, fresh or chilled production",excluded,excluded,,,,,,"Curated out: current coverage or quality is below the specialty-category standard, or the commodity is too narrow relative to the retained FAOSTAT library.",not_applicable,Previously excluded from the catalog.
FAOSTAT,QCL:'01929.01:5510,"Largest Flax, raw or retted production",excluded,excluded,,,,,,"Curated out: current coverage or quality is below the specialty-category standard, or the commodity is too narrow relative to the retained FAOSTAT library.",not_applicable,Previously excluded from the catalog.
FAOSTAT,QCL:'22252:5510,"Largest Cheese from milk of buffalo, fresh or processed production",excluded,excluded,,,,,,"Curated out: current coverage or quality is below the specialty-category standard, or the commodity is too narrow relative to the retained FAOSTAT library.",not_applicable,Previously excluded from the catalog.
ILOSTAT,SDG_0111_SEX_AGE_RT_A,Lowest working-poverty rate,approved,approved,Lowest share of workers in extreme poverty,Share of employed people living below the international poverty line.,94,86,86,Approved after clarity review with a plainer title and explicit description.,needs_exact_url,No verified human-readable deep link showing the exact filtered data is currently stored; category remains non-playable.
ILOSTAT,EIP_NEET_SEX_RT_A,Lowest youth NEET rate,approved,approved,Lowest share of young people not working or in school,Share of young people who are not employed and are not in education or training.,94,86,86,Approved after clarity review with a plainer title and explicit description.,needs_exact_url,No verified human-readable deep link showing the exact filtered data is currently stored; category remains non-playable.
ILOSTAT,LUU_XLU2_SEX_RT_A,Lowest labor underutilization,excluded,excluded,,,,,,Curated out: technical composite labor-underutilization measure is not intuitive enough for general players.,not_applicable,Previously excluded from the catalog.
ILOSTAT,EMP_XTRU_SEX_RT_A,Lowest time-related underemployment,excluded,excluded,,,,,,Curated out: narrow technical underemployment measure is too similar to broader labor-market categories.,not_applicable,Previously excluded from the catalog.
ILOSTAT,EMP_NIFL_SEX_RT_A,Lowest informal-employment rate,approved,approved,Lowest share of workers in informal jobs,Share of employed people whose jobs are not formally registered or protected.,94,86,86,Approved after clarity review with a plainer title and explicit description.,needs_exact_url,No verified human-readable deep link showing the exact filtered data is currently stored; category remains non-playable.
ILOSTAT,SDG_0552_NOC_RT_A,Highest share of women in management,approved,approved,Highest share of women in management,,94,86,86,Approved after title-by-title comprehension and gameplay review; the measure is understandable without specialized statistical knowledge.,needs_exact_url,No verified human-readable deep link showing the exact filtered data is currently stored; category remains non-playable.
ILOSTAT,HOW_UEES_SEX_NB_A,Longest average working week,approved,approved,Longest average working week,,94,86,86,Approved after title-by-title comprehension and gameplay review; the measure is understandable without specialized statistical knowledge.,needs_exact_url,No verified human-readable deep link showing the exact filtered data is currently stored; category remains non-playable.
ILOSTAT,UNE_3EAP_SEX_AGE_DSB_RT_A,Lowest youth unemployment rate,approved,approved,Lowest youth unemployment rate,,94,86,86,Approved after title-by-title comprehension and gameplay review; the measure is understandable without specialized statistical knowledge.,needs_exact_url,No verified human-readable deep link showing the exact filtered data is currently stored; category remains non-playable.
ILOSTAT,ILR_CBCT_NOC_RT_A,Highest collective-bargaining coverage,excluded,excluded,,,,,,Curated out: 2016 common year is too stale.,not_applicable,Previously excluded from the catalog.
Natural Earth,most-land-neighbors,Most land-border neighbors,approved,approved,Most land-border neighbors,,94,91,86,Approved after title-by-title comprehension and gameplay review; the measure is understandable without specialized statistical knowledge.,unavailable,No official external webpage publishes the exact GeoStats-derived country ranking.
Natural Earth,most-separate-land-areas,Most separate land areas,excluded,excluded,,,,,,Curated out: multipart-area count is sensitive to geometry treatment and is not intuitive enough for players.,not_applicable,Previously excluded from the catalog.
U.S. EIA,57:1,Most crude oil produced,approved,approved,Most crude oil produced,,94,86,86,Approved after title-by-title comprehension and gameplay review; the measure is understandable without specialized statistical knowledge.,needs_exact_url,No verified human-readable deep link showing the exact filtered data is currently stored; category remains non-playable.
U.S. EIA,26:1,Most natural gas produced,approved,approved,Most natural gas produced,,94,86,86,Approved after title-by-title comprehension and gameplay review; the measure is understandable without specialized statistical knowledge.,needs_exact_url,No verified human-readable deep link showing the exact filtered data is currently stored; category remains non-playable.
UN Comtrade,0803,Largest banana exports,approved,approved,Largest banana exports,,94,91,86,Approved after title-by-title comprehension and gameplay review; the measure is understandable without specialized statistical knowledge.,needs_exact_url,No verified human-readable deep link showing the exact filtered data is currently stored; category remains non-playable.
UN Comtrade,7108,Largest gold exports,approved,approved,Largest gold exports,,94,86,86,Approved after title-by-title comprehension and gameplay review; the measure is understandable without specialized statistical knowledge.,needs_exact_url,No verified human-readable deep link showing the exact filtered data is currently stored; category remains non-playable.
UN Comtrade,0902,Largest tea exports,approved,approved,Largest tea exports,,94,86,86,Approved after title-by-title comprehension and gameplay review; the measure is understandable without specialized statistical knowledge.,needs_exact_url,No verified human-readable deep link showing the exact filtered data is currently stored; category remains non-playable.
UN Comtrade,1801,Largest cocoa-bean exports,approved,approved,Largest cocoa-bean exports,,94,86,86,Approved after title-by-title comprehension and gameplay review; the measure is understandable without specialized statistical knowledge.,needs_exact_url,No verified human-readable deep link showing the exact filtered data is currently stored; category remains non-playable.
UN Comtrade,2709,Largest crude-oil exports,approved,approved,Largest crude-oil exports,,94,86,86,Approved after title-by-title comprehension and gameplay review; the measure is understandable without specialized statistical knowledge.,needs_exact_url,No verified human-readable deep link showing the exact filtered data is currently stored; category remains non-playable.
UN Comtrade,1001,Largest wheat exports,approved,approved,Largest wheat exports,,94,86,86,Approved after title-by-title comprehension and gameplay review; the measure is understandable without specialized statistical knowledge.,needs_exact_url,No verified human-readable deep link showing the exact filtered data is currently stored; category remains non-playable.
UNESCO UIS,XGDP.FSGOV,Highest education spending share of GDP,approved,approved,Highest education spending share of GDP,,86,86,86,Approved after title-by-title comprehension and gameplay review; the measure is understandable without specialized statistical knowledge.,needs_exact_url,"The UIS browser is readable, but the current importer does not provide a proven shareable page with this exact indicator selected."
UNESCO UIS,GER.2T3,Highest secondary-school enrollment,excluded,excluded,,,,,,Curated out: gross-enrollment ratios can exceed 100 percent and are less intuitive than completion measures.,not_applicable,Previously excluded from the catalog.
UNESCO UIS,GTVP.2T3.V,Highest vocational enrollment share,approved,approved,Highest vocational-education share,Share of secondary students enrolled in vocational programs.,94,86,86,Approved after clarity review with a plainer title and explicit description.,needs_exact_url,"The UIS browser is readable, but the current importer does not provide a proven shareable page with this exact indicator selected."
UNESCO UIS,ROFST.1.CP,Lowest primary out-of-school rate,excluded,excluded,,,,,,Curated out: near-inverse of the retained primary-school completion category.,not_applicable,Previously excluded from the catalog.
UNESCO UIS,GER.5T8,Highest tertiary enrollment,excluded,excluded,,,,,,Curated out: gross-enrollment ratios can exceed 100 percent and are less intuitive than completion measures.,not_applicable,Previously excluded from the catalog.
UNESCO UIS,26637,Most international students hosted,approved,approved,Most international students hosted,,94,86,86,Approved after title-by-title comprehension and gameplay review; the measure is understandable without specialized statistical knowledge.,needs_exact_url,"The UIS browser is readable, but the current importer does not provide a proven shareable page with this exact indicator selected."
UNESCO UIS,MOR.5T8.40505,Highest outbound student mobility,approved,approved,Highest share of students studying abroad,Students studying abroad as a share of all students from that country.,94,86,86,Approved after clarity review with a plainer title and explicit description.,needs_exact_url,"The UIS browser is readable, but the current importer does not provide a proven shareable page with this exact indicator selected."
UNESCO UIS,SCHBSP.1.WCOMPUT,Highest school computer access,approved,approved,Highest school computer access,,94,86,86,Approved after title-by-title comprehension and gameplay review; the measure is understandable without specialized statistical knowledge.,needs_exact_url,"The UIS browser is readable, but the current importer does not provide a proven shareable page with this exact indicator selected."
UNESCO UIS,FOSGP.5T8.F500600700,Highest STEM graduate share,approved,approved,Highest STEM graduate share,,94,86,86,Approved after title-by-title comprehension and gameplay review; the measure is understandable without specialized statistical knowledge.,needs_exact_url,"The UIS browser is readable, but the current importer does not provide a proven shareable page with this exact indicator selected."
UNESCO UIS,SCHBSP.1.WINTERN,Highest school internet access,approved,approved,Highest school internet access,,94,86,86,Approved after title-by-title comprehension and gameplay review; the measure is understandable without specialized statistical knowledge.,needs_exact_url,"The UIS browser is readable, but the current importer does not provide a proven shareable page with this exact indicator selected."
UNESCO UIS,REPR.1.G1.CP,Lowest primary-school repetition rate,excluded,excluded,,,,,,Curated out: 2016 comparison year is too stale.,not_applicable,Previously excluded from the catalog.
UNESCO UIS,SCHBSP.1.WELEC,Highest school electricity access,approved,approved,Highest school electricity access,,94,86,86,Approved after title-by-title comprehension and gameplay review; the measure is understandable without specialized statistical knowledge.,needs_exact_url,"The UIS browser is readable, but the current importer does not provide a proven shareable page with this exact indicator selected."
UNESCO UIS,SR.1.GLAST.CP,Highest survival to the last grade of primary school,excluded,excluded,,,,,,Curated out: too similar to the retained primary-school completion category.,not_applicable,Previously excluded from the catalog.
UNESCO UIS,RESDEN.INHAB.TFTE,Most researchers per million people,approved,approved,Most researchers per million people,,94,86,86,Approved after title-by-title comprehension and gameplay review; the measure is understandable without specialized statistical knowledge.,needs_exact_url,"The UIS browser is readable, but the current importer does not provide a proven shareable page with this exact indicator selected."
UNESCO UIS,SCHBSP.1.WWASH,Highest school handwashing access,excluded,excluded,,,,,,Curated out: redundant with school sanitation and drinking-water access.,not_applicable,Previously excluded from the catalog.
UNESCO UIS,READ.LOWERSEC,Highest lower-secondary reading proficiency,approved,approved,Highest lower-secondary reading proficiency,,94,86,86,Approved after title-by-title comprehension and gameplay review; the measure is understandable without specialized statistical knowledge.,needs_exact_url,"The UIS browser is readable, but the current importer does not provide a proven shareable page with this exact indicator selected."
UNESCO UIS,SCHBSP.1.WTOILA,Highest school sanitation access,approved,approved,Highest school sanitation access,,94,86,86,Approved after title-by-title comprehension and gameplay review; the measure is understandable without specialized statistical knowledge.,needs_exact_url,"The UIS browser is readable, but the current importer does not provide a proven shareable page with this exact indicator selected."
UNESCO UIS,SCHBSP.1.WWATA,Highest school drinking-water access,approved,approved,Highest school drinking-water access,,94,86,86,Approved after title-by-title comprehension and gameplay review; the measure is understandable without specialized statistical knowledge.,needs_exact_url,"The UIS browser is readable, but the current importer does not provide a proven shareable page with this exact indicator selected."
UNESCO UIS,LR.AG15T24,Highest youth literacy rate,approved,approved,Highest youth literacy rate,,94,86,86,Approved after title-by-title comprehension and gameplay review; the measure is understandable without specialized statistical knowledge.,needs_exact_url,"The UIS browser is readable, but the current importer does not provide a proven shareable page with this exact indicator selected."
UNESCO UIS,MATH.LOWERSEC,Highest lower-secondary mathematics proficiency,approved,approved,Highest lower-secondary mathematics proficiency,,94,86,86,Approved after title-by-title comprehension and gameplay review; the measure is understandable without specialized statistical knowledge.,needs_exact_url,"The UIS browser is readable, but the current importer does not provide a proven shareable page with this exact indicator selected."
UNESCO UIS,MATH.PRIMARY,Highest primary mathematics proficiency,excluded,excluded,,,,,,Curated out: older and too similar to the retained lower-secondary mathematics category.,not_applicable,Previously excluded from the catalog.
UNESCO UIS,LR.AG15T99,Highest adult literacy rate,excluded,excluded,,,,,,Curated out: older and lower-coverage than youth literacy.,not_applicable,Previously excluded from the catalog.
UNESCO UIS,READ.PRIMARY,Highest primary reading proficiency,excluded,excluded,,,,,,Curated out: lower coverage and too similar to the retained lower-secondary reading category.,not_applicable,Previously excluded from the catalog.
UNHCR,population:coa:stateless,Most stateless people,approved,approved,Most stateless people,,94,86,86,Approved after title-by-title comprehension and gameplay review; the measure is understandable without specialized statistical knowledge.,needs_exact_url,No verified human-readable deep link showing the exact filtered data is currently stored; category remains non-playable.
UNHCR,solutions:coo:returned_refugees,Most refugees returned home,approved,approved,Most refugees returned home,,94,86,86,Approved after title-by-title comprehension and gameplay review; the measure is understandable without specialized statistical knowledge.,needs_exact_url,No verified human-readable deep link showing the exact filtered data is currently stored; category remains non-playable.
UNHCR,population:coa:idps,Most internally displaced people,approved,approved,Most internally displaced people,,94,86,86,Approved after title-by-title comprehension and gameplay review; the measure is understandable without specialized statistical knowledge.,needs_exact_url,No verified human-readable deep link showing the exact filtered data is currently stored; category remains non-playable.
UNHCR,population:coa:oip,Most other people needing international protection,excluded,excluded,,,,,,Curated out: broad residual protection category is not sufficiently intuitive or comparable.,not_applicable,Previously excluded from the catalog.
UNHCR,solutions:coa:returned_idps,Most internally displaced people returned,excluded,excluded,,,,,,Curated out: very low coverage and a narrow flow measure.,not_applicable,Previously excluded from the catalog.
WHO,WSH_WATER_SAFELY_MANAGED,Highest safely managed drinking-water access,approved,approved,Highest safely managed drinking-water access,,94,86,86,Approved after title-by-title comprehension and gameplay review; the measure is understandable without specialized statistical knowledge.,needs_exact_url,No verified human-readable deep link showing the exact filtered data is currently stored; category remains non-playable.
WHO,WSH_SANITATION_SAFELY_MANAGED,Highest safely managed sanitation access,approved,approved,Highest safely managed sanitation access,,94,86,86,Approved after title-by-title comprehension and gameplay review; the measure is understandable without specialized statistical knowledge.,needs_exact_url,No verified human-readable deep link showing the exact filtered data is currently stored; category remains non-playable.
WHO,WHOSIS_000001,Highest life expectancy,excluded,excluded,,,,,,Curated out: duplicate of the retained higher-coverage World Bank life-expectancy category.,not_applicable,Previously excluded from the catalog.
WHO,HWF_0006,Highest nurse and midwife density,approved,approved,Highest nurse and midwife density,,91,86,86,Approved after title-by-title comprehension and gameplay review; the measure is understandable without specialized statistical knowledge.,needs_exact_url,No verified human-readable deep link showing the exact filtered data is currently stored; category remains non-playable.
WHO,HWF_0001,Highest doctor density,approved,approved,Highest doctor density,,91,86,86,Approved after title-by-title comprehension and gameplay review; the measure is understandable without specialized statistical knowledge.,needs_exact_url,No verified human-readable deep link showing the exact filtered data is currently stored; category remains non-playable.
WHO,WHOSIS_000002,Highest healthy life expectancy,excluded,excluded,,,,,,Curated out: too similar to life expectancy and less intuitive for general players.,not_applicable,Previously excluded from the catalog.
WHO,HWF_0014,Highest pharmacist density,excluded,excluded,,,,,,Curated out: narrower and less recognizable than retained doctor and nurse-density measures.,not_applicable,Previously excluded from the catalog.
WHO,UHC_AVAILABILITY_SCORE,Highest universal-health-coverage score,excluded,excluded,,,,,,Curated out: composite score is less transparent and interpretable than direct health-access measures.,not_applicable,Previously excluded from the catalog.
WHO,NCD_HYP_PREVALENCE_A,Lowest high-blood-pressure rate,approved,approved,Lowest high-blood-pressure rate,,94,86,86,Approved after title-by-title comprehension and gameplay review; the measure is understandable without specialized statistical knowledge.,needs_exact_url,No verified human-readable deep link showing the exact filtered data is currently stored; category remains non-playable.
WHO,MH_12,Lowest suicide rate,excluded,excluded,,,,,,Curated out: international suicide-rate comparisons remain vulnerable to uneven registration and underreporting.,not_applicable,Previously excluded from the catalog.
WHO,SA_0000001438,Lowest cancer death rate,excluded,excluded,,,,,,Curated out: 2004 comparison year is too stale.,not_applicable,Previously excluded from the catalog.
WHO,MALARIA_EST_INCIDENCE,Lowest malaria incidence,approved,approved,Fewest new malaria cases per person,"Estimated new malaria cases per 1,000 people at risk during the year.",94,86,86,Approved after clarity review with a plainer title and explicit description.,needs_exact_url,No verified human-readable deep link showing the exact filtered data is currently stored; category remains non-playable.
WHO,SA_0000001807_AA,Lowest alcohol-attributable death rate,excluded,excluded,,,,,,Curated out: model-heavy attributable-mortality measure is too indirect for gameplay.,not_applicable,Previously excluded from the catalog.
WHO,SA_0000001440,Lowest diabetes death rate,excluded,excluded,,,,,,Curated out: 2004 comparison year is too stale.,not_applicable,Previously excluded from the catalog.
WHO,RS_198,Lowest road-traffic death rate,approved,approved,Lowest road-traffic death rate,,94,86,86,Approved after title-by-title comprehension and gameplay review; the measure is understandable without specialized statistical knowledge.,needs_exact_url,No verified human-readable deep link showing the exact filtered data is currently stored; category remains non-playable.
WHO,MDG_0000000025,Highest skilled birth-attendance rate,approved,approved,Highest skilled birth-attendance rate,,94,86,86,Approved after title-by-title comprehension and gameplay review; the measure is understandable without specialized statistical knowledge.,needs_exact_url,No verified human-readable deep link showing the exact filtered data is currently stored; category remains non-playable.
WHO,WSH_HYGIENE_BASIC,Highest handwashing access,approved,approved,Highest handwashing access,,94,86,86,Approved after title-by-title comprehension and gameplay review; the measure is understandable without specialized statistical knowledge.,needs_exact_url,No verified human-readable deep link showing the exact filtered data is currently stored; category remains non-playable.
WHO,WHS4_154,Highest antenatal-care coverage,approved,approved,Highest prenatal-care coverage,Share of pregnancies receiving the source-defined minimum prenatal-care visits.,92,86,86,Approved after clarity review with a plainer title and explicit description.,needs_exact_url,No verified human-readable deep link showing the exact filtered data is currently stored; category remains non-playable.
WHO,Yth_curr_cig_smoking,Lowest cigarette-smoking rate,excluded,excluded,,,,,,Curated out: low coverage and survey self-reporting make cross-country comparisons too uneven.,not_applicable,Previously excluded from the catalog.
WHO,GDO_q9x1_3,Highest hospital-bed density,excluded,excluded,,,,,,Curated out: low coverage and stale reporting year.,not_applicable,Previously excluded from the catalog.
World Bank,SP.URB.TOTL.IN.ZS,Highest urban population share,excluded,excluded,,,,,,Curated out: exact complement of the retained rural-population-share category.,not_applicable,Previously excluded from the catalog.
World Bank,EN.GHG.CH4.MT.CE.AR5,Highest methane emissions,approved,approved,Highest methane emissions,,94,86,86,Approved after title-by-title comprehension and gameplay review; the measure is understandable without specialized statistical knowledge.,exact,Official World Bank indicator page shows the indicator’s country data and chart.
World Bank,EN.GHG.CO2.MT.CE.AR5,Highest total CO₂ emissions,approved,approved,Highest total CO₂ emissions,,94,86,86,Approved after title-by-title comprehension and gameplay review; the measure is understandable without specialized statistical knowledge.,exact,Official World Bank indicator page shows the indicator’s country data and chart.
World Bank,SL.UEM.TOTL.ZS,Lowest unemployment,excluded,excluded,,,,,,Curated out: superseded by the direct ILOSTAT unemployment-rate category.,not_applicable,Previously excluded from the catalog.
World Bank,EN.GHG.CO2.PC.CE.AR5,Highest CO₂ emissions per person,approved,approved,Highest CO₂ emissions per person,,94,86,86,Approved after title-by-title comprehension and gameplay review; the measure is understandable without specialized statistical knowledge.,exact,Official World Bank indicator page shows the indicator’s country data and chart.
World Bank,IT.NET.USER.ZS,Highest internet usage,excluded,excluded,,,,,,Curated out: indicator relies heavily on uneven survey and national-estimation practices and does not meet the project’s provenance standard.,not_applicable,Previously excluded from the catalog.
World Bank,AG.PRD.CREL.MT,Most cereal produced,excluded,excluded,,,,,,Curated out: superseded by the direct FAOSTAT cereals-production category.,not_applicable,Previously excluded from the catalog.
World Bank,AG.YLD.CREL.KG,Highest cereal yield,excluded,excluded,,,,,,Curated out: superseded by the direct FAOSTAT agricultural-yield library.,not_applicable,Previously excluded from the catalog.
World Bank,SE.XPD.TOTL.GD.ZS,Highest education spending share,excluded,excluded,,,,,,Curated out: superseded by the direct UNESCO UIS education-spending category.,not_applicable,Previously excluded from the catalog.
World Bank,AG.LND.PRCP.MM,Highest average rainfall,approved,approved,Highest average rainfall,,94,91,86,Approved after title-by-title comprehension and gameplay review; the measure is understandable without specialized statistical knowledge.,exact,Official World Bank indicator page shows the indicator’s country data and chart.
World Bank,SH.STA.SMSS.ZS,Highest safely managed sanitation access,excluded,excluded,,,,,,Curated out: superseded by the direct WHO safely managed sanitation category.,not_applicable,Previously excluded from the catalog.
World Bank,AG.LND.PRCP.MM,Lowest average rainfall,excluded,excluded,,,,,,Curated out: exact inverse of the retained highest-average-rainfall category.,not_applicable,Previously excluded from the catalog.
World Bank,IS.AIR.GOOD.MT.K1,Most air freight,approved,approved,Most air freight,,94,86,86,Approved after title-by-title comprehension and gameplay review; the measure is understandable without specialized statistical knowledge.,exact,Official World Bank indicator page shows the indicator’s country data and chart.
World Bank,NY.GDP.MINR.RT.ZS,Highest mineral-rent dependence,excluded,excluded,,,,,,Curated out: no usable current country observations.,not_applicable,Previously excluded from the catalog.
World Bank,NY.GDP.NGAS.RT.ZS,Highest natural-gas-rent dependence,excluded,excluded,,,,,,Curated out: no usable current country observations.,not_applicable,Previously excluded from the catalog.
World Bank,NY.GDP.PETR.RT.ZS,Highest oil-rent dependence,excluded,excluded,,,,,,Curated out: no usable current country observations.,not_applicable,Previously excluded from the catalog.
World Bank,EG.ELC.RNEW.ZS,Highest renewable electricity share,excluded,excluded,,,,,,Curated out: no usable current country observations.,not_applicable,Previously excluded from the catalog.
World Bank,EG.FEC.RNEW.ZS,Highest renewable energy consumption,excluded,excluded,,,,,,Curated out: no usable current country observations.,not_applicable,Previously excluded from the catalog.
World Bank,SH.STA.TRAF.P5,Lowest road fatality rate,excluded,excluded,,,,,,Curated out: no usable current observations and superseded by the direct WHO road-traffic mortality category.,not_applicable,Previously excluded from the catalog.
World Bank,IS.RRS.GOOD.MT.K6,Most rail freight,excluded,excluded,,,,,,Curated out: no usable current country observations.,not_applicable,Previously excluded from the catalog.
World Bank,IS.RRS.PASG.KM,Most rail passenger travel,excluded,excluded,,,,,,Curated out: no usable current country observations.,not_applicable,Previously excluded from the catalog.
World Bank,IP.PAT.RESD,Most resident patent applications,excluded,excluded,,,,,,Curated out: no usable current country observations.,not_applicable,Previously excluded from the catalog.
