source_organization,source_indicator_code,category_id,original_title,decision,player_title,reason,concept_group,recognizability_score,specificity_score
World Bank,SP.POP.TOTL,,Largest population,approved,Largest population,Retained after full editorial review; quality and provenance gates still apply.,,,
World Bank,SP.RUR.TOTL,,Largest rural population,excluded,,Near-duplicate of total population and rural population share.,,,
World Bank,SP.URB.TOTL,,Largest urban population,excluded,,Near-duplicate of total population and urbanization measures.,,,
World Bank,TX.VAL.MRCH.CD.WT,,Largest merchandise exports,approved,Largest merchandise exports,Retained after full editorial review; quality and provenance gates still apply.,,,
World Bank,TM.VAL.MRCH.CD.WT,,Largest merchandise imports,approved,Largest merchandise imports,Retained after full editorial review; quality and provenance gates still apply.,,,
World Bank,NY.GDP.MKTP.CD,,Largest economy,approved,Largest economy,Retained after full editorial review; quality and provenance gates still apply.,,,
World Bank,SP.POP.GROW,,Fastest population growth,approved,Fastest population growth,Retained after full editorial review; quality and provenance gates still apply.,,,
World Bank,NY.GDP.PCAP.CD,,Highest GDP per person,approved,Highest GDP per person,Retained after full editorial review; quality and provenance gates still apply.,,,
World Bank,SP.POP.65UP.TO.ZS,,Oldest population,approved,Oldest population,Retained after full editorial review; quality and provenance gates still apply.,,,
World Bank,SP.RUR.TOTL.ZS,,Highest rural population share,approved,Highest rural population share,Retained after full editorial review; quality and provenance gates still apply.,,,
World Bank,SP.POP.0014.TO.ZS,,Youngest population,approved,Youngest population,Retained after full editorial review; quality and provenance gates still apply.,,,
World Bank,NY.GDP.MKTP.KD.ZG,,Fastest economic growth,approved,Fastest economic growth,Retained after full editorial review; quality and provenance gates still apply.,,,
World Bank,NV.AGR.TOTL.CD,,Largest agricultural economy,approved,Largest agricultural economy,Retained after full editorial review; quality and provenance gates still apply.,,,
World Bank,ER.LND.PTLD.ZS,,Highest protected-land share,approved,Highest protected-land share,Retained after full editorial review; quality and provenance gates still apply.,,,
UNHCR,asylum-applications:coo:applied,,Most asylum applications by origin,approved,Most asylum applications by origin,Retained after full editorial review; quality and provenance gates still apply.,,,
UNHCR,population:coo:asylum_seekers,,Most asylum seekers originating,excluded,,Stock measure is too similar to refugees originating and asylum-application flows.,,,
UNHCR,population:coo:refugees,,Most refugees originating,approved,Most refugees originating,Retained after full editorial review; quality and provenance gates still apply.,,,
World Bank,NV.IND.MANF.CD,,Largest manufacturing output,approved,Largest manufacturing output,Retained after full editorial review; quality and provenance gates still apply.,,,
UNHCR,population:coa:refugees,,Most refugees hosted,approved,Most refugees hosted,Retained after full editorial review; quality and provenance gates still apply.,,,
FAOSTAT,QCL:'01212:5412,,Highest Cabbages yield,approved,Highest cabbage yield,"Recognizable, clear measure, and no stronger duplicate.",faostat-item-01212-yield,92.0,92.0
FAOSTAT,QCL:'01251:5412,,Highest Carrots and turnips yield,approved,Highest carrots and turnips yield,"Recognizable, clear measure, and no stronger duplicate.",faostat-item-01251-yield,92.0,92.0
FAOSTAT,QCL:'0111:5412,,Highest Wheat yield,approved,Highest wheat yield,"Recognizable, clear measure, and no stronger duplicate.",faostat-item-0111-yield,92.0,92.0
FAOSTAT,QCL:'0115:5510,,Largest Barley production,approved,Largest barley production,"Recognizable, clear measure, and no stronger duplicate.",faostat-item-0115-production,92.0,92.0
FAOSTAT,QCL:'0115:5412,,Highest Barley yield,approved,Highest barley yield,"Recognizable, clear measure, and no stronger duplicate.",faostat-item-0115-yield,92.0,92.0
World Bank,IT.MLT.MAIN.P2,,Highest fixed telephone subscriptions per 100 people,approved,Highest fixed telephone subscriptions per 100 people,Retained after full editorial review; quality and provenance gates still apply.,,,
WHO,WHS4_117,,Highest hepatitis B vaccination rate,approved,Highest hepatitis B vaccination rate,Retained after full editorial review; quality and provenance gates still apply.,,,
WHO,WHS8_110,,Highest measles vaccination rate,approved,Highest measles vaccination rate,Retained after full editorial review; quality and provenance gates still apply.,,,
World Bank,SH.XPD.CHEX.PC.CD,,Highest health spending per person,approved,Highest health spending per person,Retained after full editorial review; quality and provenance gates still apply.,,,
UNESCO UIS,ROFST.MOD.3,,Lowest upper-secondary out-of-school rate,excluded,,Near-inverse of upper-secondary completion and too similar to other school-attainment categories.,,,
UNESCO UIS,ROFST.MOD.2,,Lowest lower-secondary out-of-school rate,excluded,,Near-inverse of lower-secondary completion and too similar to other school-attainment categories.,,,
FAOSTAT,QCL:'F1738:5412,,Highest Fruit Primary yield,excluded,,"Obscure, redundant, narrowly processed, or weaker than a retained measure.",,,
World Bank,NV.IND.TOTL.ZS,,Highest industry share of GDP,approved,Highest industry share of GDP,Retained after full editorial review; quality and provenance gates still apply.,,,
FAOSTAT,QCL:'F1720:5412,,"Highest Roots and Tubers, Total yield",excluded,,"Obscure, redundant, narrowly processed, or weaker than a retained measure.",,,
FAOSTAT,QCL:'F1735:5412,,Highest Vegetables Primary yield,excluded,,"Obscure, redundant, narrowly processed, or weaker than a retained measure.",,,
ILOSTAT,SDG_0821_NOC_RT_A,,Fastest labor-productivity growth,approved,Fastest labor-productivity growth,Retained after full editorial review; quality and provenance gates still apply.,,,
ILOSTAT,EMP_2WAP_SEX_AGE_RT_A,,Highest employment-to-population ratio,approved,Highest employment-to-population ratio,Retained after full editorial review; quality and provenance gates still apply.,,,
ILOSTAT,SDG_1041_NOC_RT_A,,Highest labor-income share of GDP,approved,Highest labor-income share of GDP,Retained after full editorial review; quality and provenance gates still apply.,,,
ILOSTAT,GDP_205U_NOC_NB_A,,Highest output per worker,approved,Highest output per worker,Retained after full editorial review; quality and provenance gates still apply.,,,
ILOSTAT,UNE_2EAP_SEX_AGE_RT_A,,Lowest unemployment rate,approved,Lowest unemployment rate,Retained after full editorial review; quality and provenance gates still apply.,,,
FAOSTAT,QCL:'02211:5417,,Highest Raw milk of cattle yield,approved,Highest milk yield per cow,"Recognizable, clear measure, and no stronger duplicate.",faostat-item-02211-yield,92.0,92.0
World Bank,NE.EXP.GNFS.CD,,Largest exports,excluded,,Superseded by the broader-coverage merchandise-exports category.,,,
World Bank,NE.IMP.GNFS.CD,,Largest imports,excluded,,Superseded by the broader-coverage merchandise-imports category.,,,
UNESCO UIS,CR.MOD.1,,Highest primary-school completion rate,approved,Highest primary-school completion rate,Retained after full editorial review; quality and provenance gates still apply.,,,
UNESCO UIS,CR.MOD.2,,Highest lower-secondary completion rate,excluded,,Middle-stage completion is redundant when primary and upper-secondary completion are retained.,,,
UNESCO UIS,CR.MOD.3,,Highest upper-secondary completion rate,approved,Highest upper-secondary completion rate,Retained after full editorial review; quality and provenance gates still apply.,,,
UNHCR,population:coa:asylum_seekers,,Most asylum seekers hosted,excluded,,Stock measure is too similar to refugees hosted and asylum applications received.,,,
FAOSTAT,QCL:'0112:5412,,Highest Maize (corn) yield,approved,Highest corn yield,"Recognizable, clear measure, and no stronger duplicate.",faostat-item-0112-yield,92.0,92.0
FAOSTAT,QCL:'01510:5412,,Highest Potatoes yield,approved,Highest potatoes yield,"Recognizable, clear measure, and no stronger duplicate.",faostat-item-01510-yield,92.0,92.0
FAOSTAT,QCL:'01253.02:5412,,"Highest Onions and shallots, dry (excluding dehydrated) yield",approved,Highest onions and shallots yield,"Recognizable, clear measure, and no stronger duplicate.",faostat-item-01253-02-yield,92.0,92.0
FAOSTAT,QCL:'F1723:5412,,Highest Sugar Crops Primary yield,excluded,,"Obscure, redundant, narrowly processed, or weaker than a retained measure.",,,
FAOSTAT,QCL:'01232:5412,,Highest Cucumbers and gherkins yield,approved,Highest cucumbers and gherkins yield,"Recognizable, clear measure, and no stronger duplicate.",faostat-item-01232-yield,92.0,92.0
FAOSTAT,QCL:'01231:5412,,"Highest Chillies and peppers, green (Capsicum spp. and Pimenta spp.) yield",approved,Highest green chilies and peppers yield,"Recognizable, clear measure, and no stronger duplicate.",faostat-item-01231-yield,92.0,92.0
FAOSTAT,QCL:'0111:5312,,Largest Wheat harvested area,excluded,,Harvested-area variant removed in favor of production or yield.,,,
FAOSTAT,QCL:'0111:5510,,Largest Wheat production,approved,Largest wheat production,"Recognizable, clear measure, and no stronger duplicate.",faostat-item-0111-production,92.0,92.0
FAOSTAT,QCL:'0113:5412,,Highest Rice yield,approved,Highest rice yield,"Recognizable, clear measure, and no stronger duplicate.",faostat-item-0113-yield,92.0,92.0
FAOSTAT,QCL:'0115:5312,,Largest Barley harvested area,excluded,,Harvested-area variant removed in favor of production or yield.,,,
FAOSTAT,QCL:'01252:5412,,Highest Green garlic yield,excluded,,"Obscure, redundant, narrowly processed, or weaker than a retained measure.",,,
FAOSTAT,QCL:'01322:5412,,Highest Lemons and limes yield,approved,Highest lemons and limes yield,"Recognizable, clear measure, and no stronger duplicate.",faostat-item-01322-yield,92.0,92.0
FAOSTAT,QCL:'01214:5412,,Highest Lettuce and chicory yield,approved,Highest lettuce and chicory yield,"Recognizable, clear measure, and no stronger duplicate.",faostat-item-01214-yield,92.0,92.0
FAOSTAT,QCL:'01241.90:5412,,"Highest Other beans, green yield",excluded,,"Obscure, redundant, narrowly processed, or weaker than a retained measure.",,,
FAOSTAT,QCL:'0141:5412,,Highest Soya beans yield,approved,Highest soybeans yield,"Recognizable, clear measure, and no stronger duplicate.",faostat-item-0141-yield,92.0,92.0
World Bank,IT.NET.BBND.P2,,Highest fixed broadband subscriptions per 100 people,approved,Highest fixed broadband subscriptions per 100 people,Retained after full editorial review; quality and provenance gates still apply.,,,
FAOSTAT,QCL:'F1720:5510,,"Largest Roots and Tubers, Total production",approved,Largest roots and tubers production,"Recognizable, clear measure, and no stronger duplicate.",faostat-item-f1720-production,92.0,92.0
FAOSTAT,QCL:'F1806:5417,,"Highest Beef and Buffalo Meat, primary yield",excluded,,"Obscure, redundant, narrowly processed, or weaker than a retained measure.",,,
FAOSTAT,QCL:'02111:5111,,Largest Cattle stocks,approved,Largest cattle population,"Recognizable, clear measure, and no stronger duplicate.",faostat-item-02111-stocks,92.0,92.0
FAOSTAT,QCL:'21111.01:5417,,"Highest Meat of cattle with the bone, fresh or chilled yield",excluded,,"Obscure, redundant, narrowly processed, or weaker than a retained measure.",,,
FAOSTAT,QCL:'21121:5424,,"Highest Meat of chickens, fresh or chilled yield",excluded,,"Obscure, redundant, narrowly processed, or weaker than a retained measure.",,,
FAOSTAT,QCL:'F1808:5424,,"Highest Meat, Poultry yield",excluded,,"Obscure, redundant, narrowly processed, or weaker than a retained measure.",,,
FAOSTAT,QCL:'F1780:5417,,"Highest Milk, Total yield",excluded,,"Obscure, redundant, narrowly processed, or weaker than a retained measure.",,,
FAOSTAT,QCL:'02211:5510,,Largest Raw milk of cattle production,approved,Largest cow's milk production,"Recognizable, clear measure, and no stronger duplicate.",faostat-item-02211-production,92.0,92.0
FAOSTAT,QCL:'F1717:5312,,"Largest Cereals, primary harvested area",excluded,,Harvested-area variant removed in favor of production or yield.,,,
FAOSTAT,QCL:'F1717:5510,,"Largest Cereals, primary production",approved,Largest cereals production,"Recognizable, clear measure, and no stronger duplicate.",faostat-item-f1717-production,92.0,92.0
FAOSTAT,QCL:'F1717:5412,,"Highest Cereals, primary yield",excluded,,"Obscure, redundant, narrowly processed, or weaker than a retained measure.",,,
FAOSTAT,QCL:'02122:5111,,Largest Sheep stocks,approved,Largest sheep population,"Recognizable, clear measure, and no stronger duplicate.",faostat-item-02122-stocks,92.0,92.0
FAOSTAT,QCL:'01290.90:5412,,"Highest Other vegetables, fresh n.e.c. yield",excluded,,Obscure or technical commodity definition removed.,,,
FAOSTAT,QCL:'0112:5510,,Largest Maize (corn) production,approved,Largest corn production,"Recognizable, clear measure, and no stronger duplicate.",faostat-item-0112-production,92.0,92.0
World Bank,NE.CON.GOVT.CD,,Highest government consumption,excluded,,Absolute consumption mostly repeats economy size and is weak for gameplay.,,,
World Bank,NE.CON.PRVT.CD,,Highest household consumption,excluded,,Absolute consumption mostly repeats economy size and is weak for gameplay.,,,
FAOSTAT,QCL:'01234:5510,,Largest Tomatoes production,approved,Largest tomatoes production,"Recognizable, clear measure, and no stronger duplicate.",faostat-item-01234-production,92.0,92.0
FAOSTAT,QCL:'01234:5412,,Highest Tomatoes yield,approved,Highest tomatoes yield,"Recognizable, clear measure, and no stronger duplicate.",faostat-item-01234-yield,92.0,92.0
FAOSTAT,QCL:'01510:5312,,Largest Potatoes harvested area,excluded,,Harvested-area variant removed in favor of production or yield.,,,
FAOSTAT,QCL:'01510:5510,,Largest Potatoes production,approved,Largest potatoes production,"Recognizable, clear measure, and no stronger duplicate.",faostat-item-01510-production,92.0,92.0
FAOSTAT,QCL:'01212:5510,,Largest Cabbages production,approved,Largest cabbage production,"Recognizable, clear measure, and no stronger duplicate.",faostat-item-01212-production,92.0,92.0
FAOSTAT,QCL:'01253.02:5312,,"Largest Onions and shallots, dry (excluding dehydrated) harvested area",excluded,,Harvested-area variant removed in favor of production or yield.,,,
FAOSTAT,QCL:'01253.02:5510,,"Largest Onions and shallots, dry (excluding dehydrated) production",approved,Largest onions and shallots production,"Recognizable, clear measure, and no stronger duplicate.",faostat-item-01253-02-production,92.0,92.0
FAOSTAT,QCL:'01232:5510,,Largest Cucumbers and gherkins production,approved,Largest cucumbers and gherkins production,"Recognizable, clear measure, and no stronger duplicate.",faostat-item-01232-production,92.0,92.0
FAOSTAT,QCL:'01232:5312,,Largest Cucumbers and gherkins harvested area,excluded,,Harvested-area variant removed in favor of production or yield.,,,
FAOSTAT,QCL:'F1804:5412,,"Highest Citrus Fruit, Total yield",excluded,,"Obscure, redundant, narrowly processed, or weaker than a retained measure.",,,
FAOSTAT,QCL:'01251:5510,,Largest Carrots and turnips production,approved,Largest carrots and turnips production,"Recognizable, clear measure, and no stronger duplicate.",faostat-item-01251-production,92.0,92.0
FAOSTAT,QCL:'01231:5510,,"Largest Chillies and peppers, green (Capsicum spp. and Pimenta spp.) production",approved,Largest green chilies and peppers production,"Recognizable, clear measure, and no stronger duplicate.",faostat-item-01231-production,92.0,92.0
FAOSTAT,QCL:'F1729:5312,,"Largest Treenuts, Total harvested area",excluded,,Harvested-area variant removed in favor of production or yield.,,,
FAOSTAT,QCL:'01235:5510,,"Largest Pumpkins, squash and gourds production",approved,"Largest pumpkins, squash, and gourds production","Recognizable, clear measure, and no stronger duplicate.",faostat-item-01235-production,92.0,92.0
FAOSTAT,QCL:'01235:5312,,"Largest Pumpkins, squash and gourds harvested area",excluded,,Harvested-area variant removed in favor of production or yield.,,,
FAOSTAT,QCL:'01235:5412,,"Highest Pumpkins, squash and gourds yield",approved,"Highest pumpkins, squash, and gourds yield","Recognizable, clear measure, and no stronger duplicate.",faostat-item-01235-yield,92.0,92.0
FAOSTAT,QCL:'01221:5412,,Highest Watermelons yield,approved,Highest watermelons yield,"Recognizable, clear measure, and no stronger duplicate.",faostat-item-01221-yield,92.0,92.0
FAOSTAT,QCL:'F1729:5412,,"Highest Treenuts, Total yield",excluded,,"Obscure, redundant, narrowly processed, or weaker than a retained measure.",,,
FAOSTAT,QCL:'0114:5510,,Largest Sorghum production,approved,Largest sorghum production,"Recognizable, clear measure, and no stronger duplicate.",faostat-item-0114-production,92.0,92.0
FAOSTAT,QCL:'01312:5412,,Highest Bananas yield,approved,Highest bananas yield,"Recognizable, clear measure, and no stronger duplicate.",faostat-item-01312-yield,92.0,92.0
FAOSTAT,QCL:'01323:5412,,Highest Oranges yield,approved,Highest oranges yield,"Recognizable, clear measure, and no stronger duplicate.",faostat-item-01323-yield,92.0,92.0
FAOSTAT,QCL:'01709.90:5312,,Largest Other pulses n.e.c. harvested area,excluded,,Harvested-area variant removed in favor of production or yield.,,,
FAOSTAT,QCL:'0142:5412,,"Highest Groundnuts, excluding shelled yield",approved,Highest peanuts yield,"Recognizable, clear measure, and no stronger duplicate.",faostat-item-0142-yield,92.0,92.0
FAOSTAT,QCL:'01252:5510,,Largest Green garlic production,excluded,,"Obscure, redundant, narrowly processed, or weaker than a retained measure.",,,
FAOSTAT,QCL:'01214:5510,,Largest Lettuce and chicory production,approved,Largest lettuce and chicory production,"Recognizable, clear measure, and no stronger duplicate.",faostat-item-01214-production,92.0,92.0
FAOSTAT,QCL:'02292:5417,,Highest Raw milk of goats yield,excluded,,"Obscure, redundant, narrowly processed, or weaker than a retained measure.",,,
FAOSTAT,QCL:'01252:5312,,Largest Green garlic harvested area,excluded,,Harvested-area variant removed in favor of production or yield.,,,
FAOSTAT,QCL:'01705:5312,,"Largest Peas, dry harvested area",excluded,,Harvested-area variant removed in favor of production or yield.,,,
FAOSTAT,QCL:'01705:5412,,"Highest Peas, dry yield",approved,Highest dry peas yield,"Recognizable, clear measure, and no stronger duplicate.",faostat-item-01705-yield,92.0,92.0
FAOSTAT,QCL:'01213:5412,,Highest Cauliflowers and broccoli yield,approved,Highest cauliflower and broccoli yield,"Recognizable, clear measure, and no stronger duplicate.",faostat-item-01213-yield,92.0,92.0
FAOSTAT,QCL:'01341:5412,,Highest Apples yield,approved,Highest apples yield,"Recognizable, clear measure, and no stronger duplicate.",faostat-item-01341-yield,92.0,92.0
World Bank,NV.SRV.TOTL.ZS,,Highest services share of GDP,excluded,,Complementary near-duplicate of industry share of GDP.,,,
FAOSTAT,QCL:'F1738:5312,,Largest Fruit Primary harvested area,excluded,,Harvested-area variant removed in favor of production or yield.,,,
FAOSTAT,QCL:'F1738:5510,,Largest Fruit Primary production,approved,Largest fruit production,"Recognizable, clear measure, and no stronger duplicate.",faostat-item-f1738-production,92.0,92.0
FAOSTAT,QCL:'F1765:5510,,"Largest Meat, Total production",excluded,,"Obscure, redundant, narrowly processed, or weaker than a retained measure.",,,
FAOSTAT,QCL:'F1735:5510,,Largest Vegetables Primary production,approved,Largest vegetables production,"Recognizable, clear measure, and no stronger duplicate.",faostat-item-f1735-production,92.0,92.0
FAOSTAT,QCL:'F1720:5312,,"Largest Roots and Tubers, Total harvested area",excluded,,Harvested-area variant removed in favor of production or yield.,,,
FAOSTAT,QCL:'F1735:5312,,Largest Vegetables Primary harvested area,excluded,,Harvested-area variant removed in favor of production or yield.,,,
FAOSTAT,QCL:'F1806:5510,,"Largest Beef and Buffalo Meat, primary production",approved,Largest beef and buffalo meat production,"Recognizable, clear measure, and no stronger duplicate.",faostat-item-f1806-production,92.0,92.0
FAOSTAT,QCL:'F1746:5111,,Largest Cattle and Buffaloes stocks,excluded,,"Obscure, redundant, narrowly processed, or weaker than a retained measure.",,,
FAOSTAT,QCL:'21121:5510,,"Largest Meat of chickens, fresh or chilled production",approved,Largest chicken meat production,"Recognizable, clear measure, and no stronger duplicate.",faostat-item-21121-production,92.0,92.0
FAOSTAT,QCL:'F1808:5510,,"Largest Meat, Poultry production",excluded,,"Obscure, redundant, narrowly processed, or weaker than a retained measure.",,,
FAOSTAT,QCL:'F1806:5320,,"Most Beef and Buffalo Meat, primary producing animals",excluded,,Technical animal-input count removed.,,,
FAOSTAT,QCL:'21111.01:5510,,"Largest Meat of cattle with the bone, fresh or chilled production",excluded,,"Obscure, redundant, narrowly processed, or weaker than a retained measure.",,,
FAOSTAT,QCL:'21512:5320,,"Most Cattle fat, unrendered producing animals",excluded,,Technical animal-input count removed.,,,
FAOSTAT,QCL:'21151:5320,,"Most Edible offal of cattle, fresh, chilled or frozen producing animals",excluded,,Technical animal-input count removed.,,,
FAOSTAT,QCL:'21111.01:5320,,"Most Meat of cattle with the bone, fresh or chilled producing animals",excluded,,Technical animal-input count removed.,,,
FAOSTAT,QCL:'02951.01:5320,,Most Raw hides and skins of cattle producing animals,excluded,,Technical animal-input count removed.,,,
FAOSTAT,QCL:'F1807:5510,,Largest Sheep and Goat Meat production,approved,Largest sheep and goat meat production,"Recognizable, clear measure, and no stronger duplicate.",faostat-item-f1807-production,92.0,92.0
FAOSTAT,QCL:'F1749:5111,,Largest Sheep and Goats stocks,excluded,,"Obscure, redundant, narrowly processed, or weaker than a retained measure.",,,
FAOSTAT,QCL:'F1780:5510,,"Largest Milk, Total production",excluded,,"Obscure, redundant, narrowly processed, or weaker than a retained measure.",,,
FAOSTAT,QCL:'F1780:5318,,"Most Milk, Total milk-producing animals",excluded,,Technical animal-input count removed.,,,
FAOSTAT,QCL:'02211:5318,,Most Raw milk of cattle milk-producing animals,excluded,,Technical animal-input count removed.,,,
FAOSTAT,QCL:'0231:5513,,"Largest Hen eggs in shell, fresh production",approved,Largest eggs production,"Recognizable, clear measure, and no stronger duplicate.",faostat-item-0231-production,92.0,92.0
FAOSTAT,QCL:'02123:5111,,Largest Goats stocks,approved,Largest goat population,"Recognizable, clear measure, and no stronger duplicate.",faostat-item-02123-stocks,92.0,92.0
FAOSTAT,QCL:'21115:5510,,"Largest Meat of sheep, fresh or chilled production",excluded,,"Obscure, redundant, narrowly processed, or weaker than a retained measure.",,,
FAOSTAT,QCL:'F1726:5312,,"Largest Pulses, Total harvested area",excluded,,Harvested-area variant removed in favor of production or yield.,,,
FAOSTAT,QCL:'F1726:5510,,"Largest Pulses, Total production",approved,"Largest pulses, total production","Recognizable, clear measure, and no stronger duplicate.",faostat-item-f1726-production,92.0,92.0
FAOSTAT,QCL:'F1726:5412,,"Highest Pulses, Total yield",excluded,,"Obscure, redundant, narrowly processed, or weaker than a retained measure.",,,
FAOSTAT,QCL:'0112:5312,,Largest Maize (corn) harvested area,excluded,,Harvested-area variant removed in favor of production or yield.,,,
FAOSTAT,QCL:'02140:5111,,Largest Swine / pigs stocks,approved,Largest pig population,"Recognizable, clear measure, and no stronger duplicate.",faostat-item-02140-stocks,92.0,92.0
FAOSTAT,QCL:'21113.01:5510,,"Largest Meat of pig with the bone, fresh or chilled production",approved,Largest pork production,"Recognizable, clear measure, and no stronger duplicate.",faostat-item-21113-01-production,92.0,92.0
FAOSTAT,QCL:'21153:5320,,"Most Edible offal of pigs, fresh, chilled or frozen producing animals",excluded,,Technical animal-input count removed.,,,
FAOSTAT,QCL:'21511.01:5320,,Most Fat of pigs producing animals,excluded,,Technical animal-input count removed.,,,
FAOSTAT,QCL:'21113.01:5320,,"Most Meat of pig with the bone, fresh or chilled producing animals",excluded,,Technical animal-input count removed.,,,
FAOSTAT,QCL:'F1783:5424,,Highest Eggs Primary yield,excluded,,"Obscure, redundant, narrowly processed, or weaker than a retained measure.",,,
FAOSTAT,QCL:'0231:5424,,"Highest Hen eggs in shell, fresh yield",excluded,,"Obscure, redundant, narrowly processed, or weaker than a retained measure.",,,
FAOSTAT,QCL:'01234:5312,,Largest Tomatoes harvested area,excluded,,Harvested-area variant removed in favor of production or yield.,,,
FAOSTAT,QCL:'F1732:5412,,"Highest Oilcrops, Oil Equivalent yield",excluded,,Obscure or technical commodity definition removed.,,,
FAOSTAT,QCL:'F1841:5412,,"Highest Oilcrops, Cake Equivalent yield",excluded,,Obscure or technical commodity definition removed.,,,
FAOSTAT,QCL:'01212:5312,,Largest Cabbages harvested area,excluded,,Harvested-area variant removed in favor of production or yield.,,,
FAOSTAT,QCL:'F1723:5312,,Largest Sugar Crops Primary harvested area,excluded,,Harvested-area variant removed in favor of production or yield.,,,
FAOSTAT,QCL:'F1723:5510,,Largest Sugar Crops Primary production,excluded,,"Obscure, redundant, narrowly processed, or weaker than a retained measure.",,,
FAOSTAT,QCL:'02131:5111,,Largest Horses stocks,approved,Largest horse population,"Recognizable, clear measure, and no stronger duplicate.",faostat-item-02131-stocks,92.0,92.0
FAOSTAT,QCL:'0113:5312,,Largest Rice harvested area,excluded,,Harvested-area variant removed in favor of production or yield.,,,
FAOSTAT,QCL:'0113:5510,,Largest Rice production,approved,Largest rice production,"Recognizable, clear measure, and no stronger duplicate.",faostat-item-0113-production,92.0,92.0
FAOSTAT,QCL:'01221:5510,,Largest Watermelons production,approved,Largest watermelons production,"Recognizable, clear measure, and no stronger duplicate.",faostat-item-01221-production,92.0,92.0
FAOSTAT,QCL:'01221:5312,,Largest Watermelons harvested area,excluded,,Harvested-area variant removed in favor of production or yield.,,,
FAOSTAT,QCL:'01251:5312,,Largest Carrots and turnips harvested area,excluded,,Harvested-area variant removed in favor of production or yield.,,,
FAOSTAT,QCL:'01231:5312,,"Largest Chillies and peppers, green (Capsicum spp. and Pimenta spp.) harvested area",excluded,,Harvested-area variant removed in favor of production or yield.,,,
FAOSTAT,QCL:'F1729:5510,,"Largest Treenuts, Total production",approved,Largest tree nuts production,"Recognizable, clear measure, and no stronger duplicate.",faostat-item-f1729-production,92.0,92.0
FAOSTAT,QCL:'01970:5412,,Highest Unmanufactured tobacco yield,excluded,,"Obscure, redundant, narrowly processed, or weaker than a retained measure.",,,
FAOSTAT,QCL:'0114:5312,,Largest Sorghum harvested area,excluded,,Harvested-area variant removed in favor of production or yield.,,,
FAOSTAT,QCL:'02292:5510,,Largest Raw milk of goats production,approved,Largest goat milk production,"Recognizable, clear measure, and no stronger duplicate.",faostat-item-02292-production,92.0,92.0
FAOSTAT,QCL:'0142:5510,,"Largest Groundnuts, excluding shelled production",approved,Largest peanuts production,"Recognizable, clear measure, and no stronger duplicate.",faostat-item-0142-production,92.0,92.0
FAOSTAT,QCL:'01709.90:5510,,Largest Other pulses n.e.c. production,excluded,,Obscure or technical commodity definition removed.,,,
FAOSTAT,QCL:'0141:5312,,Largest Soya beans harvested area,excluded,,Harvested-area variant removed in favor of production or yield.,,,
FAOSTAT,QCL:'0114:5412,,Highest Sorghum yield,approved,Highest sorghum yield,"Recognizable, clear measure, and no stronger duplicate.",faostat-item-0114-yield,92.0,92.0
FAOSTAT,QCL:'0142:5312,,"Largest Groundnuts, excluding shelled harvested area",excluded,,Harvested-area variant removed in favor of production or yield.,,,
FAOSTAT,QCL:'0141:5510,,Largest Soya beans production,approved,Largest soybeans production,"Recognizable, clear measure, and no stronger duplicate.",faostat-item-0141-production,92.0,92.0
FAOSTAT,QCL:'01530:5412,,Highest Sweet potatoes yield,approved,Highest sweet potatoes yield,"Recognizable, clear measure, and no stronger duplicate.",faostat-item-01530-yield,92.0,92.0
FAOSTAT,QCL:'01530:5510,,Largest Sweet potatoes production,approved,Largest sweet potatoes production,"Recognizable, clear measure, and no stronger duplicate.",faostat-item-01530-production,92.0,92.0
FAOSTAT,QCL:'01701:5412,,"Highest Beans, dry yield",approved,Highest dry beans yield,"Recognizable, clear measure, and no stronger duplicate.",faostat-item-01701-yield,92.0,92.0
FAOSTAT,QCL:'01701:5312,,"Largest Beans, dry harvested area",excluded,,Harvested-area variant removed in favor of production or yield.,,,
FAOSTAT,QCL:'01701:5510,,"Largest Beans, dry production",approved,Largest dry beans production,"Recognizable, clear measure, and no stronger duplicate.",faostat-item-01701-production,92.0,92.0
FAOSTAT,QCL:'01241.90:5510,,"Largest Other beans, green production",excluded,,"Obscure, redundant, narrowly processed, or weaker than a retained measure.",,,
FAOSTAT,QCL:'01229:5510,,Largest Cantaloupes and other melons production,approved,Largest melons production,"Recognizable, clear measure, and no stronger duplicate.",faostat-item-01229-production,92.0,92.0
FAOSTAT,QCL:'01241.90:5312,,"Largest Other beans, green harvested area",excluded,,Harvested-area variant removed in favor of production or yield.,,,
FAOSTAT,QCL:'02292:5318,,Most Raw milk of goats milk-producing animals,excluded,,Technical animal-input count removed.,,,
FAOSTAT,QCL:'01229:5312,,Largest Cantaloupes and other melons harvested area,excluded,,Harvested-area variant removed in favor of production or yield.,,,
FAOSTAT,QCL:'01214:5312,,Largest Lettuce and chicory harvested area,excluded,,Harvested-area variant removed in favor of production or yield.,,,
FAOSTAT,QCL:'01233:5510,,Largest Eggplants (aubergines) production,approved,Largest eggplants production,"Recognizable, clear measure, and no stronger duplicate.",faostat-item-01233-production,92.0,92.0
FAOSTAT,QCL:'01316:5412,,"Highest Mangoes, guavas and mangosteens yield",approved,"Highest mangoes, guavas, and mangosteens yield","Recognizable, clear measure, and no stronger duplicate.",faostat-item-01316-yield,92.0,92.0
FAOSTAT,QCL:'01213:5510,,Largest Cauliflowers and broccoli production,approved,Largest cauliflower and broccoli production,"Recognizable, clear measure, and no stronger duplicate.",faostat-item-01213-production,92.0,92.0
FAOSTAT,QCL:'01330:5312,,Largest Grapes harvested area,excluded,,Harvested-area variant removed in favor of production or yield.,,,
FAOSTAT,QCL:'01705:5510,,"Largest Peas, dry production",approved,Largest dry peas production,"Recognizable, clear measure, and no stronger duplicate.",faostat-item-01705-production,92.0,92.0
FAOSTAT,QCL:'01330:5510,,Largest Grapes production,approved,Largest grapes production,"Recognizable, clear measure, and no stronger duplicate.",faostat-item-01330-production,92.0,92.0
FAOSTAT,QCL:'01229:5412,,Highest Cantaloupes and other melons yield,approved,Highest melons yield,"Recognizable, clear measure, and no stronger duplicate.",faostat-item-01229-yield,92.0,92.0
FAOSTAT,QCL:'01330:5412,,Highest Grapes yield,approved,Highest grapes yield,"Recognizable, clear measure, and no stronger duplicate.",faostat-item-01330-yield,92.0,92.0
World Bank,SP.DYN.TFRT.IN,,Highest fertility rate,approved,Highest fertility rate,Retained after full editorial review; quality and provenance gates still apply.,,,
World Bank,IP.JRN.ARTC.SC,,Most scientific journal articles,approved,Most scientific journal articles,Retained after full editorial review; quality and provenance gates still apply.,,,
World Bank,IT.CEL.SETS.P2,,Highest mobile subscriptions per 100 people,approved,Highest mobile subscriptions per 100 people,Retained after full editorial review; quality and provenance gates still apply.,,,
Natural Earth,largest-geographic-span,,Largest geographic span,excluded,,Ambiguous diagonal extent; north-south span is clearer and retained.,,,
Natural Earth,largest-north-south-span,,Largest north-south span,approved,Largest north-south span,Retained after full editorial review; quality and provenance gates still apply.,,,
World Bank,SP.DYN.IMRT.IN,,Lowest infant mortality,approved,Lowest infant mortality,Retained after full editorial review; quality and provenance gates still apply.,,,
Natural Earth,northernmost-country,,Northernmost country,approved,Northernmost country,Retained after full editorial review; quality and provenance gates still apply.,,,
Natural Earth,southernmost-country,,Southernmost country,approved,Southernmost country,Retained after full editorial review; quality and provenance gates still apply.,,,
World Bank,SH.XPD.CHEX.GD.ZS,,Highest health spending share,approved,Highest health spending share,Retained after full editorial review; quality and provenance gates still apply.,,,
FAOSTAT,QCL:'21121:5321,,"Most Meat of chickens, fresh or chilled producing animals",excluded,,Technical animal-input count removed.,,,
FAOSTAT,QCL:'F1808:5321,,"Most Meat, Poultry producing animals",excluded,,Technical animal-input count removed.,,,
World Bank,SL.TLF.CACT.FE.ZS,,Highest female labor participation,approved,Highest female labor participation,Retained after full editorial review; quality and provenance gates still apply.,,,
FAOSTAT,QCL:'F1807:5320,,Most Sheep and Goat Meat producing animals,excluded,,Technical animal-input count removed.,,,
FAOSTAT,QCL:'01290.90:5510,,"Largest Other vegetables, fresh n.e.c. production",excluded,,Obscure or technical commodity definition removed.,,,
FAOSTAT,QCL:'01290.90:5312,,"Largest Other vegetables, fresh n.e.c. harvested area",excluded,,Harvested-area variant removed in favor of production or yield.,,,
FAOSTAT,QCL:'02151:5112,,Largest Chickens stocks,approved,Largest chicken population,"Recognizable, clear measure, and no stronger duplicate.",faostat-item-02151-stocks,92.0,92.0
FAOSTAT,QCL:'F2029:5112,,Largest Poultry Birds stocks,excluded,,"Obscure, redundant, narrowly processed, or weaker than a retained measure.",,,
FAOSTAT,QCL:'21155:5320,,"Most Edible offal of sheep, fresh, chilled or frozen producing animals",excluded,,Technical animal-input count removed.,,,
FAOSTAT,QCL:'21115:5320,,"Most Meat of sheep, fresh or chilled producing animals",excluded,,Technical animal-input count removed.,,,
FAOSTAT,QCL:'02953:5320,,Most Raw hides and skins of sheep or lambs producing animals,excluded,,Technical animal-input count removed.,,,
FAOSTAT,QCL:'21514:5320,,"Most Sheep fat, unrendered producing animals",excluded,,Technical animal-input count removed.,,,
World Bank,NE.EXP.GNFS.ZS,,Highest exports share of GDP,approved,Highest exports share of GDP,Retained after full editorial review; quality and provenance gates still apply.,,,
FAOSTAT,QCL:'21156:5320,,"Most Edible offal of goat, fresh, chilled or frozen producing animals",excluded,,Technical animal-input count removed.,,,
FAOSTAT,QCL:'21515:5320,,"Most Goat fat, unrendered producing animals",excluded,,Technical animal-input count removed.,,,
FAOSTAT,QCL:'21116:5320,,"Most Meat of goat, fresh or chilled producing animals",excluded,,Technical animal-input count removed.,,,
FAOSTAT,QCL:'02954:5320,,Most Raw hides and skins of goats or kids producing animals,excluded,,Technical animal-input count removed.,,,
FAOSTAT,QCL:'21116:5510,,"Largest Meat of goat, fresh or chilled production",excluded,,"Obscure, redundant, narrowly processed, or weaker than a retained measure.",,,
FAOSTAT,QCL:'F1783:5510,,Largest Eggs Primary production,excluded,,"Obscure, redundant, narrowly processed, or weaker than a retained measure.",,,
FAOSTAT,QCL:'21113.01:5417,,"Highest Meat of pig with the bone, fresh or chilled yield",excluded,,"Obscure, redundant, narrowly processed, or weaker than a retained measure.",,,
FAOSTAT,QCL:'F1804:5312,,"Largest Citrus Fruit, Total harvested area",excluded,,Harvested-area variant removed in favor of production or yield.,,,
FAOSTAT,QCL:'F1804:5510,,"Largest Citrus Fruit, Total production",excluded,,"Obscure, redundant, narrowly processed, or weaker than a retained measure.",,,
FAOSTAT,QCL:'01312:5312,,Largest Bananas harvested area,excluded,,Harvested-area variant removed in favor of production or yield.,,,
FAOSTAT,QCL:'01312:5510,,Largest Bananas production,approved,Largest bananas production,"Recognizable, clear measure, and no stronger duplicate.",faostat-item-01312-production,92.0,92.0
FAOSTAT,QCL:'01323:5510,,Largest Oranges production,approved,Largest oranges production,"Recognizable, clear measure, and no stronger duplicate.",faostat-item-01323-production,92.0,92.0
FAOSTAT,QCL:'01359.90:5412,,"Highest Other fruits, n.e.c. yield",excluded,,Obscure or technical commodity definition removed.,,,
FAOSTAT,QCL:'01323:5312,,Largest Oranges harvested area,excluded,,Harvested-area variant removed in favor of production or yield.,,,
FAOSTAT,QCL:'01970:5312,,Largest Unmanufactured tobacco harvested area,excluded,,Harvested-area variant removed in favor of production or yield.,,,
FAOSTAT,QCL:'01970:5510,,Largest Unmanufactured tobacco production,approved,Largest tobacco production,"Recognizable, clear measure, and no stronger duplicate.",faostat-item-01970-production,92.0,92.0
FAOSTAT,QCL:'01322:5510,,Largest Lemons and limes production,approved,Largest lemons and limes production,"Recognizable, clear measure, and no stronger duplicate.",faostat-item-01322-production,92.0,92.0
FAOSTAT,QCL:'01322:5312,,Largest Lemons and limes harvested area,excluded,,Harvested-area variant removed in favor of production or yield.,,,
FAOSTAT,QCL:'02910:5510,,Largest Natural honey production,approved,Largest honey production,"Recognizable, clear measure, and no stronger duplicate.",faostat-item-02910-production,92.0,92.0
FAOSTAT,QCL:'01709.90:5412,,Highest Other pulses n.e.c. yield,excluded,,Obscure or technical commodity definition removed.,,,
FAOSTAT,QCL:'01530:5312,,Largest Sweet potatoes harvested area,excluded,,Harvested-area variant removed in favor of production or yield.,,,
FAOSTAT,QCL:'02132:5111,,Largest Asses stocks,excluded,,"Obscure, redundant, narrowly processed, or weaker than a retained measure.",,,
FAOSTAT,QCL:'F17530:5412,,"Highest Fibre Crops, Fibre Equivalent yield",excluded,,Obscure or technical commodity definition removed.,,,
FAOSTAT,QCL:'01233:5312,,Largest Eggplants (aubergines) harvested area,excluded,,Harvested-area variant removed in favor of production or yield.,,,
FAOSTAT,QCL:'01316:5510,,"Largest Mangoes, guavas and mangosteens production",approved,"Largest mangoes, guavas, and mangosteens production","Recognizable, clear measure, and no stronger duplicate.",faostat-item-01316-production,92.0,92.0
FAOSTAT,QCL:'01213:5312,,Largest Cauliflowers and broccoli harvested area,excluded,,Harvested-area variant removed in favor of production or yield.,,,
FAOSTAT,QCL:'01341:5510,,Largest Apples production,approved,Largest apples production,"Recognizable, clear measure, and no stronger duplicate.",faostat-item-01341-production,92.0,92.0
FAOSTAT,QCL:'01802:5412,,Highest Sugar cane yield,approved,Highest sugarcane yield,"Recognizable, clear measure, and no stronger duplicate.",faostat-item-01802-yield,92.0,92.0
FAOSTAT,QCL:'01341:5312,,Largest Apples harvested area,excluded,,Harvested-area variant removed in favor of production or yield.,,,
FAOSTAT,QCL:'01520.01:5412,,"Highest Cassava, fresh yield",approved,Highest cassava yield,"Recognizable, clear measure, and no stronger duplicate.",faostat-item-01520-01-yield,92.0,92.0
FAOSTAT,QCL:'01233:5412,,Highest Eggplants (aubergines) yield,approved,Highest eggplants yield,"Recognizable, clear measure, and no stronger duplicate.",faostat-item-01233-yield,92.0,92.0
FAOSTAT,QCL:'01520.01:5510,,"Largest Cassava, fresh production",approved,Largest cassava production,"Recognizable, clear measure, and no stronger duplicate.",faostat-item-01520-01-production,92.0,92.0
World Bank,AG.LND.FRST.K2,,Largest forest area,approved,Largest forest area,Retained after full editorial review; quality and provenance gates still apply.,,,
World Bank,AG.LND.TOTL.K2,,Largest land area,approved,Largest land area,Retained after full editorial review; quality and provenance gates still apply.,,,
World Bank,AG.LND.AGRI.K2,,Largest agricultural land area,excluded,,Near-duplicate of land area and arable-land totals.,,,
Natural Earth,longest-coastline,,Longest coastline,approved,Longest coastline,Retained after full editorial review; quality and provenance gates still apply.,,,
FAOSTAT,QCL:'F1783:5313,,Most Eggs Primary laying animals,excluded,,Technical animal-input count removed.,,,
FAOSTAT,QCL:'0231:5313,,"Most Hen eggs in shell, fresh laying animals",excluded,,Technical animal-input count removed.,,,
FAOSTAT,QCL:'F1732:5312,,"Largest Oilcrops, Oil Equivalent harvested area",excluded,,Harvested-area variant removed in favor of production or yield.,,,
FAOSTAT,QCL:'F1732:5510,,"Largest Oilcrops, Oil Equivalent production",excluded,,Obscure or technical commodity definition removed.,,,
FAOSTAT,QCL:'21512:5510,,"Largest Cattle fat, unrendered production",excluded,,Obscure or technical commodity definition removed.,,,
FAOSTAT,QCL:'21151:5510,,"Largest Edible offal of cattle, fresh, chilled or frozen production",excluded,,Obscure or technical commodity definition removed.,,,
FAOSTAT,QCL:'F1841:5312,,"Largest Oilcrops, Cake Equivalent harvested area",excluded,,Harvested-area variant removed in favor of production or yield.,,,
FAOSTAT,QCL:'F1841:5510,,"Largest Oilcrops, Cake Equivalent production",excluded,,Obscure or technical commodity definition removed.,,,
FAOSTAT,QCL:'02951.01:5510,,Largest Raw hides and skins of cattle production,excluded,,Obscure or technical commodity definition removed.,,,
FAOSTAT,QCL:'21155:5510,,"Largest Edible offal of sheep, fresh, chilled or frozen production",excluded,,Obscure or technical commodity definition removed.,,,
FAOSTAT,QCL:'02953:5510,,Largest Raw hides and skins of sheep or lambs production,excluded,,Obscure or technical commodity definition removed.,,,
FAOSTAT,QCL:'21514:5510,,"Largest Sheep fat, unrendered production",excluded,,Obscure or technical commodity definition removed.,,,
FAOSTAT,QCL:'21156:5510,,"Largest Edible offal of goat, fresh, chilled or frozen production",excluded,,Obscure or technical commodity definition removed.,,,
FAOSTAT,QCL:'21515:5510,,"Largest Goat fat, unrendered production",excluded,,Obscure or technical commodity definition removed.,,,
FAOSTAT,QCL:'02954:5510,,Largest Raw hides and skins of goats or kids production,excluded,,Obscure or technical commodity definition removed.,,,
FAOSTAT,QCL:'21153:5510,,"Largest Edible offal of pigs, fresh, chilled or frozen production",excluded,,Obscure or technical commodity definition removed.,,,
FAOSTAT,QCL:'21511.01:5510,,Largest Fat of pigs production,excluded,,"Obscure, redundant, narrowly processed, or weaker than a retained measure.",,,
FAOSTAT,QCL:'01359.90:5312,,"Largest Other fruits, n.e.c. harvested area",excluded,,Harvested-area variant removed in favor of production or yield.,,,
FAOSTAT,QCL:'01359.90:5510,,"Largest Other fruits, n.e.c. production",excluded,,Obscure or technical commodity definition removed.,,,
FAOSTAT,QCL:'F17530:5510,,"Largest Fibre Crops, Fibre Equivalent production",excluded,,Obscure or technical commodity definition removed.,,,
FAOSTAT,QCL:'22241.01:5510,,Largest Butter of cow milk production,excluded,,"Obscure, redundant, narrowly processed, or weaker than a retained measure.",,,
FAOSTAT,QCL:'F17530:5312,,"Largest Fibre Crops, Fibre Equivalent harvested area",excluded,,Harvested-area variant removed in favor of production or yield.,,,
FAOSTAT,QCL:'02196:5114,,Largest Bees stocks,approved,Largest bee population,"Recognizable, clear measure, and no stronger duplicate.",faostat-item-02196-stocks,92.0,92.0
FAOSTAT,QCL:'01316:5312,,"Largest Mangoes, guavas and mangosteens harvested area",excluded,,Harvested-area variant removed in favor of production or yield.,,,
FAOSTAT,QCL:'01802:5510,,Largest Sugar cane production,approved,Largest sugarcane production,"Recognizable, clear measure, and no stronger duplicate.",faostat-item-01802-production,92.0,92.0
FAOSTAT,QCL:'01520.01:5312,,"Largest Cassava, fresh harvested area",excluded,,Harvested-area variant removed in favor of production or yield.,,,
FAOSTAT,QCL:'01346:5510,,Largest Plums and sloes production,approved,Largest plums and sloes production,"Recognizable, clear measure, and no stronger duplicate.",faostat-item-01346-production,92.0,92.0
FAOSTAT,QCL:'01346:5412,,Highest Plums and sloes yield,approved,Highest plums and sloes yield,"Recognizable, clear measure, and no stronger duplicate.",faostat-item-01346-yield,92.0,92.0
FAOSTAT,QCL:'01342.01:5412,,Highest Pears yield,approved,Highest pears yield,"Recognizable, clear measure, and no stronger duplicate.",faostat-item-01342-01-yield,92.0,92.0
World Bank,SP.DYN.LE00.IN,,Highest life expectancy,approved,Highest life expectancy,Retained after full editorial review; quality and provenance gates still apply.,,,
World Bank,EN.POP.DNST,,Highest population density,approved,Highest population density,Retained after full editorial review; quality and provenance gates still apply.,,,
World Bank,AG.LND.ARBL.HA,,Most arable land,approved,Most arable land,Retained after full editorial review; quality and provenance gates still apply.,,,
FAOSTAT,QCL:'F1807:5417,,Highest Sheep and Goat Meat yield,excluded,,"Obscure, redundant, narrowly processed, or weaker than a retained measure.",,,
FAOSTAT,QCL:'21115:5417,,"Highest Meat of sheep, fresh or chilled yield",excluded,,"Obscure, redundant, narrowly processed, or weaker than a retained measure.",,,
UNHCR,asylum-applications:coa:applied,,Most asylum applications received,approved,Most asylum applications received,Retained after full editorial review; quality and provenance gates still apply.,,,
World Bank,TX.VAL.FOOD.ZS.UN,,Highest food share of exports,approved,Highest food share of exports,Retained after full editorial review; quality and provenance gates still apply.,,,
FAOSTAT,QCL:'F1811:5510,,Largest Butter and Ghee production,approved,Largest butter and ghee production,"Recognizable, clear measure, and no stronger duplicate.",faostat-item-f1811-production,92.0,92.0
FAOSTAT,QCL:'F1745:5510,,Largest Cheese (All Kinds) production,approved,Largest cheese production,"Recognizable, clear measure, and no stronger duplicate.",faostat-item-f1745-production,92.0,92.0
FAOSTAT,QCL:'22251.01:5510,,Largest Cheese from whole cow milk production,excluded,,"Obscure, redundant, narrowly processed, or weaker than a retained measure.",,,
FAOSTAT,QCL:'01311:5312,,Largest Avocados harvested area,excluded,,Harvested-area variant removed in favor of production or yield.,,,
FAOSTAT,QCL:'01311:5510,,Largest Avocados production,approved,Largest avocado production,"Recognizable, clear measure, and no stronger duplicate.",faostat-item-01311-production,92.0,92.0
FAOSTAT,QCL:'01319:5510,,"Largest Other tropical fruits, n.e.c. production",excluded,,Obscure or technical commodity definition removed.,,,
FAOSTAT,QCL:'01802:5312,,Largest Sugar cane harvested area,excluded,,Harvested-area variant removed in favor of production or yield.,,,
FAOSTAT,QCL:'01345:5312,,Largest Peaches and nectarines harvested area,excluded,,Harvested-area variant removed in favor of production or yield.,,,
FAOSTAT,QCL:'01345:5510,,Largest Peaches and nectarines production,approved,Largest peaches and nectarines production,"Recognizable, clear measure, and no stronger duplicate.",faostat-item-01345-production,92.0,92.0
FAOSTAT,QCL:'01346:5312,,Largest Plums and sloes harvested area,excluded,,Harvested-area variant removed in favor of production or yield.,,,
FAOSTAT,QCL:'01342.01:5510,,Largest Pears production,approved,Largest pears production,"Recognizable, clear measure, and no stronger duplicate.",faostat-item-01342-01-production,92.0,92.0
FAOSTAT,QCL:'01342.01:5312,,Largest Pears harvested area,excluded,,Harvested-area variant removed in favor of production or yield.,,,
FAOSTAT,QCL:'02291:5510,,Largest Raw milk of sheep production,excluded,,"Obscure, redundant, narrowly processed, or weaker than a retained measure.",,,
FAOSTAT,QCL:'01318:5412,,Highest Pineapples yield,approved,Highest pineapple yield,"Recognizable, clear measure, and no stronger duplicate.",faostat-item-01318-yield,92.0,92.0
FAOSTAT,QCL:'01318:5510,,Largest Pineapples production,approved,Largest pineapple production,"Recognizable, clear measure, and no stronger duplicate.",faostat-item-01318-production,92.0,92.0
FAOSTAT,QCL:'01242:5412,,"Highest Peas, green yield",approved,Highest green peas yield,"Recognizable, clear measure, and no stronger duplicate.",faostat-item-01242-yield,92.0,92.0
FAOSTAT,QCL:'01354:5412,,Highest Strawberries yield,approved,Highest strawberries yield,"Recognizable, clear measure, and no stronger duplicate.",faostat-item-01354-yield,92.0,92.0
FAOSTAT,QCL:'0117:5510,,Largest Oats production,approved,Largest oats production,"Recognizable, clear measure, and no stronger duplicate.",faostat-item-0117-production,92.0,92.0
World Bank,AG.LND.FRST.ZS,,Highest forest coverage,approved,Highest forest coverage,Retained after full editorial review; quality and provenance gates still apply.,,,
World Bank,AG.LND.AGRI.ZS,,Highest farmland share,excluded,,Near-duplicate of arable-land share.,,,
Natural Earth,longest-land-border,,Longest total land border,approved,Longest total land border,Retained after full editorial review; quality and provenance gates still apply.,,,
World Bank,AG.LND.ARBL.ZS,,Highest arable-land share,approved,Highest arable-land share,Retained after full editorial review; quality and provenance gates still apply.,,,
World Bank,NE.GDI.TOTL.ZS,,Highest investment share,approved,Highest investment share,Retained after full editorial review; quality and provenance gates still apply.,,,
FAOSTAT,QCL:'21116:5417,,"Highest Meat of goat, fresh or chilled yield",excluded,,"Obscure, redundant, narrowly processed, or weaker than a retained measure.",,,
FAOSTAT,QCL:'24310.01:5510,,"Largest Beer of barley, malted production",approved,Largest beer production,"Recognizable, clear measure, and no stronger duplicate.",faostat-item-24310-01-production,92.0,92.0
World Bank,TX.VAL.TECH.CD,,Largest high-tech exports,approved,Largest high-tech exports,Retained after full editorial review; quality and provenance gates still apply.,,,
WHO,WHS4_543,,Highest tuberculosis vaccination rate,approved,Highest tuberculosis vaccination rate,Retained after full editorial review; quality and provenance gates still apply.,,,
FAOSTAT,QCL:'F1809:5510,,"Largest Skim Milk & Buttermilk, Dry production",excluded,,"Obscure, redundant, narrowly processed, or weaker than a retained measure.",,,
FAOSTAT,QCL:'02951.01:5417,,Highest Raw hides and skins of cattle yield,excluded,,Obscure or technical commodity definition removed.,,,
FAOSTAT,QCL:'22230.04:5510,,"Largest Buttermilk, dry production",excluded,,"Obscure, redundant, narrowly processed, or weaker than a retained measure.",,,
FAOSTAT,QCL:'22110.02:5510,,Largest Skim milk of cows production,excluded,,"Obscure, redundant, narrowly processed, or weaker than a retained measure.",,,
FAOSTAT,QCL:'2351f:5510,,Largest Raw cane or beet sugar (centrifugal only) production,approved,Largest cane and beet sugar production,"Recognizable, clear measure, and no stronger duplicate.",faostat-item-2351f-production,92.0,92.0
FAOSTAT,QCL:'23540:5510,,Largest Molasses production,excluded,,"Obscure, redundant, narrowly processed, or weaker than a retained measure.",,,
FAOSTAT,QCL:'01319:5312,,"Largest Other tropical fruits, n.e.c. harvested area",excluded,,Harvested-area variant removed in favor of production or yield.,,,
FAOSTAT,QCL:'01321:5510,,Largest Pomelos and grapefruits production,approved,Largest grapefruits and pomelos production,"Recognizable, clear measure, and no stronger duplicate.",faostat-item-01321-production,92.0,92.0
FAOSTAT,QCL:'01321:5312,,Largest Pomelos and grapefruits harvested area,excluded,,Harvested-area variant removed in favor of production or yield.,,,
FAOSTAT,QCL:'01324:5510,,"Largest Tangerines, mandarins, clementines production",approved,Largest mandarins and tangerines production,"Recognizable, clear measure, and no stronger duplicate.",faostat-item-01324-production,92.0,92.0
FAOSTAT,QCL:'01242:5510,,"Largest Peas, green production",approved,Largest green peas production,"Recognizable, clear measure, and no stronger duplicate.",faostat-item-01242-production,92.0,92.0
FAOSTAT,QCL:'01921.01:5412,,"Highest Seed cotton, unginned yield",excluded,,"Obscure, redundant, narrowly processed, or weaker than a retained measure.",,,
FAOSTAT,QCL:'01242:5312,,"Largest Peas, green harvested area",excluded,,Harvested-area variant removed in favor of production or yield.,,,
FAOSTAT,QCL:'01318:5312,,Largest Pineapples harvested area,excluded,,Harvested-area variant removed in favor of production or yield.,,,
FAOSTAT,QCL:'01354:5510,,Largest Strawberries production,approved,Largest strawberries production,"Recognizable, clear measure, and no stronger duplicate.",faostat-item-01354-production,92.0,92.0
FAOSTAT,QCL:'01445:5312,,Largest Sunflower seed harvested area,excluded,,Harvested-area variant removed in favor of production or yield.,,,
FAOSTAT,QCL:'01354:5312,,Largest Strawberries harvested area,excluded,,Harvested-area variant removed in favor of production or yield.,,,
FAOSTAT,QCL:'01445:5510,,Largest Sunflower seed production,approved,Largest sunflower seeds production,"Recognizable, clear measure, and no stronger duplicate.",faostat-item-01445-production,92.0,92.0
FAOSTAT,QCL:'01345:5412,,Highest Peaches and nectarines yield,approved,Highest peaches and nectarines yield,"Recognizable, clear measure, and no stronger duplicate.",faostat-item-01345-yield,92.0,92.0
FAOSTAT,QCL:'0117:5312,,Largest Oats harvested area,excluded,,Harvested-area variant removed in favor of production or yield.,,,
FAOSTAT,QCL:'0117:5412,,Highest Oats yield,approved,Highest oats yield,"Recognizable, clear measure, and no stronger duplicate.",faostat-item-0117-yield,92.0,92.0
World Bank,TM.VAL.FOOD.ZS.UN,,Highest food share of imports,approved,Highest food share of imports,Retained after full editorial review; quality and provenance gates still apply.,,,
World Bank,NY.GNS.ICTR.ZS,,Highest gross savings rate,approved,Highest gross savings rate,Retained after full editorial review; quality and provenance gates still apply.,,,
FAOSTAT,QCL:'23913:5510,,"Largest Green tea (not fermented), black tea (fermented) and partly fermented tea, in immediate packings of a content not exceeding 3 kg production",excluded,,"Obscure, redundant, narrowly processed, or weaker than a retained measure.",,,
FAOSTAT,QCL:'2161:5510,,Largest Soya bean oil production,excluded,,"Obscure, redundant, narrowly processed, or weaker than a retained measure.",,,
FAOSTAT,QCL:'01324:5312,,"Largest Tangerines, mandarins, clementines harvested area",excluded,,Harvested-area variant removed in favor of production or yield.,,,
FAOSTAT,QCL:'01921.01:5510,,"Largest Seed cotton, unginned production",excluded,,"Obscure, redundant, narrowly processed, or weaker than a retained measure.",,,
FAOSTAT,QCL:'01921.01:5312,,"Largest Seed cotton, unginned harvested area",excluded,,Harvested-area variant removed in favor of production or yield.,,,
FAOSTAT,QCL:'01460:5412,,"Highest Coconuts, in shell yield",approved,Highest coconuts yield,"Recognizable, clear measure, and no stronger duplicate.",faostat-item-01460-yield,92.0,92.0
FAOSTAT,QCL:'02291:5318,,Most Raw milk of sheep milk-producing animals,excluded,,Technical animal-input count removed.,,,
FAOSTAT,QCL:'01343:5510,,Largest Apricots production,approved,Largest apricot production,"Recognizable, clear measure, and no stronger duplicate.",faostat-item-01343-production,92.0,92.0
FAOSTAT,QCL:'01319:5412,,"Highest Other tropical fruits, n.e.c. yield",excluded,,Obscure or technical commodity definition removed.,,,
FAOSTAT,QCL:'01445:5412,,Highest Sunflower seed yield,approved,Highest sunflower seeds yield,"Recognizable, clear measure, and no stronger duplicate.",faostat-item-01445-yield,92.0,92.0
UN Comtrade,85,,Largest electrical-equipment exports,approved,Largest electrical-equipment exports,Retained after full editorial review; quality and provenance gates still apply.,,,
UN Comtrade,30,,Largest pharmaceutical exports,approved,Largest pharmaceutical exports,Retained after full editorial review; quality and provenance gates still apply.,,,
FAOSTAT,QCL:'0143:5510,,Largest Cotton seed production,excluded,,"Obscure, redundant, narrowly processed, or weaker than a retained measure.",,,
FAOSTAT,QCL:'21700.02:5510,,Largest Margarine and shortening production,excluded,,"Obscure, redundant, narrowly processed, or weaker than a retained measure.",,,
FAOSTAT,QCL:'01460:5510,,"Largest Coconuts, in shell production",approved,Largest coconuts production,"Recognizable, clear measure, and no stronger duplicate.",faostat-item-01460-production,92.0,92.0
FAOSTAT,QCL:'01379.90:5510,,"Largest Other nuts (excluding wild edible nuts and groundnuts), in shell, n.e.c. production",excluded,,Obscure or technical commodity definition removed.,,,
FAOSTAT,QCL:'01343:5312,,Largest Apricots harvested area,excluded,,Harvested-area variant removed in favor of production or yield.,,,
FAOSTAT,QCL:'0118:5312,,Largest Millet harvested area,excluded,,Harvested-area variant removed in favor of production or yield.,,,
FAOSTAT,QCL:'0118:5510,,Largest Millet production,approved,Largest millet production,"Recognizable, clear measure, and no stronger duplicate.",faostat-item-0118-production,92.0,92.0
FAOSTAT,QCL:'01610:5412,,"Highest Coffee, green yield",approved,Highest coffee yield,"Recognizable, clear measure, and no stronger duplicate.",faostat-item-01610-yield,92.0,92.0
FAOSTAT,QCL:'02291:5417,,Highest Raw milk of sheep yield,excluded,,"Obscure, redundant, narrowly processed, or weaker than a retained measure.",,,
FAOSTAT,QCL:'01610:5312,,"Largest Coffee, green harvested area",excluded,,Harvested-area variant removed in favor of production or yield.,,,
FAOSTAT,QCL:'01311:5412,,Highest Avocados yield,approved,Highest avocado yield,"Recognizable, clear measure, and no stronger duplicate.",faostat-item-01311-yield,92.0,92.0
FAOSTAT,QCL:'01324:5412,,"Highest Tangerines, mandarins, clementines yield",approved,Highest mandarins and tangerines yield,"Recognizable, clear measure, and no stronger duplicate.",faostat-item-01324-yield,92.0,92.0
FAOSTAT,QCL:'01215:5412,,Highest Spinach yield,excluded,,"Obscure, redundant, narrowly processed, or weaker than a retained measure.",,,
FAOSTAT,QCL:'01443:5312,,Largest Rape or colza seed harvested area,excluded,,Harvested-area variant removed in favor of production or yield.,,,
FAOSTAT,QCL:'01443:5510,,Largest Rape or colza seed production,excluded,,"Obscure, redundant, narrowly processed, or weaker than a retained measure.",,,
FAOSTAT,QCL:'01443:5412,,Highest Rape or colza seed yield,excluded,,"Obscure, redundant, narrowly processed, or weaker than a retained measure.",,,
FAOSTAT,QCL:'0116:5412,,Highest Rye yield,excluded,,"Obscure, redundant, narrowly processed, or weaker than a retained measure.",,,
UNESCO UIS,GER.1,,Highest primary-school enrollment,excluded,,Gross enrollment can exceed 100 percent and is less intuitive than completion rates.,,,
World Bank,SH.H2O.BASW.ZS,,Highest basic drinking-water access,approved,Highest basic drinking-water access,Retained after full editorial review; quality and provenance gates still apply.,,,
UN Comtrade,88,,Largest aircraft exports,approved,Largest aircraft exports,Retained after full editorial review; quality and provenance gates still apply.,,,
UN Comtrade,8703,,Largest car exports,approved,Largest car exports,Retained after full editorial review; quality and provenance gates still apply.,,,
World Bank,MS.MIL.XPND.CD,,Highest military spending,approved,Highest military spending,Retained after full editorial review; quality and provenance gates still apply.,,,
FAOSTAT,QCL:'01921.02:5510,,"Largest Cotton lint, ginned production",approved,Largest cotton production,"Recognizable, clear measure, and no stronger duplicate.",faostat-item-01921-02-production,92.0,92.0
FAOSTAT,QCL:'01379.90:5312,,"Largest Other nuts (excluding wild edible nuts and groundnuts), in shell, n.e.c. harvested area",excluded,,Harvested-area variant removed in favor of production or yield.,,,
FAOSTAT,QCL:'01460:5312,,"Largest Coconuts, in shell harvested area",excluded,,Harvested-area variant removed in favor of production or yield.,,,
FAOSTAT,QCL:'01610:5510,,"Largest Coffee, green production",approved,Largest coffee production,"Recognizable, clear measure, and no stronger duplicate.",faostat-item-01610-production,92.0,92.0
FAOSTAT,QCL:'01321:5412,,Highest Pomelos and grapefruits yield,approved,Highest grapefruits and pomelos yield,"Recognizable, clear measure, and no stronger duplicate.",faostat-item-01321-yield,92.0,92.0
FAOSTAT,QCL:'01317:5510,,Largest Papayas production,approved,Largest papaya production,"Recognizable, clear measure, and no stronger duplicate.",faostat-item-01317-production,92.0,92.0
FAOSTAT,QCL:'01444:5510,,Largest Sesame seed production,approved,Largest sesame seeds production,"Recognizable, clear measure, and no stronger duplicate.",faostat-item-01444-production,92.0,92.0
FAOSTAT,QCL:'01215:5510,,Largest Spinach production,excluded,,"Obscure, redundant, narrowly processed, or weaker than a retained measure.",,,
FAOSTAT,QCL:'01344.02:5510,,Largest Cherries production,approved,Largest cherries production,"Recognizable, clear measure, and no stronger duplicate.",faostat-item-01344-02-production,92.0,92.0
FAOSTAT,QCL:'01343:5412,,Highest Apricots yield,approved,Highest apricot yield,"Recognizable, clear measure, and no stronger duplicate.",faostat-item-01343-yield,92.0,92.0
FAOSTAT,QCL:'01344.02:5312,,Largest Cherries harvested area,excluded,,Harvested-area variant removed in favor of production or yield.,,,
FAOSTAT,QCL:'01702:5412,,"Highest Broad beans and horse beans, dry yield",excluded,,"Obscure, redundant, narrowly processed, or weaker than a retained measure.",,,
FAOSTAT,QCL:'0116:5312,,Largest Rye harvested area,excluded,,Harvested-area variant removed in favor of production or yield.,,,
FAOSTAT,QCL:'0116:5510,,Largest Rye production,excluded,,"Obscure, redundant, narrowly processed, or weaker than a retained measure.",,,
FAOSTAT,QCL:'01801:5312,,Largest Sugar beet harvested area,excluded,,Harvested-area variant removed in favor of production or yield.,,,
FAOSTAT,QCL:'01801:5510,,Largest Sugar beet production,approved,Largest sugar beets production,"Recognizable, clear measure, and no stronger duplicate.",faostat-item-01801-production,92.0,92.0
UN Comtrade,0901,,Largest coffee exports,approved,Largest coffee exports,Retained after full editorial review; quality and provenance gates still apply.,,,
FAOSTAT,QCL:'2162:5510,,Largest Groundnut oil production,excluded,,"Obscure, redundant, narrowly processed, or weaker than a retained measure.",,,
FAOSTAT,QCL:'2168:5510,,Largest Cottonseed oil production,excluded,,"Obscure, redundant, narrowly processed, or weaker than a retained measure.",,,
FAOSTAT,QCL:'24212.02:5510,,Largest Wine production,approved,Largest wine production,"Recognizable, clear measure, and no stronger duplicate.",faostat-item-24212-02-production,92.0,92.0
FAOSTAT,QCL:'21122:5510,,"Largest Meat of ducks, fresh or chilled production",excluded,,"Obscure, redundant, narrowly processed, or weaker than a retained measure.",,,
FAOSTAT,QCL:'21122:5321,,"Most Meat of ducks, fresh or chilled producing animals",excluded,,Technical animal-input count removed.,,,
FAOSTAT,QCL:'0118:5412,,Highest Millet yield,approved,Highest millet yield,"Recognizable, clear measure, and no stronger duplicate.",faostat-item-0118-yield,92.0,92.0
FAOSTAT,QCL:'01449.90:5312,,"Largest Other oil seeds, n.e.c. harvested area",excluded,,Harvested-area variant removed in favor of production or yield.,,,
FAOSTAT,QCL:'02941:5510,,"Largest Shorn wool, greasy, including fleece-washed shorn wool production",excluded,,"Obscure, redundant, narrowly processed, or weaker than a retained measure.",,,
FAOSTAT,QCL:'01444:5412,,Highest Sesame seed yield,approved,Highest sesame seeds yield,"Recognizable, clear measure, and no stronger duplicate.",faostat-item-01444-yield,92.0,92.0
FAOSTAT,QCL:'01444:5312,,Largest Sesame seed harvested area,excluded,,Harvested-area variant removed in favor of production or yield.,,,
FAOSTAT,QCL:'21122:5424,,"Highest Meat of ducks, fresh or chilled yield",excluded,,"Obscure, redundant, narrowly processed, or weaker than a retained measure.",,,
FAOSTAT,QCL:'01317:5412,,Highest Papayas yield,excluded,,"Obscure, redundant, narrowly processed, or weaker than a retained measure.",,,
FAOSTAT,QCL:'01317:5312,,Largest Papayas harvested area,excluded,,Harvested-area variant removed in favor of production or yield.,,,
FAOSTAT,QCL:'01215:5312,,Largest Spinach harvested area,excluded,,Harvested-area variant removed in favor of production or yield.,,,
FAOSTAT,QCL:'01702:5312,,"Largest Broad beans and horse beans, dry harvested area",excluded,,Harvested-area variant removed in favor of production or yield.,,,
FAOSTAT,QCL:'01702:5510,,"Largest Broad beans and horse beans, dry production",excluded,,"Obscure, redundant, narrowly processed, or weaker than a retained measure.",,,
FAOSTAT,QCL:'01376:5312,,"Largest Walnuts, in shell harvested area",excluded,,Harvested-area variant removed in favor of production or yield.,,,
World Bank,EG.ELC.ACCS.ZS,,Highest electricity access,approved,Highest electricity access,Retained after full editorial review; quality and provenance gates still apply.,,,
UN Comtrade,1006,,Largest rice exports,approved,Largest rice exports,Retained after full editorial review; quality and provenance gates still apply.,,,
World Bank,MS.MIL.XPND.GD.ZS,,Highest military spending share,approved,Highest military spending share,Retained after full editorial review; quality and provenance gates still apply.,,,
World Bank,EG.USE.ELEC.KH.PC,,Highest electricity use per person,approved,Highest electricity use per person,Retained after full editorial review; quality and provenance gates still apply.,,,
World Bank,EG.USE.PCAP.KG.OE,,Highest energy use per person,approved,Highest energy use per person,Retained after full editorial review; quality and provenance gates still apply.,,,
FAOSTAT,QCL:'02154:5112,,Largest Ducks stocks,approved,Largest duck population,"Recognizable, clear measure, and no stronger duplicate.",faostat-item-02154-stocks,92.0,92.0
FAOSTAT,QCL:'21631.01:5510,,"Largest Sunflower-seed oil, crude production",excluded,,"Obscure, redundant, narrowly processed, or weaker than a retained measure.",,,
FAOSTAT,QCL:'01329:5312,,"Largest Other citrus fruit, n.e.c. harvested area",excluded,,Harvested-area variant removed in favor of production or yield.,,,
FAOSTAT,QCL:'F1816:5510,,Largest Evaporated & Condensed Milk production,excluded,,"Obscure, redundant, narrowly processed, or weaker than a retained measure.",,,
FAOSTAT,QCL:'01329:5510,,"Largest Other citrus fruit, n.e.c. production",excluded,,Obscure or technical commodity definition removed.,,,
FAOSTAT,QCL:'22120:5510,,"Largest Cream, fresh production",excluded,,"Obscure, redundant, narrowly processed, or weaker than a retained measure.",,,
FAOSTAT,QCL:'01449.90:5510,,"Largest Other oil seeds, n.e.c. production",excluded,,Obscure or technical commodity definition removed.,,,
FAOSTAT,QCL:'01270:5510,,Largest Mushrooms and truffles production,approved,Largest mushrooms and truffles production,"Recognizable, clear measure, and no stronger duplicate.",faostat-item-01270-production,92.0,92.0
FAOSTAT,QCL:'21159.01:5320,,"Most Edible offals of horses and other equines, fresh, chilled or frozen producing animals",excluded,,Technical animal-input count removed.,,,
FAOSTAT,QCL:'21118.01:5320,,"Most Horse meat, fresh or chilled producing animals",excluded,,Technical animal-input count removed.,,,
FAOSTAT,QCL:'01449.90:5412,,"Highest Other oil seeds, n.e.c. yield",excluded,,Obscure or technical commodity definition removed.,,,
FAOSTAT,QCL:'01243:5510,,"Largest Broad beans and horse beans, green production",excluded,,"Obscure, redundant, narrowly processed, or weaker than a retained measure.",,,
FAOSTAT,QCL:'01344.02:5412,,Highest Cherries yield,excluded,,"Obscure, redundant, narrowly processed, or weaker than a retained measure.",,,
FAOSTAT,QCL:'01243:5312,,"Largest Broad beans and horse beans, green harvested area",excluded,,Harvested-area variant removed in favor of production or yield.,,,
FAOSTAT,QCL:'01199.90:5312,,Largest Cereals n.e.c. harvested area,excluded,,Harvested-area variant removed in favor of production or yield.,,,
FAOSTAT,QCL:'21124:5510,,"Largest Meat of turkeys, fresh or chilled production",excluded,,"Obscure, redundant, narrowly processed, or weaker than a retained measure.",,,
FAOSTAT,QCL:'01376:5510,,"Largest Walnuts, in shell production",approved,Largest walnuts production,"Recognizable, clear measure, and no stronger duplicate.",faostat-item-01376-production,92.0,92.0
WHO,MDG_0000000026,,Lowest maternal mortality,approved,Lowest maternal mortality,Retained after full editorial review; quality and provenance gates still apply.,,,
WHO,PHE_HHAIR_POP_CLEAN_FUELS,,Highest clean-cooking-fuel access,approved,Highest clean-cooking-fuel access,Retained after full editorial review; quality and provenance gates still apply.,,,
UN Comtrade,2204,,Largest wine exports,approved,Largest wine exports,Retained after full editorial review; quality and provenance gates still apply.,,,
FAOSTAT,QCL:'02152:5112,,Largest Turkeys stocks,approved,Largest turkey population,"Recognizable, clear measure, and no stronger duplicate.",faostat-item-02152-stocks,92.0,92.0
FAOSTAT,QCL:'01379.90:5412,,"Highest Other nuts (excluding wild edible nuts and groundnuts), in shell, n.e.c. yield",excluded,,Obscure or technical commodity definition removed.,,,
FAOSTAT,QCL:'01315:5510,,Largest Figs production,approved,Largest figs production,"Recognizable, clear measure, and no stronger duplicate.",faostat-item-01315-production,92.0,92.0
FAOSTAT,QCL:'01315:5312,,Largest Figs harvested area,excluded,,Harvested-area variant removed in favor of production or yield.,,,
FAOSTAT,QCL:'01199.90:5510,,Largest Cereals n.e.c. production,excluded,,Obscure or technical commodity definition removed.,,,
FAOSTAT,QCL:'21124:5321,,"Most Meat of turkeys, fresh or chilled producing animals",excluded,,Technical animal-input count removed.,,,
World Bank,ER.H2O.INTR.K3,,Most renewable freshwater,approved,Most renewable freshwater,Retained after full editorial review; quality and provenance gates still apply.,,,
World Bank,IS.AIR.PSGR,,Most airline passengers,approved,Most airline passengers,Retained after full editorial review; quality and provenance gates still apply.,,,
FAOSTAT,QCL:'21521:5510,,"Largest Pig fat, rendered production",excluded,,Obscure or technical commodity definition removed.,,,
FAOSTAT,QCL:'21641.01:5510,,"Largest Rapeseed or canola oil, crude production",excluded,,"Obscure, redundant, narrowly processed, or weaker than a retained measure.",,,
FAOSTAT,QCL:'02133:5111,,Largest Mules and hinnies stocks,excluded,,"Obscure, redundant, narrowly processed, or weaker than a retained measure.",,,
FAOSTAT,QCL:'01699:5412,,"Highest Other stimulant, spice and aromatic crops, n.e.c. yield",excluded,,Obscure or technical commodity definition removed.,,,
FAOSTAT,QCL:'01699:5312,,"Largest Other stimulant, spice and aromatic crops, n.e.c. harvested area",excluded,,Harvested-area variant removed in favor of production or yield.,,,
FAOSTAT,QCL:'01699:5510,,"Largest Other stimulant, spice and aromatic crops, n.e.c. production",excluded,,Obscure or technical commodity definition removed.,,,
FAOSTAT,QCL:'01371:5312,,"Largest Almonds, in shell harvested area",excluded,,Harvested-area variant removed in favor of production or yield.,,,
FAOSTAT,QCL:'01371:5510,,"Largest Almonds, in shell production",approved,Largest almonds production,"Recognizable, clear measure, and no stronger duplicate.",faostat-item-01371-production,92.0,92.0
FAOSTAT,QCL:'21124:5424,,"Highest Meat of turkeys, fresh or chilled yield",excluded,,"Obscure, redundant, narrowly processed, or weaker than a retained measure.",,,
FAOSTAT,QCL:'21118.01:5510,,"Largest Horse meat, fresh or chilled production",excluded,,"Obscure, redundant, narrowly processed, or weaker than a retained measure.",,,
FAOSTAT,QCL:'22211:5510,,Largest Whole milk powder production,excluded,,"Obscure, redundant, narrowly processed, or weaker than a retained measure.",,,
FAOSTAT,QCL:'22212:5510,,Largest Skim milk and whey powder production,excluded,,"Obscure, redundant, narrowly processed, or weaker than a retained measure.",,,
FAOSTAT,QCL:'02112:5111,,Largest Buffalo stocks,approved,Largest buffalo population,"Recognizable, clear measure, and no stronger duplicate.",faostat-item-02112-stocks,92.0,92.0
FAOSTAT,QCL:'21523:5510,,Largest Tallow production,excluded,,"Obscure, redundant, narrowly processed, or weaker than a retained measure.",,,
FAOSTAT,QCL:'22222.01:5510,,"Largest Whole milk, condensed production",excluded,,"Obscure, redundant, narrowly processed, or weaker than a retained measure.",,,
FAOSTAT,QCL:'22221.01:5510,,"Largest Whole milk, evaporated production",excluded,,"Obscure, redundant, narrowly processed, or weaker than a retained measure.",,,
FAOSTAT,QCL:'2166:5510,,Largest Coconut oil production,excluded,,"Obscure, redundant, narrowly processed, or weaker than a retained measure.",,,
FAOSTAT,QCL:'21691.07:5510,,Largest Oil of sesame seed production,excluded,,"Obscure, redundant, narrowly processed, or weaker than a retained measure.",,,
FAOSTAT,QCL:'01199.90:5412,,Highest Cereals n.e.c. yield,excluded,,Obscure or technical commodity definition removed.,,,
FAOSTAT,QCL:'01599.10:5412,,"Highest Edible roots and tubers with high starch or inulin content, n.e.c., fresh yield",excluded,,Obscure or technical commodity definition removed.,,,
FAOSTAT,QCL:'01599.10:5312,,"Largest Edible roots and tubers with high starch or inulin content, n.e.c., fresh harvested area",excluded,,Harvested-area variant removed in favor of production or yield.,,,
FAOSTAT,QCL:'0231:5413,,"Highest Hen eggs in shell, fresh yield",excluded,,"Curated out: current coverage or quality is below the specialty-category standard, or the commodity is too narrow relative to the retained FAOSTAT library.",,,
FAOSTAT,QCL:'0231:5510,,"Largest Hen eggs in shell, fresh production",excluded,,Curated out: duplicate of the retained hen-eggs production series QCL:'0231:5513.,,,
FAOSTAT,QCL:'02953:5417,,Highest Raw hides and skins of sheep or lambs yield,excluded,,Curated out: obscure or technical commodity definition.,,,
FAOSTAT,QCL:'01801:5412,,Highest Sugar beet yield,excluded,,"Curated out: current coverage or quality is below the specialty-category standard, or the commodity is too narrow relative to the retained FAOSTAT library.",,,
FAOSTAT,QCL:'01355.90:5312,,Largest Other berries and fruits of the genus vaccinium n.e.c. harvested area,excluded,,Curated out: harvested-area variants are redundant with production and yield.,,,
FAOSTAT,QCL:'01243:5412,,"Highest Broad beans and horse beans, green yield",excluded,,"Curated out: current coverage or quality is below the specialty-category standard, or the commodity is too narrow relative to the retained FAOSTAT library.",,,
FAOSTAT,QCL:'01254:5412,,Highest Leeks and other alliaceous vegetables yield,excluded,,"Curated out: current coverage or quality is below the specialty-category standard, or the commodity is too narrow relative to the retained FAOSTAT library.",,,
FAOSTAT,QCL:'01355.90:5412,,Highest Other berries and fruits of the genus vaccinium n.e.c. yield,excluded,,Curated out: obscure or technical commodity definition.,,,
FAOSTAT,QCL:'02954:5417,,Highest Raw hides and skins of goats or kids yield,excluded,,Curated out: obscure or technical commodity definition.,,,
FAOSTAT,QCL:'01376:5412,,"Highest Walnuts, in shell yield",excluded,,"Curated out: current coverage or quality is below the specialty-category standard, or the commodity is too narrow relative to the retained FAOSTAT library.",,,
FAOSTAT,QCL:'01254:5510,,Largest Leeks and other alliaceous vegetables production,excluded,,"Curated out: current coverage or quality is below the specialty-category standard, or the commodity is too narrow relative to the retained FAOSTAT library.",,,
FAOSTAT,QCL:'01355.90:5510,,Largest Other berries and fruits of the genus vaccinium n.e.c. production,excluded,,Curated out: obscure or technical commodity definition.,,,
FAOSTAT,QCL:'01353.01:5510,,Largest Raspberries production,excluded,,"Curated out: current coverage or quality is below the specialty-category standard, or the commodity is too narrow relative to the retained FAOSTAT library.",,,
FAOSTAT,QCL:'01441:5412,,Highest Linseed yield,excluded,,"Curated out: current coverage or quality is below the specialty-category standard, or the commodity is too narrow relative to the retained FAOSTAT library.",,,
FAOSTAT,QCL:'01353.01:5412,,Highest Raspberries yield,excluded,,"Curated out: current coverage or quality is below the specialty-category standard, or the commodity is too narrow relative to the retained FAOSTAT library.",,,
FAOSTAT,QCL:'01191:5412,,Highest Triticale yield,excluded,,"Curated out: current coverage or quality is below the specialty-category standard, or the commodity is too narrow relative to the retained FAOSTAT library.",,,
FAOSTAT,QCL:'01540:5412,,Highest Yams yield,excluded,,"Curated out: current coverage or quality is below the specialty-category standard, or the commodity is too narrow relative to the retained FAOSTAT library.",,,
FAOSTAT,QCL:'01353.01:5312,,Largest Raspberries harvested area,excluded,,Curated out: harvested-area variants are redundant with production and yield.,,,
FAOSTAT,QCL:'01191:5312,,Largest Triticale harvested area,excluded,,Curated out: harvested-area variants are redundant with production and yield.,,,
FAOSTAT,QCL:'01652:5412,,"Highest Chillies and peppers, dry (Capsicum spp., Pimenta spp.), raw yield",excluded,,"Curated out: current coverage or quality is below the specialty-category standard, or the commodity is too narrow relative to the retained FAOSTAT library.",,,
FAOSTAT,QCL:'01640:5412,,Highest Cocoa beans yield,excluded,,"Curated out: current coverage or quality is below the specialty-category standard, or the commodity is too narrow relative to the retained FAOSTAT library.",,,
FAOSTAT,QCL:'01239.01:5412,,Highest Okra yield,excluded,,"Curated out: current coverage or quality is below the specialty-category standard, or the commodity is too narrow relative to the retained FAOSTAT library.",,,
FAOSTAT,QCL:'01640:5312,,Largest Cocoa beans harvested area,excluded,,Curated out: harvested-area variants are redundant with production and yield.,,,
FAOSTAT,QCL:'01640:5510,,Largest Cocoa beans production,excluded,,"Curated out: current coverage or quality is below the specialty-category standard, or the commodity is too narrow relative to the retained FAOSTAT library.",,,
FAOSTAT,QCL:'01254:5312,,Largest Leeks and other alliaceous vegetables harvested area,excluded,,Curated out: harvested-area variants are redundant with production and yield.,,,
FAOSTAT,QCL:'01441:5312,,Largest Linseed harvested area,excluded,,Curated out: harvested-area variants are redundant with production and yield.,,,
FAOSTAT,QCL:'01441:5510,,Largest Linseed production,excluded,,"Curated out: current coverage or quality is below the specialty-category standard, or the commodity is too narrow relative to the retained FAOSTAT library.",,,
FAOSTAT,QCL:'01239.01:5312,,Largest Okra harvested area,excluded,,Curated out: harvested-area variants are redundant with production and yield.,,,
FAOSTAT,QCL:'01239.01:5510,,Largest Okra production,excluded,,"Curated out: current coverage or quality is below the specialty-category standard, or the commodity is too narrow relative to the retained FAOSTAT library.",,,
FAOSTAT,QCL:'01450:5312,,Largest Olives harvested area,excluded,,Curated out: harvested-area variants are redundant with production and yield.,,,
FAOSTAT,QCL:'01344.01:5312,,Largest Sour cherries harvested area,excluded,,Curated out: harvested-area variants are redundant with production and yield.,,,
FAOSTAT,QCL:'01344.01:5510,,Largest Sour cherries production,excluded,,"Curated out: current coverage or quality is below the specialty-category standard, or the commodity is too narrow relative to the retained FAOSTAT library.",,,
FAOSTAT,QCL:'01191:5510,,Largest Triticale production,excluded,,"Curated out: current coverage or quality is below the specialty-category standard, or the commodity is too narrow relative to the retained FAOSTAT library.",,,
FAOSTAT,QCL:'01371:5412,,"Highest Almonds, in shell yield",excluded,,"Curated out: current coverage or quality is below the specialty-category standard, or the commodity is too narrow relative to the retained FAOSTAT library.",,,
FAOSTAT,QCL:'01211:5412,,Highest Asparagus yield,excluded,,"Curated out: current coverage or quality is below the specialty-category standard, or the commodity is too narrow relative to the retained FAOSTAT library.",,,
FAOSTAT,QCL:'01351.01:5412,,Highest Currants yield,excluded,,"Curated out: current coverage or quality is below the specialty-category standard, or the commodity is too narrow relative to the retained FAOSTAT library.",,,
FAOSTAT,QCL:'01315:5412,,Highest Figs yield,excluded,,"Curated out: current coverage or quality is below the specialty-category standard, or the commodity is too narrow relative to the retained FAOSTAT library.",,,
FAOSTAT,QCL:'21118.01:5417,,"Highest Horse meat, fresh or chilled yield",excluded,,"Curated out: current coverage or quality is below the specialty-category standard, or the commodity is too narrow relative to the retained FAOSTAT library.",,,
FAOSTAT,QCL:'01704:5412,,"Highest Lentils, dry yield",excluded,,"Curated out: current coverage or quality is below the specialty-category standard, or the commodity is too narrow relative to the retained FAOSTAT library.",,,
FAOSTAT,QCL:'01620:5412,,Highest Tea leaves yield,excluded,,"Curated out: current coverage or quality is below the specialty-category standard, or the commodity is too narrow relative to the retained FAOSTAT library.",,,
FAOSTAT,QCL:'01355.01:5312,,Largest Blueberries harvested area,excluded,,Curated out: harvested-area variants are redundant with production and yield.,,,
FAOSTAT,QCL:'01652:5312,,"Largest Chillies and peppers, dry (Capsicum spp., Pimenta spp.), raw harvested area",excluded,,Curated out: harvested-area variants are redundant with production and yield.,,,
FAOSTAT,QCL:'01652:5510,,"Largest Chillies and peppers, dry (Capsicum spp., Pimenta spp.), raw production",excluded,,"Curated out: current coverage or quality is below the specialty-category standard, or the commodity is too narrow relative to the retained FAOSTAT library.",,,
FAOSTAT,QCL:'01313:5510,,Largest Plantains and cooking bananas production,excluded,,"Curated out: current coverage or quality is below the specialty-category standard, or the commodity is too narrow relative to the retained FAOSTAT library.",,,
FAOSTAT,QCL:'01540:5312,,Largest Yams harvested area,excluded,,Curated out: harvested-area variants are redundant with production and yield.,,,
FAOSTAT,QCL:'01540:5510,,Largest Yams production,excluded,,"Curated out: current coverage or quality is below the specialty-category standard, or the commodity is too narrow relative to the retained FAOSTAT library.",,,
FAOSTAT,QCL:'01355.01:5412,,Highest Blueberries yield,excluded,,"Curated out: current coverage or quality is below the specialty-category standard, or the commodity is too narrow relative to the retained FAOSTAT library.",,,
FAOSTAT,QCL:'01703:5412,,"Highest Chick peas, dry yield",excluded,,"Curated out: current coverage or quality is below the specialty-category standard, or the commodity is too narrow relative to the retained FAOSTAT library.",,,
FAOSTAT,QCL:'01657:5412,,"Highest Ginger, raw yield",excluded,,"Curated out: current coverage or quality is below the specialty-category standard, or the commodity is too narrow relative to the retained FAOSTAT library.",,,
FAOSTAT,QCL:'01290.01:5412,,Highest Green corn (maize) yield,excluded,,"Curated out: current coverage or quality is below the specialty-category standard, or the commodity is too narrow relative to the retained FAOSTAT library.",,,
FAOSTAT,QCL:'01253.01:5412,,"Highest Onions and shallots, green yield",excluded,,"Curated out: current coverage or quality is below the specialty-category standard, or the commodity is too narrow relative to the retained FAOSTAT library.",,,
FAOSTAT,QCL:'01313:5412,,Highest Plantains and cooking bananas yield,excluded,,"Curated out: current coverage or quality is below the specialty-category standard, or the commodity is too narrow relative to the retained FAOSTAT library.",,,
FAOSTAT,QCL:'01211:5312,,Largest Asparagus harvested area,excluded,,Curated out: harvested-area variants are redundant with production and yield.,,,
FAOSTAT,QCL:'01211:5510,,Largest Asparagus production,excluded,,"Curated out: current coverage or quality is below the specialty-category standard, or the commodity is too narrow relative to the retained FAOSTAT library.",,,
FAOSTAT,QCL:'01355.01:5510,,Largest Blueberries production,excluded,,"Curated out: current coverage or quality is below the specialty-category standard, or the commodity is too narrow relative to the retained FAOSTAT library.",,,
FAOSTAT,QCL:'02121.01:5111,,Largest Camels stocks,excluded,,"Curated out: current coverage or quality is below the specialty-category standard, or the commodity is too narrow relative to the retained FAOSTAT library.",,,
FAOSTAT,QCL:'01290.01:5312,,Largest Green corn (maize) harvested area,excluded,,Curated out: harvested-area variants are redundant with production and yield.,,,
FAOSTAT,QCL:'01290.01:5510,,Largest Green corn (maize) production,excluded,,"Curated out: current coverage or quality is below the specialty-category standard, or the commodity is too narrow relative to the retained FAOSTAT library.",,,
FAOSTAT,QCL:'01704:5312,,"Largest Lentils, dry harvested area",excluded,,Curated out: harvested-area variants are redundant with production and yield.,,,
FAOSTAT,QCL:'01704:5510,,"Largest Lentils, dry production",excluded,,"Curated out: current coverage or quality is below the specialty-category standard, or the commodity is too narrow relative to the retained FAOSTAT library.",,,
FAOSTAT,QCL:'01450:5510,,Largest Olives production,excluded,,"Curated out: current coverage or quality is below the specialty-category standard, or the commodity is too narrow relative to the retained FAOSTAT library.",,,
FAOSTAT,QCL:'01253.01:5312,,"Largest Onions and shallots, green harvested area",excluded,,Curated out: harvested-area variants are redundant with production and yield.,,,
FAOSTAT,QCL:'01253.01:5510,,"Largest Onions and shallots, green production",excluded,,"Curated out: current coverage or quality is below the specialty-category standard, or the commodity is too narrow relative to the retained FAOSTAT library.",,,
FAOSTAT,QCL:'01651:5510,,"Largest Pepper (Piper spp.), raw production",excluded,,"Curated out: current coverage or quality is below the specialty-category standard, or the commodity is too narrow relative to the retained FAOSTAT library.",,,
FAOSTAT,QCL:'01491.01:5412,,Highest Oil palm fruit yield,excluded,,"Curated out: current coverage or quality is below the specialty-category standard, or the commodity is too narrow relative to the retained FAOSTAT library.",,,
FAOSTAT,QCL:'01450:5412,,Highest Olives yield,excluded,,"Curated out: current coverage or quality is below the specialty-category standard, or the commodity is too narrow relative to the retained FAOSTAT library.",,,
FAOSTAT,QCL:'01651:5412,,"Highest Pepper (Piper spp.), raw yield",excluded,,"Curated out: current coverage or quality is below the specialty-category standard, or the commodity is too narrow relative to the retained FAOSTAT library.",,,
FAOSTAT,QCL:'01344.01:5412,,Highest Sour cherries yield,excluded,,"Curated out: current coverage or quality is below the specialty-category standard, or the commodity is too narrow relative to the retained FAOSTAT library.",,,
FAOSTAT,QCL:'01550:5412,,Highest Taro yield,excluded,,"Curated out: current coverage or quality is below the specialty-category standard, or the commodity is too narrow relative to the retained FAOSTAT library.",,,
FAOSTAT,QCL:'01372:5510,,"Largest Cashew nuts, in shell production",excluded,,"Curated out: current coverage or quality is below the specialty-category standard, or the commodity is too narrow relative to the retained FAOSTAT library.",,,
FAOSTAT,QCL:'01703:5312,,"Largest Chick peas, dry harvested area",excluded,,Curated out: harvested-area variants are redundant with production and yield.,,,
FAOSTAT,QCL:'01703:5510,,"Largest Chick peas, dry production",excluded,,"Curated out: current coverage or quality is below the specialty-category standard, or the commodity is too narrow relative to the retained FAOSTAT library.",,,
FAOSTAT,QCL:'01351.01:5312,,Largest Currants harvested area,excluded,,Curated out: harvested-area variants are redundant with production and yield.,,,
FAOSTAT,QCL:'01351.01:5510,,Largest Currants production,excluded,,"Curated out: current coverage or quality is below the specialty-category standard, or the commodity is too narrow relative to the retained FAOSTAT library.",,,
FAOSTAT,QCL:'21159.01:5510,,"Largest Edible offals of horses and other equines, fresh, chilled or frozen production",excluded,,Curated out: obscure or technical commodity definition.,,,
FAOSTAT,QCL:'21170.02:5510,,"Largest Game meat, fresh, chilled or frozen production",excluded,,"Curated out: current coverage or quality is below the specialty-category standard, or the commodity is too narrow relative to the retained FAOSTAT library.",,,
FAOSTAT,QCL:'01657:5312,,"Largest Ginger, raw harvested area",excluded,,Curated out: harvested-area variants are redundant with production and yield.,,,
FAOSTAT,QCL:'01657:5510,,"Largest Ginger, raw production",excluded,,"Curated out: current coverage or quality is below the specialty-category standard, or the commodity is too narrow relative to the retained FAOSTAT library.",,,
FAOSTAT,QCL:'01651:5312,,"Largest Pepper (Piper spp.), raw harvested area",excluded,,Curated out: harvested-area variants are redundant with production and yield.,,,
FAOSTAT,QCL:'01313:5312,,Largest Plantains and cooking bananas harvested area,excluded,,Curated out: harvested-area variants are redundant with production and yield.,,,
FAOSTAT,QCL:'01342.02:5510,,Largest Quinces production,excluded,,"Curated out: current coverage or quality is below the specialty-category standard, or the commodity is too narrow relative to the retained FAOSTAT library.",,,
FAOSTAT,QCL:'02191:5112,,Largest Rabbits and hares stocks,excluded,,"Curated out: current coverage or quality is below the specialty-category standard, or the commodity is too narrow relative to the retained FAOSTAT library.",,,
FAOSTAT,QCL:'01550:5510,,Largest Taro production,excluded,,"Curated out: current coverage or quality is below the specialty-category standard, or the commodity is too narrow relative to the retained FAOSTAT library.",,,
FAOSTAT,QCL:'01620:5312,,Largest Tea leaves harvested area,excluded,,Curated out: harvested-area variants are redundant with production and yield.,,,
FAOSTAT,QCL:'01620:5510,,Largest Tea leaves production,excluded,,"Curated out: current coverage or quality is below the specialty-category standard, or the commodity is too narrow relative to the retained FAOSTAT library.",,,
FAOSTAT,QCL:'01372:5412,,"Highest Cashew nuts, in shell yield",excluded,,"Curated out: current coverage or quality is below the specialty-category standard, or the commodity is too narrow relative to the retained FAOSTAT library.",,,
FAOSTAT,QCL:'01706:5412,,"Highest Cow peas, dry yield",excluded,,"Curated out: current coverage or quality is below the specialty-category standard, or the commodity is too narrow relative to the retained FAOSTAT library.",,,
FAOSTAT,QCL:'01314:5412,,Highest Dates yield,excluded,,"Curated out: current coverage or quality is below the specialty-category standard, or the commodity is too narrow relative to the retained FAOSTAT library.",,,
FAOSTAT,QCL:'01374:5412,,"Highest Hazelnuts, in shell yield",excluded,,"Curated out: current coverage or quality is below the specialty-category standard, or the commodity is too narrow relative to the retained FAOSTAT library.",,,
FAOSTAT,QCL:'21117.01:5417,,"Highest Meat of camels, fresh or chilled yield",excluded,,"Curated out: current coverage or quality is below the specialty-category standard, or the commodity is too narrow relative to the retained FAOSTAT library.",,,
FAOSTAT,QCL:'21114:5424,,"Highest Meat of rabbits and hares, fresh or chilled yield",excluded,,"Curated out: current coverage or quality is below the specialty-category standard, or the commodity is too narrow relative to the retained FAOSTAT library.",,,
FAOSTAT,QCL:'01342.02:5412,,Highest Quinces yield,excluded,,"Curated out: current coverage or quality is below the specialty-category standard, or the commodity is too narrow relative to the retained FAOSTAT library.",,,
FAOSTAT,QCL:'02960.01:5510,,Largest Beeswax production,excluded,,"Curated out: current coverage or quality is below the specialty-category standard, or the commodity is too narrow relative to the retained FAOSTAT library.",,,
FAOSTAT,QCL:'01372:5312,,"Largest Cashew nuts, in shell harvested area",excluded,,Curated out: harvested-area variants are redundant with production and yield.,,,
FAOSTAT,QCL:'01706:5312,,"Largest Cow peas, dry harvested area",excluded,,Curated out: harvested-area variants are redundant with production and yield.,,,
FAOSTAT,QCL:'01314:5312,,Largest Dates harvested area,excluded,,Curated out: harvested-area variants are redundant with production and yield.,,,
FAOSTAT,QCL:'01314:5510,,Largest Dates production,excluded,,"Curated out: current coverage or quality is below the specialty-category standard, or the commodity is too narrow relative to the retained FAOSTAT library.",,,
FAOSTAT,QCL:'01374:5312,,"Largest Hazelnuts, in shell harvested area",excluded,,Curated out: harvested-area variants are redundant with production and yield.,,,
FAOSTAT,QCL:'01374:5510,,"Largest Hazelnuts, in shell production",excluded,,"Curated out: current coverage or quality is below the specialty-category standard, or the commodity is too narrow relative to the retained FAOSTAT library.",,,
FAOSTAT,QCL:'21117.01:5510,,"Largest Meat of camels, fresh or chilled production",excluded,,"Curated out: current coverage or quality is below the specialty-category standard, or the commodity is too narrow relative to the retained FAOSTAT library.",,,
FAOSTAT,QCL:'21114:5510,,"Largest Meat of rabbits and hares, fresh or chilled production",excluded,,"Curated out: current coverage or quality is below the specialty-category standard, or the commodity is too narrow relative to the retained FAOSTAT library.",,,
FAOSTAT,QCL:'21691.12:5510,,Largest Oil of linseed production,excluded,,"Curated out: current coverage or quality is below the specialty-category standard, or the commodity is too narrow relative to the retained FAOSTAT library.",,,
FAOSTAT,QCL:'01349.20:5312,,Largest Other stone fruits harvested area,excluded,,Curated out: harvested-area variants are redundant with production and yield.,,,
FAOSTAT,QCL:'01349.20:5510,,Largest Other stone fruits production,excluded,,"Curated out: current coverage or quality is below the specialty-category standard, or the commodity is too narrow relative to the retained FAOSTAT library.",,,
FAOSTAT,QCL:'01550:5312,,Largest Taro harvested area,excluded,,Curated out: harvested-area variants are redundant with production and yield.,,,
FAOSTAT,QCL:'21159.02:5320,,"Most Edible offals of camels and other camelids, fresh, chilled or frozen producing animals",excluded,,Curated out: technical animal-input count rather than a clear player-facing outcome.,,,
FAOSTAT,QCL:'21519.02:5320,,Most Fat of camels producing animals,excluded,,Curated out: technical animal-input count rather than a clear player-facing outcome.,,,
FAOSTAT,QCL:'21117.01:5320,,"Most Meat of camels, fresh or chilled producing animals",excluded,,Curated out: technical animal-input count rather than a clear player-facing outcome.,,,
FAOSTAT,QCL:'01950.01:5412,,Highest Natural rubber in primary forms yield,excluded,,"Curated out: current coverage or quality is below the specialty-category standard, or the commodity is too narrow relative to the retained FAOSTAT library.",,,
FAOSTAT,QCL:'01349.20:5412,,Highest Other stone fruits yield,excluded,,"Curated out: current coverage or quality is below the specialty-category standard, or the commodity is too narrow relative to the retained FAOSTAT library.",,,
FAOSTAT,QCL:'01216:5312,,Largest Artichokes harvested area,excluded,,Curated out: harvested-area variants are redundant with production and yield.,,,
FAOSTAT,QCL:'01216:5510,,Largest Artichokes production,excluded,,"Curated out: current coverage or quality is below the specialty-category standard, or the commodity is too narrow relative to the retained FAOSTAT library.",,,
FAOSTAT,QCL:'01706:5510,,"Largest Cow peas, dry production",excluded,,"Curated out: current coverage or quality is below the specialty-category standard, or the commodity is too narrow relative to the retained FAOSTAT library.",,,
FAOSTAT,QCL:'21159.02:5510,,"Largest Edible offals of camels and other camelids, fresh, chilled or frozen production",excluded,,Curated out: obscure or technical commodity definition.,,,
FAOSTAT,QCL:'21519.02:5510,,Largest Fat of camels production,excluded,,Curated out: obscure or technical commodity definition.,,,
FAOSTAT,QCL:'01709.02:5312,,Largest Lupins harvested area,excluded,,Curated out: harvested-area variants are redundant with production and yield.,,,
FAOSTAT,QCL:'01709.02:5510,,Largest Lupins production,excluded,,"Curated out: current coverage or quality is below the specialty-category standard, or the commodity is too narrow relative to the retained FAOSTAT library.",,,
FAOSTAT,QCL:'01950.01:5312,,Largest Natural rubber in primary forms harvested area,excluded,,Curated out: harvested-area variants are redundant with production and yield.,,,
FAOSTAT,QCL:'01950.01:5510,,Largest Natural rubber in primary forms production,excluded,,"Curated out: current coverage or quality is below the specialty-category standard, or the commodity is too narrow relative to the retained FAOSTAT library.",,,
FAOSTAT,QCL:'21691.02:5510,,Largest Oil of maize production,excluded,,"Curated out: current coverage or quality is below the specialty-category standard, or the commodity is too narrow relative to the retained FAOSTAT library.",,,
FAOSTAT,QCL:'01491.01:5312,,Largest Oil palm fruit harvested area,excluded,,Curated out: harvested-area variants are redundant with production and yield.,,,
FAOSTAT,QCL:'01491.01:5510,,Largest Oil palm fruit production,excluded,,"Curated out: current coverage or quality is below the specialty-category standard, or the commodity is too narrow relative to the retained FAOSTAT library.",,,
FAOSTAT,QCL:'01342.02:5312,,Largest Quinces harvested area,excluded,,Curated out: harvested-area variants are redundant with production and yield.,,,
FAOSTAT,QCL:'22130.02:5510,,"Largest Whey, dry production",excluded,,Curated out: obscure or technical commodity definition.,,,
FAOSTAT,QCL:'22230.01:5510,,Largest Yoghurt production,excluded,,"Curated out: current coverage or quality is below the specialty-category standard, or the commodity is too narrow relative to the retained FAOSTAT library.",,,
FAOSTAT,QCL:'21114:5321,,"Most Meat of rabbits and hares, fresh or chilled producing animals",excluded,,Curated out: technical animal-input count rather than a clear player-facing outcome.,,,
FAOSTAT,QCL:'01447:5412,,Highest Castor oil seeds yield,excluded,,"Curated out: current coverage or quality is below the specialty-category standard, or the commodity is too narrow relative to the retained FAOSTAT library.",,,
FAOSTAT,QCL:'22254:5510,,"Largest Cheese from milk of goats, fresh or processed production",excluded,,"Curated out: current coverage or quality is below the specialty-category standard, or the commodity is too narrow relative to the retained FAOSTAT library.",,,
FAOSTAT,QCL:'22253:5510,,"Largest Cheese from milk of sheep, fresh or processed production",excluded,,"Curated out: current coverage or quality is below the specialty-category standard, or the commodity is too narrow relative to the retained FAOSTAT library.",,,
FAOSTAT,QCL:'01373:5312,,"Largest Chestnuts, in shell harvested area",excluded,,Curated out: harvested-area variants are redundant with production and yield.,,,
FAOSTAT,QCL:'01373:5510,,"Largest Chestnuts, in shell production",excluded,,"Curated out: current coverage or quality is below the specialty-category standard, or the commodity is too narrow relative to the retained FAOSTAT library.",,,
FAOSTAT,QCL:'0232:5513,,"Largest Eggs from other birds in shell, fresh, n.e.c. production",excluded,,Curated out: obscure or technical commodity definition.,,,
FAOSTAT,QCL:'01352:5312,,Largest Kiwi fruit harvested area,excluded,,Curated out: harvested-area variants are redundant with production and yield.,,,
FAOSTAT,QCL:'01352:5510,,Largest Kiwi fruit production,excluded,,"Curated out: current coverage or quality is below the specialty-category standard, or the commodity is too narrow relative to the retained FAOSTAT library.",,,
FAOSTAT,QCL:'21119.90:5510,,"Largest Other meat of mammals, fresh or chilled production",excluded,,Curated out: obscure or technical commodity definition.,,,
FAOSTAT,QCL:'2165:5510,,Largest Palm oil production,excluded,,"Curated out: current coverage or quality is below the specialty-category standard, or the commodity is too narrow relative to the retained FAOSTAT library.",,,
FAOSTAT,QCL:'01654:5412,,"Highest Anise, badian, coriander, cumin, caraway, fennel and juniper berries, raw yield",excluded,,"Curated out: current coverage or quality is below the specialty-category standard, or the commodity is too narrow relative to the retained FAOSTAT library.",,,
FAOSTAT,QCL:'01329:5412,,"Highest Other citrus fruit, n.e.c. yield",excluded,,Curated out: obscure or technical commodity definition.,,,
FAOSTAT,QCL:'01447:5312,,Largest Castor oil seeds harvested area,excluded,,Curated out: harvested-area variants are redundant with production and yield.,,,
FAOSTAT,QCL:'22251.02:5510,,Largest Cheese from skimmed cow milk production,excluded,,"Curated out: current coverage or quality is below the specialty-category standard, or the commodity is too narrow relative to the retained FAOSTAT library.",,,
FAOSTAT,QCL:'01599.10:5510,,"Largest Edible roots and tubers with high starch or inulin content, n.e.c., fresh production",excluded,,Curated out: obscure or technical commodity definition.,,,
FAOSTAT,QCL:'0232:5510,,"Largest Eggs from other birds in shell, fresh, n.e.c. production",excluded,,Curated out: obscure or technical commodity definition.,,,
FAOSTAT,QCL:'01199.02:5312,,Largest Mixed grain harvested area,excluded,,Curated out: harvested-area variants are redundant with production and yield.,,,
FAOSTAT,QCL:'01199.02:5510,,Largest Mixed grain production,excluded,,Curated out: obscure or technical commodity definition.,,,
FAOSTAT,QCL:'02293:5318,,Most Raw milk of camel milk-producing animals,excluded,,Curated out: technical animal-input count rather than a clear player-facing outcome.,,,
FAOSTAT,QCL:'01654:5312,,"Largest Anise, badian, coriander, cumin, caraway, fennel and juniper berries, raw harvested area",excluded,,Curated out: harvested-area variants are redundant with production and yield.,,,
FAOSTAT,QCL:'01654:5510,,"Largest Anise, badian, coriander, cumin, caraway, fennel and juniper berries, raw production",excluded,,"Curated out: current coverage or quality is below the specialty-category standard, or the commodity is too narrow relative to the retained FAOSTAT library.",,,
FAOSTAT,QCL:'01447:5510,,Largest Castor oil seeds production,excluded,,"Curated out: current coverage or quality is below the specialty-category standard, or the commodity is too narrow relative to the retained FAOSTAT library.",,,
FAOSTAT,QCL:'01659:5312,,Largest Hop cones harvested area,excluded,,Curated out: harvested-area variants are redundant with production and yield.,,,
FAOSTAT,QCL:'01659:5510,,Largest Hop cones production,excluded,,"Curated out: current coverage or quality is below the specialty-category standard, or the commodity is too narrow relative to the retained FAOSTAT library.",,,
FAOSTAT,QCL:'21691.14:5510,,Largest Oil of palm kernel production,excluded,,"Curated out: current coverage or quality is below the specialty-category standard, or the commodity is too narrow relative to the retained FAOSTAT library.",,,
FAOSTAT,QCL:'2167:5510,,Largest Olive oil production,excluded,,"Curated out: current coverage or quality is below the specialty-category standard, or the commodity is too narrow relative to the retained FAOSTAT library.",,,
FAOSTAT,QCL:'01491.02:5510,,Largest Palm kernels production,excluded,,"Curated out: current coverage or quality is below the specialty-category standard, or the commodity is too narrow relative to the retained FAOSTAT library.",,,
FAOSTAT,QCL:'01709.02:5412,,Highest Lupins yield,excluded,,"Curated out: current coverage or quality is below the specialty-category standard, or the commodity is too narrow relative to the retained FAOSTAT library.",,,
FAOSTAT,QCL:'02212:5510,,Largest Raw milk of buffalo production,excluded,,"Curated out: current coverage or quality is below the specialty-category standard, or the commodity is too narrow relative to the retained FAOSTAT library.",,,
FAOSTAT,QCL:'21123:5321,,"Most Meat of geese, fresh or chilled producing animals",excluded,,Curated out: technical animal-input count rather than a clear player-facing outcome.,,,
FAOSTAT,QCL:'01373:5412,,"Highest Chestnuts, in shell yield",excluded,,"Curated out: current coverage or quality is below the specialty-category standard, or the commodity is too narrow relative to the retained FAOSTAT library.",,,
FAOSTAT,QCL:'01929.02:5312,,"Largest True hemp, raw or retted harvested area",excluded,,Curated out: harvested-area variants are redundant with production and yield.,,,
FAOSTAT,QCL:'22130.03:5510,,"Largest Whey, condensed production",excluded,,Curated out: obscure or technical commodity definition.,,,
FAOSTAT,QCL:'01659:5412,,Highest Hop cones yield,excluded,,"Curated out: current coverage or quality is below the specialty-category standard, or the commodity is too narrow relative to the retained FAOSTAT library.",,,
FAOSTAT,QCL:'01352:5412,,Highest Kiwi fruit yield,excluded,,"Curated out: current coverage or quality is below the specialty-category standard, or the commodity is too narrow relative to the retained FAOSTAT library.",,,
FAOSTAT,QCL:'02153:5112,,Largest Geese stocks,excluded,,"Curated out: current coverage or quality is below the specialty-category standard, or the commodity is too narrow relative to the retained FAOSTAT library.",,,
FAOSTAT,QCL:'02293:5510,,Largest Raw milk of camel production,excluded,,"Curated out: current coverage or quality is below the specialty-category standard, or the commodity is too narrow relative to the retained FAOSTAT library.",,,
FAOSTAT,QCL:'21513:5320,,"Most Buffalo fat, unrendered producing animals",excluded,,Curated out: technical animal-input count rather than a clear player-facing outcome.,,,
FAOSTAT,QCL:'21152:5320,,"Most Edible offal of buffalo, fresh, chilled or frozen producing animals",excluded,,Curated out: technical animal-input count rather than a clear player-facing outcome.,,,
FAOSTAT,QCL:'21112:5320,,"Most Meat of buffalo, fresh or chilled producing animals",excluded,,Curated out: technical animal-input count rather than a clear player-facing outcome.,,,
FAOSTAT,QCL:'02951.03:5320,,Most Raw hides and skins of buffaloes producing animals,excluded,,Curated out: technical animal-input count rather than a clear player-facing outcome.,,,
FAOSTAT,QCL:'01216:5412,,Highest Artichokes yield,excluded,,"Curated out: current coverage or quality is below the specialty-category standard, or the commodity is too narrow relative to the retained FAOSTAT library.",,,
FAOSTAT,QCL:'21112:5417,,"Highest Meat of buffalo, fresh or chilled yield",excluded,,"Curated out: current coverage or quality is below the specialty-category standard, or the commodity is too narrow relative to the retained FAOSTAT library.",,,
FAOSTAT,QCL:'01707:5412,,"Highest Pigeon peas, dry yield",excluded,,"Curated out: current coverage or quality is below the specialty-category standard, or the commodity is too narrow relative to the retained FAOSTAT library.",,,
FAOSTAT,QCL:'02293:5417,,Highest Raw milk of camel yield,excluded,,"Curated out: current coverage or quality is below the specialty-category standard, or the commodity is too narrow relative to the retained FAOSTAT library.",,,
FAOSTAT,QCL:'21112:5510,,"Largest Meat of buffalo, fresh or chilled production",excluded,,"Curated out: current coverage or quality is below the specialty-category standard, or the commodity is too narrow relative to the retained FAOSTAT library.",,,
FAOSTAT,QCL:'01707:5312,,"Largest Pigeon peas, dry harvested area",excluded,,Curated out: harvested-area variants are redundant with production and yield.,,,
FAOSTAT,QCL:'01707:5510,,"Largest Pigeon peas, dry production",excluded,,"Curated out: current coverage or quality is below the specialty-category standard, or the commodity is too narrow relative to the retained FAOSTAT library.",,,
FAOSTAT,QCL:'01929.02:5510,,"Largest True hemp, raw or retted production",excluded,,"Curated out: current coverage or quality is below the specialty-category standard, or the commodity is too narrow relative to the retained FAOSTAT library.",,,
FAOSTAT,QCL:'21123:5424,,"Highest Meat of geese, fresh or chilled yield",excluded,,"Curated out: current coverage or quality is below the specialty-category standard, or the commodity is too narrow relative to the retained FAOSTAT library.",,,
FAOSTAT,QCL:'02951.03:5417,,Highest Raw hides and skins of buffaloes yield,excluded,,Curated out: obscure or technical commodity definition.,,,
FAOSTAT,QCL:'21513:5510,,"Largest Buffalo fat, unrendered production",excluded,,Curated out: obscure or technical commodity definition.,,,
FAOSTAT,QCL:'21152:5510,,"Largest Edible offal of buffalo, fresh, chilled or frozen production",excluded,,Curated out: obscure or technical commodity definition.,,,
FAOSTAT,QCL:'02951.03:5510,,Largest Raw hides and skins of buffaloes production,excluded,,Curated out: obscure or technical commodity definition.,,,
FAOSTAT,QCL:'01929.01:5312,,"Largest Flax, raw or retted harvested area",excluded,,Curated out: harvested-area variants are redundant with production and yield.,,,
FAOSTAT,QCL:'21123:5510,,"Largest Meat of geese, fresh or chilled production",excluded,,"Curated out: current coverage or quality is below the specialty-category standard, or the commodity is too narrow relative to the retained FAOSTAT library.",,,
FAOSTAT,QCL:'01929.01:5510,,"Largest Flax, raw or retted production",excluded,,"Curated out: current coverage or quality is below the specialty-category standard, or the commodity is too narrow relative to the retained FAOSTAT library.",,,
FAOSTAT,QCL:'22252:5510,,"Largest Cheese from milk of buffalo, fresh or processed production",excluded,,"Curated out: current coverage or quality is below the specialty-category standard, or the commodity is too narrow relative to the retained FAOSTAT library.",,,
ILOSTAT,SDG_0111_SEX_AGE_RT_A,,Lowest working-poverty rate,approved,Lowest working-poverty rate,"Retained after complete catalog review: authoritative methodology, clear player-facing meaning, and no stronger duplicate in the curated library. Numerical quality gates still apply.",working-poverty-rate,88.0,90.0
ILOSTAT,EIP_NEET_SEX_RT_A,,Lowest youth NEET rate,approved,Lowest youth NEET rate,"Retained after complete catalog review: authoritative methodology, clear player-facing meaning, and no stronger duplicate in the curated library. Numerical quality gates still apply.",youth-neet-rate,88.0,90.0
ILOSTAT,LUU_XLU2_SEX_RT_A,,Lowest labor underutilization,excluded,,Curated out: technical composite labor-underutilization measure is not intuitive enough for general players.,,,
ILOSTAT,EMP_XTRU_SEX_RT_A,,Lowest time-related underemployment,excluded,,Curated out: narrow technical underemployment measure is too similar to broader labor-market categories.,,,
ILOSTAT,EMP_NIFL_SEX_RT_A,,Lowest informal-employment rate,approved,Lowest informal-employment rate,"Retained after complete catalog review: authoritative methodology, clear player-facing meaning, and no stronger duplicate in the curated library. Numerical quality gates still apply.",informal-employment-rate,86.0,88.0
ILOSTAT,SDG_0552_NOC_RT_A,,Highest share of women in management,approved,Highest share of women in management,"Retained after complete catalog review: authoritative methodology, clear player-facing meaning, and no stronger duplicate in the curated library. Numerical quality gates still apply.",women-in-management-share,90.0,90.0
ILOSTAT,HOW_UEES_SEX_NB_A,,Longest average working week,approved,Longest average working week,"Retained after complete catalog review: authoritative methodology, clear player-facing meaning, and no stronger duplicate in the curated library. Numerical quality gates still apply.",average-working-week,92.0,92.0
ILOSTAT,UNE_3EAP_SEX_AGE_DSB_RT_A,,Lowest youth unemployment rate,approved,Lowest youth unemployment rate,"Retained after complete catalog review: authoritative methodology, clear player-facing meaning, and no stronger duplicate in the curated library. Numerical quality gates still apply.",youth-unemployment-rate,90.0,90.0
ILOSTAT,ILR_CBCT_NOC_RT_A,,Highest collective-bargaining coverage,excluded,,Curated out: 2016 common year is too stale.,,,
Natural Earth,most-land-neighbors,,Most land-border neighbors,approved,Most land-border neighbors,"Retained after complete catalog review: authoritative methodology, clear player-facing meaning, and no stronger duplicate in the curated library. Numerical quality gates still apply.",land-border-neighbor-count,96.0,96.0
Natural Earth,most-separate-land-areas,,Most separate land areas,excluded,,Curated out: multipart-area count is sensitive to geometry treatment and is not intuitive enough for players.,,,
U.S. EIA,57:1,,Most crude oil produced,approved,Most crude oil produced,"Retained after complete catalog review: authoritative methodology, clear player-facing meaning, and no stronger duplicate in the curated library. Numerical quality gates still apply.",crude-oil-production,95.0,96.0
U.S. EIA,26:1,,Most natural gas produced,approved,Most natural gas produced,"Retained after complete catalog review: authoritative methodology, clear player-facing meaning, and no stronger duplicate in the curated library. Numerical quality gates still apply.",natural-gas-production,95.0,96.0
UN Comtrade,0803,,Largest banana exports,approved,Largest banana exports,"Retained after complete catalog review: authoritative methodology, clear player-facing meaning, and no stronger duplicate in the curated library. Numerical quality gates still apply.",banana-exports,94.0,96.0
UN Comtrade,7108,,Largest gold exports,approved,Largest gold exports,"Retained after complete catalog review: authoritative methodology, clear player-facing meaning, and no stronger duplicate in the curated library. Numerical quality gates still apply.",gold-exports,95.0,96.0
UN Comtrade,0902,,Largest tea exports,approved,Largest tea exports,"Retained after complete catalog review: authoritative methodology, clear player-facing meaning, and no stronger duplicate in the curated library. Numerical quality gates still apply.",tea-exports,94.0,96.0
UN Comtrade,1801,,Largest cocoa-bean exports,approved,Largest cocoa-bean exports,"Retained after complete catalog review: authoritative methodology, clear player-facing meaning, and no stronger duplicate in the curated library. Numerical quality gates still apply.",cocoa-bean-exports,94.0,96.0
UN Comtrade,2709,,Largest crude-oil exports,approved,Largest crude-oil exports,"Retained after complete catalog review: authoritative methodology, clear player-facing meaning, and no stronger duplicate in the curated library. Numerical quality gates still apply.",crude-oil-exports,95.0,96.0
UN Comtrade,1001,,Largest wheat exports,approved,Largest wheat exports,"Retained after complete catalog review: authoritative methodology, clear player-facing meaning, and no stronger duplicate in the curated library. Numerical quality gates still apply.",wheat-exports,94.0,96.0
UNESCO UIS,XGDP.FSGOV,,Highest education spending share of GDP,approved,Highest education spending share of GDP,"Retained after complete catalog review: authoritative methodology, clear player-facing meaning, and no stronger duplicate in the curated library. Numerical quality gates still apply.",education-spending-share-gdp,92.0,94.0
UNESCO UIS,GER.2T3,,Highest secondary-school enrollment,excluded,,Curated out: gross-enrollment ratios can exceed 100 percent and are less intuitive than completion measures.,,,
UNESCO UIS,GTVP.2T3.V,,Highest vocational enrollment share,approved,Highest vocational enrollment share,"Retained after complete catalog review: authoritative methodology, clear player-facing meaning, and no stronger duplicate in the curated library. Numerical quality gates still apply.",vocational-enrollment-share,88.0,90.0
UNESCO UIS,ROFST.1.CP,,Lowest primary out-of-school rate,excluded,,Curated out: near-inverse of the retained primary-school completion category.,,,
UNESCO UIS,GER.5T8,,Highest tertiary enrollment,excluded,,Curated out: gross-enrollment ratios can exceed 100 percent and are less intuitive than completion measures.,,,
UNESCO UIS,26637,,Most international students hosted,approved,Most international students hosted,"Retained after complete catalog review: authoritative methodology, clear player-facing meaning, and no stronger duplicate in the curated library. Numerical quality gates still apply.",international-students-hosted,94.0,94.0
UNESCO UIS,MOR.5T8.40505,,Highest outbound student mobility,approved,Highest outbound student mobility,"Retained after complete catalog review: authoritative methodology, clear player-facing meaning, and no stronger duplicate in the curated library. Numerical quality gates still apply.",outbound-student-mobility,88.0,88.0
UNESCO UIS,SCHBSP.1.WCOMPUT,,Highest school computer access,approved,Highest school computer access,"Retained after complete catalog review: authoritative methodology, clear player-facing meaning, and no stronger duplicate in the curated library. Numerical quality gates still apply.",school-computer-access,92.0,92.0
UNESCO UIS,FOSGP.5T8.F500600700,,Highest STEM graduate share,approved,Highest STEM graduate share,"Retained after complete catalog review: authoritative methodology, clear player-facing meaning, and no stronger duplicate in the curated library. Numerical quality gates still apply.",stem-graduate-share,92.0,92.0
UNESCO UIS,SCHBSP.1.WINTERN,,Highest school internet access,approved,Highest school internet access,"Retained after complete catalog review: authoritative methodology, clear player-facing meaning, and no stronger duplicate in the curated library. Numerical quality gates still apply.",school-internet-access,92.0,92.0
UNESCO UIS,REPR.1.G1.CP,,Lowest primary-school repetition rate,excluded,,Curated out: 2016 comparison year is too stale.,,,
UNESCO UIS,SCHBSP.1.WELEC,,Highest school electricity access,excluded,,Excluded after final playability review: severe ceiling clustering creates too many tied countries for a useful ranking.,,,
UNESCO UIS,SR.1.GLAST.CP,,Highest survival to the last grade of primary school,excluded,,Curated out: too similar to the retained primary-school completion category.,,,
UNESCO UIS,RESDEN.INHAB.TFTE,,Most researchers per million people,approved,Most researchers per million people,"Retained after complete catalog review: authoritative methodology, clear player-facing meaning, and no stronger duplicate in the curated library. Numerical quality gates still apply.",researchers-per-million,92.0,94.0
UNESCO UIS,SCHBSP.1.WWASH,,Highest school handwashing access,excluded,,Curated out: redundant with school sanitation and drinking-water access.,,,
UNESCO UIS,READ.LOWERSEC,,Highest lower-secondary reading proficiency,approved,Highest lower-secondary reading proficiency,"Retained after complete catalog review: authoritative methodology, clear player-facing meaning, and no stronger duplicate in the curated library. Numerical quality gates still apply.",lower-secondary-reading-proficiency,88.0,90.0
UNESCO UIS,SCHBSP.1.WTOILA,,Highest school sanitation access,excluded,,Excluded after final playability review: severe ceiling clustering creates too many tied countries for a useful ranking.,,,
UNESCO UIS,SCHBSP.1.WWATA,,Highest school drinking-water access,excluded,,Excluded after final playability review: the best broad common year is 2019 and the distribution is heavily tied.,,,
UNESCO UIS,LR.AG15T24,,Highest youth literacy rate,excluded,,Excluded after final playability review: common-year coverage is below the curated 60-country minimum.,,,
UNESCO UIS,MATH.LOWERSEC,,Highest lower-secondary mathematics proficiency,approved,Highest lower-secondary mathematics proficiency,"Retained after complete catalog review: authoritative methodology, clear player-facing meaning, and no stronger duplicate in the curated library. Numerical quality gates still apply.",lower-secondary-math-proficiency,88.0,90.0
UNESCO UIS,MATH.PRIMARY,,Highest primary mathematics proficiency,excluded,,Curated out: older and too similar to the retained lower-secondary mathematics category.,,,
UNESCO UIS,LR.AG15T99,,Highest adult literacy rate,excluded,,Curated out: older and lower-coverage than youth literacy.,,,
UNESCO UIS,READ.PRIMARY,,Highest primary reading proficiency,excluded,,Curated out: lower coverage and too similar to the retained lower-secondary reading category.,,,
UNHCR,population:coa:stateless,,Most stateless people,approved,Most stateless people,"Retained after complete catalog review: authoritative methodology, clear player-facing meaning, and no stronger duplicate in the curated library. Numerical quality gates still apply.",stateless-population,94.0,96.0
UNHCR,solutions:coo:returned_refugees,,Most refugees returned home,approved,Most refugees returned home,"Retained after complete catalog review: authoritative methodology, clear player-facing meaning, and no stronger duplicate in the curated library. Numerical quality gates still apply.",returned-refugees,92.0,94.0
UNHCR,population:coa:idps,,Most internally displaced people,excluded,,"Excluded after final playability review: only 38 countries have a common-year observation, and missing countries cannot safely be treated as zero.",,,
UNHCR,population:coa:oip,,Most other people needing international protection,excluded,,Curated out: broad residual protection category is not sufficiently intuitive or comparable.,,,
UNHCR,solutions:coa:returned_idps,,Most internally displaced people returned,excluded,,Curated out: very low coverage and a narrow flow measure.,,,
WHO,WSH_WATER_SAFELY_MANAGED,,Highest safely managed drinking-water access,approved,Highest safely managed drinking-water access,"Retained after complete catalog review: authoritative methodology, clear player-facing meaning, and no stronger duplicate in the curated library. Numerical quality gates still apply.",safely-managed-drinking-water,94.0,94.0
WHO,WSH_SANITATION_SAFELY_MANAGED,,Highest safely managed sanitation access,approved,Highest safely managed sanitation access,"Retained after complete catalog review: authoritative methodology, clear player-facing meaning, and no stronger duplicate in the curated library. Numerical quality gates still apply.",safely-managed-sanitation,94.0,94.0
WHO,WHOSIS_000001,,Highest life expectancy,excluded,,Curated out: duplicate of the retained higher-coverage World Bank life-expectancy category.,,,
WHO,HWF_0006,,Highest nurse and midwife density,approved,Highest nurse and midwife density,"Retained after complete catalog review: authoritative methodology, clear player-facing meaning, and no stronger duplicate in the curated library. Numerical quality gates still apply.",nurse-midwife-density,92.0,94.0
WHO,HWF_0001,,Highest doctor density,excluded,,"Excluded after final playability review: the broad common year is 2018, outside GeoStats' 2022-current data policy.",,,
WHO,WHOSIS_000002,,Highest healthy life expectancy,excluded,,Curated out: too similar to life expectancy and less intuitive for general players.,,,
WHO,HWF_0014,,Highest pharmacist density,excluded,,Curated out: narrower and less recognizable than retained doctor and nurse-density measures.,,,
WHO,UHC_AVAILABILITY_SCORE,,Highest universal-health-coverage score,excluded,,Curated out: composite score is less transparent and interpretable than direct health-access measures.,,,
WHO,NCD_HYP_PREVALENCE_A,,Lowest high-blood-pressure rate,excluded,,"Excluded after final playability review: the broad common year is 2019, outside GeoStats' 2022-current data policy.",,,
WHO,MH_12,,Lowest suicide rate,excluded,,Curated out: international suicide-rate comparisons remain vulnerable to uneven registration and underreporting.,,,
WHO,SA_0000001438,,Lowest cancer death rate,excluded,,Curated out: 2004 comparison year is too stale.,,,
WHO,MALARIA_EST_INCIDENCE,,Lowest malaria incidence,approved,Lowest malaria incidence,"Retained after complete catalog review: authoritative methodology, clear player-facing meaning, and no stronger duplicate in the curated library. Numerical quality gates still apply.",malaria-incidence,92.0,92.0
WHO,SA_0000001807_AA,,Lowest alcohol-attributable death rate,excluded,,Curated out: model-heavy attributable-mortality measure is too indirect for gameplay.,,,
WHO,SA_0000001440,,Lowest diabetes death rate,excluded,,Curated out: 2004 comparison year is too stale.,,,
WHO,RS_198,,Lowest road-traffic death rate,excluded,,"Excluded after final playability review: the broad common year is 2021, outside GeoStats' 2022-current data policy.",,,
WHO,MDG_0000000025,,Highest skilled birth-attendance rate,excluded,,"Excluded after final playability review: the broad common year is 2019, outside GeoStats' 2022-current data policy.",,,
WHO,WSH_HYGIENE_BASIC,,Highest handwashing access,excluded,,"Excluded after final playability review: the broad common year is 2019, outside GeoStats' 2022-current data policy.",,,
WHO,WHS4_154,,Highest antenatal-care coverage,excluded,,"Excluded after final playability review: the broad common year is 2019, outside GeoStats' 2022-current data policy.",,,
WHO,Yth_curr_cig_smoking,,Lowest cigarette-smoking rate,excluded,,Curated out: low coverage and survey self-reporting make cross-country comparisons too uneven.,,,
WHO,GDO_q9x1_3,,Highest hospital-bed density,excluded,,Curated out: low coverage and stale reporting year.,,,
World Bank,SP.URB.TOTL.IN.ZS,,Highest urban population share,excluded,,Curated out: exact complement of the retained rural-population-share category.,,,
World Bank,EN.GHG.CH4.MT.CE.AR5,,Highest methane emissions,approved,Highest methane emissions,"Retained after complete catalog review: authoritative methodology, clear player-facing meaning, and no stronger duplicate in the curated library. Numerical quality gates still apply.",methane-emissions-total,94.0,94.0
World Bank,EN.GHG.CO2.MT.CE.AR5,,Highest total CO₂ emissions,approved,Highest total CO₂ emissions,"Retained after complete catalog review: authoritative methodology, clear player-facing meaning, and no stronger duplicate in the curated library. Numerical quality gates still apply.",co2-emissions-total,96.0,96.0
World Bank,SL.UEM.TOTL.ZS,,Lowest unemployment,excluded,,Curated out: superseded by the direct ILOSTAT unemployment-rate category.,,,
World Bank,EN.GHG.CO2.PC.CE.AR5,,Highest CO₂ emissions per person,approved,Highest CO₂ emissions per person,"Retained after complete catalog review: authoritative methodology, clear player-facing meaning, and no stronger duplicate in the curated library. Numerical quality gates still apply.",co2-emissions-per-person,96.0,96.0
World Bank,IT.NET.USER.ZS,,Highest internet usage,excluded,,Curated out: indicator relies heavily on uneven survey and national-estimation practices and does not meet the project’s provenance standard.,,,
World Bank,AG.PRD.CREL.MT,,Most cereal produced,excluded,,Curated out: superseded by the direct FAOSTAT cereals-production category.,,,
World Bank,AG.YLD.CREL.KG,,Highest cereal yield,excluded,,Curated out: superseded by the direct FAOSTAT agricultural-yield library.,,,
World Bank,SE.XPD.TOTL.GD.ZS,,Highest education spending share,excluded,,Curated out: superseded by the direct UNESCO UIS education-spending category.,,,
World Bank,AG.LND.PRCP.MM,rain,Highest average rainfall,approved,Highest average rainfall,"Retained after complete catalog review: clear, stable physical-climate comparison; the inverse low-rainfall variant is excluded.",average-rainfall,94.0,94.0
World Bank,SH.STA.SMSS.ZS,,Highest safely managed sanitation access,excluded,,Curated out: superseded by the direct WHO safely managed sanitation category.,,,
World Bank,AG.LND.PRCP.MM,dry,Lowest average rainfall,excluded,,Curated out: exact inverse of the retained highest-average-rainfall category.,,,
World Bank,IS.AIR.GOOD.MT.K1,,Most air freight,approved,Most air freight,"Retained after complete catalog review: authoritative methodology, clear player-facing meaning, and no stronger duplicate in the curated library. Numerical quality gates still apply.",air-freight,92.0,94.0
World Bank,NY.GDP.MINR.RT.ZS,,Highest mineral-rent dependence,excluded,,Curated out: no usable current country observations.,,,
World Bank,NY.GDP.NGAS.RT.ZS,,Highest natural-gas-rent dependence,excluded,,Curated out: no usable current country observations.,,,
World Bank,NY.GDP.PETR.RT.ZS,,Highest oil-rent dependence,excluded,,Curated out: no usable current country observations.,,,
World Bank,EG.ELC.RNEW.ZS,,Highest renewable electricity share,excluded,,Curated out: no usable current country observations.,,,
World Bank,EG.FEC.RNEW.ZS,,Highest renewable energy consumption,excluded,,Curated out: no usable current country observations.,,,
World Bank,SH.STA.TRAF.P5,,Lowest road fatality rate,excluded,,Curated out: no usable current observations and superseded by the direct WHO road-traffic mortality category.,,,
World Bank,IS.RRS.GOOD.MT.K6,,Most rail freight,excluded,,Curated out: no usable current country observations.,,,
World Bank,IS.RRS.PASG.KM,,Most rail passenger travel,excluded,,Curated out: no usable current country observations.,,,
World Bank,IP.PAT.RESD,,Most resident patent applications,excluded,,Curated out: no usable current country observations.,,,
