tracker_id,scope_type,category_title,domain,experience_bucket,semantic_family,source_candidate,source_indicator,common_year,country_coverage,integrity,user_note,requested_action,research_status,implementation_status,final_disposition,blocker_or_reason,source_url,validation_requirements,generation_priority_candidate
existing:IS.AIR.DPRT,existing_playable,"Highest air transport, registered carrier departures worldwide",Infrastructure,,,World Bank,IS.AIR.DPRT,2023,148,verified,Don't see this often,retain_exposure_review,existing_validated,pending_v16_2_6_reconciliation,,,https://data.worldbank.org/indicator/IS.AIR.DPRT,"Revalidate provenance, semantics, measurement metadata, player copy, family/domain, and generator priority.",
existing:AG.LND.ARBL.HA.PC,existing_playable,Highest arable land,Agriculture,,,World Bank,AG.LND.ARBL.HA.PC,2023,191,verified,Great Category,retain_priority,existing_validated,pending_v16_2_6_reconciliation,,,https://data.worldbank.org/indicator/AG.LND.ARBL.HA.PC,"Revalidate provenance, semantics, measurement metadata, player copy, family/domain, and generator priority.",
existing:FB.ATM.TOTL.P5,existing_playable,Highest automated teller machines (ATMs),Economy,,,World Bank,FB.ATM.TOTL.P5,2024,147,verified,,retain_and_audit,existing_validated,pending_v16_2_6_reconciliation,,,https://data.worldbank.org/indicator/FB.ATM.TOTL.P5,"Revalidate provenance, semantics, measurement metadata, player copy, family/domain, and generator priority.",
existing:PEW_RELIGION_2020_BUDDHIST_SHARE,existing_playable,Highest Buddhist share,Religion,,,Pew Research Center,PEW_RELIGION_2020_BUDDHIST_SHARE,2020,179,verified,Never seen this in game play,retain_exposure_review,existing_validated,pending_v16_2_6_reconciliation,,,https://www.pewresearch.org/religion/feature/religious-composition-by-country-2010-2020/,"Revalidate provenance, semantics, measurement metadata, player copy, family/domain, and generator priority.",
existing:EN.GHG.CO2.AG.MT.CE.AR5,existing_playable,Highest carbon dioxide (CO2) emissions from Agriculture,Environment,,,World Bank,EN.GHG.CO2.AG.MT.CE.AR5,2024,109,verified,,retain_and_audit,existing_validated,pending_v16_2_6_reconciliation,,,https://data.worldbank.org/indicator/EN.GHG.CO2.AG.MT.CE.AR5,"Revalidate provenance, semantics, measurement metadata, player copy, family/domain, and generator priority.",
existing:EN.GHG.CO2.BU.MT.CE.AR5,existing_playable,Highest carbon dioxide (CO2) emissions from Building (Energy),Environment,,,World Bank,EN.GHG.CO2.BU.MT.CE.AR5,2024,182,verified,,retain_and_audit,existing_validated,pending_v16_2_6_reconciliation,,,https://data.worldbank.org/indicator/EN.GHG.CO2.BU.MT.CE.AR5,"Revalidate provenance, semantics, measurement metadata, player copy, family/domain, and generator priority.",
existing:EN.GHG.CO2.IC.MT.CE.AR5,existing_playable,Highest carbon dioxide (CO2) emissions from Industrial Combustion (Energy),Environment,,,World Bank,EN.GHG.CO2.IC.MT.CE.AR5,2024,182,verified,Remove,remove,existing_validated,pending_v16_2_6_reconciliation,,,https://data.worldbank.org/indicator/EN.GHG.CO2.IC.MT.CE.AR5,"Revalidate provenance, semantics, measurement metadata, player copy, family/domain, and generator priority.",
existing:EN.GHG.CO2.IP.MT.CE.AR5,existing_playable,Highest carbon dioxide (CO2) emissions from Industrial Processes,Environment,,,World Bank,EN.GHG.CO2.IP.MT.CE.AR5,2024,186,verified,Remove,remove,existing_validated,pending_v16_2_6_reconciliation,,,https://data.worldbank.org/indicator/EN.GHG.CO2.IP.MT.CE.AR5,"Revalidate provenance, semantics, measurement metadata, player copy, family/domain, and generator priority.",
existing:EN.GHG.CO2.TR.MT.CE.AR5,existing_playable,Highest carbon dioxide (CO2) emissions from Transport (Energy),Environment,,,World Bank,EN.GHG.CO2.TR.MT.CE.AR5,2024,182,verified,,retain_and_audit,existing_validated,pending_v16_2_6_reconciliation,,,https://data.worldbank.org/indicator/EN.GHG.CO2.TR.MT.CE.AR5,"Revalidate provenance, semantics, measurement metadata, player copy, family/domain, and generator priority.",
existing:NE.GDI.STKB.CD,existing_playable,Highest changes in inventories,Economy,,,World Bank,NE.GDI.STKB.CD,2025,106,verified,"Never seen this in game play, also confusing what this means",clarify_or_remove,existing_validated,pending_v16_2_6_reconciliation,,,https://data.worldbank.org/indicator/NE.GDI.STKB.CD,"Revalidate provenance, semantics, measurement metadata, player copy, family/domain, and generator priority.",
existing:BM.GSR.ROYL.CD,existing_playable,"Highest charges for the use of intellectual property, payments",Economy,,,World Bank,BM.GSR.ROYL.CD,2024,139,verified,Never seen this in game play,retain_exposure_review,existing_validated,pending_v16_2_6_reconciliation,,,https://data.worldbank.org/indicator/BM.GSR.ROYL.CD,"Revalidate provenance, semantics, measurement metadata, player copy, family/domain, and generator priority.",
existing:BX.GSR.ROYL.CD,existing_playable,"Highest charges for the use of intellectual property, receipts",Economy,,,World Bank,BX.GSR.ROYL.CD,2024,120,verified,Never seen this in game play,retain_exposure_review,existing_validated,pending_v16_2_6_reconciliation,,,https://data.worldbank.org/indicator/BX.GSR.ROYL.CD,"Revalidate provenance, semantics, measurement metadata, player copy, family/domain, and generator priority.",
existing:PEW_RELIGION_2020_CHRISTIAN_SHARE,existing_playable,Highest Christian share,Religion,,,Pew Research Center,PEW_RELIGION_2020_CHRISTIAN_SHARE,2020,179,verified,Never seen this in game play,retain_exposure_review,existing_validated,pending_v16_2_6_reconciliation,,,https://www.pewresearch.org/religion/feature/religious-composition-by-country-2010-2020/,"Revalidate provenance, semantics, measurement metadata, player copy, family/domain, and generator priority.",
existing:FB.CBK.BRCH.P5,existing_playable,Highest commercial bank branches,Economy,,,World Bank,FB.CBK.BRCH.P5,2024,149,verified,,retain_and_audit,existing_validated,pending_v16_2_6_reconciliation,,,https://data.worldbank.org/indicator/FB.CBK.BRCH.P5,"Revalidate provenance, semantics, measurement metadata, player copy, family/domain, and generator priority.",
existing:BX.GSR.CMCP.ZS,existing_playable,Highest communications and IT export share,Economy,,,World Bank,BX.GSR.CMCP.ZS,2024,159,verified,,retain_and_audit,existing_validated,pending_v16_2_6_reconciliation,,,https://data.worldbank.org/indicator/BX.GSR.CMCP.ZS,"Revalidate provenance, semantics, measurement metadata, player copy, family/domain, and generator priority.",
existing:EN.GHG.CO2.PI.MT.CE.AR5,existing_playable,Highest CO₂ emissions from power generation,Environment,,,World Bank,EN.GHG.CO2.PI.MT.CE.AR5,2024,182,verified,,retain_and_audit,existing_validated,pending_v16_2_6_reconciliation,,,https://data.worldbank.org/indicator/EN.GHG.CO2.PI.MT.CE.AR5,"Revalidate provenance, semantics, measurement metadata, player copy, family/domain, and generator priority.",
existing:SE.XPD.TOTL.GD.ZS,existing_playable,Highest education-spending share of GDP,Education,,,World Bank,SE.XPD.TOTL.GD.ZS,2023,112,verified,,retain_and_audit,existing_validated,pending_v16_2_6_reconciliation,,,https://data.worldbank.org/indicator/SE.XPD.TOTL.GD.ZS,"Revalidate provenance, semantics, measurement metadata, player copy, family/domain, and generator priority.",
existing:EG.ELC.LOSS.ZS,existing_playable,Highest electricity transmission and distribution loss rate,Energy,,,World Bank,EG.ELC.LOSS.ZS,2023,145,verified,,retain_and_audit,existing_validated,pending_v16_2_6_reconciliation,,,https://data.worldbank.org/indicator/EG.ELC.LOSS.ZS,"Revalidate provenance, semantics, measurement metadata, player copy, family/domain, and generator priority.",
existing:EG.USE.ELEC.KH.PC,existing_playable,Highest electricity use per person,Energy,,,World Bank,EG.USE.ELEC.KH.PC,2023,145,verified,"Great Category, never seen it in gameplay",retain_priority_exposure,existing_validated,pending_v16_2_6_reconciliation,,,https://data.worldbank.org/indicator/EG.USE.ELEC.KH.PC,"Revalidate provenance, semantics, measurement metadata, player copy, family/domain, and generator priority.",
existing:EG.USE.PCAP.KG.OE,existing_playable,Highest energy use per person,Energy,,,World Bank,EG.USE.PCAP.KG.OE,2023,146,verified,"Great Category, never seen it in gameplay",retain_priority_exposure,existing_validated,pending_v16_2_6_reconciliation,,,https://data.worldbank.org/indicator/EG.USE.PCAP.KG.OE,"Revalidate provenance, semantics, measurement metadata, player copy, family/domain, and generator priority.",
existing:FBS:bananas,existing_playable,Highest estimated banana consumption per person,Food consumption,,,FAOSTAT Food Balances,FBS:bananas,2023,169,verified,,retain_and_audit,existing_validated,pending_v16_2_6_reconciliation,,,https://www.fao.org/faostat/en/#data/FBS,"Revalidate provenance, semantics, measurement metadata, player copy, family/domain, and generator priority.",
existing:FBS:beef,existing_playable,Highest estimated beef consumption per person,Food consumption,,,FAOSTAT Food Balances,FBS:beef,2023,171,verified,,retain_and_audit,existing_validated,pending_v16_2_6_reconciliation,,,https://www.fao.org/faostat/en/#data/FBS,"Revalidate provenance, semantics, measurement metadata, player copy, family/domain, and generator priority.",
existing:FBS:beer,existing_playable,Highest estimated beer consumption per person,Food consumption,,,FAOSTAT Food Balances,FBS:beer,2023,170,verified,,retain_and_audit,existing_validated,pending_v16_2_6_reconciliation,,,https://www.fao.org/faostat/en/#data/FBS,"Revalidate provenance, semantics, measurement metadata, player copy, family/domain, and generator priority.",
existing:FBS:calories,existing_playable,Highest estimated calorie intake per person,Food consumption,,,FAOSTAT Food Balances,FBS:calories,2023,171,verified,,retain_and_audit,existing_validated,pending_v16_2_6_reconciliation,,,https://www.fao.org/faostat/en/#data/FBS,"Revalidate provenance, semantics, measurement metadata, player copy, family/domain, and generator priority.",
existing:FBS:coffee,existing_playable,Highest estimated coffee consumption per person,Food consumption,,,FAOSTAT Food Balances,FBS:coffee,2023,171,verified,,retain_and_audit,existing_validated,pending_v16_2_6_reconciliation,,,https://www.fao.org/faostat/en/#data/FBS,"Revalidate provenance, semantics, measurement metadata, player copy, family/domain, and generator priority.",
existing:FBS:eggs,existing_playable,Highest estimated egg consumption per person,Food consumption,,,FAOSTAT Food Balances,FBS:eggs,2023,171,verified,,retain_and_audit,existing_validated,pending_v16_2_6_reconciliation,,,https://www.fao.org/faostat/en/#data/FBS,"Revalidate provenance, semantics, measurement metadata, player copy, family/domain, and generator priority.",
existing:FBS:fish,existing_playable,Highest estimated fish consumption per person,Food consumption,,,FAOSTAT Food Balances,FBS:fish,2023,171,verified,,retain_and_audit,existing_validated,pending_v16_2_6_reconciliation,,,https://www.fao.org/faostat/en/#data/FBS,"Revalidate provenance, semantics, measurement metadata, player copy, family/domain, and generator priority.",
existing:FBS:fruit,existing_playable,Highest estimated fruit consumption per person,Food consumption,,,FAOSTAT Food Balances,FBS:fruit,2023,171,verified,,retain_and_audit,existing_validated,pending_v16_2_6_reconciliation,,,https://www.fao.org/faostat/en/#data/FBS,"Revalidate provenance, semantics, measurement metadata, player copy, family/domain, and generator priority.",
existing:FBS:maize,existing_playable,Highest estimated maize consumption per person,Food consumption,,,FAOSTAT Food Balances,FBS:maize,2023,168,verified,,retain_and_audit,existing_validated,pending_v16_2_6_reconciliation,,,https://www.fao.org/faostat/en/#data/FBS,"Revalidate provenance, semantics, measurement metadata, player copy, family/domain, and generator priority.",
existing:FBS:meat,existing_playable,Highest estimated meat consumption per person,Food consumption,,,FAOSTAT Food Balances,FBS:meat,2023,171,verified,,retain_and_audit,existing_validated,pending_v16_2_6_reconciliation,,,https://www.fao.org/faostat/en/#data/FBS,"Revalidate provenance, semantics, measurement metadata, player copy, family/domain, and generator priority.",
existing:FBS:milk,existing_playable,Highest estimated milk consumption per person,Food consumption,,,FAOSTAT Food Balances,FBS:milk,2023,171,verified,,retain_and_audit,existing_validated,pending_v16_2_6_reconciliation,,,https://www.fao.org/faostat/en/#data/FBS,"Revalidate provenance, semantics, measurement metadata, player copy, family/domain, and generator priority.",
existing:FBS:onions,existing_playable,Highest estimated onion consumption per person,Food consumption,,,FAOSTAT Food Balances,FBS:onions,2023,166,verified,,retain_and_audit,existing_validated,pending_v16_2_6_reconciliation,,,https://www.fao.org/faostat/en/#data/FBS,"Revalidate provenance, semantics, measurement metadata, player copy, family/domain, and generator priority.",
existing:FBS:pork,existing_playable,Highest estimated pork consumption per person,Food consumption,,,FAOSTAT Food Balances,FBS:pork,2023,170,verified,,retain_and_audit,existing_validated,pending_v16_2_6_reconciliation,,,https://www.fao.org/faostat/en/#data/FBS,"Revalidate provenance, semantics, measurement metadata, player copy, family/domain, and generator priority.",
existing:FBS:potatoes,existing_playable,Highest estimated potato consumption per person,Food consumption,,,FAOSTAT Food Balances,FBS:potatoes,2023,171,verified,,retain_and_audit,existing_validated,pending_v16_2_6_reconciliation,,,https://www.fao.org/faostat/en/#data/FBS,"Revalidate provenance, semantics, measurement metadata, player copy, family/domain, and generator priority.",
existing:FBS:poultry,existing_playable,Highest estimated poultry consumption per person,Food consumption,,,FAOSTAT Food Balances,FBS:poultry,2023,171,verified,,retain_and_audit,existing_validated,pending_v16_2_6_reconciliation,,,https://www.fao.org/faostat/en/#data/FBS,"Revalidate provenance, semantics, measurement metadata, player copy, family/domain, and generator priority.",
existing:FBS:protein,existing_playable,Highest estimated protein intake per person,Food consumption,,,FAOSTAT Food Balances,FBS:protein,2023,171,verified,,retain_and_audit,existing_validated,pending_v16_2_6_reconciliation,,,https://www.fao.org/faostat/en/#data/FBS,"Revalidate provenance, semantics, measurement metadata, player copy, family/domain, and generator priority.",
existing:FBS:pulses,existing_playable,Highest estimated pulse consumption per person,Food consumption,,,FAOSTAT Food Balances,FBS:pulses,2023,171,verified,,retain_and_audit,existing_validated,pending_v16_2_6_reconciliation,,,https://www.fao.org/faostat/en/#data/FBS,"Revalidate provenance, semantics, measurement metadata, player copy, family/domain, and generator priority.",
existing:FBS:rice,existing_playable,Highest estimated rice consumption per person,Food consumption,,,FAOSTAT Food Balances,FBS:rice,2023,171,verified,,retain_and_audit,existing_validated,pending_v16_2_6_reconciliation,,,https://www.fao.org/faostat/en/#data/FBS,"Revalidate provenance, semantics, measurement metadata, player copy, family/domain, and generator priority.",
existing:FBS:sugar,existing_playable,Highest estimated sugar consumption per person,Food consumption,,,FAOSTAT Food Balances,FBS:sugar,2023,171,verified,,retain_and_audit,existing_validated,pending_v16_2_6_reconciliation,,,https://www.fao.org/faostat/en/#data/FBS,"Revalidate provenance, semantics, measurement metadata, player copy, family/domain, and generator priority.",
existing:FBS:tea,existing_playable,Highest estimated tea consumption per person,Food consumption,,,FAOSTAT Food Balances,FBS:tea,2023,170,verified,,retain_and_audit,existing_validated,pending_v16_2_6_reconciliation,,,https://www.fao.org/faostat/en/#data/FBS,"Revalidate provenance, semantics, measurement metadata, player copy, family/domain, and generator priority.",
existing:FBS:tomatoes,existing_playable,Highest estimated tomato consumption per person,Food consumption,,,FAOSTAT Food Balances,FBS:tomatoes,2023,171,verified,,retain_and_audit,existing_validated,pending_v16_2_6_reconciliation,,,https://www.fao.org/faostat/en/#data/FBS,"Revalidate provenance, semantics, measurement metadata, player copy, family/domain, and generator priority.",
existing:FBS:vegetables,existing_playable,Highest estimated vegetable consumption per person,Food consumption,,,FAOSTAT Food Balances,FBS:vegetables,2023,171,verified,,retain_and_audit,existing_validated,pending_v16_2_6_reconciliation,,,https://www.fao.org/faostat/en/#data/FBS,"Revalidate provenance, semantics, measurement metadata, player copy, family/domain, and generator priority.",
existing:FBS:vegetable-oil,existing_playable,Highest estimated vegetable oil consumption per person,Food consumption,,,FAOSTAT Food Balances,FBS:vegetable-oil,2023,171,verified,,retain_and_audit,existing_validated,pending_v16_2_6_reconciliation,,,https://www.fao.org/faostat/en/#data/FBS,"Revalidate provenance, semantics, measurement metadata, player copy, family/domain, and generator priority.",
existing:FBS:wheat-products,existing_playable,Highest estimated wheat consumption per person,Food consumption,,,FAOSTAT Food Balances,FBS:wheat-products,2023,171,verified,,retain_and_audit,existing_validated,pending_v16_2_6_reconciliation,,,https://www.fao.org/faostat/en/#data/FBS,"Revalidate provenance, semantics, measurement metadata, player copy, family/domain, and generator priority.",
existing:FBS:wine,existing_playable,Highest estimated wine consumption per person,Food consumption,,,FAOSTAT Food Balances,FBS:wine,2023,171,verified,,retain_and_audit,existing_validated,pending_v16_2_6_reconciliation,,,https://www.fao.org/faostat/en/#data/FBS,"Revalidate provenance, semantics, measurement metadata, player copy, family/domain, and generator priority.",
existing:EN.GHG.FGAS.IP.MT.CE.AR5,existing_playable,Highest f-gases emissions from Industrial Processes,Environment,,,World Bank,EN.GHG.FGAS.IP.MT.CE.AR5,2024,153,verified,Remove,remove,existing_validated,pending_v16_2_6_reconciliation,,,https://data.worldbank.org/indicator/EN.GHG.FGAS.IP.MT.CE.AR5,"Revalidate provenance, semantics, measurement metadata, player copy, family/domain, and generator priority.",
existing:SL.TLF.CACT.FE.ZS,existing_playable,Highest female labor-force participation rate,Labor,,,World Bank,SL.TLF.CACT.FE.ZS,2025,174,verified,,retain_and_audit,existing_validated,pending_v16_2_6_reconciliation,,,https://data.worldbank.org/indicator/SL.TLF.CACT.FE.ZS,"Revalidate provenance, semantics, measurement metadata, player copy, family/domain, and generator priority.",
existing:SP.DYN.TFRT.IN,existing_playable,Highest fertility rate,Health,,,World Bank,SP.DYN.TFRT.IN,2024,194,verified,,retain_and_audit,existing_validated,pending_v16_2_6_reconciliation,,,https://data.worldbank.org/indicator/SP.DYN.TFRT.IN,"Revalidate provenance, semantics, measurement metadata, player copy, family/domain, and generator priority.",
existing:EN.ATM.PM25.MC.M3,existing_playable,Highest fine-particle air pollution,Infrastructure,,,World Bank,EN.ATM.PM25.MC.M3,2023,193,verified,,retain_and_audit,existing_validated,pending_v16_2_6_reconciliation,,,https://data.worldbank.org/indicator/EN.ATM.PM25.MC.M3,"Revalidate provenance, semantics, measurement metadata, player copy, family/domain, and generator priority.",
existing:IT.NET.BBND,existing_playable,Highest fixed broadband subscriptions,Infrastructure,,,World Bank,IT.NET.BBND,2024,146,verified,,retain_and_audit,existing_validated,pending_v16_2_6_reconciliation,,,https://data.worldbank.org/indicator/IT.NET.BBND,"Revalidate provenance, semantics, measurement metadata, player copy, family/domain, and generator priority.",
existing:IT.NET.BBND.P2,existing_playable,Highest fixed broadband subscriptions per 100 people,Technology,,,World Bank,IT.NET.BBND.P2,2024,146,verified,,retain_and_audit,existing_validated,pending_v16_2_6_reconciliation,,,https://data.worldbank.org/indicator/IT.NET.BBND.P2,"Revalidate provenance, semantics, measurement metadata, player copy, family/domain, and generator priority.",
existing:IT.MLT.MAIN,existing_playable,Highest fixed telephone subscriptions,Infrastructure,,,World Bank,IT.MLT.MAIN,2024,141,verified,,retain_and_audit,existing_validated,pending_v16_2_6_reconciliation,,,https://data.worldbank.org/indicator/IT.MLT.MAIN,"Revalidate provenance, semantics, measurement metadata, player copy, family/domain, and generator priority.",
existing:TX.VAL.FOOD.ZS.UN,existing_playable,Highest food share of exports,Trade,,,World Bank,TX.VAL.FOOD.ZS.UN,2024,126,verified,"Great Category, never seen it in gameplay",retain_priority_exposure,existing_validated,pending_v16_2_6_reconciliation,,,https://data.worldbank.org/indicator/TX.VAL.FOOD.ZS.UN,"Revalidate provenance, semantics, measurement metadata, player copy, family/domain, and generator priority.",
existing:TM.VAL.FOOD.ZS.UN,existing_playable,Highest food share of imports,Trade,,,World Bank,TM.VAL.FOOD.ZS.UN,2024,126,verified,"Great Category, never seen it in gameplay",retain_priority_exposure,existing_validated,pending_v16_2_6_reconciliation,,,https://data.worldbank.org/indicator/TM.VAL.FOOD.ZS.UN,"Revalidate provenance, semantics, measurement metadata, player copy, family/domain, and generator priority.",
existing:BN.KLT.DINV.CD,existing_playable,"Highest foreign direct investment, net",Economy,,,World Bank,BN.KLT.DINV.CD,2024,161,verified,,retain_and_audit,existing_validated,pending_v16_2_6_reconciliation,,,https://data.worldbank.org/indicator/BN.KLT.DINV.CD,"Revalidate provenance, semantics, measurement metadata, player copy, family/domain, and generator priority.",
existing:BX.KLT.DINV.CD.WD,existing_playable,"Highest foreign direct investment, net inflows",Economy,,,World Bank,BX.KLT.DINV.CD.WD,2024,183,verified,Remove,remove,existing_validated,pending_v16_2_6_reconciliation,,,https://data.worldbank.org/indicator/BX.KLT.DINV.CD.WD,"Revalidate provenance, semantics, measurement metadata, player copy, family/domain, and generator priority.",
existing:BM.KLT.DINV.CD.WD,existing_playable,"Highest foreign direct investment, net outflows",Economy,,,World Bank,BM.KLT.DINV.CD.WD,2024,160,verified,Remove,remove,existing_validated,pending_v16_2_6_reconciliation,,,https://data.worldbank.org/indicator/BM.KLT.DINV.CD.WD,"Revalidate provenance, semantics, measurement metadata, player copy, family/domain, and generator priority.",
existing:EG.GDP.PUSE.KO.PP,existing_playable,Highest gDP per unit of energy use,Energy,,,World Bank,EG.GDP.PUSE.KO.PP,2023,139,verified,Like this but a bit confusing name,clarify_or_remove,existing_validated,pending_v16_2_6_reconciliation,,,https://data.worldbank.org/indicator/EG.GDP.PUSE.KO.PP,"Revalidate provenance, semantics, measurement metadata, player copy, family/domain, and generator priority.",
existing:BX.GRT.EXTA.CD.WD,existing_playable,"Highest grants, excluding technical cooperation",Economy,,,World Bank,BX.GRT.EXTA.CD.WD,2023,135,verified,What does the mean,clarify_or_remove,existing_validated,pending_v16_2_6_reconciliation,,,https://data.worldbank.org/indicator/BX.GRT.EXTA.CD.WD,"Revalidate provenance, semantics, measurement metadata, player copy, family/domain, and generator priority.",
existing:EN.GHG.ALL.PC.CE.AR5,existing_playable,Highest greenhouse-gas emissions per person,Environment,,,World Bank,EN.GHG.ALL.PC.CE.AR5,2024,186,verified,"Great Category, never seen it in gameplay",retain_priority_exposure,existing_validated,pending_v16_2_6_reconciliation,,,https://data.worldbank.org/indicator/EN.GHG.ALL.PC.CE.AR5,"Revalidate provenance, semantics, measurement metadata, player copy, family/domain, and generator priority.",
existing:NE.GDI.TOTL.CN,existing_playable,Highest gross capital formation,Economy,,,World Bank,NE.GDI.TOTL.CN,2025,127,verified,Like this but a bit confusing name,clarify_or_remove,existing_validated,pending_v16_2_6_reconciliation,,,https://data.worldbank.org/indicator/NE.GDI.TOTL.CN,"Revalidate provenance, semantics, measurement metadata, player copy, family/domain, and generator priority.",
existing:SH.XPD.CHEX.GD.ZS,existing_playable,Highest health-spending share of GDP,Health,,,World Bank,SH.XPD.CHEX.GD.ZS,2023,192,verified,,retain_and_audit,existing_validated,pending_v16_2_6_reconciliation,,,https://data.worldbank.org/indicator/SH.XPD.CHEX.GD.ZS,"Revalidate provenance, semantics, measurement metadata, player copy, family/domain, and generator priority.",
existing:PEW_RELIGION_2020_HINDU_SHARE,existing_playable,Highest Hindu share,Religion,,,Pew Research Center,PEW_RELIGION_2020_HINDU_SHARE,2020,179,verified,"Great Category, never seen it in gameplay",retain_priority_exposure,existing_validated,pending_v16_2_6_reconciliation,,,https://www.pewresearch.org/religion/feature/religious-composition-by-country-2010-2020/,"Revalidate provenance, semantics, measurement metadata, player copy, family/domain, and generator priority.",
existing:DT.DOD.MWBG.CD,existing_playable,Highest iBRD loans and IDA credits,Economy,,,World Bank,DT.DOD.MWBG.CD,2024,115,verified,Remove,remove,existing_validated,pending_v16_2_6_reconciliation,,,https://data.worldbank.org/indicator/DT.DOD.MWBG.CD,"Revalidate provenance, semantics, measurement metadata, player copy, family/domain, and generator priority.",
existing:DT.TDS.DIMF.CD,existing_playable,Highest iMF repurchases and charges,Economy,,,World Bank,DT.TDS.DIMF.CD,2024,118,verified,Remove,remove,existing_validated,pending_v16_2_6_reconciliation,,,https://data.worldbank.org/indicator/DT.TDS.DIMF.CD,"Revalidate provenance, semantics, measurement metadata, player copy, family/domain, and generator priority.",
existing:PEW_RELIGION_2020_JEWISH_SHARE,existing_playable,Highest Jewish share,Religion,,,Pew Research Center,PEW_RELIGION_2020_JEWISH_SHARE,2020,179,verified,"Great Category, never seen it in gameplay",retain_priority_exposure,existing_validated,pending_v16_2_6_reconciliation,,,https://www.pewresearch.org/religion/feature/religious-composition-by-country-2010-2020/,"Revalidate provenance, semantics, measurement metadata, player copy, family/domain, and generator priority.",
existing:EN.MAM.THRD.NO,existing_playable,"Highest mammal species, threatened",Environment,,,World Bank,EN.MAM.THRD.NO,2022,194,verified,Never seen this in game play,retain_exposure_review,existing_validated,pending_v16_2_6_reconciliation,,,https://data.worldbank.org/indicator/EN.MAM.THRD.NO,"Revalidate provenance, semantics, measurement metadata, player copy, family/domain, and generator priority.",
existing:EN.GHG.CH4.AG.MT.CE.AR5,existing_playable,Highest methane (CH4) emissions from Agriculture,Environment,,,World Bank,EN.GHG.CH4.AG.MT.CE.AR5,2024,184,verified,,retain_and_audit,existing_validated,pending_v16_2_6_reconciliation,,,https://data.worldbank.org/indicator/EN.GHG.CH4.AG.MT.CE.AR5,"Revalidate provenance, semantics, measurement metadata, player copy, family/domain, and generator priority.",
existing:EN.GHG.CH4.BU.MT.CE.AR5,existing_playable,Highest methane (CH4) emissions from Building (Energy),Environment,,,World Bank,EN.GHG.CH4.BU.MT.CE.AR5,2024,182,verified,,retain_and_audit,existing_validated,pending_v16_2_6_reconciliation,,,https://data.worldbank.org/indicator/EN.GHG.CH4.BU.MT.CE.AR5,"Revalidate provenance, semantics, measurement metadata, player copy, family/domain, and generator priority.",
existing:EN.GHG.CH4.TR.MT.CE.AR5,existing_playable,Highest methane (CH4) emissions from Transport (Energy),Environment,,,World Bank,EN.GHG.CH4.TR.MT.CE.AR5,2024,182,verified,,retain_and_audit,existing_validated,pending_v16_2_6_reconciliation,,,https://data.worldbank.org/indicator/EN.GHG.CH4.TR.MT.CE.AR5,"Revalidate provenance, semantics, measurement metadata, player copy, family/domain, and generator priority.",
existing:EN.GHG.CH4.WA.MT.CE.AR5,existing_playable,Highest methane (CH4) emissions from Waste,Environment,,,World Bank,EN.GHG.CH4.WA.MT.CE.AR5,2024,186,verified,,retain_and_audit,existing_validated,pending_v16_2_6_reconciliation,,,https://data.worldbank.org/indicator/EN.GHG.CH4.WA.MT.CE.AR5,"Revalidate provenance, semantics, measurement metadata, player copy, family/domain, and generator priority.",
existing:EN.GHG.CH4.MT.CE.AR5,existing_playable,Highest methane emissions,Environment,,,World Bank,EN.GHG.CH4.MT.CE.AR5,2024,186,verified,,retain_and_audit,existing_validated,pending_v16_2_6_reconciliation,,,https://data.worldbank.org/indicator/EN.GHG.CH4.MT.CE.AR5,"Revalidate provenance, semantics, measurement metadata, player copy, family/domain, and generator priority.",
existing:MS.MIL.XPND.CD,existing_playable,Highest military spending,Government,,,World Bank,MS.MIL.XPND.CD,2024,150,verified,Great Category,retain_priority,existing_validated,pending_v16_2_6_reconciliation,,,https://data.worldbank.org/indicator/MS.MIL.XPND.CD,"Revalidate provenance, semantics, measurement metadata, player copy, family/domain, and generator priority.",
existing:MS.MIL.XPND.GD.ZS,existing_playable,Highest military spending share,Government,,,World Bank,MS.MIL.XPND.GD.ZS,2024,146,verified,Great Category,retain_priority,existing_validated,pending_v16_2_6_reconciliation,,,https://data.worldbank.org/indicator/MS.MIL.XPND.GD.ZS,"Revalidate provenance, semantics, measurement metadata, player copy, family/domain, and generator priority.",
existing:IT.CEL.SETS,existing_playable,Highest mobile cellular subscriptions,Infrastructure,,,World Bank,IT.CEL.SETS,2024,146,verified,,retain_and_audit,existing_validated,pending_v16_2_6_reconciliation,,,https://data.worldbank.org/indicator/IT.CEL.SETS,"Revalidate provenance, semantics, measurement metadata, player copy, family/domain, and generator priority.",
existing:IT.CEL.SETS.P2,existing_playable,Highest mobile subscriptions per 100 people,Technology,,,World Bank,IT.CEL.SETS.P2,2024,146,verified,,retain_and_audit,existing_validated,pending_v16_2_6_reconciliation,,,https://data.worldbank.org/indicator/IT.CEL.SETS.P2,"Revalidate provenance, semantics, measurement metadata, player copy, family/domain, and generator priority.",
existing:PEW_RELIGION_2020_MUSLIM_SHARE,existing_playable,Highest Muslim share,Religion,,,Pew Research Center,PEW_RELIGION_2020_MUSLIM_SHARE,2020,179,verified,"Great Category, never seen it in gameplay",retain_priority_exposure,existing_validated,pending_v16_2_6_reconciliation,,,https://www.pewresearch.org/religion/feature/religious-composition-by-country-2010-2020/,"Revalidate provenance, semantics, measurement metadata, player copy, family/domain, and generator priority.",
existing:BN.TRF.KOGT.CD,existing_playable,Highest net capital account,Economy,,,World Bank,BN.TRF.KOGT.CD,2024,149,verified,I don’t know what this means,clarify_or_remove,existing_validated,pending_v16_2_6_reconciliation,,,https://data.worldbank.org/indicator/BN.TRF.KOGT.CD,"Revalidate provenance, semantics, measurement metadata, player copy, family/domain, and generator priority.",
existing:BN.KAC.EOMS.CD,existing_playable,Highest net errors and omissions,Economy,,,World Bank,BN.KAC.EOMS.CD,2024,161,verified,I don’t know what this means,clarify_or_remove,existing_validated,pending_v16_2_6_reconciliation,,,https://data.worldbank.org/indicator/BN.KAC.EOMS.CD,"Revalidate provenance, semantics, measurement metadata, player copy, family/domain, and generator priority.",
existing:BN.FIN.TOTL.CD,existing_playable,Highest net financial account,Economy,,,World Bank,BN.FIN.TOTL.CD,2024,161,verified,I don’t know what this means,clarify_or_remove,existing_validated,pending_v16_2_6_reconciliation,,,https://data.worldbank.org/indicator/BN.FIN.TOTL.CD,"Revalidate provenance, semantics, measurement metadata, player copy, family/domain, and generator priority.",
existing:DT.NFL.BLAT.CD,existing_playable,"Highest net financial flows, bilateral",Economy,,,World Bank,DT.NFL.BLAT.CD,2024,116,verified,I don’t know what this means,clarify_or_remove,existing_validated,pending_v16_2_6_reconciliation,,,https://data.worldbank.org/indicator/DT.NFL.BLAT.CD,"Revalidate provenance, semantics, measurement metadata, player copy, family/domain, and generator priority.",
existing:DT.NFL.MOTH.CD,existing_playable,"Highest net financial flows, others",Economy,,,World Bank,DT.NFL.MOTH.CD,2024,111,verified,Remove,remove,existing_validated,pending_v16_2_6_reconciliation,,,https://data.worldbank.org/indicator/DT.NFL.MOTH.CD,"Revalidate provenance, semantics, measurement metadata, player copy, family/domain, and generator priority.",
existing:DT.ODA.ALLD.CD,existing_playable,Highest net official development assistance and official aid received,Economy,,,World Bank,DT.ODA.ALLD.CD,2023,135,verified,"Great Category, never seen it in gameplay",retain_priority_exposure,existing_validated,pending_v16_2_6_reconciliation,,,https://data.worldbank.org/indicator/DT.ODA.ALLD.CD,"Revalidate provenance, semantics, measurement metadata, player copy, family/domain, and generator priority.",
existing:DT.ODA.ODAT.CD,existing_playable,Highest net official development assistance received,Economy,,,World Bank,DT.ODA.ODAT.CD,2023,135,verified,"A bit confusing category, but Great Category, never seen it in gameplay",retain_priority_exposure,existing_validated,pending_v16_2_6_reconciliation,,,https://data.worldbank.org/indicator/DT.ODA.ODAT.CD,"Revalidate provenance, semantics, measurement metadata, player copy, family/domain, and generator priority.",
existing:BN.GSR.FCTY.CD,existing_playable,Highest net primary income,Economy,,,World Bank,BN.GSR.FCTY.CD,2024,161,verified,"A bit confusing category, but Great Category, never seen it in gameplay",retain_priority_exposure,existing_validated,pending_v16_2_6_reconciliation,,,https://data.worldbank.org/indicator/BN.GSR.FCTY.CD,"Revalidate provenance, semantics, measurement metadata, player copy, family/domain, and generator priority.",
existing:BN.TRF.CURR.CD,existing_playable,Highest net secondary income,Economy,,,World Bank,BN.TRF.CURR.CD,2024,161,verified,"A bit confusing category, but Great Category, never seen it in gameplay",retain_priority_exposure,existing_validated,pending_v16_2_6_reconciliation,,,https://data.worldbank.org/indicator/BN.TRF.CURR.CD,"Revalidate provenance, semantics, measurement metadata, player copy, family/domain, and generator priority.",
existing:BN.GSR.MRCH.CD,existing_playable,Highest net trade in goods,Economy,,,World Bank,BN.GSR.MRCH.CD,2024,161,verified,"A bit confusing category, but Great Category, never seen it in gameplay",retain_priority_exposure,existing_validated,pending_v16_2_6_reconciliation,,,https://data.worldbank.org/indicator/BN.GSR.MRCH.CD,"Revalidate provenance, semantics, measurement metadata, player copy, family/domain, and generator priority.",
existing:BN.GSR.GNFS.CD,existing_playable,Highest net trade in goods and services,Economy,,,World Bank,BN.GSR.GNFS.CD,2024,161,verified,"A bit confusing category, but Great Category, never seen it in gameplay",retain_priority_exposure,existing_validated,pending_v16_2_6_reconciliation,,,https://data.worldbank.org/indicator/BN.GSR.GNFS.CD,"Revalidate provenance, semantics, measurement metadata, player copy, family/domain, and generator priority.",
existing:IC.BUS.NREG,existing_playable,Highest new businesses registered,Economy,,,World Bank,IC.BUS.NREG,2024,128,verified,What does new mean? Never seen this,clarify_or_remove,existing_validated,pending_v16_2_6_reconciliation,,,https://data.worldbank.org/indicator/IC.BUS.NREG,"Revalidate provenance, semantics, measurement metadata, player copy, family/domain, and generator priority.",
existing:IC.BUS.NDNS.ZS,existing_playable,Highest new-business density,Economy,,,World Bank,IC.BUS.NDNS.ZS,2024,128,verified,What does new mean? Never seen this,clarify_or_remove,existing_validated,pending_v16_2_6_reconciliation,,,https://data.worldbank.org/indicator/IC.BUS.NDNS.ZS,"Revalidate provenance, semantics, measurement metadata, player copy, family/domain, and generator priority.",
existing:EN.GHG.N2O.AG.MT.CE.AR5,existing_playable,Highest nitrous oxide (N2O) emissions from Agriculture,Environment,,,World Bank,EN.GHG.N2O.AG.MT.CE.AR5,2024,184,verified,Remove,remove,existing_validated,pending_v16_2_6_reconciliation,,,https://data.worldbank.org/indicator/EN.GHG.N2O.AG.MT.CE.AR5,"Revalidate provenance, semantics, measurement metadata, player copy, family/domain, and generator priority.",
existing:EN.GHG.N2O.IP.MT.CE.AR5,existing_playable,Highest nitrous oxide (N2O) emissions from Industrial Processes,Environment,,,World Bank,EN.GHG.N2O.IP.MT.CE.AR5,2024,186,verified,Remove,remove,existing_validated,pending_v16_2_6_reconciliation,,,https://data.worldbank.org/indicator/EN.GHG.N2O.IP.MT.CE.AR5,"Revalidate provenance, semantics, measurement metadata, player copy, family/domain, and generator priority.",
existing:EN.GHG.N2O.WA.MT.CE.AR5,existing_playable,Highest nitrous oxide (N2O) emissions from Waste,Environment,,,World Bank,EN.GHG.N2O.WA.MT.CE.AR5,2024,186,verified,Remove,remove,existing_validated,pending_v16_2_6_reconciliation,,,https://data.worldbank.org/indicator/EN.GHG.N2O.WA.MT.CE.AR5,"Revalidate provenance, semantics, measurement metadata, player copy, family/domain, and generator priority.",
existing:PEW_RELIGION_2020_OTHER_RELIGIONS_SHARE,existing_playable,Highest other-religion share,Religion,,,Pew Research Center,PEW_RELIGION_2020_OTHER_RELIGIONS_SHARE,2020,179,verified,"Other needs to be defined - what religions are not included in other. Great Category though, never seen it in gameplay",retain_priority_exposure,existing_validated,pending_v16_2_6_reconciliation,,,https://www.pewresearch.org/religion/feature/religious-composition-by-country-2010-2020/,"Revalidate provenance, semantics, measurement metadata, player copy, family/domain, and generator priority.",
existing:BM.TRF.PWKR.CD.DT,existing_playable,"Highest personal remittances, paid",Economy,,,World Bank,BM.TRF.PWKR.CD.DT,2024,158,verified,Remove,remove,existing_validated,pending_v16_2_6_reconciliation,,,https://data.worldbank.org/indicator/BM.TRF.PWKR.CD.DT,"Revalidate provenance, semantics, measurement metadata, player copy, family/domain, and generator priority.",
existing:BX.TRF.PWKR.CD.DT,existing_playable,"Highest personal remittances, received",Economy,,,World Bank,BX.TRF.PWKR.CD.DT,2024,156,verified,Remove,remove,existing_validated,pending_v16_2_6_reconciliation,,,https://data.worldbank.org/indicator/BX.TRF.PWKR.CD.DT,"Revalidate provenance, semantics, measurement metadata, player copy, family/domain, and generator priority.",
existing:BX.TRF.PWKR.CD,existing_playable,"Highest personal transfers, receipts",Economy,,,World Bank,BX.TRF.PWKR.CD,2024,134,verified,Remove,remove,existing_validated,pending_v16_2_6_reconciliation,,,https://data.worldbank.org/indicator/BX.TRF.PWKR.CD,"Revalidate provenance, semantics, measurement metadata, player copy, family/domain, and generator priority.",
existing:EN.HPT.THRD.NO,existing_playable,"Highest plant species (higher), threatened",Environment,,,World Bank,EN.HPT.THRD.NO,2022,194,verified,"Great Category, never seen it in gameplay - title is funky",retain_priority_exposure,existing_validated,pending_v16_2_6_reconciliation,,,https://data.worldbank.org/indicator/EN.HPT.THRD.NO,"Revalidate provenance, semantics, measurement metadata, player copy, family/domain, and generator priority.",
existing:EN.POP.DNST,existing_playable,Highest population density,Population,,,World Bank,EN.POP.DNST,2023,194,verified,"Great Category, never seen it in gameplay",retain_priority_exposure,existing_validated,pending_v16_2_6_reconciliation,,,https://data.worldbank.org/indicator/EN.POP.DNST,"Revalidate provenance, semantics, measurement metadata, player copy, family/domain, and generator priority.",
existing:BX.PEF.TOTL.CD.WD,existing_playable,"Highest portfolio equity, net inflows",Economy,,,World Bank,BX.PEF.TOTL.CD.WD,2024,116,verified,I don’t know what this means,clarify_or_remove,existing_validated,pending_v16_2_6_reconciliation,,,https://data.worldbank.org/indicator/BX.PEF.TOTL.CD.WD,"Revalidate provenance, semantics, measurement metadata, player copy, family/domain, and generator priority.",
existing:BN.KLT.PTXL.CD,existing_playable,"Highest portfolio Investment, net",Economy,,,World Bank,BN.KLT.PTXL.CD,2024,154,verified,I don’t know what this means,clarify_or_remove,existing_validated,pending_v16_2_6_reconciliation,,,https://data.worldbank.org/indicator/BN.KLT.PTXL.CD,"Revalidate provenance, semantics, measurement metadata, player copy, family/domain, and generator priority.",
existing:DT.DOD.PVLX.CD,existing_playable,Highest present value of external debt,Economy,,,World Bank,DT.DOD.PVLX.CD,2024,117,verified,I don’t know what this means,clarify_or_remove,existing_validated,pending_v16_2_6_reconciliation,,,https://data.worldbank.org/indicator/DT.DOD.PVLX.CD,"Revalidate provenance, semantics, measurement metadata, player copy, family/domain, and generator priority.",
existing:BM.GSR.FCTY.CD,existing_playable,Highest primary income payments,Economy,,,World Bank,BM.GSR.FCTY.CD,2024,161,verified,I don’t know what this means,clarify_or_remove,existing_validated,pending_v16_2_6_reconciliation,,,https://data.worldbank.org/indicator/BM.GSR.FCTY.CD,"Revalidate provenance, semantics, measurement metadata, player copy, family/domain, and generator priority.",
existing:BX.GSR.FCTY.CD,existing_playable,Highest primary income receipts,Economy,,,World Bank,BX.GSR.FCTY.CD,2024,161,verified,I don’t know what this means,clarify_or_remove,existing_validated,pending_v16_2_6_reconciliation,,,https://data.worldbank.org/indicator/BX.GSR.FCTY.CD,"Revalidate provenance, semantics, measurement metadata, player copy, family/domain, and generator priority.",
existing:PEW_RELIGION_2020_UNAFFILIATED_SHARE,existing_playable,Highest religiously unaffiliated share,Religion,,,Pew Research Center,PEW_RELIGION_2020_UNAFFILIATED_SHARE,2020,179,verified,"Great Category, never seen it in gameplay",retain_priority_exposure,existing_validated,pending_v16_2_6_reconciliation,,,https://www.pewresearch.org/religion/feature/religious-composition-by-country-2010-2020/,"Revalidate provenance, semantics, measurement metadata, player copy, family/domain, and generator priority.",
existing:ER.H2O.INTR.PC,existing_playable,Highest renewable internal freshwater resources per capita,Infrastructure,,,World Bank,ER.H2O.INTR.PC,2022,180,verified,"Great Category, never seen it in gameplay",retain_priority_exposure,existing_validated,pending_v16_2_6_reconciliation,,,https://data.worldbank.org/indicator/ER.H2O.INTR.PC,"Revalidate provenance, semantics, measurement metadata, player copy, family/domain, and generator priority.",
existing:BN.RES.INCL.CD,existing_playable,Highest reserves and related items,Economy,,,World Bank,BN.RES.INCL.CD,2024,159,verified,Confusing category,clarify_or_remove,existing_validated,pending_v16_2_6_reconciliation,,,https://data.worldbank.org/indicator/BN.RES.INCL.CD,"Revalidate provenance, semantics, measurement metadata, player copy, family/domain, and generator priority.",
existing:highest-mapped-river-density,existing_playable,Highest river density,Geography,,,Natural Earth,highest-mapped-river-density,2022,195,verified,,retain_and_audit,existing_validated,pending_v16_2_6_reconciliation,,,https://www.naturalearthdata.com/,"Revalidate provenance, semantics, measurement metadata, player copy, family/domain, and generator priority.",
existing:SP.RUR.TOTL.ZS,existing_playable,Highest rural population share,Population,,,World Bank,SP.RUR.TOTL.ZS,2025,194,verified,,retain_and_audit,existing_validated,pending_v16_2_6_reconciliation,,,https://data.worldbank.org/indicator/SP.RUR.TOTL.ZS,"Revalidate provenance, semantics, measurement metadata, player copy, family/domain, and generator priority.",
existing:BX.TRF.CURR.CD,existing_playable,Highest secondary income receipts,Economy,,,World Bank,BX.TRF.CURR.CD,2024,158,verified,Remove,remove,existing_validated,pending_v16_2_6_reconciliation,,,https://data.worldbank.org/indicator/BX.TRF.CURR.CD,"Revalidate provenance, semantics, measurement metadata, player copy, family/domain, and generator priority.",
existing:BM.TRF.PRVT.CD,existing_playable,"Highest secondary income, other sectors, payments",Economy,,,World Bank,BM.TRF.PRVT.CD,2024,157,verified,Remove,remove,existing_validated,pending_v16_2_6_reconciliation,,,https://data.worldbank.org/indicator/BM.TRF.PRVT.CD,"Revalidate provenance, semantics, measurement metadata, player copy, family/domain, and generator priority.",
existing:IT.NET.SECR,existing_playable,Highest secure Internet servers,Infrastructure,,,World Bank,IT.NET.SECR,2024,194,verified,,retain_and_audit,existing_validated,pending_v16_2_6_reconciliation,,,https://data.worldbank.org/indicator/IT.NET.SECR,"Revalidate provenance, semantics, measurement metadata, player copy, family/domain, and generator priority.",
existing:EN.URB.LCTY,existing_playable,Highest share living in largest city,Infrastructure,,,World Bank,EN.URB.LCTY,2025,150,verified,,retain_and_audit,existing_validated,pending_v16_2_6_reconciliation,,,https://data.worldbank.org/indicator/EN.URB.LCTY,"Revalidate provenance, semantics, measurement metadata, player copy, family/domain, and generator priority.",
existing:FX.OWN.TOTL.ZS,existing_playable,Highest share of adults with a financial or mobile-money account,Economy,,,World Bank,FX.OWN.TOTL.ZS,2024,137,verified,,retain_and_audit,existing_validated,pending_v16_2_6_reconciliation,,,https://data.worldbank.org/indicator/FX.OWN.TOTL.ZS,"Revalidate provenance, semantics, measurement metadata, player copy, family/domain, and generator priority.",
existing:ER.LND.PTLD.ZS,existing_playable,Highest share of land protected,Environment,,,World Bank,ER.LND.PTLD.ZS,2025,193,verified,Great Category,retain_priority,existing_validated,pending_v16_2_6_reconciliation,,,https://data.worldbank.org/indicator/ER.LND.PTLD.ZS,"Revalidate provenance, semantics, measurement metadata, player copy, family/domain, and generator priority.",
existing:AG.LND.ARBL.ZS,existing_playable,Highest share of land that is arable,Agriculture,,,World Bank,AG.LND.ARBL.ZS,2023,191,verified,Great Category,retain_priority,existing_validated,pending_v16_2_6_reconciliation,,,https://data.worldbank.org/indicator/AG.LND.ARBL.ZS,"Revalidate provenance, semantics, measurement metadata, player copy, family/domain, and generator priority.",
existing:SH.H2O.BASW\.ZS,existing_playable,Highest share with basic drinking-water access,Infrastructure,,,World Bank,SH.H2O.BASW\.ZS,2024,183,verified,Great Category,retain_priority,existing_validated,pending_v16_2_6_reconciliation,,,https://data.worldbank.org/indicator/SH.H2O.BASW.ZS,"Revalidate provenance, semantics, measurement metadata, player copy, family/domain, and generator priority.",
existing:DT.DOD.DSTC.ZS,existing_playable,Highest short-term share of external debt,Economy,,,World Bank,DT.DOD.DSTC.ZS,2024,117,verified,Remove,remove,existing_validated,pending_v16_2_6_reconciliation,,,https://data.worldbank.org/indicator/DT.DOD.DSTC.ZS,"Revalidate provenance, semantics, measurement metadata, player copy, family/domain, and generator priority.",
existing:BX.GRT.TECH.CD.WD,existing_playable,Highest technical cooperation grants,Economy,,,World Bank,BX.GRT.TECH.CD.WD,2023,135,verified,Remove,remove,existing_validated,pending_v16_2_6_reconciliation,,,https://data.worldbank.org/indicator/BX.GRT.TECH.CD.WD,"Revalidate provenance, semantics, measurement metadata, player copy, family/domain, and generator priority.",
existing:EN.GHG.CO2.MT.CE.AR5,existing_playable,Highest total CO₂ emissions,Environment,,,World Bank,EN.GHG.CO2.MT.CE.AR5,2024,186,verified,"Great Category, never seen it in gameplay",retain_priority_exposure,existing_validated,pending_v16_2_6_reconciliation,,,https://data.worldbank.org/indicator/EN.GHG.CO2.MT.CE.AR5,"Revalidate provenance, semantics, measurement metadata, player copy, family/domain, and generator priority.",
existing:FI.RES.TOTL.CD,existing_playable,Highest total reserves,Economy,,,World Bank,FI.RES.TOTL.CD,2025,121,verified,Confusing - what is in a reserve. Also never seen this in gameplay,clarify_or_remove,existing_validated,pending_v16_2_6_reconciliation,,,https://data.worldbank.org/indicator/FI.RES.TOTL.CD,"Revalidate provenance, semantics, measurement metadata, player copy, family/domain, and generator priority.",
existing:FI.RES.XGLD.CD,existing_playable,Highest total reserves minus gold,Economy,,,World Bank,FI.RES.XGLD.CD,2025,121,verified,Remove,remove,existing_validated,pending_v16_2_6_reconciliation,,,https://data.worldbank.org/indicator/FI.RES.XGLD.CD,"Revalidate provenance, semantics, measurement metadata, player copy, family/domain, and generator priority.",
existing:BX.GSR.TRAN.ZS,existing_playable,Highest transport share of service exports,Economy,,,World Bank,BX.GSR.TRAN.ZS,2024,159,verified,What does the mean,clarify_or_remove,existing_validated,pending_v16_2_6_reconciliation,,,https://data.worldbank.org/indicator/BX.GSR.TRAN.ZS,"Revalidate provenance, semantics, measurement metadata, player copy, family/domain, and generator priority.",
existing:BM.GSR.TRAN.ZS,existing_playable,Highest transport share of service imports,Economy,,,World Bank,BM.GSR.TRAN.ZS,2024,159,verified,What does the mean,clarify_or_remove,existing_validated,pending_v16_2_6_reconciliation,,,https://data.worldbank.org/indicator/BM.GSR.TRAN.ZS,"Revalidate provenance, semantics, measurement metadata, player copy, family/domain, and generator priority.",
existing:BX.GSR.TRVL.ZS,existing_playable,Highest travel share of service exports,Economy,,,World Bank,BX.GSR.TRVL.ZS,2024,159,verified,What does the mean,clarify_or_remove,existing_validated,pending_v16_2_6_reconciliation,,,https://data.worldbank.org/indicator/BX.GSR.TRVL.ZS,"Revalidate provenance, semantics, measurement metadata, player copy, family/domain, and generator priority.",
existing:BM.GSR.TRVL.ZS,existing_playable,Highest travel share of service imports,Economy,,,World Bank,BM.GSR.TRVL.ZS,2024,158,verified,What does the mean,clarify_or_remove,existing_validated,pending_v16_2_6_reconciliation,,,https://data.worldbank.org/indicator/BM.GSR.TRVL.ZS,"Revalidate provenance, semantics, measurement metadata, player copy, family/domain, and generator priority.",
existing:GVP_HOLOCENE_HIGHEST_VOLCANO,existing_playable,Highest volcano,Geology,,,Smithsonian GVP,GVP_HOLOCENE_HIGHEST_VOLCANO,2026,67,verified,See this all the time,retain_and_audit,existing_validated,pending_v16_2_6_reconciliation,,,https://volcano.si.edu/volcanolist_holocene.cfm,"Revalidate provenance, semantics, measurement metadata, player copy, family/domain, and generator priority.",
existing:NV.AGR.TOTL.CD,existing_playable,Largest agricultural economy,Agriculture,,,World Bank,NV.AGR.TOTL.CD,2025,156,verified,Great Category,retain_priority,existing_validated,pending_v16_2_6_reconciliation,,,https://data.worldbank.org/indicator/NV.AGR.TOTL.CD,"Revalidate provenance, semantics, measurement metadata, player copy, family/domain, and generator priority.",
existing:88,existing_playable,Largest aircraft exports,Trade,,,UN Comtrade,88,2025,87,verified,,retain_and_audit,existing_validated,pending_v16_2_6_reconciliation,,,https://comtradeplus.un.org/,"Revalidate provenance, semantics, measurement metadata, player copy, family/domain, and generator priority.",
existing:EG.USE.COMM.CL.ZS,existing_playable,Largest alternative-and-nuclear share of energy use,Energy,,,World Bank,EG.USE.COMM.CL.ZS,2023,146,verified,"Great Category, never seen it in gameplay",retain_priority_exposure,existing_validated,pending_v16_2_6_reconciliation,,,https://data.worldbank.org/indicator/EG.USE.COMM.CL.ZS,"Revalidate provenance, semantics, measurement metadata, player copy, family/domain, and generator priority.",
existing:76,existing_playable,Largest aluminum exports,Trade,,,UN Comtrade,76,2024,131,verified,"Great Category, never seen it in gameplay",retain_priority_exposure,existing_validated,pending_v16_2_6_reconciliation,,,https://comtradeplus.un.org/,"Revalidate provenance, semantics, measurement metadata, player copy, family/domain, and generator priority.",
existing:0808,existing_playable,Largest apple-and-pear exports,Trade,,,UN Comtrade,0808,2025,73,verified,,retain_and_audit,existing_validated,pending_v16_2_6_reconciliation,,,https://comtradeplus.un.org/,"Revalidate provenance, semantics, measurement metadata, player copy, family/domain, and generator priority.",
existing:ER.FSH.AQUA.MT,existing_playable,Largest aquaculture production,Environment,,,World Bank,ER.FSH.AQUA.MT,2024,194,verified,,retain_and_audit,existing_validated,pending_v16_2_6_reconciliation,,,https://data.worldbank.org/indicator/ER.FSH.AQUA.MT,"Revalidate provenance, semantics, measurement metadata, player copy, family/domain, and generator priority.",
existing:MS.MIL.MPRT.KD,existing_playable,Largest arms imports,Government,,,World Bank,MS.MIL.MPRT.KD,2024,111,verified,"Great Category, never seen it in gameplay",retain_priority_exposure,existing_validated,pending_v16_2_6_reconciliation,,,https://data.worldbank.org/indicator/MS.MIL.MPRT.KD,"Revalidate provenance, semantics, measurement metadata, player copy, family/domain, and generator priority.",
existing:0803,existing_playable,Largest banana exports,Trade,,,UN Comtrade,0803,2025,79,verified,,retain_and_audit,existing_validated,pending_v16_2_6_reconciliation,,,https://comtradeplus.un.org/,"Revalidate provenance, semantics, measurement metadata, player copy, family/domain, and generator priority.",
existing:0201+0202,existing_playable,Largest beef exports,Trade,,,UN Comtrade,0201+0202,2025,82,verified,,retain_and_audit,existing_validated,pending_v16_2_6_reconciliation,,,https://comtradeplus.un.org/,"Revalidate provenance, semantics, measurement metadata, player copy, family/domain, and generator priority.",
existing:2203,existing_playable,Largest beer exports,Trade,,,UN Comtrade,2203,2025,88,verified,,retain_and_audit,existing_validated,pending_v16_2_6_reconciliation,,,https://comtradeplus.un.org/,"Revalidate provenance, semantics, measurement metadata, player copy, family/domain, and generator priority.",
existing:PEW_RELIGION_2020_BUDDHIST_POPULATION,existing_playable,Largest Buddhist population,Religion,,,Pew Research Center,PEW_RELIGION_2020_BUDDHIST_POPULATION,2020,179,verified,"Great Category, never seen it in gameplay",retain_priority_exposure,existing_validated,pending_v16_2_6_reconciliation,,,https://www.pewresearch.org/religion/feature/religious-composition-by-country-2010-2020/,"Revalidate provenance, semantics, measurement metadata, player copy, family/domain, and generator priority.",
existing:QCL:'02112:5111,existing_playable,Largest buffalo population,Livestock,,,FAOSTAT,QCL:'02112:5111,2024,60,verified,,retain_and_audit,existing_validated,pending_v16_2_6_reconciliation,,,https://www.fao.org/faostat/en/#data/QCL,"Revalidate provenance, semantics, measurement metadata, player copy, family/domain, and generator priority.",
existing:ER.FSH.CAPT.MT,existing_playable,Largest capture fisheries production,Environment,,,World Bank,ER.FSH.CAPT.MT,2024,194,verified,,retain_and_audit,existing_validated,pending_v16_2_6_reconciliation,,,https://data.worldbank.org/indicator/ER.FSH.CAPT.MT,"Revalidate provenance, semantics, measurement metadata, player copy, family/domain, and generator priority.",
existing:8703,existing_playable,Largest car exports,Trade,,,UN Comtrade,8703,2025,88,verified,,retain_and_audit,existing_validated,pending_v16_2_6_reconciliation,,,https://comtradeplus.un.org/,"Revalidate provenance, semantics, measurement metadata, player copy, family/domain, and generator priority.",
existing:QCL:'02111:5111,existing_playable,Largest cattle population,Livestock,,,FAOSTAT,QCL:'02111:5111,2024,182,verified,,retain_and_audit,existing_validated,pending_v16_2_6_reconciliation,,,https://www.fao.org/faostat/en/#data/QCL,"Revalidate provenance, semantics, measurement metadata, player copy, family/domain, and generator priority.",
existing:69,existing_playable,Largest ceramic exports,Trade,,,UN Comtrade,69,2025,92,verified,,retain_and_audit,existing_validated,pending_v16_2_6_reconciliation,,,https://comtradeplus.un.org/,"Revalidate provenance, semantics, measurement metadata, player copy, family/domain, and generator priority.",
existing:0406,existing_playable,Largest cheese exports,Trade,,,UN Comtrade,0406,2025,82,verified,,retain_and_audit,existing_validated,pending_v16_2_6_reconciliation,,,https://comtradeplus.un.org/,"Revalidate provenance, semantics, measurement metadata, player copy, family/domain, and generator priority.",
existing:28+29+38,existing_playable,Largest chemical exports,Trade,,,UN Comtrade,28+29+38,2024,130,verified,,retain_and_audit,existing_validated,pending_v16_2_6_reconciliation,,,https://comtradeplus.un.org/,"Revalidate provenance, semantics, measurement metadata, player copy, family/domain, and generator priority.",
existing:1806,existing_playable,Largest chocolate exports,Trade,,,UN Comtrade,1806,2025,88,verified,,retain_and_audit,existing_validated,pending_v16_2_6_reconciliation,,,https://comtradeplus.un.org/,"Revalidate provenance, semantics, measurement metadata, player copy, family/domain, and generator priority.",
existing:PEW_RELIGION_2020_CHRISTIAN_POPULATION,existing_playable,Largest Christian population,Religion,,,Pew Research Center,PEW_RELIGION_2020_CHRISTIAN_POPULATION,2020,179,verified,"Great Category, never seen it in gameplay",retain_priority_exposure,existing_validated,pending_v16_2_6_reconciliation,,,https://www.pewresearch.org/religion/feature/religious-composition-by-country-2010-2020/,"Revalidate provenance, semantics, measurement metadata, player copy, family/domain, and generator priority.",
existing:0805,existing_playable,Largest citrus-fruit exports,Trade,,,UN Comtrade,0805,2025,83,verified,,retain_and_audit,existing_validated,pending_v16_2_6_reconciliation,,,https://comtradeplus.un.org/,"Revalidate provenance, semantics, measurement metadata, player copy, family/domain, and generator priority.",
existing:61+62,existing_playable,Largest clothing exports,Trade,,,UN Comtrade,61+62,2024,131,verified,,retain_and_audit,existing_validated,pending_v16_2_6_reconciliation,,,https://comtradeplus.un.org/,"Revalidate provenance, semantics, measurement metadata, player copy, family/domain, and generator priority.",
existing:1801,existing_playable,Largest cocoa-bean exports,Trade,,,UN Comtrade,1801,2025,64,verified,,retain_and_audit,existing_validated,pending_v16_2_6_reconciliation,,,https://comtradeplus.un.org/,"Revalidate provenance, semantics, measurement metadata, player copy, family/domain, and generator priority.",
existing:0901,existing_playable,Largest coffee exports,Trade,,,UN Comtrade,0901,2025,87,verified,,retain_and_audit,existing_validated,pending_v16_2_6_reconciliation,,,https://comtradeplus.un.org/,"Revalidate provenance, semantics, measurement metadata, player copy, family/domain, and generator priority.",
existing:QCL:'F1746:5111,existing_playable,Largest combined cattle and buffalo population,Livestock,,,FAOSTAT,QCL:'F1746:5111,2024,182,verified,,retain_and_audit,existing_validated,pending_v16_2_6_reconciliation,,,https://www.fao.org/faostat/en/#data/QCL,"Revalidate provenance, semantics, measurement metadata, player copy, family/domain, and generator priority.",
existing:QCL:'F1749:5111,existing_playable,Largest combined sheep and goat population,Livestock,,,FAOSTAT,QCL:'F1749:5111,2024,178,verified,,retain_and_audit,existing_validated,pending_v16_2_6_reconciliation,,,https://www.fao.org/faostat/en/#data/QCL,"Revalidate provenance, semantics, measurement metadata, player copy, family/domain, and generator priority.",
existing:8471,existing_playable,Largest computer exports,Trade,,,UN Comtrade,8471,2025,90,verified,,retain_and_audit,existing_validated,pending_v16_2_6_reconciliation,,,https://comtradeplus.un.org/,"Revalidate provenance, semantics, measurement metadata, player copy, family/domain, and generator priority.",
existing:8542,existing_playable,Largest computer-chip exports,Trade,,,UN Comtrade,8542,2025,86,verified,,retain_and_audit,existing_validated,pending_v16_2_6_reconciliation,,,https://comtradeplus.un.org/,"Revalidate provenance, semantics, measurement metadata, player copy, family/domain, and generator priority.",
existing:largest-continuous-land-area,existing_playable,Largest continuous land area,Geography,,,Natural Earth,largest-continuous-land-area,2022,195,verified,,retain_and_audit,existing_validated,pending_v16_2_6_reconciliation,,,https://www.naturalearthdata.com/,"Revalidate provenance, semantics, measurement metadata, player copy, family/domain, and generator priority.",
existing:74,existing_playable,Largest copper exports,Trade,,,UN Comtrade,74,2025,91,verified,,retain_and_audit,existing_validated,pending_v16_2_6_reconciliation,,,https://comtradeplus.un.org/,"Revalidate provenance, semantics, measurement metadata, player copy, family/domain, and generator priority.",
existing:52,existing_playable,Largest cotton exports,Trade,,,UN Comtrade,52,2025,88,verified,,retain_and_audit,existing_validated,pending_v16_2_6_reconciliation,,,https://comtradeplus.un.org/,"Revalidate provenance, semantics, measurement metadata, player copy, family/domain, and generator priority.",
existing:QCL:'02132:5111,existing_playable,Largest donkey population,Agriculture,,,FAOSTAT,QCL:'02132:5111,2024,104,verified,,retain_and_audit,existing_validated,pending_v16_2_6_reconciliation,,,https://www.fao.org/faostat/en/#data/QCL,"Revalidate provenance, semantics, measurement metadata, player copy, family/domain, and generator priority.",
existing:NY.GDP.MKTP.CD,existing_playable,Largest economy,Economy,,,World Bank,NY.GDP.MKTP.CD,2025,181,verified,,retain_and_audit,existing_validated,pending_v16_2_6_reconciliation,,,https://data.worldbank.org/indicator/NY.GDP.MKTP.CD,"Revalidate provenance, semantics, measurement metadata, player copy, family/domain, and generator priority.",
existing:85,existing_playable,Largest electrical-equipment exports,Trade,,,UN Comtrade,85,2024,131,verified,,retain_and_audit,existing_validated,pending_v16_2_6_reconciliation,,,https://comtradeplus.un.org/,"Revalidate provenance, semantics, measurement metadata, player copy, family/domain, and generator priority.",
existing:BX.GSR.GNFS.CD,existing_playable,Largest exports of goods and services,Economy,,,World Bank,BX.GSR.GNFS.CD,2024,161,verified,,retain_and_audit,existing_validated,pending_v16_2_6_reconciliation,,,https://data.worldbank.org/indicator/BX.GSR.GNFS.CD,"Revalidate provenance, semantics, measurement metadata, player copy, family/domain, and generator priority.",
existing:NE.EXP.GNFS.CN,existing_playable,Largest exports of goods and services,Economy,,,World Bank,NE.EXP.GNFS.CN,2025,134,verified,Repeat,duplicate_review,existing_validated,pending_v16_2_6_reconciliation,,,https://data.worldbank.org/indicator/NE.EXP.GNFS.CN,"Revalidate provenance, semantics, measurement metadata, player copy, family/domain, and generator priority.",
existing:NE.EXP.GNFS.KN,existing_playable,Largest exports of goods and services,Economy,,,World Bank,NE.EXP.GNFS.KN,2025,126,verified,Repeat,duplicate_review,existing_validated,pending_v16_2_6_reconciliation,,,https://data.worldbank.org/indicator/NE.EXP.GNFS.KN,"Revalidate provenance, semantics, measurement metadata, player copy, family/domain, and generator priority.",
existing:BX.GSR.TOTL.CD,existing_playable,"Largest exports of goods, services and primary income",Economy,,,World Bank,BX.GSR.TOTL.CD,2024,161,verified,,retain_and_audit,existing_validated,pending_v16_2_6_reconciliation,,,https://data.worldbank.org/indicator/BX.GSR.TOTL.CD,"Revalidate provenance, semantics, measurement metadata, player copy, family/domain, and generator priority.",
existing:03,existing_playable,Largest fish exports,Trade,,,UN Comtrade,03,2024,129,verified,,retain_and_audit,existing_validated,pending_v16_2_6_reconciliation,,,https://comtradeplus.un.org/,"Revalidate provenance, semantics, measurement metadata, player copy, family/domain, and generator priority.",
existing:64,existing_playable,Largest footwear exports,Trade,,,UN Comtrade,64,2025,91,verified,,retain_and_audit,existing_validated,pending_v16_2_6_reconciliation,,,https://comtradeplus.un.org/,"Revalidate provenance, semantics, measurement metadata, player copy, family/domain, and generator priority.",
existing:AG.LND.FRST.K2,existing_playable,Largest forest area,Land,,,World Bank,AG.LND.FRST.K2,2023,194,verified,,retain_and_audit,existing_validated,pending_v16_2_6_reconciliation,,,https://data.worldbank.org/indicator/AG.LND.FRST.K2,"Revalidate provenance, semantics, measurement metadata, player copy, family/domain, and generator priority.",
existing:AG.LND.FRST.ZS,existing_playable,Largest forest share of land,Land,,,World Bank,AG.LND.FRST.ZS,2023,194,verified,,retain_and_audit,existing_validated,pending_v16_2_6_reconciliation,,,https://data.worldbank.org/indicator/AG.LND.FRST.ZS,"Revalidate provenance, semantics, measurement metadata, player copy, family/domain, and generator priority.",
existing:EG.ELC.FOSL.ZS,existing_playable,Largest fossil-fuel share of electricity generation,Energy,,,World Bank,EG.ELC.FOSL.ZS,2022,145,verified,,retain_and_audit,existing_validated,pending_v16_2_6_reconciliation,,,https://data.worldbank.org/indicator/EG.ELC.FOSL.ZS,"Revalidate provenance, semantics, measurement metadata, player copy, family/domain, and generator priority.",
existing:94,existing_playable,Largest furniture exports,Trade,,,UN Comtrade,94,2024,130,verified,,retain_and_audit,existing_validated,pending_v16_2_6_reconciliation,,,https://comtradeplus.un.org/,"Revalidate provenance, semantics, measurement metadata, player copy, family/domain, and generator priority.",
existing:70,existing_playable,Largest glass exports,Trade,,,UN Comtrade,70,2024,131,verified,,retain_and_audit,existing_validated,pending_v16_2_6_reconciliation,,,https://comtradeplus.un.org/,"Revalidate provenance, semantics, measurement metadata, player copy, family/domain, and generator priority.",
existing:QCL:'02123:5111,existing_playable,Largest goat population,Livestock,,,FAOSTAT,QCL:'02123:5111,2024,175,verified,,retain_and_audit,existing_validated,pending_v16_2_6_reconciliation,,,https://www.fao.org/faostat/en/#data/QCL,"Revalidate provenance, semantics, measurement metadata, player copy, family/domain, and generator priority.",
existing:7108,existing_playable,Largest gold exports,Trade,,,UN Comtrade,7108,2025,81,verified,,retain_and_audit,existing_validated,pending_v16_2_6_reconciliation,,,https://comtradeplus.un.org/,"Revalidate provenance, semantics, measurement metadata, player copy, family/domain, and generator priority.",
existing:BX.GSR.MRCH.CD,existing_playable,Largest goods exports,Economy,,,World Bank,BX.GSR.MRCH.CD,2024,161,verified,,retain_and_audit,existing_validated,pending_v16_2_6_reconciliation,,,https://data.worldbank.org/indicator/BX.GSR.MRCH.CD,"Revalidate provenance, semantics, measurement metadata, player copy, family/domain, and generator priority.",
existing:BM.GSR.MRCH.CD,existing_playable,Largest goods imports,Economy,,,World Bank,BM.GSR.MRCH.CD,2024,161,verified,,retain_and_audit,existing_validated,pending_v16_2_6_reconciliation,,,https://data.worldbank.org/indicator/BM.GSR.MRCH.CD,"Revalidate provenance, semantics, measurement metadata, player copy, family/domain, and generator priority.",
existing:TX.VAL.TECH.CD,existing_playable,Largest high-tech exports,Trade,,,World Bank,TX.VAL.TECH.CD,2024,121,verified,,retain_and_audit,existing_validated,pending_v16_2_6_reconciliation,,,https://data.worldbank.org/indicator/TX.VAL.TECH.CD,"Revalidate provenance, semantics, measurement metadata, player copy, family/domain, and generator priority.",
existing:PEW_RELIGION_2020_HINDU_POPULATION,existing_playable,Largest Hindu population,Religion,,,Pew Research Center,PEW_RELIGION_2020_HINDU_POPULATION,2020,179,verified,"Great Category, never seen it in gameplay",retain_priority_exposure,existing_validated,pending_v16_2_6_reconciliation,,,https://www.pewresearch.org/religion/feature/religious-composition-by-country-2010-2020/,"Revalidate provenance, semantics, measurement metadata, player copy, family/domain, and generator priority.",
existing:QCL:'02131:5111,existing_playable,Largest horse population,Livestock,,,FAOSTAT,QCL:'02131:5111,2024,137,verified,,retain_and_audit,existing_validated,pending_v16_2_6_reconciliation,,,https://www.fao.org/faostat/en/#data/QCL,"Revalidate provenance, semantics, measurement metadata, player copy, family/domain, and generator priority.",
existing:EG.ELC.HYRO.ZS,existing_playable,Largest hydroelectric share of electricity generation,Energy,,,World Bank,EG.ELC.HYRO.ZS,2023,126,verified,"Great Category, never seen it in gameplay",retain_priority_exposure,existing_validated,pending_v16_2_6_reconciliation,,,https://data.worldbank.org/indicator/EG.ELC.HYRO.ZS,"Revalidate provenance, semantics, measurement metadata, player copy, family/domain, and generator priority.",
existing:BX.GSR.CCIS.CD,existing_playable,Largest iCT service exports,Economy,,,World Bank,BX.GSR.CCIS.CD,2024,155,verified,What is iCT,clarify_or_remove,existing_validated,pending_v16_2_6_reconciliation,,,https://data.worldbank.org/indicator/BX.GSR.CCIS.CD,"Revalidate provenance, semantics, measurement metadata, player copy, family/domain, and generator priority.",
existing:BX.GSR.CCIS.ZS,existing_playable,Largest ICT-service share of service exports,Economy,,,World Bank,BX.GSR.CCIS.ZS,2024,155,verified,What is iCT,clarify_or_remove,existing_validated,pending_v16_2_6_reconciliation,,,https://data.worldbank.org/indicator/BX.GSR.CCIS.ZS,"Revalidate provenance, semantics, measurement metadata, player copy, family/domain, and generator priority.",
existing:BM.GSR.GNFS.CD,existing_playable,Largest imports of goods and services,Economy,,,World Bank,BM.GSR.GNFS.CD,2024,161,verified,"Great Category, never seen it in gameplay",retain_priority_exposure,existing_validated,pending_v16_2_6_reconciliation,,,https://data.worldbank.org/indicator/BM.GSR.GNFS.CD,"Revalidate provenance, semantics, measurement metadata, player copy, family/domain, and generator priority.",
existing:BM.GSR.TOTL.CD,existing_playable,"Largest imports of goods, services and primary income",Economy,,,World Bank,BM.GSR.TOTL.CD,2024,161,verified,Remove,remove,existing_validated,pending_v16_2_6_reconciliation,,,https://data.worldbank.org/indicator/BM.GSR.TOTL.CD,"Revalidate provenance, semantics, measurement metadata, player copy, family/domain, and generator priority.",
existing:ER.H2O.FWIN.ZS,existing_playable,Largest industry share of freshwater withdrawals,Infrastructure,,,World Bank,ER.H2O.FWIN.ZS,2022,176,verified,What does this mean,clarify_or_remove,existing_validated,pending_v16_2_6_reconciliation,,,https://data.worldbank.org/indicator/ER.H2O.FWIN.ZS,"Revalidate provenance, semantics, measurement metadata, player copy, family/domain, and generator priority.",
existing:BX.GSR.INSF.ZS,existing_playable,Largest insurance-and-financial-services share of service exports,Economy,,,World Bank,BX.GSR.INSF.ZS,2024,150,verified,,retain_and_audit,existing_validated,pending_v16_2_6_reconciliation,,,https://data.worldbank.org/indicator/BX.GSR.INSF.ZS,"Revalidate provenance, semantics, measurement metadata, player copy, family/domain, and generator priority.",
existing:BM.GSR.INSF.ZS,existing_playable,Largest insurance-and-financial-services share of service imports,Economy,,,World Bank,BM.GSR.INSF.ZS,2024,157,verified,,retain_and_audit,existing_validated,pending_v16_2_6_reconciliation,,,https://data.worldbank.org/indicator/BM.GSR.INSF.ZS,"Revalidate provenance, semantics, measurement metadata, player copy, family/domain, and generator priority.",
existing:72+73,existing_playable,Largest iron-and-steel exports,Trade,,,UN Comtrade,72+73,2024,131,verified,,retain_and_audit,existing_validated,pending_v16_2_6_reconciliation,,,https://comtradeplus.un.org/,"Revalidate provenance, semantics, measurement metadata, player copy, family/domain, and generator priority.",
existing:PEW_RELIGION_2020_JEWISH_POPULATION,existing_playable,Largest Jewish population,Religion,,,Pew Research Center,PEW_RELIGION_2020_JEWISH_POPULATION,2020,179,verified,"Great Category, never seen it in gameplay",retain_priority_exposure,existing_validated,pending_v16_2_6_reconciliation,,,https://www.pewresearch.org/religion/feature/religious-composition-by-country-2010-2020/,"Revalidate provenance, semantics, measurement metadata, player copy, family/domain, and generator priority.",
existing:AG.LND.TOTL.K2,existing_playable,Largest land area,Land,,,World Bank,AG.LND.TOTL.K2,2023,194,verified,,retain_and_audit,existing_validated,pending_v16_2_6_reconciliation,,,https://data.worldbank.org/indicator/AG.LND.TOTL.K2,"Revalidate provenance, semantics, measurement metadata, player copy, family/domain, and generator priority.",
existing:AG.LND.CREL.HA,existing_playable,Largest land under cereal production,Agriculture,,,World Bank,AG.LND.CREL.HA,2023,177,verified,I think this is great but it is said in a weird way - is this just Most land dedicated to cereal production?,retain_and_audit,existing_validated,pending_v16_2_6_reconciliation,,,https://data.worldbank.org/indicator/AG.LND.CREL.HA,"Revalidate provenance, semantics, measurement metadata, player copy, family/domain, and generator priority.",
existing:84,existing_playable,Largest machinery exports,Trade,,,UN Comtrade,84,2024,131,verified,,retain_and_audit,existing_validated,pending_v16_2_6_reconciliation,,,https://comtradeplus.un.org/,"Revalidate provenance, semantics, measurement metadata, player copy, family/domain, and generator priority.",
existing:1005,existing_playable,Largest maize exports,Trade,,,UN Comtrade,1005,2025,84,verified,,retain_and_audit,existing_validated,pending_v16_2_6_reconciliation,,,https://comtradeplus.un.org/,"Revalidate provenance, semantics, measurement metadata, player copy, family/domain, and generator priority.",
existing:NV.IND.MANF.CD,existing_playable,Largest manufacturing output,Economy,,,World Bank,NV.IND.MANF.CD,2025,130,verified,,retain_and_audit,existing_validated,pending_v16_2_6_reconciliation,,,https://data.worldbank.org/indicator/NV.IND.MANF.CD,"Revalidate provenance, semantics, measurement metadata, player copy, family/domain, and generator priority.",
existing:90,existing_playable,Largest medical-and-optical equipment exports,Trade,,,UN Comtrade,90,2024,130,verified,,retain_and_audit,existing_validated,pending_v16_2_6_reconciliation,,,https://comtradeplus.un.org/,"Revalidate provenance, semantics, measurement metadata, player copy, family/domain, and generator priority.",
existing:TX.VAL.MRCH.CD.WT,existing_playable,Largest merchandise exports,Trade,,,World Bank,TX.VAL.MRCH.CD.WT,2025,190,verified,,retain_and_audit,existing_validated,pending_v16_2_6_reconciliation,,,https://data.worldbank.org/indicator/TX.VAL.MRCH.CD.WT,"Revalidate provenance, semantics, measurement metadata, player copy, family/domain, and generator priority.",
existing:TM.VAL.MRCH.CD.WT,existing_playable,Largest merchandise imports,Trade,,,World Bank,TM.VAL.MRCH.CD.WT,2025,190,verified,Repeat,duplicate_review,existing_validated,pending_v16_2_6_reconciliation,,,https://data.worldbank.org/indicator/TM.VAL.MRCH.CD.WT,"Revalidate provenance, semantics, measurement metadata, player copy, family/domain, and generator priority.",
existing:MS.MIL.XPND.ZS,existing_playable,Largest military share of government spending,Government,,,World Bank,MS.MIL.XPND.ZS,2024,143,verified,"Great Category, never seen it in gameplay",retain_priority_exposure,existing_validated,pending_v16_2_6_reconciliation,,,https://data.worldbank.org/indicator/MS.MIL.XPND.ZS,"Revalidate provenance, semantics, measurement metadata, player copy, family/domain, and generator priority.",
existing:8711,existing_playable,Largest motorcycle exports,Trade,,,UN Comtrade,8711,2025,86,verified,,retain_and_audit,existing_validated,pending_v16_2_6_reconciliation,,,https://comtradeplus.un.org/,"Revalidate provenance, semantics, measurement metadata, player copy, family/domain, and generator priority.",
existing:QCL:'02133:5111,existing_playable,Largest mule and hinny population,Agriculture,,,FAOSTAT,QCL:'02133:5111,2024,64,verified,,retain_and_audit,existing_validated,pending_v16_2_6_reconciliation,,,https://www.fao.org/faostat/en/#data/QCL,"Revalidate provenance, semantics, measurement metadata, player copy, family/domain, and generator priority.",
existing:PEW_RELIGION_2020_MUSLIM_POPULATION,existing_playable,Largest Muslim population,Religion,,,Pew Research Center,PEW_RELIGION_2020_MUSLIM_POPULATION,2020,179,verified,"Great Category, never seen it in gameplay",retain_priority_exposure,existing_validated,pending_v16_2_6_reconciliation,,,https://www.pewresearch.org/religion/feature/religious-composition-by-country-2010-2020/,"Revalidate provenance, semantics, measurement metadata, player copy, family/domain, and generator priority.",
existing:2711,existing_playable,Largest natural-gas exports,Trade,,,UN Comtrade,2711,2025,76,verified,remove the dash,remove,existing_validated,pending_v16_2_6_reconciliation,,,https://comtradeplus.un.org/,"Revalidate provenance, semantics, measurement metadata, player copy, family/domain, and generator priority.",
existing:EG.ELC.NGAS.ZS,existing_playable,Largest natural-gas share of electricity generation,Energy,,,World Bank,EG.ELC.NGAS.ZS,2023,111,verified,remove the dash,remove,existing_validated,pending_v16_2_6_reconciliation,,,https://data.worldbank.org/indicator/EG.ELC.NGAS.ZS,"Revalidate provenance, semantics, measurement metadata, player copy, family/domain, and generator priority.",
existing:EG.ELC.PETR.ZS,existing_playable,Largest oil share of electricity generation,Energy,,,World Bank,EG.ELC.PETR.ZS,2023,133,verified,,retain_and_audit,existing_validated,pending_v16_2_6_reconciliation,,,https://data.worldbank.org/indicator/EG.ELC.PETR.ZS,"Revalidate provenance, semantics, measurement metadata, player copy, family/domain, and generator priority.",
existing:1509,existing_playable,Largest olive-oil exports,Trade,,,UN Comtrade,1509,2025,80,verified,remove the dash,remove,existing_validated,pending_v16_2_6_reconciliation,,,https://comtradeplus.un.org/,"Revalidate provenance, semantics, measurement metadata, player copy, family/domain, and generator priority.",
existing:48,existing_playable,Largest paper exports,Trade,,,UN Comtrade,48,2024,130,verified,,retain_and_audit,existing_validated,pending_v16_2_6_reconciliation,,,https://comtradeplus.un.org/,"Revalidate provenance, semantics, measurement metadata, player copy, family/domain, and generator priority.",
existing:AG.LND.CROP.ZS,existing_playable,Largest permanent-cropland share of land,Agriculture,,,World Bank,AG.LND.CROP.ZS,2023,190,verified,,retain_and_audit,existing_validated,pending_v16_2_6_reconciliation,,,https://data.worldbank.org/indicator/AG.LND.CROP.ZS,"Revalidate provenance, semantics, measurement metadata, player copy, family/domain, and generator priority.",
existing:30,existing_playable,Largest pharmaceutical exports,Trade,,,UN Comtrade,30,2024,130,verified,,retain_and_audit,existing_validated,pending_v16_2_6_reconciliation,,,https://comtradeplus.un.org/,"Revalidate provenance, semantics, measurement metadata, player copy, family/domain, and generator priority.",
existing:QCL:'02140:5111,existing_playable,Largest pig population,Livestock,,,FAOSTAT,QCL:'02140:5111,2024,164,verified,,retain_and_audit,existing_validated,pending_v16_2_6_reconciliation,,,https://www.fao.org/faostat/en/#data/QCL,"Revalidate provenance, semantics, measurement metadata, player copy, family/domain, and generator priority.",
existing:39,existing_playable,Largest plastics exports,Trade,,,UN Comtrade,39,2024,131,verified,,retain_and_audit,existing_validated,pending_v16_2_6_reconciliation,,,https://comtradeplus.un.org/,"Revalidate provenance, semantics, measurement metadata, player copy, family/domain, and generator priority.",
existing:SP.POP.TOTL,existing_playable,Largest population,Population,,,World Bank,SP.POP.TOTL,2025,194,verified,,retain_and_audit,existing_validated,pending_v16_2_6_reconciliation,,,https://data.worldbank.org/indicator/SP.POP.TOTL,"Revalidate provenance, semantics, measurement metadata, player copy, family/domain, and generator priority.",
existing:PEW_RELIGION_2020_OTHER_RELIGIONS_POPULATION,existing_playable,Largest population following other religions,Religion,,,Pew Research Center,PEW_RELIGION_2020_OTHER_RELIGIONS_POPULATION,2020,179,verified,"Need to define what is not included in other - great category though, never seen it",retain_priority_exposure,existing_validated,pending_v16_2_6_reconciliation,,,https://www.pewresearch.org/religion/feature/religious-composition-by-country-2010-2020/,"Revalidate provenance, semantics, measurement metadata, player copy, family/domain, and generator priority.",
existing:EN.URB.MCTY,existing_playable,Largest population in urban agglomerations of more than 1 million,Infrastructure,,,World Bank,EN.URB.MCTY,2025,119,verified,I don’t know what this means,clarify_or_remove,existing_validated,pending_v16_2_6_reconciliation,,,https://data.worldbank.org/indicator/EN.URB.MCTY,"Revalidate provenance, semantics, measurement metadata, player copy, family/domain, and generator priority.",
existing:0701,existing_playable,Largest potato exports,Trade,,,UN Comtrade,0701,2025,74,verified,,retain_and_audit,existing_validated,pending_v16_2_6_reconciliation,,,https://comtradeplus.un.org/,"Revalidate provenance, semantics, measurement metadata, player copy, family/domain, and generator priority.",
existing:0207,existing_playable,Largest poultry meat exports,Trade,,,UN Comtrade,0207,2025,79,verified,,retain_and_audit,existing_validated,pending_v16_2_6_reconciliation,,,https://comtradeplus.un.org/,"Revalidate provenance, semantics, measurement metadata, player copy, family/domain, and generator priority.",
existing:ER.MRN.PTMR.ZS,existing_playable,Largest protected share of territorial waters,Climate,,,World Bank,ER.MRN.PTMR.ZS,2025,154,verified,,retain_and_audit,existing_validated,pending_v16_2_6_reconciliation,,,https://data.worldbank.org/indicator/ER.MRN.PTMR.ZS,"Revalidate provenance, semantics, measurement metadata, player copy, family/domain, and generator priority.",
existing:86,existing_playable,Largest railway-equipment exports,Trade,,,UN Comtrade,86,2025,87,verified,,retain_and_audit,existing_validated,pending_v16_2_6_reconciliation,,,https://comtradeplus.un.org/,"Revalidate provenance, semantics, measurement metadata, player copy, family/domain, and generator priority.",
existing:PEW_RELIGION_2020_UNAFFILIATED_POPULATION,existing_playable,Largest religiously unaffiliated population,Religion,,,Pew Research Center,PEW_RELIGION_2020_UNAFFILIATED_POPULATION,2020,179,verified,"Great Category, never seen it in gameplay",retain_priority_exposure,existing_validated,pending_v16_2_6_reconciliation,,,https://www.pewresearch.org/religion/feature/religious-composition-by-country-2010-2020/,"Revalidate provenance, semantics, measurement metadata, player copy, family/domain, and generator priority.",
existing:BX.TRF.PWKR.DT.GD.ZS,existing_playable,Largest remittances received as a share of GDP,Economy,,,World Bank,BX.TRF.PWKR.DT.GD.ZS,2024,156,verified,,retain_and_audit,existing_validated,pending_v16_2_6_reconciliation,,,https://data.worldbank.org/indicator/BX.TRF.PWKR.DT.GD.ZS,"Revalidate provenance, semantics, measurement metadata, player copy, family/domain, and generator priority.",
existing:1006,existing_playable,Largest rice exports,Trade,,,UN Comtrade,1006,2025,87,verified,,retain_and_audit,existing_validated,pending_v16_2_6_reconciliation,,,https://comtradeplus.un.org/,"Revalidate provenance, semantics, measurement metadata, player copy, family/domain, and generator priority.",
existing:40,existing_playable,Largest rubber-product exports,Trade,,,UN Comtrade,40,2024,130,verified,,retain_and_audit,existing_validated,pending_v16_2_6_reconciliation,,,https://comtradeplus.un.org/,"Revalidate provenance, semantics, measurement metadata, player copy, family/domain, and generator priority.",
existing:BX.GSR.NFSV.CD,existing_playable,Largest service exports,Economy,,,World Bank,BX.GSR.NFSV.CD,2024,161,verified,,retain_and_audit,existing_validated,pending_v16_2_6_reconciliation,,,https://data.worldbank.org/indicator/BX.GSR.NFSV.CD,"Revalidate provenance, semantics, measurement metadata, player copy, family/domain, and generator priority.",
existing:BM.GSR.NFSV.CD,existing_playable,Largest service imports,Economy,,,World Bank,BM.GSR.NFSV.CD,2024,161,verified,,retain_and_audit,existing_validated,pending_v16_2_6_reconciliation,,,https://data.worldbank.org/indicator/BM.GSR.NFSV.CD,"Revalidate provenance, semantics, measurement metadata, player copy, family/domain, and generator priority.",
existing:EG.USE.CRNW\.ZS,existing_playable,Largest share of energy from biomass and waste,Energy,,,World Bank,EG.USE.CRNW\.ZS,2023,143,verified,,retain_and_audit,existing_validated,pending_v16_2_6_reconciliation,,,https://data.worldbank.org/indicator/EG.USE.CRNW.ZS,"Revalidate provenance, semantics, measurement metadata, player copy, family/domain, and generator priority.",
existing:ER.H2O.FWAG.ZS,existing_playable,Largest share of freshwater withdrawals used by agriculture,Agriculture,,,World Bank,ER.H2O.FWAG.ZS,2022,177,verified,,retain_and_audit,existing_validated,pending_v16_2_6_reconciliation,,,https://data.worldbank.org/indicator/ER.H2O.FWAG.ZS,"Revalidate provenance, semantics, measurement metadata, player copy, family/domain, and generator priority.",
existing:AG.LND.AGRI.ZS,existing_playable,Largest share of land used for agriculture,Agriculture,,,World Bank,AG.LND.AGRI.ZS,2023,193,verified,,retain_and_audit,existing_validated,pending_v16_2_6_reconciliation,,,https://data.worldbank.org/indicator/AG.LND.AGRI.ZS,"Revalidate provenance, semantics, measurement metadata, player copy, family/domain, and generator priority.",
existing:EN.URB.MCTY.TL.ZS,existing_playable,Largest share of population in million-plus urban areas,Climate,,,World Bank,EN.URB.MCTY.TL.ZS,2025,119,verified,,retain_and_audit,existing_validated,pending_v16_2_6_reconciliation,,,https://data.worldbank.org/indicator/EN.URB.MCTY.TL.ZS,"Revalidate provenance, semantics, measurement metadata, player copy, family/domain, and generator priority.",
existing:EN.POP.SLUM.UR.ZS,existing_playable,Largest share of urban population living in slums,Economy,,,World Bank,EN.POP.SLUM.UR.ZS,2022,170,verified,,retain_and_audit,existing_validated,pending_v16_2_6_reconciliation,,,https://data.worldbank.org/indicator/EN.POP.SLUM.UR.ZS,"Revalidate provenance, semantics, measurement metadata, player copy, family/domain, and generator priority.",
existing:EN.URB.LCTY.UR.ZS,existing_playable,Largest share of urban population living in the largest city,Infrastructure,,,World Bank,EN.URB.LCTY.UR.ZS,2025,150,verified,,retain_and_audit,existing_validated,pending_v16_2_6_reconciliation,,,https://data.worldbank.org/indicator/EN.URB.LCTY.UR.ZS,"Revalidate provenance, semantics, measurement metadata, player copy, family/domain, and generator priority.",
existing:QCL:'02122:5111,existing_playable,Largest sheep population,Livestock,,,FAOSTAT,QCL:'02122:5111,2024,171,verified,,retain_and_audit,existing_validated,pending_v16_2_6_reconciliation,,,https://www.fao.org/faostat/en/#data/QCL,"Revalidate provenance, semantics, measurement metadata, player copy, family/domain, and generator priority.",
existing:89,existing_playable,Largest ship exports,Trade,,,UN Comtrade,89,2025,87,verified,,retain_and_audit,existing_validated,pending_v16_2_6_reconciliation,,,https://comtradeplus.un.org/,"Revalidate provenance, semantics, measurement metadata, player copy, family/domain, and generator priority.",
existing:1201,existing_playable,Largest soybean exports,Trade,,,UN Comtrade,1201,2025,77,verified,,retain_and_audit,existing_validated,pending_v16_2_6_reconciliation,,,https://comtradeplus.un.org/,"Revalidate provenance, semantics, measurement metadata, player copy, family/domain, and generator priority.",
existing:09,existing_playable,Largest spice exports,Trade,,,UN Comtrade,09,2024,130,verified,,retain_and_audit,existing_validated,pending_v16_2_6_reconciliation,,,https://comtradeplus.un.org/,"Revalidate provenance, semantics, measurement metadata, player copy, family/domain, and generator priority.",
existing:population:coa:stateless,existing_playable,Largest stateless population,Displacement,,,UNHCR,population:coa:stateless,2025,94,verified,"Define stateless - is this just a refugee? If so, don't we already have that with most refugees originating",clarify_or_remove,existing_validated,pending_v16_2_6_reconciliation,,,https://www.unhcr.org/refugee-statistics/,"Revalidate provenance, semantics, measurement metadata, player copy, family/domain, and generator priority.",
existing:1701,existing_playable,Largest sugar exports,Trade,,,UN Comtrade,1701,2025,87,verified,,retain_and_audit,existing_validated,pending_v16_2_6_reconciliation,,,https://comtradeplus.un.org/,"Revalidate provenance, semantics, measurement metadata, player copy, family/domain, and generator priority.",
existing:AG.SRF.TOTL.K2,existing_playable,Largest surface area,Agriculture,,,World Bank,AG.SRF.TOTL.K2,2023,194,verified,"Great Category, never seen it in gameplay",retain_priority_exposure,existing_validated,pending_v16_2_6_reconciliation,,,https://data.worldbank.org/indicator/AG.SRF.TOTL.K2,"Revalidate provenance, semantics, measurement metadata, player copy, family/domain, and generator priority.",
existing:GC.TAX.TOTL.GD.ZS,existing_playable,Largest tax-revenue share of GDP,Government,,,World Bank,GC.TAX.TOTL.GD.ZS,2023,110,verified,"Great Category, never seen it in gameplay",retain_priority_exposure,existing_validated,pending_v16_2_6_reconciliation,,,https://data.worldbank.org/indicator/GC.TAX.TOTL.GD.ZS,"Revalidate provenance, semantics, measurement metadata, player copy, family/domain, and generator priority.",
existing:0902,existing_playable,Largest tea exports,Trade,,,UN Comtrade,0902,2025,88,verified,,retain_and_audit,existing_validated,pending_v16_2_6_reconciliation,,,https://comtradeplus.un.org/,"Revalidate provenance, semantics, measurement metadata, player copy, family/domain, and generator priority.",
existing:8517,existing_playable,Largest telephone exports,Trade,,,UN Comtrade,8517,2025,90,verified,,retain_and_audit,existing_validated,pending_v16_2_6_reconciliation,,,https://comtradeplus.un.org/,"Revalidate provenance, semantics, measurement metadata, player copy, family/domain, and generator priority.",
existing:0702,existing_playable,Largest tomato exports,Trade,,,UN Comtrade,0702,2025,74,verified,,retain_and_audit,existing_validated,pending_v16_2_6_reconciliation,,,https://comtradeplus.un.org/,"Revalidate provenance, semantics, measurement metadata, player copy, family/domain, and generator priority.",
existing:ER.FSH.PROD.MT,existing_playable,Largest total fisheries production,Environment,,,World Bank,ER.FSH.PROD.MT,2024,194,verified,,retain_and_audit,existing_validated,pending_v16_2_6_reconciliation,,,https://data.worldbank.org/indicator/ER.FSH.PROD.MT,"Revalidate provenance, semantics, measurement metadata, player copy, family/domain, and generator priority.",
existing:ER.H2O.FWTL.K3,existing_playable,Largest total freshwater withdrawals,Climate,,,World Bank,ER.H2O.FWTL.K3,2022,178,verified,,retain_and_audit,existing_validated,pending_v16_2_6_reconciliation,,,https://data.worldbank.org/indicator/ER.H2O.FWTL.K3,"Revalidate provenance, semantics, measurement metadata, player copy, family/domain, and generator priority.",
existing:FI.RES.TOTL.MO,existing_playable,Largest total reserves in months of imports,Economy,,,World Bank,FI.RES.TOTL.MO,2024,147,verified,,retain_and_audit,existing_validated,pending_v16_2_6_reconciliation,,,https://data.worldbank.org/indicator/FI.RES.TOTL.MO,"Revalidate provenance, semantics, measurement metadata, player copy, family/domain, and generator priority.",
existing:9503,existing_playable,Largest toy exports,Trade,,,UN Comtrade,9503,2025,91,verified,,retain_and_audit,existing_validated,pending_v16_2_6_reconciliation,,,https://comtradeplus.un.org/,"Revalidate provenance, semantics, measurement metadata, player copy, family/domain, and generator priority.",
existing:1001,existing_playable,Largest wheat exports,Trade,,,UN Comtrade,1001,2025,70,verified,,retain_and_audit,existing_validated,pending_v16_2_6_reconciliation,,,https://comtradeplus.un.org/,"Revalidate provenance, semantics, measurement metadata, player copy, family/domain, and generator priority.",
existing:2204,existing_playable,Largest wine exports,Trade,,,UN Comtrade,2204,2025,85,verified,,retain_and_audit,existing_validated,pending_v16_2_6_reconciliation,,,https://comtradeplus.un.org/,"Revalidate provenance, semantics, measurement metadata, player copy, family/domain, and generator priority.",
existing:44,existing_playable,Largest wood exports,Trade,,,UN Comtrade,44,2024,131,verified,,retain_and_audit,existing_validated,pending_v16_2_6_reconciliation,,,https://comtradeplus.un.org/,"Revalidate provenance, semantics, measurement metadata, player copy, family/domain, and generator priority.",
existing:longest-single-land-border,existing_playable,Longest border with one neighboring country,Geography,,,Natural Earth,longest-single-land-border,2022,195,verified,,retain_and_audit,existing_validated,pending_v16_2_6_reconciliation,,,https://www.naturalearthdata.com/,"Revalidate provenance, semantics, measurement metadata, player copy, family/domain, and generator priority.",
existing:longest-land-border,existing_playable,Longest combined land borders,Geography,,,Natural Earth,longest-land-border,2022,195,verified,,retain_and_audit,existing_validated,pending_v16_2_6_reconciliation,,,https://www.naturalearthdata.com/,"Revalidate provenance, semantics, measurement metadata, player copy, family/domain, and generator priority.",
existing:most-mapped-river-length,existing_playable,Longest river network,Geography,,,Natural Earth,most-mapped-river-length,2022,195,verified,,retain_and_audit,existing_validated,pending_v16_2_6_reconciliation,,,https://www.naturalearthdata.com/,"Revalidate provenance, semantics, measurement metadata, player copy, family/domain, and generator priority.",
existing:SP.DYN.IMRT.IN,existing_playable,Lowest infant mortality,Health,,,World Bank,SP.DYN.IMRT.IN,2024,193,verified,,retain_and_audit,existing_validated,pending_v16_2_6_reconciliation,,,https://data.worldbank.org/indicator/SP.DYN.IMRT.IN,"Revalidate provenance, semantics, measurement metadata, player copy, family/domain, and generator priority.",
existing:IS.AIR.PSGR,existing_playable,Most airline passengers,Transport,,,World Bank,IS.AIR.PSGR,2023,147,verified,,retain_and_audit,existing_validated,pending_v16_2_6_reconciliation,,,https://data.worldbank.org/indicator/IS.AIR.PSGR,"Revalidate provenance, semantics, measurement metadata, player copy, family/domain, and generator priority.",
existing:QCL:'01371:5510,existing_playable,Most almonds produced,Agriculture,,,FAOSTAT,QCL:'01371:5510,2024,61,verified,,retain_and_audit,existing_validated,pending_v16_2_6_reconciliation,,,https://www.fao.org/faostat/en/#data/QCL,"Revalidate provenance, semantics, measurement metadata, player copy, family/domain, and generator priority.",
existing:QCL:'01341:5510,existing_playable,Most apples produced,Fruit,,,FAOSTAT,QCL:'01341:5510,2024,93,verified,,retain_and_audit,existing_validated,pending_v16_2_6_reconciliation,,,https://www.fao.org/faostat/en/#data/QCL,"Revalidate provenance, semantics, measurement metadata, player copy, family/domain, and generator priority.",
existing:QCL:'01343:5510,existing_playable,Most apricot produced,Agriculture,,,FAOSTAT,QCL:'01343:5510,2024,76,verified,,retain_and_audit,existing_validated,pending_v16_2_6_reconciliation,,,https://www.fao.org/faostat/en/#data/QCL,"Revalidate provenance, semantics, measurement metadata, player copy, family/domain, and generator priority.",
existing:AG.LND.ARBL.HA,existing_playable,Most arable land,Agriculture,,,World Bank,AG.LND.ARBL.HA,2023,191,verified,,retain_and_audit,existing_validated,pending_v16_2_6_reconciliation,,,https://data.worldbank.org/indicator/AG.LND.ARBL.HA,"Revalidate provenance, semantics, measurement metadata, player copy, family/domain, and generator priority.",
existing:asylum-applications:coo:applied,existing_playable,Most asylum applications by origin,Displacement,,,UNHCR,asylum-applications:coo:applied,2025,187,verified,,retain_and_audit,existing_validated,pending_v16_2_6_reconciliation,,,https://www.unhcr.org/refugee-statistics/,"Revalidate provenance, semantics, measurement metadata, player copy, family/domain, and generator priority.",
existing:asylum-applications:coa:applied,existing_playable,Most asylum applications received,Displacement,,,UNHCR,asylum-applications:coa:applied,2025,137,verified,,retain_and_audit,existing_validated,pending_v16_2_6_reconciliation,,,https://www.unhcr.org/refugee-statistics/,"Revalidate provenance, semantics, measurement metadata, player copy, family/domain, and generator priority.",
existing:QCL:'01311:5510,existing_playable,Most avocado produced,Fruit,,,FAOSTAT,QCL:'01311:5510,2024,92,verified,,retain_and_audit,existing_validated,pending_v16_2_6_reconciliation,,,https://www.fao.org/faostat/en/#data/QCL,"Revalidate provenance, semantics, measurement metadata, player copy, family/domain, and generator priority.",
existing:QCL:'01312:5510,existing_playable,Most bananas produced,Fruit,,,FAOSTAT,QCL:'01312:5510,2024,134,verified,,retain_and_audit,existing_validated,pending_v16_2_6_reconciliation,,,https://www.fao.org/faostat/en/#data/QCL,"Revalidate provenance, semantics, measurement metadata, player copy, family/domain, and generator priority.",
existing:QCL:'0115:5510,existing_playable,Most barley produced,Crops,,,FAOSTAT,QCL:'0115:5510,2024,101,verified,,retain_and_audit,existing_validated,pending_v16_2_6_reconciliation,,,https://www.fao.org/faostat/en/#data/QCL,"Revalidate provenance, semantics, measurement metadata, player copy, family/domain, and generator priority.",
existing:QCL:'F1806:5510,existing_playable,Most beef and buffalo meat produced,Livestock,,,FAOSTAT,QCL:'F1806:5510,2024,182,verified,,retain_and_audit,existing_validated,pending_v16_2_6_reconciliation,,,https://www.fao.org/faostat/en/#data/QCL,"Revalidate provenance, semantics, measurement metadata, player copy, family/domain, and generator priority.",
existing:QCL:'24310.01:5510,existing_playable,Most beer produced,Crops,,,FAOSTAT,QCL:'24310.01:5510,2023,161,verified,,retain_and_audit,existing_validated,pending_v16_2_6_reconciliation,,,https://www.fao.org/faostat/en/#data/QCL,"Revalidate provenance, semantics, measurement metadata, player copy, family/domain, and generator priority.",
existing:QCL:'F1811:5510,existing_playable,Most butter and ghee produced,Dairy,,,FAOSTAT,QCL:'F1811:5510,2023,125,verified,,retain_and_audit,existing_validated,pending_v16_2_6_reconciliation,,,https://www.fao.org/faostat/en/#data/QCL,"Revalidate provenance, semantics, measurement metadata, player copy, family/domain, and generator priority.",
existing:QCL:'01212:5510,existing_playable,Most cabbage produced,Vegetables,,,FAOSTAT,QCL:'01212:5510,2024,143,verified,,retain_and_audit,existing_validated,pending_v16_2_6_reconciliation,,,https://www.fao.org/faostat/en/#data/QCL,"Revalidate provenance, semantics, measurement metadata, player copy, family/domain, and generator priority.",
existing:QCL:'2351f:5510,existing_playable,Most cane and beet sugar produced,Crops,,,FAOSTAT,QCL:'2351f:5510,2023,123,verified,,retain_and_audit,existing_validated,pending_v16_2_6_reconciliation,,,https://www.fao.org/faostat/en/#data/QCL,"Revalidate provenance, semantics, measurement metadata, player copy, family/domain, and generator priority.",
existing:QCL:'01251:5510,existing_playable,Most carrots and turnips produced,Vegetables,,,FAOSTAT,QCL:'01251:5510,2024,128,verified,,retain_and_audit,existing_validated,pending_v16_2_6_reconciliation,,,https://www.fao.org/faostat/en/#data/QCL,"Revalidate provenance, semantics, measurement metadata, player copy, family/domain, and generator priority.",
existing:QCL:'01520.01:5510,existing_playable,Most cassava produced,Crops,,,FAOSTAT,QCL:'01520.01:5510,2024,91,verified,,retain_and_audit,existing_validated,pending_v16_2_6_reconciliation,,,https://www.fao.org/faostat/en/#data/QCL,"Revalidate provenance, semantics, measurement metadata, player copy, family/domain, and generator priority.",
existing:QCL:'01213:5510,existing_playable,Most cauliflower and broccoli produced,Agriculture,,,FAOSTAT,QCL:'01213:5510,2024,96,verified,,retain_and_audit,existing_validated,pending_v16_2_6_reconciliation,,,https://www.fao.org/faostat/en/#data/QCL,"Revalidate provenance, semantics, measurement metadata, player copy, family/domain, and generator priority.",
existing:QCL:'F1717:5510,existing_playable,Most cereals produced,Crops,,,FAOSTAT,QCL:'F1717:5510,2024,175,verified,,retain_and_audit,existing_validated,pending_v16_2_6_reconciliation,,,https://www.fao.org/faostat/en/#data/QCL,"Revalidate provenance, semantics, measurement metadata, player copy, family/domain, and generator priority.",
existing:QCL:'F1745:5510,existing_playable,Most cheese produced,Dairy,,,FAOSTAT,QCL:'F1745:5510,2023,107,verified,,retain_and_audit,existing_validated,pending_v16_2_6_reconciliation,,,https://www.fao.org/faostat/en/#data/QCL,"Revalidate provenance, semantics, measurement metadata, player copy, family/domain, and generator priority.",
existing:QCL:'01344.02:5510,existing_playable,Most cherries produced,Agriculture,,,FAOSTAT,QCL:'01344.02:5510,2024,66,verified,,retain_and_audit,existing_validated,pending_v16_2_6_reconciliation,,,https://www.fao.org/faostat/en/#data/QCL,"Revalidate provenance, semantics, measurement metadata, player copy, family/domain, and generator priority.",
existing:QCL:'21121:5510,existing_playable,Most chicken meat produced,Livestock,,,FAOSTAT,QCL:'21121:5510,2024,182,verified,,retain_and_audit,existing_validated,pending_v16_2_6_reconciliation,,,https://www.fao.org/faostat/en/#data/QCL,"Revalidate provenance, semantics, measurement metadata, player copy, family/domain, and generator priority.",
existing:QCL:'01460:5510,existing_playable,Most coconuts produced,Agriculture,,,FAOSTAT,QCL:'01460:5510,2024,78,verified,,retain_and_audit,existing_validated,pending_v16_2_6_reconciliation,,,https://www.fao.org/faostat/en/#data/QCL,"Revalidate provenance, semantics, measurement metadata, player copy, family/domain, and generator priority.",
existing:QCL:'01610:5510,existing_playable,Most coffee produced,Crops,,,FAOSTAT,QCL:'01610:5510,2024,73,verified,,retain_and_audit,existing_validated,pending_v16_2_6_reconciliation,,,https://www.fao.org/faostat/en/#data/QCL,"Revalidate provenance, semantics, measurement metadata, player copy, family/domain, and generator priority.",
existing:QCL:'0112:5510,existing_playable,Most corn produced,Crops,,,FAOSTAT,QCL:'0112:5510,2024,166,verified,,retain_and_audit,existing_validated,pending_v16_2_6_reconciliation,,,https://www.fao.org/faostat/en/#data/QCL,"Revalidate provenance, semantics, measurement metadata, player copy, family/domain, and generator priority.",
existing:QCL:'01921.02:5510,existing_playable,Most cotton produced,Crops,,,FAOSTAT,QCL:'01921.02:5510,2023,87,verified,,retain_and_audit,existing_validated,pending_v16_2_6_reconciliation,,,https://www.fao.org/faostat/en/#data/QCL,"Revalidate provenance, semantics, measurement metadata, player copy, family/domain, and generator priority.",
existing:QCL:'02211:5510,existing_playable,Most cow's milk produced,Livestock,,,FAOSTAT,QCL:'02211:5510,2024,176,verified,,retain_and_audit,existing_validated,pending_v16_2_6_reconciliation,,,https://www.fao.org/faostat/en/#data/QCL,"Revalidate provenance, semantics, measurement metadata, player copy, family/domain, and generator priority.",
existing:EN.GHG.CO2.PC.CE.AR5,existing_playable,Most CO₂ emissions per person,Environment,,,World Bank,EN.GHG.CO2.PC.CE.AR5,2024,186,verified,"Great Category, never seen it in gameplay",retain_priority_exposure,existing_validated,pending_v16_2_6_reconciliation,,,https://data.worldbank.org/indicator/EN.GHG.CO2.PC.CE.AR5,"Revalidate provenance, semantics, measurement metadata, player copy, family/domain, and generator priority.",
existing:57:1,existing_playable,Most crude oil produced,Energy,,,U.S. EIA,57:1,2025,186,verified,,retain_and_audit,existing_validated,pending_v16_2_6_reconciliation,,,https://www.eia.gov/opendata/browser/international,"Revalidate provenance, semantics, measurement metadata, player copy, family/domain, and generator priority.",
existing:QCL:'01232:5510,existing_playable,Most cucumbers and gherkins produced,Vegetables,,,FAOSTAT,QCL:'01232:5510,2024,131,verified,,retain_and_audit,existing_validated,pending_v16_2_6_reconciliation,,,https://www.fao.org/faostat/en/#data/QCL,"Revalidate provenance, semantics, measurement metadata, player copy, family/domain, and generator priority.",
existing:QCL:'01701:5510,existing_playable,Most dry beans produced,Crops,,,FAOSTAT,QCL:'01701:5510,2024,104,verified,,retain_and_audit,existing_validated,pending_v16_2_6_reconciliation,,,https://www.fao.org/faostat/en/#data/QCL,"Revalidate provenance, semantics, measurement metadata, player copy, family/domain, and generator priority.",
existing:QCL:'01705:5510,existing_playable,Most dry peas produced,Agriculture,,,FAOSTAT,QCL:'01705:5510,2024,96,verified,,retain_and_audit,existing_validated,pending_v16_2_6_reconciliation,,,https://www.fao.org/faostat/en/#data/QCL,"Revalidate provenance, semantics, measurement metadata, player copy, family/domain, and generator priority.",
existing:QCL:'01233:5510,existing_playable,Most eggplants produced,Agriculture,,,FAOSTAT,QCL:'01233:5510,2024,97,verified,,retain_and_audit,existing_validated,pending_v16_2_6_reconciliation,,,https://www.fao.org/faostat/en/#data/QCL,"Revalidate provenance, semantics, measurement metadata, player copy, family/domain, and generator priority.",
existing:QCL:'0231:5513,existing_playable,Most eggs produced,Agriculture,,,FAOSTAT,QCL:'0231:5513,2024,176,verified,,retain_and_audit,existing_validated,pending_v16_2_6_reconciliation,,,https://www.fao.org/faostat/en/#data/QCL,"Revalidate provenance, semantics, measurement metadata, player copy, family/domain, and generator priority.",
existing:QCL:'01315:5510,existing_playable,Most figs produced,Agriculture,,,FAOSTAT,QCL:'01315:5510,2024,65,verified,,retain_and_audit,existing_validated,pending_v16_2_6_reconciliation,,,https://www.fao.org/faostat/en/#data/QCL,"Revalidate provenance, semantics, measurement metadata, player copy, family/domain, and generator priority.",
existing:QCL:'F1738:5510,existing_playable,Most fruit produced,Fruit,,,FAOSTAT,QCL:'F1738:5510,2024,185,verified,,retain_and_audit,existing_validated,pending_v16_2_6_reconciliation,,,https://www.fao.org/faostat/en/#data/QCL,"Revalidate provenance, semantics, measurement metadata, player copy, family/domain, and generator priority.",
existing:QCL:'02292:5510,existing_playable,Most goat milk produced,Livestock,,,FAOSTAT,QCL:'02292:5510,2024,111,verified,,retain_and_audit,existing_validated,pending_v16_2_6_reconciliation,,,https://www.fao.org/faostat/en/#data/QCL,"Revalidate provenance, semantics, measurement metadata, player copy, family/domain, and generator priority.",
existing:QCL:'01321:5510,existing_playable,Most grapefruits and pomelos produced,Fruit,,,FAOSTAT,QCL:'01321:5510,2024,91,verified,,retain_and_audit,existing_validated,pending_v16_2_6_reconciliation,,,https://www.fao.org/faostat/en/#data/QCL,"Revalidate provenance, semantics, measurement metadata, player copy, family/domain, and generator priority.",
existing:QCL:'01330:5510,existing_playable,Most grapes produced,Fruit,,,FAOSTAT,QCL:'01330:5510,2024,95,verified,,retain_and_audit,existing_validated,pending_v16_2_6_reconciliation,,,https://www.fao.org/faostat/en/#data/QCL,"Revalidate provenance, semantics, measurement metadata, player copy, family/domain, and generator priority.",
existing:QCL:'01231:5510,existing_playable,Most green chilies and peppers produced,Vegetables,,,FAOSTAT,QCL:'01231:5510,2024,124,verified,,retain_and_audit,existing_validated,pending_v16_2_6_reconciliation,,,https://www.fao.org/faostat/en/#data/QCL,"Revalidate provenance, semantics, measurement metadata, player copy, family/domain, and generator priority.",
existing:QCL:'01242:5510,existing_playable,Most green peas produced,Agriculture,,,FAOSTAT,QCL:'01242:5510,2024,83,verified,,retain_and_audit,existing_validated,pending_v16_2_6_reconciliation,,,https://www.fao.org/faostat/en/#data/QCL,"Revalidate provenance, semantics, measurement metadata, player copy, family/domain, and generator priority.",
existing:EN.GHG.ALL.MT.CE.AR5,existing_playable,Most greenhouse gas emissions,Environment,,,World Bank,EN.GHG.ALL.MT.CE.AR5,2024,186,verified,,retain_and_audit,existing_validated,pending_v16_2_6_reconciliation,,,https://data.worldbank.org/indicator/EN.GHG.ALL.MT.CE.AR5,"Revalidate provenance, semantics, measurement metadata, player copy, family/domain, and generator priority.",
existing:QCL:'02910:5510,existing_playable,Most honey produced,Agriculture,,,FAOSTAT,QCL:'02910:5510,2024,115,verified,,retain_and_audit,existing_validated,pending_v16_2_6_reconciliation,,,https://www.fao.org/faostat/en/#data/QCL,"Revalidate provenance, semantics, measurement metadata, player copy, family/domain, and generator priority.",
existing:QCL:'01322:5510,existing_playable,Most lemons and limes produced,Fruit,,,FAOSTAT,QCL:'01322:5510,2024,121,verified,,retain_and_audit,existing_validated,pending_v16_2_6_reconciliation,,,https://www.fao.org/faostat/en/#data/QCL,"Revalidate provenance, semantics, measurement metadata, player copy, family/domain, and generator priority.",
existing:QCL:'01214:5510,existing_playable,Most lettuce and chicory produced,Agriculture,,,FAOSTAT,QCL:'01214:5510,2024,103,verified,,retain_and_audit,existing_validated,pending_v16_2_6_reconciliation,,,https://www.fao.org/faostat/en/#data/QCL,"Revalidate provenance, semantics, measurement metadata, player copy, family/domain, and generator priority.",
existing:USGS_COMCAT_MOST_MAJOR_EARTHQUAKES_1970_2026,existing_playable,Most major earthquakes,Natural hazards,,,USGS,USGS_COMCAT_MOST_MAJOR_EARTHQUAKES_1970_2026,2026,74,verified,,retain_and_audit,existing_validated,pending_v16_2_6_reconciliation,,,https://earthquake.usgs.gov/earthquakes/search/,"Revalidate provenance, semantics, measurement metadata, player copy, family/domain, and generator priority.",
existing:QCL:'01324:5510,existing_playable,Most mandarins and tangerines produced,Agriculture,,,FAOSTAT,QCL:'01324:5510,2024,90,verified,,retain_and_audit,existing_validated,pending_v16_2_6_reconciliation,,,https://www.fao.org/faostat/en/#data/QCL,"Revalidate provenance, semantics, measurement metadata, player copy, family/domain, and generator priority.",
existing:QCL:'01316:5510,existing_playable,"Most mangoes, guavas, and mangosteens produced",Fruit,,,FAOSTAT,QCL:'01316:5510,2024,96,verified,,retain_and_audit,existing_validated,pending_v16_2_6_reconciliation,,,https://www.fao.org/faostat/en/#data/QCL,"Revalidate provenance, semantics, measurement metadata, player copy, family/domain, and generator priority.",
existing:QCL:'01229:5510,existing_playable,Most melons produced,Agriculture,,,FAOSTAT,QCL:'01229:5510,2024,103,verified,,retain_and_audit,existing_validated,pending_v16_2_6_reconciliation,,,https://www.fao.org/faostat/en/#data/QCL,"Revalidate provenance, semantics, measurement metadata, player copy, family/domain, and generator priority.",
existing:QCL:'0118:5510,existing_playable,Most millet produced,Agriculture,,,FAOSTAT,QCL:'0118:5510,2024,75,verified,,retain_and_audit,existing_validated,pending_v16_2_6_reconciliation,,,https://www.fao.org/faostat/en/#data/QCL,"Revalidate provenance, semantics, measurement metadata, player copy, family/domain, and generator priority.",
existing:QCL:'01270:5510,existing_playable,Most mushrooms and truffles produced,Agriculture,,,FAOSTAT,QCL:'01270:5510,2024,64,verified,,retain_and_audit,existing_validated,pending_v16_2_6_reconciliation,,,https://www.fao.org/faostat/en/#data/QCL,"Revalidate provenance, semantics, measurement metadata, player copy, family/domain, and generator priority.",
existing:26:1,existing_playable,Most natural gas produced,Energy,,,U.S. EIA,26:1,2024,187,verified,,retain_and_audit,existing_validated,pending_v16_2_6_reconciliation,,,https://www.eia.gov/opendata/browser/international,"Revalidate provenance, semantics, measurement metadata, player copy, family/domain, and generator priority.",
existing:QCL:'0117:5510,existing_playable,Most oats produced,Agriculture,,,FAOSTAT,QCL:'0117:5510,2024,76,verified,,retain_and_audit,existing_validated,pending_v16_2_6_reconciliation,,,https://www.fao.org/faostat/en/#data/QCL,"Revalidate provenance, semantics, measurement metadata, player copy, family/domain, and generator priority.",
existing:QCL:'01253.02:5510,existing_playable,Most onions and shallots produced,Vegetables,,,FAOSTAT,QCL:'01253.02:5510,2024,138,verified,,retain_and_audit,existing_validated,pending_v16_2_6_reconciliation,,,https://www.fao.org/faostat/en/#data/QCL,"Revalidate provenance, semantics, measurement metadata, player copy, family/domain, and generator priority.",
existing:QCL:'01323:5510,existing_playable,Most oranges produced,Fruit,,,FAOSTAT,QCL:'01323:5510,2024,130,verified,,retain_and_audit,existing_validated,pending_v16_2_6_reconciliation,,,https://www.fao.org/faostat/en/#data/QCL,"Revalidate provenance, semantics, measurement metadata, player copy, family/domain, and generator priority.",
existing:QCL:'01317:5510,existing_playable,Most papaya produced,Agriculture,,,FAOSTAT,QCL:'01317:5510,2024,68,verified,,retain_and_audit,existing_validated,pending_v16_2_6_reconciliation,,,https://www.fao.org/faostat/en/#data/QCL,"Revalidate provenance, semantics, measurement metadata, player copy, family/domain, and generator priority.",
existing:QCL:'01345:5510,existing_playable,Most peaches and nectarines produced,Agriculture,,,FAOSTAT,QCL:'01345:5510,2024,89,verified,,retain_and_audit,existing_validated,pending_v16_2_6_reconciliation,,,https://www.fao.org/faostat/en/#data/QCL,"Revalidate provenance, semantics, measurement metadata, player copy, family/domain, and generator priority.",
existing:QCL:'0142:5510,existing_playable,Most peanuts produced,Agriculture,,,FAOSTAT,QCL:'0142:5510,2024,107,verified,,retain_and_audit,existing_validated,pending_v16_2_6_reconciliation,,,https://www.fao.org/faostat/en/#data/QCL,"Revalidate provenance, semantics, measurement metadata, player copy, family/domain, and generator priority.",
existing:QCL:'01342.01:5510,existing_playable,Most pears produced,Agriculture,,,FAOSTAT,QCL:'01342.01:5510,2024,85,verified,,retain_and_audit,existing_validated,pending_v16_2_6_reconciliation,,,https://www.fao.org/faostat/en/#data/QCL,"Revalidate provenance, semantics, measurement metadata, player copy, family/domain, and generator priority.",
existing:QCL:'01318:5510,existing_playable,Most pineapple produced,Fruit,,,FAOSTAT,QCL:'01318:5510,2024,81,verified,,retain_and_audit,existing_validated,pending_v16_2_6_reconciliation,,,https://www.fao.org/faostat/en/#data/QCL,"Revalidate provenance, semantics, measurement metadata, player copy, family/domain, and generator priority.",
existing:QCL:'01346:5510,existing_playable,Most plums and sloes produced,Agriculture,,,FAOSTAT,QCL:'01346:5510,2024,88,verified,,retain_and_audit,existing_validated,pending_v16_2_6_reconciliation,,,https://www.fao.org/faostat/en/#data/QCL,"Revalidate provenance, semantics, measurement metadata, player copy, family/domain, and generator priority.",
existing:QCL:'21113.01:5510,existing_playable,Most pork produced,Livestock,,,FAOSTAT,QCL:'21113.01:5510,2024,163,verified,,retain_and_audit,existing_validated,pending_v16_2_6_reconciliation,,,https://www.fao.org/faostat/en/#data/QCL,"Revalidate provenance, semantics, measurement metadata, player copy, family/domain, and generator priority.",
existing:QCL:'01510:5510,existing_playable,Most potatoes produced,Crops,,,FAOSTAT,QCL:'01510:5510,2024,151,verified,,retain_and_audit,existing_validated,pending_v16_2_6_reconciliation,,,https://www.fao.org/faostat/en/#data/QCL,"Revalidate provenance, semantics, measurement metadata, player copy, family/domain, and generator priority.",
existing:QCL:'F1726:5510,existing_playable,"Most pulses, total produced",Agriculture,,,FAOSTAT,QCL:'F1726:5510,2024,168,verified,,retain_and_audit,existing_validated,pending_v16_2_6_reconciliation,,,https://www.fao.org/faostat/en/#data/QCL,"Revalidate provenance, semantics, measurement metadata, player copy, family/domain, and generator priority.",
existing:QCL:'01235:5510,existing_playable,"Most pumpkins, squash, and gourds produced",Agriculture,,,FAOSTAT,QCL:'01235:5510,2024,122,verified,,retain_and_audit,existing_validated,pending_v16_2_6_reconciliation,,,https://www.fao.org/faostat/en/#data/QCL,"Revalidate provenance, semantics, measurement metadata, player copy, family/domain, and generator priority.",
existing:UN_MEMBER_ADMISSION_DATE,existing_playable,Most recently admitted to the UN,History,,,United Nations,UN_MEMBER_ADMISSION_DATE,2026,193,verified,,retain_and_audit,existing_validated,pending_v16_2_6_reconciliation,,,https://www.un.org/about-us/member-states,"Revalidate provenance, semantics, measurement metadata, player copy, family/domain, and generator priority.",
existing:DATE_OF_INDEPENDENCE_POST_1940,existing_playable,Most recently became independent,History,,,Inter-Parliamentary Union,DATE_OF_INDEPENDENCE_POST_1940,2026,131,verified,,retain_and_audit,existing_validated,pending_v16_2_6_reconciliation,,,https://data.ipu.org/compare/,"Revalidate provenance, semantics, measurement metadata, player copy, family/domain, and generator priority.",
existing:MILESTONE:SP.URB.TOTL.IN.ZS:50,existing_playable,Most recently became majority urban,History,,,World Bank,MILESTONE:SP.URB.TOTL.IN.ZS:50,2026,89,verified,,retain_and_audit,existing_validated,pending_v16_2_6_reconciliation,,,https://data.worldbank.org/indicator/SP.URB.TOTL.IN.ZS,"Revalidate provenance, semantics, measurement metadata, player copy, family/domain, and generator priority.",
existing:MILESTONE:SP.DYN.LE00.IN:70,existing_playable,Most recently reached 70-year life expectancy,History,,,World Bank,MILESTONE:SP.DYN.LE00.IN:70,2026,116,verified,,retain_and_audit,existing_validated,pending_v16_2_6_reconciliation,,,https://data.worldbank.org/indicator/SP.DYN.LE00.IN,"Revalidate provenance, semantics, measurement metadata, player copy, family/domain, and generator priority.",
existing:population:coa:refugees,existing_playable,Most refugees hosted,Displacement,,,UNHCR,population:coa:refugees,2025,162,verified,,retain_and_audit,existing_validated,pending_v16_2_6_reconciliation,,,https://www.unhcr.org/refugee-statistics/,"Revalidate provenance, semantics, measurement metadata, player copy, family/domain, and generator priority.",
existing:population:coo:refugees,existing_playable,Most refugees originating,Displacement,,,UNHCR,population:coo:refugees,2025,186,verified,"Make this ""Most refugees by Origin""",retain_and_audit,existing_validated,pending_v16_2_6_reconciliation,,,https://www.unhcr.org/refugee-statistics/,"Revalidate provenance, semantics, measurement metadata, player copy, family/domain, and generator priority.",
existing:PEW_RELIGION_2020_RELIGIOUS_DIVERSITY,existing_playable,Most religiously diverse,Religion,,,Pew Research Center,PEW_RELIGION_2020_RELIGIOUS_DIVERSITY,2020,179,verified,"Great Category, never seen it in gameplay",retain_priority_exposure,existing_validated,pending_v16_2_6_reconciliation,,,https://www.pewresearch.org/religion/feature/religious-composition-by-country-2010-2020/,"Revalidate provenance, semantics, measurement metadata, player copy, family/domain, and generator priority.",
existing:ER.H2O.INTR.K3,existing_playable,Most renewable freshwater,Environment,,,World Bank,ER.H2O.INTR.K3,2022,180,verified,,retain_and_audit,existing_validated,pending_v16_2_6_reconciliation,,,https://data.worldbank.org/indicator/ER.H2O.INTR.K3,"Revalidate provenance, semantics, measurement metadata, player copy, family/domain, and generator priority.",
existing:QCL:'0113:5510,existing_playable,Most rice produced,Crops,,,FAOSTAT,QCL:'0113:5510,2024,133,verified,,retain_and_audit,existing_validated,pending_v16_2_6_reconciliation,,,https://www.fao.org/faostat/en/#data/QCL,"Revalidate provenance, semantics, measurement metadata, player copy, family/domain, and generator priority.",
existing:QCL:'F1720:5510,existing_playable,Most roots and tubers produced,Agriculture,,,FAOSTAT,QCL:'F1720:5510,2024,184,verified,,retain_and_audit,existing_validated,pending_v16_2_6_reconciliation,,,https://www.fao.org/faostat/en/#data/QCL,"Revalidate provenance, semantics, measurement metadata, player copy, family/domain, and generator priority.",
existing:IP.JRN.ARTC.SC,existing_playable,Most scientific journal articles,Knowledge,,,World Bank,IP.JRN.ARTC.SC,2023,194,verified,,retain_and_audit,existing_validated,pending_v16_2_6_reconciliation,,,https://data.worldbank.org/indicator/IP.JRN.ARTC.SC,"Revalidate provenance, semantics, measurement metadata, player copy, family/domain, and generator priority.",
existing:QCL:'01444:5510,existing_playable,Most sesame seeds produced,Agriculture,,,FAOSTAT,QCL:'01444:5510,2024,68,verified,,retain_and_audit,existing_validated,pending_v16_2_6_reconciliation,,,https://www.fao.org/faostat/en/#data/QCL,"Revalidate provenance, semantics, measurement metadata, player copy, family/domain, and generator priority.",
existing:QCL:'F1807:5510,existing_playable,Most sheep and goat meat produced,Livestock,,,FAOSTAT,QCL:'F1807:5510,2024,178,verified,,retain_and_audit,existing_validated,pending_v16_2_6_reconciliation,,,https://www.fao.org/faostat/en/#data/QCL,"Revalidate provenance, semantics, measurement metadata, player copy, family/domain, and generator priority.",
existing:QCL:'0114:5510,existing_playable,Most sorghum produced,Agriculture,,,FAOSTAT,QCL:'0114:5510,2024,115,verified,,retain_and_audit,existing_validated,pending_v16_2_6_reconciliation,,,https://www.fao.org/faostat/en/#data/QCL,"Revalidate provenance, semantics, measurement metadata, player copy, family/domain, and generator priority.",
existing:QCL:'0141:5510,existing_playable,Most soybeans produced,Crops,,,FAOSTAT,QCL:'0141:5510,2024,106,verified,,retain_and_audit,existing_validated,pending_v16_2_6_reconciliation,,,https://www.fao.org/faostat/en/#data/QCL,"Revalidate provenance, semantics, measurement metadata, player copy, family/domain, and generator priority.",
existing:QCL:'01354:5510,existing_playable,Most strawberries produced,Agriculture,,,FAOSTAT,QCL:'01354:5510,2024,80,verified,,retain_and_audit,existing_validated,pending_v16_2_6_reconciliation,,,https://www.fao.org/faostat/en/#data/QCL,"Revalidate provenance, semantics, measurement metadata, player copy, family/domain, and generator priority.",
existing:QCL:'01801:5510,existing_playable,Most sugar beets produced,Crops,,,FAOSTAT,QCL:'01801:5510,2024,62,verified,,retain_and_audit,existing_validated,pending_v16_2_6_reconciliation,,,https://www.fao.org/faostat/en/#data/QCL,"Revalidate provenance, semantics, measurement metadata, player copy, family/domain, and generator priority.",
existing:QCL:'01802:5510,existing_playable,Most sugarcane produced,Crops,,,FAOSTAT,QCL:'01802:5510,2024,92,verified,,retain_and_audit,existing_validated,pending_v16_2_6_reconciliation,,,https://www.fao.org/faostat/en/#data/QCL,"Revalidate provenance, semantics, measurement metadata, player copy, family/domain, and generator priority.",
existing:QCL:'01445:5510,existing_playable,Most sunflower seeds produced,Agriculture,,,FAOSTAT,QCL:'01445:5510,2024,79,verified,,retain_and_audit,existing_validated,pending_v16_2_6_reconciliation,,,https://www.fao.org/faostat/en/#data/QCL,"Revalidate provenance, semantics, measurement metadata, player copy, family/domain, and generator priority.",
existing:QCL:'01530:5510,existing_playable,Most sweet potatoes produced,Crops,,,FAOSTAT,QCL:'01530:5510,2024,105,verified,,retain_and_audit,existing_validated,pending_v16_2_6_reconciliation,,,https://www.fao.org/faostat/en/#data/QCL,"Revalidate provenance, semantics, measurement metadata, player copy, family/domain, and generator priority.",
existing:EN.BIR.THRD.NO,existing_playable,Most threatened bird species,Environment,,,World Bank,EN.BIR.THRD.NO,2022,194,verified,,retain_and_audit,existing_validated,pending_v16_2_6_reconciliation,,,https://data.worldbank.org/indicator/EN.BIR.THRD.NO,"Revalidate provenance, semantics, measurement metadata, player copy, family/domain, and generator priority.",
existing:EN.FSH.THRD.NO,existing_playable,Most threatened fish species,Environment,,,World Bank,EN.FSH.THRD.NO,2022,194,verified,,retain_and_audit,existing_validated,pending_v16_2_6_reconciliation,,,https://data.worldbank.org/indicator/EN.FSH.THRD.NO,"Revalidate provenance, semantics, measurement metadata, player copy, family/domain, and generator priority.",
existing:QCL:'01970:5510,existing_playable,Most tobacco produced,Agriculture,,,FAOSTAT,QCL:'01970:5510,2024,128,verified,,retain_and_audit,existing_validated,pending_v16_2_6_reconciliation,,,https://www.fao.org/faostat/en/#data/QCL,"Revalidate provenance, semantics, measurement metadata, player copy, family/domain, and generator priority.",
existing:QCL:'01234:5510,existing_playable,Most tomatoes produced,Vegetables,,,FAOSTAT,QCL:'01234:5510,2024,163,verified,,retain_and_audit,existing_validated,pending_v16_2_6_reconciliation,,,https://www.fao.org/faostat/en/#data/QCL,"Revalidate provenance, semantics, measurement metadata, player copy, family/domain, and generator priority.",
existing:QCL:'F1729:5510,existing_playable,Most tree nuts produced,Agriculture,,,FAOSTAT,QCL:'F1729:5510,2024,123,verified,,retain_and_audit,existing_validated,pending_v16_2_6_reconciliation,,,https://www.fao.org/faostat/en/#data/QCL,"Revalidate provenance, semantics, measurement metadata, player copy, family/domain, and generator priority.",
existing:QCL:'F1735:5510,existing_playable,Most vegetables produced,Vegetables,,,FAOSTAT,QCL:'F1735:5510,2024,185,verified,,retain_and_audit,existing_validated,pending_v16_2_6_reconciliation,,,https://www.fao.org/faostat/en/#data/QCL,"Revalidate provenance, semantics, measurement metadata, player copy, family/domain, and generator priority.",
existing:GVP_HOLOCENE_MOST_HOLOCENE_VOLCANOES,existing_playable,Most volcanoes,Geology,,,Smithsonian GVP,GVP_HOLOCENE_MOST_HOLOCENE_VOLCANOES,2026,67,verified,,retain_and_audit,existing_validated,pending_v16_2_6_reconciliation,,,https://volcano.si.edu/volcanolist_holocene.cfm,"Revalidate provenance, semantics, measurement metadata, player copy, family/domain, and generator priority.",
existing:QCL:'01376:5510,existing_playable,Most walnuts produced,Agriculture,,,FAOSTAT,QCL:'01376:5510,2024,61,verified,,retain_and_audit,existing_validated,pending_v16_2_6_reconciliation,,,https://www.fao.org/faostat/en/#data/QCL,"Revalidate provenance, semantics, measurement metadata, player copy, family/domain, and generator priority.",
existing:QCL:'01221:5510,existing_playable,Most watermelons produced,Agriculture,,,FAOSTAT,QCL:'01221:5510,2024,130,verified,,retain_and_audit,existing_validated,pending_v16_2_6_reconciliation,,,https://www.fao.org/faostat/en/#data/QCL,"Revalidate provenance, semantics, measurement metadata, player copy, family/domain, and generator priority.",
existing:QCL:'0111:5510,existing_playable,Most wheat produced,Crops,,,FAOSTAT,QCL:'0111:5510,2024,121,verified,,retain_and_audit,existing_validated,pending_v16_2_6_reconciliation,,,https://www.fao.org/faostat/en/#data/QCL,"Revalidate provenance, semantics, measurement metadata, player copy, family/domain, and generator priority.",
existing:QCL:'24212.02:5510,existing_playable,Most wine produced,Agriculture,,,FAOSTAT,QCL:'24212.02:5510,2023,76,verified,,retain_and_audit,existing_validated,pending_v16_2_6_reconciliation,,,https://www.fao.org/faostat/en/#data/QCL,"Revalidate provenance, semantics, measurement metadata, player copy, family/domain, and generator priority.",
existing:WHC:all-sites,existing_playable,Most World Heritage sites,Culture,,,UNESCO World Heritage Centre,WHC:all-sites,2026,167,unable_to_verify,,retain_and_audit,existing_validated,pending_v16_2_6_reconciliation,,,https://whc.unesco.org/en/list/,"Revalidate provenance, semantics, measurement metadata, player copy, family/domain, and generator priority.",
existing:SP.POP.65UP.TO.ZS,existing_playable,Oldest population,Population,,,World Bank,SP.POP.65UP.TO.ZS,2025,194,verified,,retain_and_audit,existing_validated,pending_v16_2_6_reconciliation,,,https://data.worldbank.org/indicator/SP.POP.65UP.TO.ZS,"Revalidate provenance, semantics, measurement metadata, player copy, family/domain, and generator priority.",
existing:USGS_COMCAT_STRONGEST_EARTHQUAKE_1970_2026,existing_playable,Strongest earthquake,Natural hazards,,,USGS,USGS_COMCAT_STRONGEST_EARTHQUAKE_1970_2026,2026,74,verified,,retain_and_audit,existing_validated,pending_v16_2_6_reconciliation,,,https://earthquake.usgs.gov/earthquakes/search/,"Revalidate provenance, semantics, measurement metadata, player copy, family/domain, and generator priority.",
existing:SP.POP.0014.TO.ZS,existing_playable,Youngest population,Population,,,World Bank,SP.POP.0014.TO.ZS,2025,194,verified,,retain_and_audit,existing_validated,pending_v16_2_6_reconciliation,,,https://data.worldbank.org/indicator/SP.POP.0014.TO.ZS,"Revalidate provenance, semantics, measurement metadata, player copy, family/domain, and generator priority.",
candidate:001,new_or_repair_candidate,Northernmost country,Physical geography,,,Natural Earth,,,,unvalidated_candidate,,research_and_validate,candidate_logged,pending_source_validation,,Northernmost point of sovereign-country geometry; current 195-country universe; do not union dependencies.,,Definition first; source/license/provenance; 195-country normalization; coverage/ranking completeness; tie safety; semantic/player-quality review; no manual gap-filling.,anchor
candidate:002,new_or_repair_candidate,Southernmost country,Physical geography,,,Natural Earth,,,,unvalidated_candidate,,research_and_validate,candidate_logged,pending_source_validation,,Southernmost point of sovereign-country geometry; current 195-country universe; do not union dependencies.,,Definition first; source/license/provenance; 195-country normalization; coverage/ranking completeness; tie safety; semantic/player-quality review; no manual gap-filling.,anchor
candidate:003,new_or_repair_candidate,Country whose territory reaches farthest east,Physical geography,,,Natural Earth,,,,unvalidated_candidate,,research_and_validate,candidate_logged,pending_source_validation,,Must define antimeridian behavior before ranking.,,Definition first; source/license/provenance; 195-country normalization; coverage/ranking completeness; tie safety; semantic/player-quality review; no manual gap-filling.,standard
candidate:004,new_or_repair_candidate,Country whose territory reaches farthest west,Physical geography,,,Natural Earth,,,,unvalidated_candidate,,research_and_validate,candidate_logged,pending_source_validation,,Must define antimeridian behavior before ranking.,,Definition first; source/license/provenance; 195-country normalization; coverage/ranking completeness; tie safety; semantic/player-quality review; no manual gap-filling.,standard
candidate:005,new_or_repair_candidate,Country closest to the Equator,Physical geography,,,Natural Earth,,,,unvalidated_candidate,,research_and_validate,candidate_logged,pending_source_validation,,As phrased produces ties for equator-crossing countries; rewrite or reject after definition review.,,Definition first; source/license/provenance; 195-country normalization; coverage/ranking completeness; tie safety; semantic/player-quality review; no manual gap-filling.,anchor
candidate:006,new_or_repair_candidate,Largest share of territory north of the Arctic Circle,Physical geography,,,Natural Earth / geospatial derivation,,,,unvalidated_candidate,,research_and_validate,candidate_logged,pending_source_validation,,Clip sovereign geometry at 66.5622°N using equal-area calculation.,,Definition first; source/license/provenance; 195-country normalization; coverage/ranking completeness; tie safety; semantic/player-quality review; no manual gap-filling.,standard
candidate:007,new_or_repair_candidate,Largest share of territory in the tropics,Physical geography,,,Natural Earth / geospatial derivation,,,,unvalidated_candidate,,research_and_validate,candidate_logged,pending_source_validation,,Clip sovereign geometry between tropics using equal-area calculation.,,Definition first; source/license/provenance; 195-country normalization; coverage/ranking completeness; tie safety; semantic/player-quality review; no manual gap-filling.,standard
candidate:008,new_or_repair_candidate,Most neighboring countries,Physical geography,,,Natural Earth,,,,unvalidated_candidate,,research_and_validate,candidate_logged,pending_source_validation,,Existing adapter rule exists; validate/promote if not already playable.,,Definition first; source/license/provenance; 195-country normalization; coverage/ranking completeness; tie safety; semantic/player-quality review; no manual gap-filling.,anchor
candidate:009,new_or_repair_candidate,Fewest neighboring countries,Physical geography,,,Natural Earth,,,,unvalidated_candidate,,research_and_validate,candidate_logged,pending_source_validation,,Exclude island countries or define zero-neighbor ranking explicitly.,,Definition first; source/license/provenance; 195-country normalization; coverage/ranking completeness; tie safety; semantic/player-quality review; no manual gap-filling.,standard
candidate:010,new_or_repair_candidate,Landlocked country with most neighbors,Physical geography,,,Natural Earth,,,,unvalidated_candidate,,research_and_validate,candidate_logged,pending_source_validation,,Derived from sovereign geometry + coastline/landlocked classification.,,Definition first; source/license/provenance; 195-country normalization; coverage/ranking completeness; tie safety; semantic/player-quality review; no manual gap-filling.,standard
candidate:011,new_or_repair_candidate,Landlocked country with fewest neighbors,Physical geography,,,Natural Earth,,,,unvalidated_candidate,,research_and_validate,candidate_logged,pending_source_validation,,Derived from sovereign geometry; likely intuitive.,,Definition first; source/license/provenance; 195-country normalization; coverage/ranking completeness; tie safety; semantic/player-quality review; no manual gap-filling.,standard
candidate:012,new_or_repair_candidate,Most land borders,Physical geography,,,Natural Earth,,,,unvalidated_candidate,,research_and_validate,candidate_logged,pending_source_validation,,Clarify whether count means distinct neighboring sovereign states.,,Definition first; source/license/provenance; 195-country normalization; coverage/ranking completeness; tie safety; semantic/player-quality review; no manual gap-filling.,anchor
candidate:013,new_or_repair_candidate,Longest total coastline,Physical geography,,,Natural Earth,,,,unvalidated_candidate,,research_and_validate,candidate_logged,pending_source_validation,,"Existing adapter rule; resolution-sensitive, document Natural Earth 1:10m methodology.",,Definition first; source/license/provenance; 195-country normalization; coverage/ranking completeness; tie safety; semantic/player-quality review; no manual gap-filling.,anchor
candidate:014,new_or_repair_candidate,Most islands,Physical geography,,,Natural Earth / validated island dataset,,,,unvalidated_candidate,,research_and_validate,candidate_logged,pending_source_validation,,Needs explicit island-size/geometry definition; do not use aggregator count without methodology.,,Definition first; source/license/provenance; 195-country normalization; coverage/ranking completeness; tie safety; semantic/player-quality review; no manual gap-filling.,anchor
candidate:015,new_or_repair_candidate,Largest island country,Physical geography,,,Natural Earth,,,,unvalidated_candidate,,research_and_validate,candidate_logged,pending_source_validation,,Define largest contiguous island landmass among island sovereigns.,,Definition first; source/license/provenance; 195-country normalization; coverage/ranking completeness; tie safety; semantic/player-quality review; no manual gap-filling.,standard
candidate:016,new_or_repair_candidate,Largest archipelago,Physical geography,,,Validated geospatial source,,,,unvalidated_candidate,,research_and_validate,candidate_logged,pending_source_validation,,Definition/source review required.,,Definition first; source/license/provenance; 195-country normalization; coverage/ranking completeness; tie safety; semantic/player-quality review; no manual gap-filling.,standard
candidate:017,new_or_repair_candidate,Most lakes,Physical geography,,,Natural Earth,,,,unvalidated_candidate,,research_and_validate,candidate_logged,pending_source_validation,,Existing mapped-lakes rule; title must say mapped lakes if completeness is not global inventory.,,Definition first; source/license/provenance; 195-country normalization; coverage/ranking completeness; tie safety; semantic/player-quality review; no manual gap-filling.,standard
candidate:018,new_or_repair_candidate,Largest lake area,Physical geography,,,Natural Earth,,,,unvalidated_candidate,,research_and_validate,candidate_logged,pending_source_validation,,Existing mapped-lake-area rule.,,Definition first; source/license/provenance; 195-country normalization; coverage/ranking completeness; tie safety; semantic/player-quality review; no manual gap-filling.,anchor
candidate:019,new_or_repair_candidate,Most mapped river length,Physical geography,,,Natural Earth,,,,unvalidated_candidate,,research_and_validate,candidate_logged,pending_source_validation,,"Existing adapter rule; label as mapped river length, not total real-world river network.",,Definition first; source/license/provenance; 195-country normalization; coverage/ranking completeness; tie safety; semantic/player-quality review; no manual gap-filling.,standard
candidate:020,new_or_repair_candidate,Highest average elevation,Physical geography,,,Validated global elevation raster,,,,unvalidated_candidate,,research_and_validate,candidate_logged,pending_source_validation,,Deferred existing elevation source adapter; require reproducible raster aggregation.,,Definition first; source/license/provenance; 195-country normalization; coverage/ranking completeness; tie safety; semantic/player-quality review; no manual gap-filling.,anchor
candidate:021,new_or_repair_candidate,Lowest average elevation,Physical geography,,,Validated global elevation raster,,,,unvalidated_candidate,,research_and_validate,candidate_logged,pending_source_validation,,Deferred existing elevation source adapter; require reproducible raster aggregation.,,Definition first; source/license/provenance; 195-country normalization; coverage/ranking completeness; tie safety; semantic/player-quality review; no manual gap-filling.,anchor
candidate:022,new_or_repair_candidate,Largest mountainous share,Physical geography,,,Validated elevation/terrain dataset,,,,unvalidated_candidate,,research_and_validate,candidate_logged,pending_source_validation,,Define mountain classification before computing.,,Definition first; source/license/provenance; 195-country normalization; coverage/ranking completeness; tie safety; semantic/player-quality review; no manual gap-filling.,standard
candidate:023,new_or_repair_candidate,Largest forest share,Physical geography,,,World Bank / ESA WorldCover,,,,unvalidated_candidate,,research_and_validate,candidate_logged,pending_source_validation,,Prefer existing WDI if equivalent; avoid duplicate.,,Definition first; source/license/provenance; 195-country normalization; coverage/ranking completeness; tie safety; semantic/player-quality review; no manual gap-filling.,anchor
candidate:024,new_or_repair_candidate,Largest desert share,Physical geography,,,ESA WorldCover / climate-land-cover source,,,,unvalidated_candidate,,research_and_validate,candidate_logged,pending_source_validation,,"WorldCover has bare/sparse class, not necessarily desert; definition must be exact.",,Definition first; source/license/provenance; 195-country normalization; coverage/ranking completeness; tie safety; semantic/player-quality review; no manual gap-filling.,anchor
candidate:025,new_or_repair_candidate,Largest grassland share,Physical geography,,,ESA WorldCover,,,,unvalidated_candidate,,research_and_validate,candidate_logged,pending_source_validation,,Use a single global land-cover classification.,,Definition first; source/license/provenance; 195-country normalization; coverage/ranking completeness; tie safety; semantic/player-quality review; no manual gap-filling.,standard
candidate:026,new_or_repair_candidate,Largest wetland share,Physical geography,,,ESA WorldCover,,,,unvalidated_candidate,,research_and_validate,candidate_logged,pending_source_validation,,Use a single global land-cover classification.,,Definition first; source/license/provenance; 195-country normalization; coverage/ranking completeness; tie safety; semantic/player-quality review; no manual gap-filling.,standard
candidate:027,new_or_repair_candidate,Largest cropland share,Physical geography,,,ESA WorldCover / World Bank,,,,unvalidated_candidate,,research_and_validate,candidate_logged,pending_source_validation,,Prefer existing verified land/cropland series if equivalent.,,Definition first; source/license/provenance; 195-country normalization; coverage/ranking completeness; tie safety; semantic/player-quality review; no manual gap-filling.,standard
candidate:028,new_or_repair_candidate,Largest snow-and-ice share,Physical geography,,,ESA WorldCover,,,,unvalidated_candidate,,research_and_validate,candidate_logged,pending_source_validation,,Global land-cover class; validate coverage and geometry.,,Definition first; source/license/provenance; 195-country normalization; coverage/ranking completeness; tie safety; semantic/player-quality review; no manual gap-filling.,standard
candidate:029,new_or_repair_candidate,Largest inland-water share,Physical geography,,,ESA WorldCover / Natural Earth,,,,unvalidated_candidate,,research_and_validate,candidate_logged,pending_source_validation,,Use one globally consistent source.,,Definition first; source/license/provenance; 195-country normalization; coverage/ranking completeness; tie safety; semantic/player-quality review; no manual gap-filling.,standard
candidate:030,new_or_repair_candidate,Largest number of time zones,Physical geography,,,IANA / authoritative reference,,,,unvalidated_candidate,,research_and_validate,candidate_logged,pending_source_validation,,Define overseas-territory handling consistently with sovereign-country universe.,,Definition first; source/license/provenance; 195-country normalization; coverage/ranking completeness; tie safety; semantic/player-quality review; no manual gap-filling.,anchor
candidate:031,new_or_repair_candidate,Most official languages,Physical geography,,,Constitution/government reference dataset,,,,unvalidated_candidate,,research_and_validate,candidate_logged,pending_source_validation,,Definition and coverage review required.,,Definition first; source/license/provenance; 195-country normalization; coverage/ranking completeness; tie safety; semantic/player-quality review; no manual gap-filling.,anchor
candidate:032,new_or_repair_candidate,Most populous capital,Physical geography,,,UN / authoritative capital population dataset,,,,unvalidated_candidate,,research_and_validate,candidate_logged,pending_source_validation,,Avoid mixed-year city estimates.,,Definition first; source/license/provenance; 195-country normalization; coverage/ranking completeness; tie safety; semantic/player-quality review; no manual gap-filling.,anchor
candidate:033,new_or_repair_candidate,Largest capital-city share of population,Physical geography,,,UN / World Bank urban data,,,,unvalidated_candidate,,research_and_validate,candidate_logged,pending_source_validation,,Requires same-year capital population and national population.,,Definition first; source/license/provenance; 195-country normalization; coverage/ranking completeness; tie safety; semantic/player-quality review; no manual gap-filling.,standard
candidate:034,new_or_repair_candidate,Highest-elevation capital,Physical geography,,,Authoritative geographic reference,,,,unvalidated_candidate,,research_and_validate,candidate_logged,pending_source_validation,,Stable physical fact; require reproducible source.,,Definition first; source/license/provenance; 195-country normalization; coverage/ranking completeness; tie safety; semantic/player-quality review; no manual gap-filling.,anchor
candidate:035,new_or_repair_candidate,Northernmost capital,Physical geography,,,Natural Earth populated places / authoritative capital coordinates,,,,unvalidated_candidate,,research_and_validate,candidate_logged,pending_source_validation,,Stable coordinate derivation.,,Definition first; source/license/provenance; 195-country normalization; coverage/ranking completeness; tie safety; semantic/player-quality review; no manual gap-filling.,standard
candidate:036,new_or_repair_candidate,Southernmost capital,Physical geography,,,Natural Earth populated places / authoritative capital coordinates,,,,unvalidated_candidate,,research_and_validate,candidate_logged,pending_source_validation,,Stable coordinate derivation.,,Definition first; source/license/provenance; 195-country normalization; coverage/ranking completeness; tie safety; semantic/player-quality review; no manual gap-filling.,standard
candidate:037,new_or_repair_candidate,Capital closest to the Equator,Physical geography,,,Natural Earth populated places / authoritative capital coordinates,,,,unvalidated_candidate,,research_and_validate,candidate_logged,pending_source_validation,,Distance by absolute latitude.,,Definition first; source/license/provenance; 195-country normalization; coverage/ranking completeness; tie safety; semantic/player-quality review; no manual gap-filling.,standard
candidate:038,new_or_repair_candidate,Hottest country by annual mean temperature,Climate,,,World Bank Climate Change Knowledge Portal,,,,unvalidated_candidate,,research_and_validate,candidate_logged,pending_source_validation,,"Use documented historical climatology, not record temperature.",,Definition first; source/license/provenance; 195-country normalization; coverage/ranking completeness; tie safety; semantic/player-quality review; no manual gap-filling.,anchor
candidate:039,new_or_repair_candidate,Coldest country by annual mean temperature,Climate,,,World Bank Climate Change Knowledge Portal,,,,unvalidated_candidate,,research_and_validate,candidate_logged,pending_source_validation,,Use documented historical climatology.,,Definition first; source/license/provenance; 195-country normalization; coverage/ranking completeness; tie safety; semantic/player-quality review; no manual gap-filling.,anchor
candidate:040,new_or_repair_candidate,Wettest country by annual precipitation,Climate,,,World Bank Climate Change Knowledge Portal,,,,unvalidated_candidate,,research_and_validate,candidate_logged,pending_source_validation,,Use annual climatological precipitation; exact period documented.,,Definition first; source/license/provenance; 195-country normalization; coverage/ranking completeness; tie safety; semantic/player-quality review; no manual gap-filling.,anchor
candidate:041,new_or_repair_candidate,Driest country by annual precipitation,Climate,,,World Bank Climate Change Knowledge Portal,,,,unvalidated_candidate,,research_and_validate,candidate_logged,pending_source_validation,,Use annual climatological precipitation; exact period documented.,,Definition first; source/license/provenance; 195-country normalization; coverage/ranking completeness; tie safety; semantic/player-quality review; no manual gap-filling.,anchor
candidate:042,new_or_repair_candidate,Highest temperature seasonality,Climate,,,WorldClim / CCKP,,,,unvalidated_candidate,,research_and_validate,candidate_logged,pending_source_validation,,Require comparable global climatology and clear metric.,,Definition first; source/license/provenance; 195-country normalization; coverage/ranking completeness; tie safety; semantic/player-quality review; no manual gap-filling.,standard
candidate:043,new_or_repair_candidate,Lowest temperature seasonality,Climate,,,WorldClim / CCKP,,,,unvalidated_candidate,,research_and_validate,candidate_logged,pending_source_validation,,Require comparable global climatology and clear metric.,,Definition first; source/license/provenance; 195-country normalization; coverage/ranking completeness; tie safety; semantic/player-quality review; no manual gap-filling.,specialty
candidate:044,new_or_repair_candidate,Largest annual temperature range,Climate,,,WorldClim / CCKP,,,,unvalidated_candidate,,research_and_validate,candidate_logged,pending_source_validation,,"Define climatological range, not record extremes.",,Definition first; source/license/provenance; 195-country normalization; coverage/ranking completeness; tie safety; semantic/player-quality review; no manual gap-filling.,standard
candidate:045,new_or_repair_candidate,Most tropical country,Climate,,,Köppen-Geiger / geospatial climate dataset,,,,unvalidated_candidate,,research_and_validate,candidate_logged,pending_source_validation,,Define tropical share from one global classification.,,Definition first; source/license/provenance; 195-country normalization; coverage/ranking completeness; tie safety; semantic/player-quality review; no manual gap-filling.,standard
candidate:046,new_or_repair_candidate,Most arid country,Climate,,,Köppen-Geiger / aridity dataset,,,,unvalidated_candidate,,research_and_validate,candidate_logged,pending_source_validation,,Define arid share/metric precisely.,,Definition first; source/license/provenance; 195-country normalization; coverage/ranking completeness; tie safety; semantic/player-quality review; no manual gap-filling.,standard
candidate:047,new_or_repair_candidate,Highest average wind speed,Climate,,,Validated global climate dataset,,,,unvalidated_candidate,,research_and_validate,candidate_logged,pending_source_validation,,Ship only if global country comparability is defensible.,,Definition first; source/license/provenance; 195-country normalization; coverage/ranking completeness; tie safety; semantic/player-quality review; no manual gap-filling.,specialty
candidate:048,new_or_repair_candidate,Most sunshine,Climate,,,Validated global climate dataset,,,,unvalidated_candidate,,research_and_validate,candidate_logged,pending_source_validation,,Ship only if global country comparability is defensible.,,Definition first; source/license/provenance; 195-country normalization; coverage/ranking completeness; tie safety; semantic/player-quality review; no manual gap-filling.,standard
candidate:049,new_or_repair_candidate,Largest share in tropical Köppen climates,Climate,,,Köppen-Geiger,,,,unvalidated_candidate,,research_and_validate,candidate_logged,pending_source_validation,,Raster/polygon aggregation.,,Definition first; source/license/provenance; 195-country normalization; coverage/ranking completeness; tie safety; semantic/player-quality review; no manual gap-filling.,standard
candidate:050,new_or_repair_candidate,Largest share in arid Köppen climates,Climate,,,Köppen-Geiger,,,,unvalidated_candidate,,research_and_validate,candidate_logged,pending_source_validation,,Raster/polygon aggregation.,,Definition first; source/license/provenance; 195-country normalization; coverage/ranking completeness; tie safety; semantic/player-quality review; no manual gap-filling.,standard
candidate:051,new_or_repair_candidate,Highest rainfall variability,Climate,,,Validated climate time series,,,,unvalidated_candidate,,research_and_validate,candidate_logged,pending_source_validation,,Define variability period/statistic.,,Definition first; source/license/provenance; 195-country normalization; coverage/ranking completeness; tie safety; semantic/player-quality review; no manual gap-filling.,specialty
candidate:052,new_or_repair_candidate,Lowest rainfall variability,Climate,,,Validated climate time series,,,,unvalidated_candidate,,research_and_validate,candidate_logged,pending_source_validation,,Define variability period/statistic.,,Definition first; source/license/provenance; 195-country normalization; coverage/ranking completeness; tie safety; semantic/player-quality review; no manual gap-filling.,specialty
candidate:053,new_or_repair_candidate,Largest population,Population & demographics,,,UN World Population Prospects / World Bank,,,,unvalidated_candidate,,research_and_validate,candidate_logged,pending_source_validation,,Avoid duplicate with existing WDI category; use authoritative current estimated year.,,Definition first; source/license/provenance; 195-country normalization; coverage/ranking completeness; tie safety; semantic/player-quality review; no manual gap-filling.,anchor
candidate:054,new_or_repair_candidate,Highest population density,Population & demographics,,,UN World Population Prospects / World Bank,,,,unvalidated_candidate,,research_and_validate,candidate_logged,pending_source_validation,,Existing category may already cover; reconcile duplicate.,,Definition first; source/license/provenance; 195-country normalization; coverage/ranking completeness; tie safety; semantic/player-quality review; no manual gap-filling.,anchor
candidate:055,new_or_repair_candidate,Lowest population density,Population & demographics,,,UN World Population Prospects,,,,unvalidated_candidate,,research_and_validate,candidate_logged,pending_source_validation,,Require meaningful nonzero population/country geometry.,,Definition first; source/license/provenance; 195-country normalization; coverage/ranking completeness; tie safety; semantic/player-quality review; no manual gap-filling.,anchor
candidate:056,new_or_repair_candidate,Highest male share of population,Population & demographics,,,UN World Population Prospects,,,,unvalidated_candidate,,research_and_validate,candidate_logged,pending_source_validation,,Derive male population / total population from same UN WPP row.,,Definition first; source/license/provenance; 195-country normalization; coverage/ranking completeness; tie safety; semantic/player-quality review; no manual gap-filling.,anchor
candidate:057,new_or_repair_candidate,Highest female share of population,Population & demographics,,,UN World Population Prospects,,,,unvalidated_candidate,,research_and_validate,candidate_logged,pending_source_validation,,Derive female population / total population from same UN WPP row.,,Definition first; source/license/provenance; 195-country normalization; coverage/ranking completeness; tie safety; semantic/player-quality review; no manual gap-filling.,anchor
candidate:058,new_or_repair_candidate,Most men per 100 women,Population & demographics,,,UN World Population Prospects,,,,unvalidated_candidate,,research_and_validate,candidate_logged,pending_source_validation,,Use PopSexRatio directly where defined.,,Definition first; source/license/provenance; 195-country normalization; coverage/ranking completeness; tie safety; semantic/player-quality review; no manual gap-filling.,anchor
candidate:059,new_or_repair_candidate,Most women per 100 men,Population & demographics,,,UN World Population Prospects,,,,unvalidated_candidate,,research_and_validate,candidate_logged,pending_source_validation,,Invert/low-rank same sex-ratio source; avoid redundant board family.,,Definition first; source/license/provenance; 195-country normalization; coverage/ranking completeness; tie safety; semantic/player-quality review; no manual gap-filling.,anchor
candidate:060,new_or_repair_candidate,Youngest population,Population & demographics,,,UN World Population Prospects,,,,unvalidated_candidate,,research_and_validate,candidate_logged,pending_source_validation,,Lowest median age.,,Definition first; source/license/provenance; 195-country normalization; coverage/ranking completeness; tie safety; semantic/player-quality review; no manual gap-filling.,anchor
candidate:061,new_or_repair_candidate,Oldest population,Population & demographics,,,UN World Population Prospects,,,,unvalidated_candidate,,research_and_validate,candidate_logged,pending_source_validation,,Highest median age.,,Definition first; source/license/provenance; 195-country normalization; coverage/ranking completeness; tie safety; semantic/player-quality review; no manual gap-filling.,anchor
candidate:062,new_or_repair_candidate,Largest child share,Population & demographics,,,UN World Population Prospects,,,,unvalidated_candidate,,research_and_validate,candidate_logged,pending_source_validation,,Use consistent age band such as 0-14.,,Definition first; source/license/provenance; 195-country normalization; coverage/ranking completeness; tie safety; semantic/player-quality review; no manual gap-filling.,standard
candidate:063,new_or_repair_candidate,Largest working-age share,Population & demographics,,,UN World Population Prospects,,,,unvalidated_candidate,,research_and_validate,candidate_logged,pending_source_validation,,Use consistent age band such as 15-64.,,Definition first; source/license/provenance; 195-country normalization; coverage/ranking completeness; tie safety; semantic/player-quality review; no manual gap-filling.,standard
candidate:064,new_or_repair_candidate,Largest 65+ share,Population & demographics,,,UN World Population Prospects,,,,unvalidated_candidate,,research_and_validate,candidate_logged,pending_source_validation,,Use consistent age band.,,Definition first; source/license/provenance; 195-country normalization; coverage/ranking completeness; tie safety; semantic/player-quality review; no manual gap-filling.,anchor
candidate:065,new_or_repair_candidate,Highest urban share,Population & demographics,,,World Bank / UN DESA,,,,unvalidated_candidate,,research_and_validate,candidate_logged,pending_source_validation,,Existing WDI may already cover; reconcile duplicate.,,Definition first; source/license/provenance; 195-country normalization; coverage/ranking completeness; tie safety; semantic/player-quality review; no manual gap-filling.,anchor
candidate:066,new_or_repair_candidate,Highest rural share,Population & demographics,,,World Bank / UN DESA,,,,unvalidated_candidate,,research_and_validate,candidate_logged,pending_source_validation,,Existing WDI may already cover; reconcile duplicate.,,Definition first; source/license/provenance; 195-country normalization; coverage/ranking completeness; tie safety; semantic/player-quality review; no manual gap-filling.,standard
candidate:067,new_or_repair_candidate,Fastest population growth,Population & demographics,,,UN World Population Prospects / World Bank,,,,unvalidated_candidate,,research_and_validate,candidate_logged,pending_source_validation,,Repair target already exists; prefer verified current source.,,Definition first; source/license/provenance; 195-country normalization; coverage/ranking completeness; tie safety; semantic/player-quality review; no manual gap-filling.,anchor
candidate:068,new_or_repair_candidate,Fastest population decline,Population & demographics,,,UN World Population Prospects,,,,unvalidated_candidate,,research_and_validate,candidate_logged,pending_source_validation,,Use most recent estimated annual growth rate; negative values.,,Definition first; source/license/provenance; 195-country normalization; coverage/ranking completeness; tie safety; semantic/player-quality review; no manual gap-filling.,anchor
candidate:069,new_or_repair_candidate,Largest immigrant share,Population & demographics,,,UN DESA International Migrant Stock,,,,unvalidated_candidate,,research_and_validate,candidate_logged,pending_source_validation,,Require recent comparable stock data.,,Definition first; source/license/provenance; 195-country normalization; coverage/ranking completeness; tie safety; semantic/player-quality review; no manual gap-filling.,standard
candidate:070,new_or_repair_candidate,Largest emigrant share,Population & demographics,,,UN DESA International Migrant Stock,,,,unvalidated_candidate,,research_and_validate,candidate_logged,pending_source_validation,,Need denominator and origin-country stock definition.,,Definition first; source/license/provenance; 195-country normalization; coverage/ranking completeness; tie safety; semantic/player-quality review; no manual gap-filling.,standard
candidate:071,new_or_repair_candidate,Largest international migrant population,Population & demographics / High-value repairs,,,UN DESA International Migrant Stock / UN DESA / World Bank,,,,unvalidated_candidate,,research_and_validate,candidate_logged,pending_source_validation,,Existing repair target; re-source if needed. | Existing repair target; duplicate with demographic research; reconcile.,,Definition first; source/license/provenance; 195-country normalization; coverage/ranking completeness; tie safety; semantic/player-quality review; no manual gap-filling.,anchor
candidate:072,new_or_repair_candidate,Highest fertility rate,Population & demographics,,,UN World Population Prospects / World Bank,,,,unvalidated_candidate,,research_and_validate,candidate_logged,pending_source_validation,,Existing WDI likely playable; reconcile duplicate.,,Definition first; source/license/provenance; 195-country normalization; coverage/ranking completeness; tie safety; semantic/player-quality review; no manual gap-filling.,anchor
candidate:073,new_or_repair_candidate,Lowest fertility rate,Population & demographics,,,UN World Population Prospects,,,,unvalidated_candidate,,research_and_validate,candidate_logged,pending_source_validation,,Same source/year as high fertility.,,Definition first; source/license/provenance; 195-country normalization; coverage/ranking completeness; tie safety; semantic/player-quality review; no manual gap-filling.,anchor
candidate:074,new_or_repair_candidate,Highest life expectancy,Population & demographics / High-value repairs,,,UN World Population Prospects / World Bank / World Bank / UN WPP,,,,unvalidated_candidate,,research_and_validate,candidate_logged,pending_source_validation,,Repair high-value existing concept. | Existing repair target; duplicate with demographic research; reconcile.,,Definition first; source/license/provenance; 195-country normalization; coverage/ranking completeness; tie safety; semantic/player-quality review; no manual gap-filling.,anchor
candidate:075,new_or_repair_candidate,Lowest infant mortality,Population & demographics,,,UN World Population Prospects / World Bank,,,,unvalidated_candidate,,research_and_validate,candidate_logged,pending_source_validation,,Existing concept may exist; reconcile.,,Definition first; source/license/provenance; 195-country normalization; coverage/ranking completeness; tie safety; semantic/player-quality review; no manual gap-filling.,anchor
candidate:076,new_or_repair_candidate,First men's FIFA World Cup appearance,History,,,FIFA / RSSSF corroboration,,,,unvalidated_candidate,,research_and_validate,candidate_logged,pending_source_validation,,Map current sovereigns carefully; predecessor-state policy required.,,Definition first; source/license/provenance; 195-country normalization; coverage/ranking completeness; tie safety; semantic/player-quality review; no manual gap-filling.,anchor
candidate:077,new_or_repair_candidate,First modern Olympic appearance,History,,,IOC / Olympedia corroboration,,,,unvalidated_candidate,,research_and_validate,candidate_logged,pending_source_validation,,Map current sovereigns carefully; predecessor-state policy required.,,Definition first; source/license/provenance; 195-country normalization; coverage/ranking completeness; tie safety; semantic/player-quality review; no manual gap-filling.,anchor
candidate:078,new_or_repair_candidate,First Winter Olympic appearance,History,,,IOC / Olympedia corroboration,,,,unvalidated_candidate,,research_and_validate,candidate_logged,pending_source_validation,,Same successor-state policy.,,Definition first; source/license/provenance; 195-country normalization; coverage/ranking completeness; tie safety; semantic/player-quality review; no manual gap-filling.,standard
candidate:079,new_or_repair_candidate,First Olympic medal,History,,,IOC / Olympedia corroboration,,,,unvalidated_candidate,,research_and_validate,candidate_logged,pending_source_validation,,Same successor-state policy.,,Definition first; source/license/provenance; 195-country normalization; coverage/ranking completeness; tie safety; semantic/player-quality review; no manual gap-filling.,standard
candidate:080,new_or_repair_candidate,First Olympic gold medal,History,,,IOC / Olympedia corroboration,,,,unvalidated_candidate,,research_and_validate,candidate_logged,pending_source_validation,,Same successor-state policy.,,Definition first; source/license/provenance; 195-country normalization; coverage/ranking completeness; tie safety; semantic/player-quality review; no manual gap-filling.,standard
candidate:081,new_or_repair_candidate,First FIFA World Cup win,History,,,FIFA,,,,unvalidated_candidate,,research_and_validate,candidate_logged,pending_source_validation,,Define first match win at final tournament.,,Definition first; source/license/provenance; 195-country normalization; coverage/ranking completeness; tie safety; semantic/player-quality review; no manual gap-filling.,standard
candidate:082,new_or_repair_candidate,First satellite launch,History,,,UNOOSA / NASA / authoritative spaceflight reference,,,,unvalidated_candidate,,research_and_validate,candidate_logged,pending_source_validation,,Define national attribution: launching state vs satellite owner; avoid ambiguity.,,Definition first; source/license/provenance; 195-country normalization; coverage/ranking completeness; tie safety; semantic/player-quality review; no manual gap-filling.,anchor
candidate:083,new_or_repair_candidate,First successful national orbital launch,History,,,UNOOSA / authoritative launch records,,,,unvalidated_candidate,,research_and_validate,candidate_logged,pending_source_validation,,Distinct from first satellite; require national-launch capability definition.,,Definition first; source/license/provenance; 195-country normalization; coverage/ranking completeness; tie safety; semantic/player-quality review; no manual gap-filling.,standard
candidate:084,new_or_repair_candidate,First citizen in space,History,,,FAI / space agency reference,,,,unvalidated_candidate,,research_and_validate,candidate_logged,pending_source_validation,,Citizenship attribution at flight date.,,Definition first; source/license/provenance; 195-country normalization; coverage/ranking completeness; tie safety; semantic/player-quality review; no manual gap-filling.,standard
candidate:085,new_or_repair_candidate,Oldest current national flag,History,,,Britannica / government flag histories,,,,unvalidated_candidate,,research_and_validate,candidate_logged,pending_source_validation,,Rank by adoption date of current design; handle gradual design changes.,,Definition first; source/license/provenance; 195-country normalization; coverage/ranking completeness; tie safety; semantic/player-quality review; no manual gap-filling.,anchor
candidate:086,new_or_repair_candidate,Most recently adopted current national flag,History,,,Britannica / government flag histories,,,,unvalidated_candidate,,research_and_validate,candidate_logged,pending_source_validation,,Same exact current-design definition.,,Definition first; source/license/provenance; 195-country normalization; coverage/ranking completeness; tie safety; semantic/player-quality review; no manual gap-filling.,anchor
candidate:087,new_or_repair_candidate,Most recently changed capital,History,,,Britannica / government histories,,,,unvalidated_candidate,,research_and_validate,candidate_logged,pending_source_validation,,Date current capital formally adopted or moved.,,Definition first; source/license/provenance; 195-country normalization; coverage/ranking completeness; tie safety; semantic/player-quality review; no manual gap-filling.,anchor
candidate:088,new_or_repair_candidate,Oldest continuously used capital,History,,,Britannica / academic reference,,,,unvalidated_candidate,,research_and_validate,candidate_logged,pending_source_validation,,High ambiguity; ship only if defensible.,,Definition first; source/license/provenance; 195-country normalization; coverage/ranking completeness; tie safety; semantic/player-quality review; no manual gap-filling.,specialty
candidate:089,new_or_repair_candidate,Most recently became independent,History,,,IPU / UN,,,,unvalidated_candidate,,research_and_validate,candidate_logged,pending_source_validation,,Existing category; preserve if validated.,,Definition first; source/license/provenance; 195-country normalization; coverage/ranking completeness; tie safety; semantic/player-quality review; no manual gap-filling.,anchor
candidate:090,new_or_repair_candidate,Most recently became a republic,History,,,Britannica / constitutional histories,,,,unvalidated_candidate,,research_and_validate,candidate_logged,pending_source_validation,,Define current republic status and transition date.,,Definition first; source/license/provenance; 195-country normalization; coverage/ranking completeness; tie safety; semantic/player-quality review; no manual gap-filling.,anchor
candidate:091,new_or_repair_candidate,Abolition of slavery,History,,,Britannica / academic legal-history dataset,,,,unvalidated_candidate,,research_and_validate,candidate_logged,pending_source_validation,,Define complete legal abolition; dates can be multi-stage.,,Definition first; source/license/provenance; 195-country normalization; coverage/ranking completeness; tie safety; semantic/player-quality review; no manual gap-filling.,anchor
candidate:092,new_or_repair_candidate,Oldest current currency,History,,,IMF / central-bank histories,,,,unvalidated_candidate,,research_and_validate,candidate_logged,pending_source_validation,,Define current currency introduction and redenominations.,,Definition first; source/license/provenance; 195-country normalization; coverage/ranking completeness; tie safety; semantic/player-quality review; no manual gap-filling.,anchor
candidate:093,new_or_repair_candidate,Oldest current national anthem,History,,,Britannica / government sources,,,,unvalidated_candidate,,research_and_validate,candidate_logged,pending_source_validation,,Define official adoption of current anthem.,,Definition first; source/license/provenance; 195-country normalization; coverage/ranking completeness; tie safety; semantic/player-quality review; no manual gap-filling.,standard
candidate:094,new_or_repair_candidate,Most recently admitted to the UN,History,,,United Nations,,,,unvalidated_candidate,,research_and_validate,candidate_logged,pending_source_validation,,Existing validated category; retain.,,Definition first; source/license/provenance; 195-country normalization; coverage/ranking completeness; tie safety; semantic/player-quality review; no manual gap-filling.,anchor
candidate:095,new_or_repair_candidate,First national census,History,,,UN Statistics / Britannica,,,,unvalidated_candidate,,research_and_validate,candidate_logged,pending_source_validation,,Global chronology may be incomplete.,,Definition first; source/license/provenance; 195-country normalization; coverage/ranking completeness; tie safety; semantic/player-quality review; no manual gap-filling.,specialty
candidate:096,new_or_repair_candidate,First railway,History,,,Britannica / transport histories,,,,unvalidated_candidate,,research_and_validate,candidate_logged,pending_source_validation,,Define first public railway in current borders.,,Definition first; source/license/provenance; 195-country normalization; coverage/ranking completeness; tie safety; semantic/player-quality review; no manual gap-filling.,standard
candidate:097,new_or_repair_candidate,Oldest university still operating,History,,,UNESCO / Britannica / university histories,,,,unvalidated_candidate,,research_and_validate,candidate_logged,pending_source_validation,,Define continuous operation and current borders.,,Definition first; source/license/provenance; 195-country normalization; coverage/ranking completeness; tie safety; semantic/player-quality review; no manual gap-filling.,standard
candidate:098,new_or_repair_candidate,First female head of government,History,,,UN Women / IPU,,,,unvalidated_candidate,,research_and_validate,candidate_logged,pending_source_validation,,Globally definable event; distinguish acting/interim.,,Definition first; source/license/provenance; 195-country normalization; coverage/ranking completeness; tie safety; semantic/player-quality review; no manual gap-filling.,anchor
candidate:099,new_or_repair_candidate,First female head of state,History,,,UN Women / IPU,,,,unvalidated_candidate,,research_and_validate,candidate_logged,pending_source_validation,,Globally definable event; distinguish monarchs vs elected heads if needed.,,Definition first; source/license/provenance; 195-country normalization; coverage/ranking completeness; tie safety; semantic/player-quality review; no manual gap-filling.,standard
candidate:100,new_or_repair_candidate,Oldest current constitution,History,,,Constitute Project,,,,unvalidated_candidate,,research_and_validate,candidate_logged,pending_source_validation,,Existing repair target; current in-force constitution adoption.,,Definition first; source/license/provenance; 195-country normalization; coverage/ranking completeness; tie safety; semantic/player-quality review; no manual gap-filling.,anchor
candidate:101,new_or_repair_candidate,Most recently adopted current constitution,History,,,Constitute Project,,,,unvalidated_candidate,,research_and_validate,candidate_logged,pending_source_validation,,Same current in-force definition.,,Definition first; source/license/provenance; 195-country normalization; coverage/ranking completeness; tie safety; semantic/player-quality review; no manual gap-filling.,anchor
candidate:102,new_or_repair_candidate,Earliest universal women's suffrage,History,,,IPU,,,,unvalidated_candidate,,research_and_validate,candidate_logged,pending_source_validation,,Existing repair target; define national universal suffrage.,,Definition first; source/license/provenance; 195-country normalization; coverage/ranking completeness; tie safety; semantic/player-quality review; no manual gap-filling.,anchor
candidate:103,new_or_repair_candidate,Latest universal women's suffrage,History,,,IPU,,,,unvalidated_candidate,,research_and_validate,candidate_logged,pending_source_validation,,Same source/definition.,,Definition first; source/license/provenance; 195-country normalization; coverage/ranking completeness; tie safety; semantic/player-quality review; no manual gap-filling.,standard
candidate:104,new_or_repair_candidate,Earliest universal male suffrage,History,,,IPU / academic dataset,,,,unvalidated_candidate,,research_and_validate,candidate_logged,pending_source_validation,,Definition review required.,,Definition first; source/license/provenance; 195-country normalization; coverage/ranking completeness; tie safety; semantic/player-quality review; no manual gap-filling.,specialty
candidate:105,new_or_repair_candidate,First multiparty national election,History,,,V-Dem / IDEA / academic political-history source,,,,unvalidated_candidate,,research_and_validate,candidate_logged,pending_source_validation,,Requires defensible global coverage.,,Definition first; source/license/provenance; 195-country normalization; coverage/ranking completeness; tie safety; semantic/player-quality review; no manual gap-filling.,specialty
candidate:106,new_or_repair_candidate,First peaceful electoral transfer of power,History,,,V-Dem / academic source,,,,unvalidated_candidate,,research_and_validate,candidate_logged,pending_source_validation,,Likely too interpretive; track and reject if not objective.,,Definition first; source/license/provenance; 195-country normalization; coverage/ranking completeness; tie safety; semantic/player-quality review; no manual gap-filling.,specialty
candidate:107,new_or_repair_candidate,First newspaper,History,,,Britannica / national histories,,,,unvalidated_candidate,,research_and_validate,candidate_logged,pending_source_validation,,Global comparability uncertain.,,Definition first; source/license/provenance; 195-country normalization; coverage/ranking completeness; tie safety; semantic/player-quality review; no manual gap-filling.,specialty
candidate:108,new_or_repair_candidate,First regular radio service,History,,,ITU / national histories,,,,unvalidated_candidate,,research_and_validate,candidate_logged,pending_source_validation,,Definition/coverage review.,,Definition first; source/license/provenance; 195-country normalization; coverage/ranking completeness; tie safety; semantic/player-quality review; no manual gap-filling.,standard
candidate:109,new_or_repair_candidate,First regular television service,History,,,ITU / national histories,,,,unvalidated_candidate,,research_and_validate,candidate_logged,pending_source_validation,,Definition/coverage review.,,Definition first; source/license/provenance; 195-country normalization; coverage/ranking completeness; tie safety; semantic/player-quality review; no manual gap-filling.,standard
candidate:110,new_or_repair_candidate,First internet connection,History,,,Internet Society / academic history,,,,unvalidated_candidate,,research_and_validate,candidate_logged,pending_source_validation,,Global chronology/source review.,,Definition first; source/license/provenance; 195-country normalization; coverage/ranking completeness; tie safety; semantic/player-quality review; no manual gap-filling.,standard
candidate:111,new_or_repair_candidate,First commercial nuclear power plant,History,,,IAEA,,,,unvalidated_candidate,,research_and_validate,candidate_logged,pending_source_validation,,Objective globally documented event.,,Definition first; source/license/provenance; 195-country normalization; coverage/ranking completeness; tie safety; semantic/player-quality review; no manual gap-filling.,standard
candidate:112,new_or_repair_candidate,First national park,History,,,Protected Planet / government histories,,,,unvalidated_candidate,,research_and_validate,candidate_logged,pending_source_validation,,Define legally designated national park.,,Definition first; source/license/provenance; 195-country normalization; coverage/ranking completeness; tie safety; semantic/player-quality review; no manual gap-filling.,standard
candidate:113,new_or_repair_candidate,Most languages spoken,Religion & culture,,,Ethnologue / Glottolog / authoritative linguistic dataset,,,,unvalidated_candidate,,research_and_validate,candidate_logged,pending_source_validation,,License and definition scrutiny required.,,Definition first; source/license/provenance; 195-country normalization; coverage/ranking completeness; tie safety; semantic/player-quality review; no manual gap-filling.,anchor
candidate:114,new_or_repair_candidate,Highest linguistic diversity,Religion & culture,,,Ethnologue / academic diversity index,,,,unvalidated_candidate,,research_and_validate,candidate_logged,pending_source_validation,,Composite metric; ship only if transparent/objective.,,Definition first; source/license/provenance; 195-country normalization; coverage/ranking completeness; tie safety; semantic/player-quality review; no manual gap-filling.,standard
candidate:115,new_or_repair_candidate,Most UNESCO intangible cultural heritage elements,Religion & culture,,,UNESCO,,,,unvalidated_candidate,,research_and_validate,candidate_logged,pending_source_validation,,Official count; category should be broad enough to be guessable.,,Definition first; source/license/provenance; 195-country normalization; coverage/ranking completeness; tie safety; semantic/player-quality review; no manual gap-filling.,standard
candidate:116,new_or_repair_candidate,Largest film production,Religion & culture,,,UNESCO UIS,,,,unvalidated_candidate,,research_and_validate,candidate_logged,pending_source_validation,,Need globally comparable recent film counts.,,Definition first; source/license/provenance; 195-country normalization; coverage/ranking completeness; tie safety; semantic/player-quality review; no manual gap-filling.,standard
candidate:117,new_or_repair_candidate,Most books published,Religion & culture,,,UNESCO / national bibliographic statistics,,,,unvalidated_candidate,,research_and_validate,candidate_logged,pending_source_validation,,Coverage may be weak; strict gate.,,Definition first; source/license/provenance; 195-country normalization; coverage/ranking completeness; tie safety; semantic/player-quality review; no manual gap-filling.,specialty
candidate:118,new_or_repair_candidate,Most books published per person,Religion & culture,,,UNESCO / national bibliographic statistics,,,,unvalidated_candidate,,research_and_validate,candidate_logged,pending_source_validation,,Derived only if same-year/global enough.,,Definition first; source/license/provenance; 195-country normalization; coverage/ranking completeness; tie safety; semantic/player-quality review; no manual gap-filling.,specialty
candidate:119,new_or_repair_candidate,Most volcanoes,Geology & natural hazards,,,Smithsonian Global Volcanism Program,,,,unvalidated_candidate,,research_and_validate,candidate_logged,pending_source_validation,,Existing validated category.,,Definition first; source/license/provenance; 195-country normalization; coverage/ranking completeness; tie safety; semantic/player-quality review; no manual gap-filling.,anchor
candidate:120,new_or_repair_candidate,Highest volcano,Geology & natural hazards,,,Smithsonian Global Volcanism Program,,,,unvalidated_candidate,,research_and_validate,candidate_logged,pending_source_validation,,"Existing validated category; generator currently overexposes, do not remove.",,Definition first; source/license/provenance; 195-country normalization; coverage/ranking completeness; tie safety; semantic/player-quality review; no manual gap-filling.,anchor
candidate:121,new_or_repair_candidate,Most active volcanoes,Geology & natural hazards,,,Smithsonian Global Volcanism Program,,,,unvalidated_candidate,,research_and_validate,candidate_logged,pending_source_validation,,Define active period consistently.,,Definition first; source/license/provenance; 195-country normalization; coverage/ranking completeness; tie safety; semantic/player-quality review; no manual gap-filling.,standard
candidate:122,new_or_repair_candidate,Most recorded volcanic eruptions,Geology & natural hazards,,,Smithsonian Global Volcanism Program,,,,unvalidated_candidate,,research_and_validate,candidate_logged,pending_source_validation,,Use complete eruption-record definition.,,Definition first; source/license/provenance; 195-country normalization; coverage/ranking completeness; tie safety; semantic/player-quality review; no manual gap-filling.,standard
candidate:123,new_or_repair_candidate,Most major earthquakes since 1970,Geology & natural hazards,,,USGS ComCat,,,,unvalidated_candidate,,research_and_validate,candidate_logged,pending_source_validation,,Existing validated category; title includes threshold/period.,,Definition first; source/license/provenance; 195-country normalization; coverage/ranking completeness; tie safety; semantic/player-quality review; no manual gap-filling.,anchor
candidate:124,new_or_repair_candidate,Strongest earthquake since 1970,Geology & natural hazards,,,USGS ComCat,,,,unvalidated_candidate,,research_and_validate,candidate_logged,pending_source_validation,,Existing validated category; title includes period.,,Definition first; source/license/provenance; 195-country normalization; coverage/ranking completeness; tie safety; semantic/player-quality review; no manual gap-filling.,anchor
candidate:125,new_or_repair_candidate,Most earthquakes above a defined magnitude,Geology & natural hazards,,,USGS ComCat,,,,unvalidated_candidate,,research_and_validate,candidate_logged,pending_source_validation,,May overlap existing M6+ category; avoid duplicate.,,Definition first; source/license/provenance; 195-country normalization; coverage/ranking completeness; tie safety; semantic/player-quality review; no manual gap-filling.,standard
candidate:126,new_or_repair_candidate,Most tsunami events,Geology & natural hazards,,,NOAA NCEI Global Historical Tsunami Database,,,,unvalidated_candidate,,research_and_validate,candidate_logged,pending_source_validation,,Country-event attribution definition required.,,Definition first; source/license/provenance; 195-country normalization; coverage/ranking completeness; tie safety; semantic/player-quality review; no manual gap-filling.,standard
candidate:127,new_or_repair_candidate,Most tropical cyclone landfalls,Geology & natural hazards,,,IBTrACS / NOAA,,,,unvalidated_candidate,,research_and_validate,candidate_logged,pending_source_validation,,Use uniform global best-track period/landfall definition.,,Definition first; source/license/provenance; 195-country normalization; coverage/ranking completeness; tie safety; semantic/player-quality review; no manual gap-filling.,standard
candidate:128,new_or_repair_candidate,Highest tropical cyclone exposure,Geology & natural hazards,,,World Bank / UNDRR / hazard model,,,,unvalidated_candidate,,research_and_validate,candidate_logged,pending_source_validation,,Composite/model risk; transparent methodology required.,,Definition first; source/license/provenance; 195-country normalization; coverage/ranking completeness; tie safety; semantic/player-quality review; no manual gap-filling.,specialty
candidate:129,new_or_repair_candidate,Highest share of population exposed to seismic hazard,Geology & natural hazards,,,GEM / World Bank / hazard dataset,,,,unvalidated_candidate,,research_and_validate,candidate_logged,pending_source_validation,,Requires globally consistent exposure model.,,Definition first; source/license/provenance; 195-country normalization; coverage/ranking completeness; tie safety; semantic/player-quality review; no manual gap-filling.,specialty
candidate:130,new_or_repair_candidate,Most geothermal generation,Geology & natural hazards,,,IRENA / EIA,,,,unvalidated_candidate,,research_and_validate,candidate_logged,pending_source_validation,,Energy rather than geology; globally comparable generation.,,Definition first; source/license/provenance; 195-country normalization; coverage/ranking completeness; tie safety; semantic/player-quality review; no manual gap-filling.,standard
candidate:131,new_or_repair_candidate,Highest GDP per person,High-value repairs,,,World Bank,,,,unvalidated_candidate,,research_and_validate,candidate_logged,pending_source_validation,,Existing approved repair target; highest priority.,,Definition first; source/license/provenance; 195-country normalization; coverage/ranking completeness; tie safety; semantic/player-quality review; no manual gap-filling.,anchor
candidate:132,new_or_repair_candidate,Fastest economic growth,High-value repairs,,,World Bank,,,,unvalidated_candidate,,research_and_validate,candidate_logged,pending_source_validation,,Existing repair target.,,Definition first; source/license/provenance; 195-country normalization; coverage/ranking completeness; tie safety; semantic/player-quality review; no manual gap-filling.,anchor
candidate:133,new_or_repair_candidate,Highest inflation,High-value repairs,,,World Bank / IMF,,,,unvalidated_candidate,,research_and_validate,candidate_logged,pending_source_validation,,Existing repair target.,,Definition first; source/license/provenance; 195-country normalization; coverage/ranking completeness; tie safety; semantic/player-quality review; no manual gap-filling.,anchor
candidate:134,new_or_repair_candidate,Highest health spending per person,High-value repairs,,,World Bank / WHO,,,,unvalidated_candidate,,research_and_validate,candidate_logged,pending_source_validation,,Existing repair target.,,Definition first; source/license/provenance; 195-country normalization; coverage/ranking completeness; tie safety; semantic/player-quality review; no manual gap-filling.,anchor
candidate:135,new_or_repair_candidate,Highest exports share of GDP,High-value repairs,,,World Bank,,,,unvalidated_candidate,,research_and_validate,candidate_logged,pending_source_validation,,Existing repair target.,,Definition first; source/license/provenance; 195-country normalization; coverage/ranking completeness; tie safety; semantic/player-quality review; no manual gap-filling.,anchor
candidate:136,new_or_repair_candidate,Largest services trade,High-value repairs,,,World Bank / WTO,,,,unvalidated_candidate,,research_and_validate,candidate_logged,pending_source_validation,,Existing repair target; define total.,,Definition first; source/license/provenance; 195-country normalization; coverage/ranking completeness; tie safety; semantic/player-quality review; no manual gap-filling.,standard
candidate:137,new_or_repair_candidate,Highest average rainfall,High-value repairs,,,World Bank / climate source,,,,unvalidated_candidate,,research_and_validate,candidate_logged,pending_source_validation,,Existing repair target; prefer robust climate source.,,Definition first; source/license/provenance; 195-country normalization; coverage/ranking completeness; tie safety; semantic/player-quality review; no manual gap-filling.,anchor
candidate:138,new_or_repair_candidate,Largest international tourist arrivals,High-value repairs,,,UN Tourism,,,,unvalidated_candidate,,research_and_validate,candidate_logged,pending_source_validation,,Existing repair target; source freshness required.,,Definition first; source/license/provenance; 195-country normalization; coverage/ranking completeness; tie safety; semantic/player-quality review; no manual gap-filling.,anchor
candidate:139,new_or_repair_candidate,Most tourist arrivals per resident,High-value repairs,,,UN Tourism + UN population,,,,unvalidated_candidate,,research_and_validate,candidate_logged,pending_source_validation,,Existing repair target; derived same-year denominator.,,Definition first; source/license/provenance; 195-country normalization; coverage/ranking completeness; tie safety; semantic/player-quality review; no manual gap-filling.,standard
candidate:140,new_or_repair_candidate,Largest international tourism revenue,High-value repairs,,,UN Tourism,,,,unvalidated_candidate,,research_and_validate,candidate_logged,pending_source_validation,,Existing repair target.,,Definition first; source/license/provenance; 195-country normalization; coverage/ranking completeness; tie safety; semantic/player-quality review; no manual gap-filling.,anchor
candidate:141,new_or_repair_candidate,Highest tourism revenue share of exports,High-value repairs,,,World Bank / UN Tourism,,,,unvalidated_candidate,,research_and_validate,candidate_logged,pending_source_validation,,Existing repair target.,,Definition first; source/license/provenance; 195-country normalization; coverage/ranking completeness; tie safety; semantic/player-quality review; no manual gap-filling.,standard
candidate:142,new_or_repair_candidate,Largest trade surplus,High-value repairs,,,UN Comtrade / World Bank,,,,unvalidated_candidate,,research_and_validate,candidate_logged,pending_source_validation,,New broad category; define goods-only vs goods+services.,,Definition first; source/license/provenance; 195-country normalization; coverage/ranking completeness; tie safety; semantic/player-quality review; no manual gap-filling.,anchor
candidate:143,new_or_repair_candidate,Most recently reached 50% internet use,High-value repairs,,,World Bank,,,,unvalidated_candidate,,research_and_validate,candidate_logged,pending_source_validation,,Historical milestone repair target.,,Definition first; source/license/provenance; 195-country normalization; coverage/ranking completeness; tie safety; semantic/player-quality review; no manual gap-filling.,anchor
candidate:144,new_or_repair_candidate,Highest freshwater stress,High-value repairs,,,FAO AQUASTAT / World Bank,,,,unvalidated_candidate,,research_and_validate,candidate_logged,pending_source_validation,,Existing repair target.,,Definition first; source/license/provenance; 195-country normalization; coverage/ranking completeness; tie safety; semantic/player-quality review; no manual gap-filling.,standard
candidate:145,new_or_repair_candidate,Largest camel population,High-value repairs,,,FAOSTAT,,,,unvalidated_candidate,,research_and_validate,candidate_logged,pending_source_validation,,Existing repair target.,,Definition first; source/license/provenance; 195-country normalization; coverage/ranking completeness; tie safety; semantic/player-quality review; no manual gap-filling.,standard
