category_id,title,source_organization,source_indicator_code,prior_editorial_status,prior_validation_status,prior_ranking_completeness_status,prior_primary_blocker,prior_blocker_class,v16_2_2_decision,rationale
comtrade:most-coal-exported,Largest coal exports,UN Comtrade,2701,pending,verified,top_end_complete,Below the source-specific quality floor.,source_specific_quality,rejected,"v16.2.2 catalog review: removed from the unresolved backlog because the concept is too technical, duplicative, narrow, weakly comparable, or insufficiently useful for GeoStats."
eia:most-crude-oil-produced,Most crude oil produced,U.S. EIA,57:1,needs_discussion,failed,comprehensive,Official-source value and ranking audit has not completed.,source_audit_pending,needs_discussion,"v16.2.2 catalog review: worthwhile concept, but source coverage/audit or comparability needs focused follow-up before gameplay."
eia:most-natural-gas-produced,Most natural gas produced,U.S. EIA,26:1,needs_discussion,failed,comprehensive,Official-source value and ranking audit has not completed.,source_audit_pending,needs_discussion,"v16.2.2 catalog review: worthwhile concept, but source coverage/audit or comparability needs focused follow-up before gameplay."
natural-earth:highest-coastline-density,Most coastline for its size,Natural Earth,highest-coastline-density,pending,verified,comprehensive,GeoStats v15 authoritative category review state: pending.,editorial_content_review,rejected,"v16.2.2 catalog review: removed from the unresolved backlog because the concept is too technical, duplicative, narrow, weakly comparable, or insufficiently useful for GeoStats."
who:PHE_HHAIR_PROP_POP_CLEAN_FUELS,Highest share using clean cooking fuels,WHO,PHE_HHAIR_PROP_POP_CLEAN_FUELS,pending,unable_to_verify,non_comprehensive,Fewer than 30 countries have comparable observations.,ranking_completeness,needs_discussion,"v16.2.2 catalog review: worthwhile concept, but source coverage/audit or comparability needs focused follow-up before gameplay."
worldbank-catalog:ag-con-fert-pt-zs,Highest fertilizer consumption,World Bank,AG.CON.FERT.PT.ZS,pending,unable_to_verify,non_comprehensive,Semantic audit identified a substantive data repair.,substantive_data_failure,rejected,"v16.2.2 catalog review: removed from the unresolved backlog because the concept is too technical, duplicative, narrow, weakly comparable, or insufficiently useful for GeoStats."
worldbank-catalog:ag-lnd-irig-ag-zs,Highest agricultural irrigated land,World Bank,AG.LND.IRIG.AG.ZS,pending,unable_to_verify,non_comprehensive,"Player-facing title, description, or unit needs a clearer rewrite.",copy_or_semantic_rewrite,needs_discussion,"v16.2.2 catalog review: worthwhile concept, but source coverage/audit or comparability needs focused follow-up before gameplay."
worldbank-catalog:bm-klt-dinv-wd-gd-zs,"Highest foreign direct investment, net outflows",World Bank,BM.KLT.DINV.WD.GD.ZS,pending,verified,non_comprehensive,Semantic audit identified a substantive data repair.,substantive_data_failure,rejected,"v16.2.2 catalog review: removed from the unresolved backlog because the concept is too technical, duplicative, narrow, weakly comparable, or insufficiently useful for GeoStats."
worldbank-catalog:bn-cab-xoka-cd,Highest current account balance,World Bank,BN.CAB.XOKA.CD,pending,verified,non_comprehensive,One or more omitted countries could plausibly alter the meaningful top ranking.,ranking_completeness,rejected,"v16.2.2 catalog review: removed from the unresolved backlog because the concept is too technical, duplicative, narrow, weakly comparable, or insufficiently useful for GeoStats."
worldbank-catalog:bn-cab-xoka-gd-zs,Highest current account balance,World Bank,BN.CAB.XOKA.GD.ZS,pending,verified,non_comprehensive,Semantic audit identified a substantive data repair.,substantive_data_failure,rejected,"v16.2.2 catalog review: removed from the unresolved backlog because the concept is too technical, duplicative, narrow, weakly comparable, or insufficiently useful for GeoStats."
worldbank-catalog:bx-trf-pwkr-dt-gd-zs,"Highest personal remittances, received",World Bank,BX.TRF.PWKR.DT.GD.ZS,pending,verified,non_comprehensive,"Player-facing title, description, or unit needs a clearer rewrite.",copy_or_semantic_rewrite,approved,"v16.2.2 catalog review: clear, objective country comparison worth keeping; source/integrity gates remain authoritative."
worldbank-catalog:cm-mkt-indx-zg,Highest s&P Global Equity Indices,World Bank,CM.MKT.INDX.ZG,pending,unable_to_verify,non_comprehensive,Semantic audit identified a substantive data repair.,substantive_data_failure,rejected,"v16.2.2 catalog review: removed from the unresolved backlog because the concept is too technical, duplicative, narrow, weakly comparable, or insufficiently useful for GeoStats."
worldbank-catalog:cm-mkt-lcap-cd,Highest market capitalization of listed domestic companies,World Bank,CM.MKT.LCAP.CD,pending,unable_to_verify,non_comprehensive,One or more omitted countries could plausibly alter the meaningful top ranking.,ranking_completeness,rejected,"v16.2.2 catalog review: removed from the unresolved backlog because the concept is too technical, duplicative, narrow, weakly comparable, or insufficiently useful for GeoStats."
worldbank-catalog:cm-mkt-lcap-gd-zs,Highest market capitalization of listed domestic companies,World Bank,CM.MKT.LCAP.GD.ZS,pending,unable_to_verify,non_comprehensive,Semantic audit identified a substantive data repair.,substantive_data_failure,rejected,"v16.2.2 catalog review: removed from the unresolved backlog because the concept is too technical, duplicative, narrow, weakly comparable, or insufficiently useful for GeoStats."
worldbank-catalog:cm-mkt-ldom-no,"Highest listed domestic companies, total",World Bank,CM.MKT.LDOM.NO,pending,unable_to_verify,non_comprehensive,One or more omitted countries could plausibly alter the meaningful top ranking.,ranking_completeness,rejected,"v16.2.2 catalog review: removed from the unresolved backlog because the concept is too technical, duplicative, narrow, weakly comparable, or insufficiently useful for GeoStats."
worldbank-catalog:cm-mkt-trad-gd-zs,Most stock trading,World Bank,CM.MKT.TRAD.GD.ZS,pending,unable_to_verify,non_comprehensive,Semantic audit identified a substantive data repair.,substantive_data_failure,rejected,"v16.2.2 catalog review: removed from the unresolved backlog because the concept is too technical, duplicative, narrow, weakly comparable, or insufficiently useful for GeoStats."
worldbank-catalog:cm-mkt-trnr,Most stock trading,World Bank,CM.MKT.TRNR,pending,unable_to_verify,non_comprehensive,Semantic audit identified a substantive data repair.,substantive_data_failure,rejected,"v16.2.2 catalog review: removed from the unresolved backlog because the concept is too technical, duplicative, narrow, weakly comparable, or insufficiently useful for GeoStats."
worldbank-catalog:dc-dac-ausl-cd,"Highest net bilateral aid flows from DAC donors, Australia",World Bank,DC.DAC.AUSL.CD,pending,verified,non_comprehensive,One or more omitted countries could plausibly alter the meaningful top ranking.,ranking_completeness,rejected,"v16.2.2 catalog review: removed from the unresolved backlog because the concept is too technical, duplicative, narrow, weakly comparable, or insufficiently useful for GeoStats."
worldbank-catalog:dc-dac-autl-cd,"Highest net bilateral aid flows from DAC donors, Austria",World Bank,DC.DAC.AUTL.CD,pending,verified,non_comprehensive,One or more omitted countries could plausibly alter the meaningful top ranking.,ranking_completeness,rejected,"v16.2.2 catalog review: removed from the unresolved backlog because the concept is too technical, duplicative, narrow, weakly comparable, or insufficiently useful for GeoStats."
worldbank-catalog:dc-dac-bell-cd,"Highest net bilateral aid flows from DAC donors, Belgium",World Bank,DC.DAC.BELL.CD,pending,unable_to_verify,non_comprehensive,One or more omitted countries could plausibly alter the meaningful top ranking.,ranking_completeness,rejected,"v16.2.2 catalog review: removed from the unresolved backlog because the concept is too technical, duplicative, narrow, weakly comparable, or insufficiently useful for GeoStats."
worldbank-catalog:dc-dac-canl-cd,"Highest net bilateral aid flows from DAC donors, Canada",World Bank,DC.DAC.CANL.CD,pending,verified,non_comprehensive,One or more omitted countries could plausibly alter the meaningful top ranking.,ranking_completeness,rejected,"v16.2.2 catalog review: removed from the unresolved backlog because the concept is too technical, duplicative, narrow, weakly comparable, or insufficiently useful for GeoStats."
worldbank-catalog:dc-dac-cecl-cd,"Highest net bilateral aid flows from DAC donors, European Union institutions",World Bank,DC.DAC.CECL.CD,pending,verified,non_comprehensive,One or more omitted countries could plausibly alter the meaningful top ranking.,ranking_completeness,rejected,"v16.2.2 catalog review: removed from the unresolved backlog because the concept is too technical, duplicative, narrow, weakly comparable, or insufficiently useful for GeoStats."
worldbank-catalog:dc-dac-chel-cd,"Highest net bilateral aid flows from DAC donors, Switzerland",World Bank,DC.DAC.CHEL.CD,pending,verified,non_comprehensive,One or more omitted countries could plausibly alter the meaningful top ranking.,ranking_completeness,rejected,"v16.2.2 catalog review: removed from the unresolved backlog because the concept is too technical, duplicative, narrow, weakly comparable, or insufficiently useful for GeoStats."
worldbank-catalog:dc-dac-czel-cd,"Highest net bilateral aid flows from DAC donors, Czechia",World Bank,DC.DAC.CZEL.CD,pending,unable_to_verify,non_comprehensive,One or more omitted countries could plausibly alter the meaningful top ranking.,ranking_completeness,rejected,"v16.2.2 catalog review: removed from the unresolved backlog because the concept is too technical, duplicative, narrow, weakly comparable, or insufficiently useful for GeoStats."
worldbank-catalog:dc-dac-deul-cd,"Highest net bilateral aid flows from DAC donors, Germany",World Bank,DC.DAC.DEUL.CD,pending,verified,non_comprehensive,One or more omitted countries could plausibly alter the meaningful top ranking.,ranking_completeness,rejected,"v16.2.2 catalog review: removed from the unresolved backlog because the concept is too technical, duplicative, narrow, weakly comparable, or insufficiently useful for GeoStats."
worldbank-catalog:dc-dac-dnkl-cd,"Highest net bilateral aid flows from DAC donors, Denmark",World Bank,DC.DAC.DNKL.CD,pending,unable_to_verify,non_comprehensive,One or more omitted countries could plausibly alter the meaningful top ranking.,ranking_completeness,rejected,"v16.2.2 catalog review: removed from the unresolved backlog because the concept is too technical, duplicative, narrow, weakly comparable, or insufficiently useful for GeoStats."
worldbank-catalog:dc-dac-espl-cd,"Highest net bilateral aid flows from DAC donors, Spain",World Bank,DC.DAC.ESPL.CD,pending,verified,non_comprehensive,One or more omitted countries could plausibly alter the meaningful top ranking.,ranking_completeness,rejected,"v16.2.2 catalog review: removed from the unresolved backlog because the concept is too technical, duplicative, narrow, weakly comparable, or insufficiently useful for GeoStats."
worldbank-catalog:dc-dac-estl-cd,"Highest net bilateral aid flows from DAC donors, Estonia",World Bank,DC.DAC.ESTL.CD,pending,unable_to_verify,non_comprehensive,One or more omitted countries could plausibly alter the meaningful top ranking.,ranking_completeness,rejected,"v16.2.2 catalog review: removed from the unresolved backlog because the concept is too technical, duplicative, narrow, weakly comparable, or insufficiently useful for GeoStats."
worldbank-catalog:dc-dac-finl-cd,"Highest net bilateral aid flows from DAC donors, Finland",World Bank,DC.DAC.FINL.CD,pending,unable_to_verify,non_comprehensive,One or more omitted countries could plausibly alter the meaningful top ranking.,ranking_completeness,rejected,"v16.2.2 catalog review: removed from the unresolved backlog because the concept is too technical, duplicative, narrow, weakly comparable, or insufficiently useful for GeoStats."
worldbank-catalog:dc-dac-fral-cd,"Highest net bilateral aid flows from DAC donors, France",World Bank,DC.DAC.FRAL.CD,pending,verified,non_comprehensive,One or more omitted countries could plausibly alter the meaningful top ranking.,ranking_completeness,rejected,"v16.2.2 catalog review: removed from the unresolved backlog because the concept is too technical, duplicative, narrow, weakly comparable, or insufficiently useful for GeoStats."
worldbank-catalog:dc-dac-gbrl-cd,"Highest net bilateral aid flows from DAC donors, United Kingdom",World Bank,DC.DAC.GBRL.CD,pending,verified,non_comprehensive,One or more omitted countries could plausibly alter the meaningful top ranking.,ranking_completeness,rejected,"v16.2.2 catalog review: removed from the unresolved backlog because the concept is too technical, duplicative, narrow, weakly comparable, or insufficiently useful for GeoStats."
worldbank-catalog:dc-dac-grcl-cd,"Highest net bilateral aid flows from DAC donors, Greece",World Bank,DC.DAC.GRCL.CD,pending,failed,non_comprehensive,Official-source value and ranking audit has not completed.,source_audit_pending,rejected,"v16.2.2 catalog review: removed from the unresolved backlog because the concept is too technical, duplicative, narrow, weakly comparable, or insufficiently useful for GeoStats."
worldbank-catalog:dc-dac-hunl-cd,"Highest net bilateral aid flows from DAC donors, Hungary",World Bank,DC.DAC.HUNL.CD,pending,unable_to_verify,non_comprehensive,One or more omitted countries could plausibly alter the meaningful top ranking.,ranking_completeness,rejected,"v16.2.2 catalog review: removed from the unresolved backlog because the concept is too technical, duplicative, narrow, weakly comparable, or insufficiently useful for GeoStats."
worldbank-catalog:dc-dac-irll-cd,"Highest net bilateral aid flows from DAC donors, Ireland",World Bank,DC.DAC.IRLL.CD,pending,unable_to_verify,non_comprehensive,One or more omitted countries could plausibly alter the meaningful top ranking.,ranking_completeness,rejected,"v16.2.2 catalog review: removed from the unresolved backlog because the concept is too technical, duplicative, narrow, weakly comparable, or insufficiently useful for GeoStats."
worldbank-catalog:dc-dac-isll-cd,"Highest net bilateral aid flows from DAC donors, Iceland",World Bank,DC.DAC.ISLL.CD,pending,unable_to_verify,non_comprehensive,One or more omitted countries could plausibly alter the meaningful top ranking.,ranking_completeness,rejected,"v16.2.2 catalog review: removed from the unresolved backlog because the concept is too technical, duplicative, narrow, weakly comparable, or insufficiently useful for GeoStats."
worldbank-catalog:dc-dac-ital-cd,"Highest net bilateral aid flows from DAC donors, Italy",World Bank,DC.DAC.ITAL.CD,pending,verified,non_comprehensive,One or more omitted countries could plausibly alter the meaningful top ranking.,ranking_completeness,rejected,"v16.2.2 catalog review: removed from the unresolved backlog because the concept is too technical, duplicative, narrow, weakly comparable, or insufficiently useful for GeoStats."
worldbank-catalog:dc-dac-jpnl-cd,"Highest net bilateral aid flows from DAC donors, Japan",World Bank,DC.DAC.JPNL.CD,pending,verified,non_comprehensive,One or more omitted countries could plausibly alter the meaningful top ranking.,ranking_completeness,rejected,"v16.2.2 catalog review: removed from the unresolved backlog because the concept is too technical, duplicative, narrow, weakly comparable, or insufficiently useful for GeoStats."
worldbank-catalog:dc-dac-korl-cd,"Highest net bilateral aid flows from DAC donors, Korea, Rep.",World Bank,DC.DAC.KORL.CD,pending,verified,non_comprehensive,One or more omitted countries could plausibly alter the meaningful top ranking.,ranking_completeness,rejected,"v16.2.2 catalog review: removed from the unresolved backlog because the concept is too technical, duplicative, narrow, weakly comparable, or insufficiently useful for GeoStats."
worldbank-catalog:dc-dac-ltul-cd,"Highest net bilateral aid flows from DAC donors, Lithuania",World Bank,DC.DAC.LTUL.CD,pending,unable_to_verify,non_comprehensive,One or more omitted countries could plausibly alter the meaningful top ranking.,ranking_completeness,rejected,"v16.2.2 catalog review: removed from the unresolved backlog because the concept is too technical, duplicative, narrow, weakly comparable, or insufficiently useful for GeoStats."
worldbank-catalog:dc-dac-luxl-cd,"Highest net bilateral aid flows from DAC donors, Luxembourg",World Bank,DC.DAC.LUXL.CD,pending,unable_to_verify,non_comprehensive,One or more omitted countries could plausibly alter the meaningful top ranking.,ranking_completeness,rejected,"v16.2.2 catalog review: removed from the unresolved backlog because the concept is too technical, duplicative, narrow, weakly comparable, or insufficiently useful for GeoStats."
worldbank-catalog:dc-dac-nldl-cd,"Highest net bilateral aid flows from DAC donors, Netherlands",World Bank,DC.DAC.NLDL.CD,pending,unable_to_verify,non_comprehensive,One or more omitted countries could plausibly alter the meaningful top ranking.,ranking_completeness,rejected,"v16.2.2 catalog review: removed from the unresolved backlog because the concept is too technical, duplicative, narrow, weakly comparable, or insufficiently useful for GeoStats."
worldbank-catalog:dc-dac-norl-cd,"Highest net bilateral aid flows from DAC donors, Norway",World Bank,DC.DAC.NORL.CD,pending,unable_to_verify,non_comprehensive,One or more omitted countries could plausibly alter the meaningful top ranking.,ranking_completeness,rejected,"v16.2.2 catalog review: removed from the unresolved backlog because the concept is too technical, duplicative, narrow, weakly comparable, or insufficiently useful for GeoStats."
worldbank-catalog:dc-dac-nzll-cd,"Highest net bilateral aid flows from DAC donors, New Zealand",World Bank,DC.DAC.NZLL.CD,pending,unable_to_verify,non_comprehensive,One or more omitted countries could plausibly alter the meaningful top ranking.,ranking_completeness,rejected,"v16.2.2 catalog review: removed from the unresolved backlog because the concept is too technical, duplicative, narrow, weakly comparable, or insufficiently useful for GeoStats."
worldbank-catalog:dc-dac-poll-cd,"Highest net bilateral aid flows from DAC donors, Poland",World Bank,DC.DAC.POLL.CD,pending,verified,non_comprehensive,One or more omitted countries could plausibly alter the meaningful top ranking.,ranking_completeness,rejected,"v16.2.2 catalog review: removed from the unresolved backlog because the concept is too technical, duplicative, narrow, weakly comparable, or insufficiently useful for GeoStats."
worldbank-catalog:dc-dac-prtl-cd,"Highest net bilateral aid flows from DAC donors, Portugal",World Bank,DC.DAC.PRTL.CD,pending,unable_to_verify,non_comprehensive,One or more omitted countries could plausibly alter the meaningful top ranking.,ranking_completeness,rejected,"v16.2.2 catalog review: removed from the unresolved backlog because the concept is too technical, duplicative, narrow, weakly comparable, or insufficiently useful for GeoStats."
worldbank-catalog:dc-dac-svkl-cd,"Highest net bilateral aid flows from DAC donors, Slovak Republic",World Bank,DC.DAC.SVKL.CD,pending,unable_to_verify,non_comprehensive,One or more omitted countries could plausibly alter the meaningful top ranking.,ranking_completeness,rejected,"v16.2.2 catalog review: removed from the unresolved backlog because the concept is too technical, duplicative, narrow, weakly comparable, or insufficiently useful for GeoStats."
worldbank-catalog:dc-dac-svnl-cd,"Highest net bilateral aid flows from DAC donors, Slovenia",World Bank,DC.DAC.SVNL.CD,pending,unable_to_verify,non_comprehensive,One or more omitted countries could plausibly alter the meaningful top ranking.,ranking_completeness,rejected,"v16.2.2 catalog review: removed from the unresolved backlog because the concept is too technical, duplicative, narrow, weakly comparable, or insufficiently useful for GeoStats."
worldbank-catalog:dc-dac-swel-cd,"Highest net bilateral aid flows from DAC donors, Sweden",World Bank,DC.DAC.SWEL.CD,pending,verified,non_comprehensive,One or more omitted countries could plausibly alter the meaningful top ranking.,ranking_completeness,rejected,"v16.2.2 catalog review: removed from the unresolved backlog because the concept is too technical, duplicative, narrow, weakly comparable, or insufficiently useful for GeoStats."
worldbank-catalog:dc-dac-totl-cd,"Highest net bilateral aid flows from DAC donors, Total",World Bank,DC.DAC.TOTL.CD,pending,verified,non_comprehensive,One or more omitted countries could plausibly alter the meaningful top ranking.,ranking_completeness,rejected,"v16.2.2 catalog review: removed from the unresolved backlog because the concept is too technical, duplicative, narrow, weakly comparable, or insufficiently useful for GeoStats."
worldbank-catalog:dc-dac-usal-cd,"Highest net bilateral aid flows from DAC donors, United States",World Bank,DC.DAC.USAL.CD,pending,verified,non_comprehensive,One or more omitted countries could plausibly alter the meaningful top ranking.,ranking_completeness,rejected,"v16.2.2 catalog review: removed from the unresolved backlog because the concept is too technical, duplicative, narrow, weakly comparable, or insufficiently useful for GeoStats."
worldbank-catalog:dc-oda-tldc-cd,"Highest net ODA provided, to the least developed countries",World Bank,DC.ODA.TLDC.CD,pending,unable_to_verify,non_comprehensive,One or more omitted countries could plausibly alter the meaningful top ranking.,ranking_completeness,rejected,"v16.2.2 catalog review: removed from the unresolved backlog because the concept is too technical, duplicative, narrow, weakly comparable, or insufficiently useful for GeoStats."
worldbank-catalog:dc-oda-tldc-gn-zs,Highest net ODA provided to the least developed countries,World Bank,DC.ODA.TLDC.GN.ZS,pending,unable_to_verify,non_comprehensive,"Player-facing title, description, or unit needs a clearer rewrite.",copy_or_semantic_rewrite,rejected,"v16.2.2 catalog review: removed from the unresolved backlog because the concept is too technical, duplicative, narrow, weakly comparable, or insufficiently useful for GeoStats."
worldbank-catalog:dc-oda-totl-cd,"Highest net ODA provided, total",World Bank,DC.ODA.TOTL.CD,pending,unable_to_verify,non_comprehensive,One or more omitted countries could plausibly alter the meaningful top ranking.,ranking_completeness,rejected,"v16.2.2 catalog review: removed from the unresolved backlog because the concept is too technical, duplicative, narrow, weakly comparable, or insufficiently useful for GeoStats."
worldbank-catalog:dc-oda-totl-kd,"Highest net ODA provided, total",World Bank,DC.ODA.TOTL.KD,pending,failed,non_comprehensive,Official-source value and ranking audit has not completed.,source_audit_pending,rejected,"v16.2.2 catalog review: removed from the unresolved backlog because the concept is too technical, duplicative, narrow, weakly comparable, or insufficiently useful for GeoStats."
worldbank-catalog:dt-dod-dect-cd,"Highest external debt stocks, total",World Bank,DT.DOD.DECT.CD,pending,verified,non_comprehensive,One or more omitted countries could plausibly alter the meaningful top ranking.,ranking_completeness,rejected,"v16.2.2 catalog review: removed from the unresolved backlog because the concept is too technical, duplicative, narrow, weakly comparable, or insufficiently useful for GeoStats."
worldbank-catalog:dt-dod-dect-gn-zs,Highest external debt stocks,World Bank,DT.DOD.DECT.GN.ZS,pending,verified,non_comprehensive,Semantic audit identified a substantive data repair.,substantive_data_failure,rejected,"v16.2.2 catalog review: removed from the unresolved backlog because the concept is too technical, duplicative, narrow, weakly comparable, or insufficiently useful for GeoStats."
worldbank-catalog:dt-dod-dimf-cd,Highest use of IMF credit,World Bank,DT.DOD.DIMF.CD,pending,verified,non_comprehensive,One or more omitted countries could plausibly alter the meaningful top ranking.,ranking_completeness,rejected,"v16.2.2 catalog review: removed from the unresolved backlog because the concept is too technical, duplicative, narrow, weakly comparable, or insufficiently useful for GeoStats."
worldbank-catalog:dt-dod-dlxf-cd,"Highest external debt stocks, long-term",World Bank,DT.DOD.DLXF.CD,pending,verified,non_comprehensive,One or more omitted countries could plausibly alter the meaningful top ranking.,ranking_completeness,rejected,"v16.2.2 catalog review: removed from the unresolved backlog because the concept is too technical, duplicative, narrow, weakly comparable, or insufficiently useful for GeoStats."
worldbank-catalog:dt-dod-dpng-cd,"Highest external debt stocks, private nonguaranteed (PNG)",World Bank,DT.DOD.DPNG.CD,pending,unable_to_verify,non_comprehensive,One or more omitted countries could plausibly alter the meaningful top ranking.,ranking_completeness,rejected,"v16.2.2 catalog review: removed from the unresolved backlog because the concept is too technical, duplicative, narrow, weakly comparable, or insufficiently useful for GeoStats."
worldbank-catalog:dt-dod-dppg-cd,"Highest external debt stocks, public and publicly guaranteed (PPG)",World Bank,DT.DOD.DPPG.CD,pending,verified,non_comprehensive,One or more omitted countries could plausibly alter the meaningful top ranking.,ranking_completeness,rejected,"v16.2.2 catalog review: removed from the unresolved backlog because the concept is too technical, duplicative, narrow, weakly comparable, or insufficiently useful for GeoStats."
worldbank-catalog:dt-dod-dstc-cd,"Highest external debt stocks, short-term",World Bank,DT.DOD.DSTC.CD,pending,verified,non_comprehensive,One or more omitted countries could plausibly alter the meaningful top ranking.,ranking_completeness,rejected,"v16.2.2 catalog review: removed from the unresolved backlog because the concept is too technical, duplicative, narrow, weakly comparable, or insufficiently useful for GeoStats."
worldbank-catalog:dt-dod-dstc-ir-zs,Highest short-term debt,World Bank,DT.DOD.DSTC.IR.ZS,pending,verified,non_comprehensive,Semantic audit identified a substantive data repair.,substantive_data_failure,rejected,"v16.2.2 catalog review: removed from the unresolved backlog because the concept is too technical, duplicative, narrow, weakly comparable, or insufficiently useful for GeoStats."
worldbank-catalog:dt-dod-dstc-xp-zs,Highest short-term debt,World Bank,DT.DOD.DSTC.XP.ZS,pending,verified,non_comprehensive,Semantic audit identified a substantive data repair.,substantive_data_failure,rejected,"v16.2.2 catalog review: removed from the unresolved backlog because the concept is too technical, duplicative, narrow, weakly comparable, or insufficiently useful for GeoStats."
worldbank-catalog:dt-dod-mibr-cd,"Highest pPG, IBRD",World Bank,DT.DOD.MIBR.CD,pending,unable_to_verify,non_comprehensive,One or more omitted countries could plausibly alter the meaningful top ranking.,ranking_completeness,rejected,"v16.2.2 catalog review: removed from the unresolved backlog because the concept is too technical, duplicative, narrow, weakly comparable, or insufficiently useful for GeoStats."
worldbank-catalog:dt-dod-mida-cd,"Highest pPG, IDA",World Bank,DT.DOD.MIDA.CD,pending,verified,non_comprehensive,One or more omitted countries could plausibly alter the meaningful top ranking.,ranking_completeness,rejected,"v16.2.2 catalog review: removed from the unresolved backlog because the concept is too technical, duplicative, narrow, weakly comparable, or insufficiently useful for GeoStats."
worldbank-catalog:dt-dod-pvlx-ex-zs,Highest present value of external debt,World Bank,DT.DOD.PVLX.EX.ZS,pending,verified,non_comprehensive,Semantic audit identified a substantive data repair.,substantive_data_failure,rejected,"v16.2.2 catalog review: removed from the unresolved backlog because the concept is too technical, duplicative, narrow, weakly comparable, or insufficiently useful for GeoStats."
worldbank-catalog:dt-dod-pvlx-gn-zs,Highest present value of external debt,World Bank,DT.DOD.PVLX.GN.ZS,pending,verified,non_comprehensive,"Player-facing title, description, or unit needs a clearer rewrite.",copy_or_semantic_rewrite,rejected,"v16.2.2 catalog review: removed from the unresolved backlog because the concept is too technical, duplicative, narrow, weakly comparable, or insufficiently useful for GeoStats."
worldbank-catalog:dt-nfl-bond-cd,"Highest portfolio investment, bonds (PPG + PNG)",World Bank,DT.NFL.BOND.CD,pending,unable_to_verify,non_comprehensive,One or more omitted countries could plausibly alter the meaningful top ranking.,ranking_completeness,rejected,"v16.2.2 catalog review: removed from the unresolved backlog because the concept is too technical, duplicative, narrow, weakly comparable, or insufficiently useful for GeoStats."
worldbank-catalog:dt-nfl-cerf-cd,"Highest net official flows from UN agencies, CERF",World Bank,DT.NFL.CERF.CD,pending,unable_to_verify,non_comprehensive,One or more omitted countries could plausibly alter the meaningful top ranking.,ranking_completeness,rejected,"v16.2.2 catalog review: removed from the unresolved backlog because the concept is too technical, duplicative, narrow, weakly comparable, or insufficiently useful for GeoStats."
worldbank-catalog:dt-nfl-dpng-cd,"Highest net flows on external debt, private nonguaranteed (PNG)",World Bank,DT.NFL.DPNG.CD,pending,unable_to_verify,non_comprehensive,One or more omitted countries could plausibly alter the meaningful top ranking.,ranking_completeness,rejected,"v16.2.2 catalog review: removed from the unresolved backlog because the concept is too technical, duplicative, narrow, weakly comparable, or insufficiently useful for GeoStats."
worldbank-catalog:dt-nfl-faog-cd,"Highest net official flows from UN agencies, FAO",World Bank,DT.NFL.FAOG.CD,pending,verified,non_comprehensive,One or more omitted countries could plausibly alter the meaningful top ranking.,ranking_completeness,rejected,"v16.2.2 catalog review: removed from the unresolved backlog because the concept is too technical, duplicative, narrow, weakly comparable, or insufficiently useful for GeoStats."
worldbank-catalog:dt-nfl-iaea-cd,"Highest net official flows from UN agencies, IAEA",World Bank,DT.NFL.IAEA.CD,pending,verified,non_comprehensive,One or more omitted countries could plausibly alter the meaningful top ranking.,ranking_completeness,rejected,"v16.2.2 catalog review: removed from the unresolved backlog because the concept is too technical, duplicative, narrow, weakly comparable, or insufficiently useful for GeoStats."
worldbank-catalog:dt-nfl-ifad-cd,"Highest net official flows from UN agencies, IFAD",World Bank,DT.NFL.IFAD.CD,pending,unable_to_verify,non_comprehensive,One or more omitted countries could plausibly alter the meaningful top ranking.,ranking_completeness,rejected,"v16.2.2 catalog review: removed from the unresolved backlog because the concept is too technical, duplicative, narrow, weakly comparable, or insufficiently useful for GeoStats."
worldbank-catalog:dt-nfl-ilog-cd,"Highest net official flows from UN agencies, ILO",World Bank,DT.NFL.ILOG.CD,pending,verified,non_comprehensive,One or more omitted countries could plausibly alter the meaningful top ranking.,ranking_completeness,rejected,"v16.2.2 catalog review: removed from the unresolved backlog because the concept is too technical, duplicative, narrow, weakly comparable, or insufficiently useful for GeoStats."
worldbank-catalog:dt-nfl-imfc-cd,"Highest net financial flows, IMF concessional",World Bank,DT.NFL.IMFC.CD,pending,failed,non_comprehensive,Official-source value and ranking audit has not completed.,source_audit_pending,rejected,"v16.2.2 catalog review: removed from the unresolved backlog because the concept is too technical, duplicative, narrow, weakly comparable, or insufficiently useful for GeoStats."
worldbank-catalog:dt-nfl-imfn-cd,"Highest net financial flows, IMF nonconcessional",World Bank,DT.NFL.IMFN.CD,pending,verified,non_comprehensive,One or more omitted countries could plausibly alter the meaningful top ranking.,ranking_completeness,rejected,"v16.2.2 catalog review: removed from the unresolved backlog because the concept is too technical, duplicative, narrow, weakly comparable, or insufficiently useful for GeoStats."
worldbank-catalog:dt-nfl-mibr-cd,"Highest net financial flows, IBRD",World Bank,DT.NFL.MIBR.CD,pending,unable_to_verify,non_comprehensive,One or more omitted countries could plausibly alter the meaningful top ranking.,ranking_completeness,rejected,"v16.2.2 catalog review: removed from the unresolved backlog because the concept is too technical, duplicative, narrow, weakly comparable, or insufficiently useful for GeoStats."
worldbank-catalog:dt-nfl-mlat-cd,"Highest net financial flows, multilateral",World Bank,DT.NFL.MLAT.CD,pending,verified,non_comprehensive,One or more omitted countries could plausibly alter the meaningful top ranking.,ranking_completeness,rejected,"v16.2.2 catalog review: removed from the unresolved backlog because the concept is too technical, duplicative, narrow, weakly comparable, or insufficiently useful for GeoStats."
worldbank-catalog:dt-nfl-nifc-cd,"Highest iFC, private nonguaranteed",World Bank,DT.NFL.NIFC.CD,pending,failed,non_comprehensive,Official-source value and ranking audit has not completed.,source_audit_pending,rejected,"v16.2.2 catalog review: removed from the unresolved backlog because the concept is too technical, duplicative, narrow, weakly comparable, or insufficiently useful for GeoStats."
worldbank-catalog:dt-nfl-offt-cd,"Highest pPG, official creditors",World Bank,DT.NFL.OFFT.CD,pending,failed,non_comprehensive,Official-source value and ranking audit has not completed.,source_audit_pending,rejected,"v16.2.2 catalog review: removed from the unresolved backlog because the concept is too technical, duplicative, narrow, weakly comparable, or insufficiently useful for GeoStats."
worldbank-catalog:dt-nfl-pbnd-cd,"Highest pPG, bonds",World Bank,DT.NFL.PBND.CD,pending,unable_to_verify,non_comprehensive,One or more omitted countries could plausibly alter the meaningful top ranking.,ranking_completeness,rejected,"v16.2.2 catalog review: removed from the unresolved backlog because the concept is too technical, duplicative, narrow, weakly comparable, or insufficiently useful for GeoStats."
worldbank-catalog:dt-nfl-pcbk-cd,"Highest pPG, commercial banks",World Bank,DT.NFL.PCBK.CD,pending,unable_to_verify,non_comprehensive,One or more omitted countries could plausibly alter the meaningful top ranking.,ranking_completeness,rejected,"v16.2.2 catalog review: removed from the unresolved backlog because the concept is too technical, duplicative, narrow, weakly comparable, or insufficiently useful for GeoStats."
worldbank-catalog:dt-nfl-pcbo-cd,Highest commercial banks and other lending (PPG + PNG),World Bank,DT.NFL.PCBO.CD,pending,unable_to_verify,non_comprehensive,One or more omitted countries could plausibly alter the meaningful top ranking.,ranking_completeness,rejected,"v16.2.2 catalog review: removed from the unresolved backlog because the concept is too technical, duplicative, narrow, weakly comparable, or insufficiently useful for GeoStats."
worldbank-catalog:dt-nfl-pngb-cd,"Highest pNG, bonds",World Bank,DT.NFL.PNGB.CD,pending,unable_to_verify,non_comprehensive,One or more omitted countries could plausibly alter the meaningful top ranking.,ranking_completeness,rejected,"v16.2.2 catalog review: removed from the unresolved backlog because the concept is too technical, duplicative, narrow, weakly comparable, or insufficiently useful for GeoStats."
worldbank-catalog:dt-nfl-pngc-cd,"Highest pNG, commercial banks and other creditors",World Bank,DT.NFL.PNGC.CD,pending,unable_to_verify,non_comprehensive,One or more omitted countries could plausibly alter the meaningful top ranking.,ranking_completeness,rejected,"v16.2.2 catalog review: removed from the unresolved backlog because the concept is too technical, duplicative, narrow, weakly comparable, or insufficiently useful for GeoStats."
worldbank-catalog:dt-nfl-prop-cd,"Highest pPG, other private creditors",World Bank,DT.NFL.PROP.CD,pending,unable_to_verify,non_comprehensive,One or more omitted countries could plausibly alter the meaningful top ranking.,ranking_completeness,rejected,"v16.2.2 catalog review: removed from the unresolved backlog because the concept is too technical, duplicative, narrow, weakly comparable, or insufficiently useful for GeoStats."
worldbank-catalog:dt-nfl-prvt-cd,"Highest pPG, private creditors",World Bank,DT.NFL.PRVT.CD,pending,failed,non_comprehensive,Official-source value and ranking audit has not completed.,source_audit_pending,rejected,"v16.2.2 catalog review: removed from the unresolved backlog because the concept is too technical, duplicative, narrow, weakly comparable, or insufficiently useful for GeoStats."
worldbank-catalog:dt-nfl-rdbc-cd,"Highest net financial flows, RDB concessional",World Bank,DT.NFL.RDBC.CD,pending,unable_to_verify,non_comprehensive,One or more omitted countries could plausibly alter the meaningful top ranking.,ranking_completeness,rejected,"v16.2.2 catalog review: removed from the unresolved backlog because the concept is too technical, duplicative, narrow, weakly comparable, or insufficiently useful for GeoStats."
worldbank-catalog:dt-nfl-rdbn-cd,"Highest net financial flows, RDB nonconcessional",World Bank,DT.NFL.RDBN.CD,pending,unable_to_verify,non_comprehensive,One or more omitted countries could plausibly alter the meaningful top ranking.,ranking_completeness,rejected,"v16.2.2 catalog review: removed from the unresolved backlog because the concept is too technical, duplicative, narrow, weakly comparable, or insufficiently useful for GeoStats."
worldbank-catalog:dt-nfl-sdgf-cd,"Highest net official flows from UN agencies, SDGFUND",World Bank,DT.NFL.SDGF.CD,pending,verified,non_comprehensive,One or more omitted countries could plausibly alter the meaningful top ranking.,ranking_completeness,rejected,"v16.2.2 catalog review: removed from the unresolved backlog because the concept is too technical, duplicative, narrow, weakly comparable, or insufficiently useful for GeoStats."
worldbank-catalog:dt-nfl-sprp-cd,"Highest net official flows from UN agencies, SPRP",World Bank,DT.NFL.SPRP.CD,pending,verified,non_comprehensive,One or more omitted countries could plausibly alter the meaningful top ranking.,ranking_completeness,rejected,"v16.2.2 catalog review: removed from the unresolved backlog because the concept is too technical, duplicative, narrow, weakly comparable, or insufficiently useful for GeoStats."
worldbank-catalog:dt-nfl-unai-cd,"Highest net official flows from UN agencies, UNAIDS",World Bank,DT.NFL.UNAI.CD,pending,unable_to_verify,non_comprehensive,One or more omitted countries could plausibly alter the meaningful top ranking.,ranking_completeness,rejected,"v16.2.2 catalog review: removed from the unresolved backlog because the concept is too technical, duplicative, narrow, weakly comparable, or insufficiently useful for GeoStats."
worldbank-catalog:dt-nfl-uncd-cd,"Highest net official flows from UN agencies, UNCDF",World Bank,DT.NFL.UNCD.CD,pending,failed,non_comprehensive,Official-source value and ranking audit has not completed.,source_audit_pending,rejected,"v16.2.2 catalog review: removed from the unresolved backlog because the concept is too technical, duplicative, narrow, weakly comparable, or insufficiently useful for GeoStats."
worldbank-catalog:dt-nfl-uncf-cd,"Highest net official flows from UN agencies, UNICEF",World Bank,DT.NFL.UNCF.CD,pending,verified,non_comprehensive,One or more omitted countries could plausibly alter the meaningful top ranking.,ranking_completeness,rejected,"v16.2.2 catalog review: removed from the unresolved backlog because the concept is too technical, duplicative, narrow, weakly comparable, or insufficiently useful for GeoStats."
worldbank-catalog:dt-nfl-uncr-cd,"Highest net official flows from UN agencies, UNHCR",World Bank,DT.NFL.UNCR.CD,pending,unable_to_verify,non_comprehensive,One or more omitted countries could plausibly alter the meaningful top ranking.,ranking_completeness,rejected,"v16.2.2 catalog review: removed from the unresolved backlog because the concept is too technical, duplicative, narrow, weakly comparable, or insufficiently useful for GeoStats."
worldbank-catalog:dt-nfl-uncv-cd,"Highest net official flows from UN agencies, UNCOVID",World Bank,DT.NFL.UNCV.CD,pending,unable_to_verify,non_comprehensive,One or more omitted countries could plausibly alter the meaningful top ranking.,ranking_completeness,rejected,"v16.2.2 catalog review: removed from the unresolved backlog because the concept is too technical, duplicative, narrow, weakly comparable, or insufficiently useful for GeoStats."
worldbank-catalog:dt-nfl-undp-cd,"Highest net official flows from UN agencies, UNDP",World Bank,DT.NFL.UNDP.CD,pending,verified,non_comprehensive,One or more omitted countries could plausibly alter the meaningful top ranking.,ranking_completeness,rejected,"v16.2.2 catalog review: removed from the unresolved backlog because the concept is too technical, duplicative, narrow, weakly comparable, or insufficiently useful for GeoStats."
worldbank-catalog:dt-nfl-unep-cd,"Highest net official flows from UN agencies, UNEP",World Bank,DT.NFL.UNEP.CD,pending,failed,non_comprehensive,Official-source value and ranking audit has not completed.,source_audit_pending,rejected,"v16.2.2 catalog review: removed from the unresolved backlog because the concept is too technical, duplicative, narrow, weakly comparable, or insufficiently useful for GeoStats."
worldbank-catalog:dt-nfl-unfp-cd,"Highest net official flows from UN agencies, UNFPA",World Bank,DT.NFL.UNFP.CD,pending,verified,non_comprehensive,One or more omitted countries could plausibly alter the meaningful top ranking.,ranking_completeness,rejected,"v16.2.2 catalog review: removed from the unresolved backlog because the concept is too technical, duplicative, narrow, weakly comparable, or insufficiently useful for GeoStats."
worldbank-catalog:dt-nfl-unido-cd,"Highest net official flows from UN agencies, UNIDO",World Bank,DT.NFL.UNIDO.CD,pending,unable_to_verify,non_comprehensive,One or more omitted countries could plausibly alter the meaningful top ranking.,ranking_completeness,rejected,"v16.2.2 catalog review: removed from the unresolved backlog because the concept is too technical, duplicative, narrow, weakly comparable, or insufficiently useful for GeoStats."
worldbank-catalog:dt-nfl-unpb-cd,"Highest net official flows from UN agencies, UNPBF",World Bank,DT.NFL.UNPB.CD,pending,unable_to_verify,non_comprehensive,One or more omitted countries could plausibly alter the meaningful top ranking.,ranking_completeness,rejected,"v16.2.2 catalog review: removed from the unresolved backlog because the concept is too technical, duplicative, narrow, weakly comparable, or insufficiently useful for GeoStats."
worldbank-catalog:dt-nfl-unrw-cd,"Highest net official flows from UN agencies, UNRWA",World Bank,DT.NFL.UNRW.CD,pending,failed,non_comprehensive,Official-source value and ranking audit has not completed.,source_audit_pending,rejected,"v16.2.2 catalog review: removed from the unresolved backlog because the concept is too technical, duplicative, narrow, weakly comparable, or insufficiently useful for GeoStats."
worldbank-catalog:dt-nfl-unwn-cd,"Highest net official flows from UN agencies, UNWOMEN",World Bank,DT.NFL.UNWN.CD,pending,unable_to_verify,non_comprehensive,One or more omitted countries could plausibly alter the meaningful top ranking.,ranking_completeness,rejected,"v16.2.2 catalog review: removed from the unresolved backlog because the concept is too technical, duplicative, narrow, weakly comparable, or insufficiently useful for GeoStats."
worldbank-catalog:dt-nfl-wfpg-cd,"Highest net official flows from UN agencies, WFP",World Bank,DT.NFL.WFPG.CD,pending,unable_to_verify,non_comprehensive,One or more omitted countries could plausibly alter the meaningful top ranking.,ranking_completeness,rejected,"v16.2.2 catalog review: removed from the unresolved backlog because the concept is too technical, duplicative, narrow, weakly comparable, or insufficiently useful for GeoStats."
worldbank-catalog:dt-nfl-whol-cd,"Highest net official flows from UN agencies, WHO",World Bank,DT.NFL.WHOL.CD,pending,verified,non_comprehensive,One or more omitted countries could plausibly alter the meaningful top ranking.,ranking_completeness,rejected,"v16.2.2 catalog review: removed from the unresolved backlog because the concept is too technical, duplicative, narrow, weakly comparable, or insufficiently useful for GeoStats."
worldbank-catalog:dt-nfl-witc-cd,"Highest net official flows from UN agencies, WTO-ITC",World Bank,DT.NFL.WITC.CD,pending,unable_to_verify,non_comprehensive,One or more omitted countries could plausibly alter the meaningful top ranking.,ranking_completeness,rejected,"v16.2.2 catalog review: removed from the unresolved backlog because the concept is too technical, duplicative, narrow, weakly comparable, or insufficiently useful for GeoStats."
worldbank-catalog:dt-oda-odat-gi-zs,Highest net ODA received,World Bank,DT.ODA.ODAT.GI.ZS,pending,verified,non_comprehensive,Semantic audit identified a substantive data repair.,substantive_data_failure,rejected,"v16.2.2 catalog review: removed from the unresolved backlog because the concept is too technical, duplicative, narrow, weakly comparable, or insufficiently useful for GeoStats."
worldbank-catalog:dt-oda-odat-gn-zs,Highest net ODA received,World Bank,DT.ODA.ODAT.GN.ZS,pending,verified,non_comprehensive,Semantic audit identified a substantive data repair.,substantive_data_failure,rejected,"v16.2.2 catalog review: removed from the unresolved backlog because the concept is too technical, duplicative, narrow, weakly comparable, or insufficiently useful for GeoStats."
worldbank-catalog:dt-oda-odat-mp-zs,Highest net ODA received,World Bank,DT.ODA.ODAT.MP.ZS,pending,verified,non_comprehensive,Semantic audit identified a substantive data repair.,substantive_data_failure,rejected,"v16.2.2 catalog review: removed from the unresolved backlog because the concept is too technical, duplicative, narrow, weakly comparable, or insufficiently useful for GeoStats."
worldbank-catalog:dt-oda-odat-pc-zs,Highest net ODA received per capita,World Bank,DT.ODA.ODAT.PC.ZS,pending,verified,non_comprehensive,One or more omitted countries could plausibly alter the meaningful top ranking.,ranking_completeness,rejected,"v16.2.2 catalog review: removed from the unresolved backlog because the concept is too technical, duplicative, narrow, weakly comparable, or insufficiently useful for GeoStats."
worldbank-catalog:dt-oda-odat-xp-zs,Highest net ODA received,World Bank,DT.ODA.ODAT.XP.ZS,pending,unable_to_verify,non_comprehensive,Semantic audit identified a substantive data repair.,substantive_data_failure,rejected,"v16.2.2 catalog review: removed from the unresolved backlog because the concept is too technical, duplicative, narrow, weakly comparable, or insufficiently useful for GeoStats."
worldbank-catalog:dt-tds-dect-cd,"Highest debt service on external debt, total",World Bank,DT.TDS.DECT.CD,pending,verified,non_comprehensive,One or more omitted countries could plausibly alter the meaningful top ranking.,ranking_completeness,rejected,"v16.2.2 catalog review: removed from the unresolved backlog because the concept is too technical, duplicative, narrow, weakly comparable, or insufficiently useful for GeoStats."
worldbank-catalog:dt-tds-dect-ex-zs,Highest total debt service,World Bank,DT.TDS.DECT.EX.ZS,pending,verified,non_comprehensive,"Player-facing title, description, or unit needs a clearer rewrite.",copy_or_semantic_rewrite,rejected,"v16.2.2 catalog review: removed from the unresolved backlog because the concept is too technical, duplicative, narrow, weakly comparable, or insufficiently useful for GeoStats."
worldbank-catalog:dt-tds-dect-gn-zs,Highest total debt service,World Bank,DT.TDS.DECT.GN.ZS,pending,verified,non_comprehensive,"Player-facing title, description, or unit needs a clearer rewrite.",copy_or_semantic_rewrite,rejected,"v16.2.2 catalog review: removed from the unresolved backlog because the concept is too technical, duplicative, narrow, weakly comparable, or insufficiently useful for GeoStats."
worldbank-catalog:dt-tds-dppf-xp-zs,Highest debt service,World Bank,DT.TDS.DPPF.XP.ZS,pending,verified,non_comprehensive,"Player-facing title, description, or unit needs a clearer rewrite.",copy_or_semantic_rewrite,rejected,"v16.2.2 catalog review: removed from the unresolved backlog because the concept is too technical, duplicative, narrow, weakly comparable, or insufficiently useful for GeoStats."
worldbank-catalog:dt-tds-dppg-cd,"Highest debt service on external debt, public and publicly guaranteed (PPG)",World Bank,DT.TDS.DPPG.CD,pending,verified,non_comprehensive,One or more omitted countries could plausibly alter the meaningful top ranking.,ranking_completeness,rejected,"v16.2.2 catalog review: removed from the unresolved backlog because the concept is too technical, duplicative, narrow, weakly comparable, or insufficiently useful for GeoStats."
worldbank-catalog:dt-tds-dppg-gn-zs,Highest public and publicly guaranteed debt service,World Bank,DT.TDS.DPPG.GN.ZS,pending,verified,non_comprehensive,"Player-facing title, description, or unit needs a clearer rewrite.",copy_or_semantic_rewrite,rejected,"v16.2.2 catalog review: removed from the unresolved backlog because the concept is too technical, duplicative, narrow, weakly comparable, or insufficiently useful for GeoStats."
worldbank-catalog:dt-tds-dppg-xp-zs,Highest public and publicly guaranteed debt service,World Bank,DT.TDS.DPPG.XP.ZS,pending,verified,non_comprehensive,"Player-facing title, description, or unit needs a clearer rewrite.",copy_or_semantic_rewrite,rejected,"v16.2.2 catalog review: removed from the unresolved backlog because the concept is too technical, duplicative, narrow, weakly comparable, or insufficiently useful for GeoStats."
worldbank-catalog:dt-tds-mlat-cd,Highest multilateral debt service,World Bank,DT.TDS.MLAT.CD,pending,verified,non_comprehensive,One or more omitted countries could plausibly alter the meaningful top ranking.,ranking_completeness,rejected,"v16.2.2 catalog review: removed from the unresolved backlog because the concept is too technical, duplicative, narrow, weakly comparable, or insufficiently useful for GeoStats."
worldbank-catalog:dt-tds-mlat-pg-zs,Highest multilateral debt service,World Bank,DT.TDS.MLAT.PG.ZS,pending,verified,non_comprehensive,"Player-facing title, description, or unit needs a clearer rewrite.",copy_or_semantic_rewrite,rejected,"v16.2.2 catalog review: removed from the unresolved backlog because the concept is too technical, duplicative, narrow, weakly comparable, or insufficiently useful for GeoStats."
worldbank-catalog:eg-egy-prim-pp-kd,Highest energy intensity level of primary energy,World Bank,EG.EGY.PRIM.PP.KD,pending,verified,non_comprehensive,One or more omitted countries could plausibly alter the meaningful top ranking.,ranking_completeness,rejected,"v16.2.2 catalog review: removed from the unresolved backlog because the concept is too technical, duplicative, narrow, weakly comparable, or insufficiently useful for GeoStats."
worldbank-catalog:eg-elc-accs-ru-zs,"Highest access to electricity, rural",World Bank,EG.ELC.ACCS.RU.ZS,pending,verified,comprehensive,"Player-facing title, description, or unit needs a clearer rewrite.",copy_or_semantic_rewrite,approved,"v16.2.2 catalog review: clear, objective country comparison worth keeping; source/integrity gates remain authoritative."
worldbank-catalog:eg-elc-accs-ur-zs,"Highest access to electricity, urban",World Bank,EG.ELC.ACCS.UR.ZS,pending,verified,comprehensive,"Player-facing title, description, or unit needs a clearer rewrite.",copy_or_semantic_rewrite,approved,"v16.2.2 catalog review: clear, objective country comparison worth keeping; source/integrity gates remain authoritative."
worldbank-catalog:eg-elc-coal-zs,Highest electricity production from coal sources,World Bank,EG.ELC.COAL.ZS,pending,unable_to_verify,non_comprehensive,"Player-facing title, description, or unit needs a clearer rewrite.",copy_or_semantic_rewrite,needs_discussion,"v16.2.2 catalog review: worthwhile concept, but source coverage/audit or comparability needs focused follow-up before gameplay."
worldbank-catalog:eg-elc-nucl-zs,Highest electricity production from nuclear sources,World Bank,EG.ELC.NUCL.ZS,pending,unable_to_verify,non_comprehensive,"Player-facing title, description, or unit needs a clearer rewrite.",copy_or_semantic_rewrite,needs_discussion,"v16.2.2 catalog review: worthwhile concept, but source coverage/audit or comparability needs focused follow-up before gameplay."
worldbank-catalog:eg-gdp-puse-ko-pp-kd,Highest gDP per unit of energy use,World Bank,EG.GDP.PUSE.KO.PP.KD,pending,verified,non_comprehensive,One or more omitted countries could plausibly alter the meaningful top ranking.,ranking_completeness,rejected,"v16.2.2 catalog review: removed from the unresolved backlog because the concept is too technical, duplicative, narrow, weakly comparable, or insufficiently useful for GeoStats."
worldbank-catalog:eg-imp-cons-zs,"Highest energy imports, net",World Bank,EG.IMP.CONS.ZS,pending,verified,non_comprehensive,Semantic audit identified a substantive data repair.,substantive_data_failure,rejected,"v16.2.2 catalog review: removed from the unresolved backlog because the concept is too technical, duplicative, narrow, weakly comparable, or insufficiently useful for GeoStats."
worldbank-catalog:eg-use-comm-fo-zs,Highest fossil fuel energy consumption,World Bank,EG.USE.COMM.FO.ZS,pending,verified,non_comprehensive,"Player-facing title, description, or unit needs a clearer rewrite.",copy_or_semantic_rewrite,approved,"v16.2.2 catalog review: clear, objective country comparison worth keeping; source/integrity gates remain authoritative."
worldbank-catalog:eg-use-comm-gd-pp-kd,"Highest energy use (kg of oil equivalent) per $1,000 GDP",World Bank,EG.USE.COMM.GD.PP.KD,pending,verified,non_comprehensive,One or more omitted countries could plausibly alter the meaningful top ranking.,ranking_completeness,rejected,"v16.2.2 catalog review: removed from the unresolved backlog because the concept is too technical, duplicative, narrow, weakly comparable, or insufficiently useful for GeoStats."
worldbank-catalog:en-ghg-ch4-ip-mt-ce-ar5,Highest methane (CH4) emissions from Industrial Processes,World Bank,EN.GHG.CH4.IP.MT.CE.AR5,pending,unable_to_verify,non_comprehensive,One or more omitted countries could plausibly alter the meaningful top ranking.,ranking_completeness,rejected,"v16.2.2 catalog review: removed from the unresolved backlog because the concept is too technical, duplicative, narrow, weakly comparable, or insufficiently useful for GeoStats."
worldbank-catalog:en-ghg-co2-wa-mt-ce-ar5,Highest carbon dioxide (CO2) emissions from Waste,World Bank,EN.GHG.CO2.WA.MT.CE.AR5,pending,unable_to_verify,non_comprehensive,One or more omitted countries could plausibly alter the meaningful top ranking.,ranking_completeness,rejected,"v16.2.2 catalog review: removed from the unresolved backlog because the concept is too technical, duplicative, narrow, weakly comparable, or insufficiently useful for GeoStats."
worldbank-catalog:er-gdp-fwtl-m3-kd,"Highest water productivity, total",World Bank,ER.GDP.FWTL.M3.KD,pending,failed,non_comprehensive,Official-source value and ranking audit has not completed.,source_audit_pending,needs_discussion,"v16.2.2 catalog review: worthwhile concept, but source coverage/audit or comparability needs focused follow-up before gameplay."
worldbank-catalog:er-h2o-fwst-zs,Highest level of water stress: freshwater withdrawal as a proportion of available freshwater resources,World Bank,ER.H2O.FWST.ZS,needs_rewrite,unable_to_verify,non_comprehensive,"Player-facing title, description, or unit needs a clearer rewrite.",copy_or_semantic_rewrite,needs_discussion,"v16.2.2 catalog review: worthwhile concept, but source coverage/audit or comparability needs focused follow-up before gameplay."
worldbank-catalog:fb-ast-nper-zs,Highest bank nonperforming loans to total gross loans,World Bank,FB.AST.NPER.ZS,pending,verified,non_comprehensive,"Player-facing title, description, or unit needs a clearer rewrite.",copy_or_semantic_rewrite,rejected,"v16.2.2 catalog review: removed from the unresolved backlog because the concept is too technical, duplicative, narrow, weakly comparable, or insufficiently useful for GeoStats."
worldbank-catalog:fb-bnk-capa-zs,Highest bank capital to assets ratio,World Bank,FB.BNK.CAPA.ZS,pending,verified,non_comprehensive,"Player-facing title, description, or unit needs a clearer rewrite.",copy_or_semantic_rewrite,rejected,"v16.2.2 catalog review: removed from the unresolved backlog because the concept is too technical, duplicative, narrow, weakly comparable, or insufficiently useful for GeoStats."
worldbank-catalog:fb-cbk-brwr-p3,Highest borrowers from commercial banks,World Bank,FB.CBK.BRWR.P3,pending,unable_to_verify,non_comprehensive,One or more omitted countries could plausibly alter the meaningful top ranking.,ranking_completeness,rejected,"v16.2.2 catalog review: removed from the unresolved backlog because the concept is too technical, duplicative, narrow, weakly comparable, or insufficiently useful for GeoStats."
worldbank-catalog:fb-cbk-dptr-p3,Highest depositors with commercial banks,World Bank,FB.CBK.DPTR.P3,pending,unable_to_verify,non_comprehensive,One or more omitted countries could plausibly alter the meaningful top ranking.,ranking_completeness,rejected,"v16.2.2 catalog review: removed from the unresolved backlog because the concept is too technical, duplicative, narrow, weakly comparable, or insufficiently useful for GeoStats."
worldbank-catalog:fd-ast-prvt-gd-zs,Highest domestic credit to private sector by banks,World Bank,FD.AST.PRVT.GD.ZS,pending,verified,non_comprehensive,Semantic audit identified a substantive data repair.,substantive_data_failure,rejected,"v16.2.2 catalog review: removed from the unresolved backlog because the concept is too technical, duplicative, narrow, weakly comparable, or insufficiently useful for GeoStats."
worldbank-catalog:fi-res-totl-dt-zs,Highest total reserves,World Bank,FI.RES.TOTL.DT.ZS,pending,verified,non_comprehensive,Semantic audit identified a substantive data repair.,substantive_data_failure,rejected,"v16.2.2 catalog review: removed from the unresolved backlog because the concept is too technical, duplicative, narrow, weakly comparable, or insufficiently useful for GeoStats."
worldbank-catalog:fm-ast-cgov-zg-m3,Highest claims on central government,World Bank,FM.AST.CGOV.ZG.M3,pending,verified,non_comprehensive,Semantic audit identified a substantive data repair.,substantive_data_failure,rejected,"v16.2.2 catalog review: removed from the unresolved backlog because the concept is too technical, duplicative, narrow, weakly comparable, or insufficiently useful for GeoStats."
worldbank-catalog:fm-ast-domo-zg-m3,Highest claims on other sectors of the domestic economy,World Bank,FM.AST.DOMO.ZG.M3,pending,verified,non_comprehensive,Semantic audit identified a substantive data repair.,substantive_data_failure,rejected,"v16.2.2 catalog review: removed from the unresolved backlog because the concept is too technical, duplicative, narrow, weakly comparable, or insufficiently useful for GeoStats."
worldbank-catalog:fm-ast-doms-cn,Highest net domestic credit,World Bank,FM.AST.DOMS.CN,pending,verified,non_comprehensive,One or more omitted countries could plausibly alter the meaningful top ranking.,ranking_completeness,rejected,"v16.2.2 catalog review: removed from the unresolved backlog because the concept is too technical, duplicative, narrow, weakly comparable, or insufficiently useful for GeoStats."
worldbank-catalog:fm-ast-nfrg-cn,Highest net foreign assets,World Bank,FM.AST.NFRG.CN,pending,verified,non_comprehensive,One or more omitted countries could plausibly alter the meaningful top ranking.,ranking_completeness,rejected,"v16.2.2 catalog review: removed from the unresolved backlog because the concept is too technical, duplicative, narrow, weakly comparable, or insufficiently useful for GeoStats."
worldbank-catalog:fm-ast-prvt-gd-zs,Highest monetary Sector credit to private sector,World Bank,FM.AST.PRVT.GD.ZS,pending,verified,non_comprehensive,Semantic audit identified a substantive data repair.,substantive_data_failure,rejected,"v16.2.2 catalog review: removed from the unresolved backlog because the concept is too technical, duplicative, narrow, weakly comparable, or insufficiently useful for GeoStats."
worldbank-catalog:fm-ast-prvt-zg-m3,Highest claims on private sector,World Bank,FM.AST.PRVT.ZG.M3,pending,verified,non_comprehensive,Semantic audit identified a substantive data repair.,substantive_data_failure,rejected,"v16.2.2 catalog review: removed from the unresolved backlog because the concept is too technical, duplicative, narrow, weakly comparable, or insufficiently useful for GeoStats."
worldbank-catalog:fm-lbl-bmny-cn,Highest broad money,World Bank,FM.LBL.BMNY.CN,pending,verified,non_comprehensive,One or more omitted countries could plausibly alter the meaningful top ranking.,ranking_completeness,rejected,"v16.2.2 catalog review: removed from the unresolved backlog because the concept is too technical, duplicative, narrow, weakly comparable, or insufficiently useful for GeoStats."
worldbank-catalog:fm-lbl-bmny-gd-zs,Highest broad money,World Bank,FM.LBL.BMNY.GD.ZS,pending,verified,non_comprehensive,Semantic audit identified a substantive data repair.,substantive_data_failure,rejected,"v16.2.2 catalog review: removed from the unresolved backlog because the concept is too technical, duplicative, narrow, weakly comparable, or insufficiently useful for GeoStats."
worldbank-catalog:fm-lbl-bmny-ir-zs,Highest broad money to total reserves ratio,World Bank,FM.LBL.BMNY.IR.ZS,pending,verified,non_comprehensive,One or more omitted countries could plausibly alter the meaningful top ranking.,ranking_completeness,rejected,"v16.2.2 catalog review: removed from the unresolved backlog because the concept is too technical, duplicative, narrow, weakly comparable, or insufficiently useful for GeoStats."
worldbank-catalog:fm-lbl-bmny-zg,Fastest broad money growth,World Bank,FM.LBL.BMNY.ZG,pending,verified,non_comprehensive,Semantic audit identified a substantive data repair.,substantive_data_failure,rejected,"v16.2.2 catalog review: removed from the unresolved backlog because the concept is too technical, duplicative, narrow, weakly comparable, or insufficiently useful for GeoStats."
worldbank-catalog:fr-inr-dpst,Highest deposit interest rate,World Bank,FR.INR.DPST,pending,unable_to_verify,non_comprehensive,One or more omitted countries could plausibly alter the meaningful top ranking.,ranking_completeness,rejected,"v16.2.2 catalog review: removed from the unresolved backlog because the concept is too technical, duplicative, narrow, weakly comparable, or insufficiently useful for GeoStats."
worldbank-catalog:fr-inr-lend,Highest lending interest rate,World Bank,FR.INR.LEND,pending,unable_to_verify,non_comprehensive,One or more omitted countries could plausibly alter the meaningful top ranking.,ranking_completeness,rejected,"v16.2.2 catalog review: removed from the unresolved backlog because the concept is too technical, duplicative, narrow, weakly comparable, or insufficiently useful for GeoStats."
worldbank-catalog:fr-inr-lndp,Highest interest rate spread,World Bank,FR.INR.LNDP,pending,unable_to_verify,non_comprehensive,One or more omitted countries could plausibly alter the meaningful top ranking.,ranking_completeness,rejected,"v16.2.2 catalog review: removed from the unresolved backlog because the concept is too technical, duplicative, narrow, weakly comparable, or insufficiently useful for GeoStats."
worldbank-catalog:fr-inr-rinr,Highest real interest rate,World Bank,FR.INR.RINR,pending,unable_to_verify,non_comprehensive,Semantic audit identified a substantive data repair.,substantive_data_failure,rejected,"v16.2.2 catalog review: removed from the unresolved backlog because the concept is too technical, duplicative, narrow, weakly comparable, or insufficiently useful for GeoStats."
worldbank-catalog:fr-inr-risk,Highest risk premium on lending,World Bank,FR.INR.RISK,pending,unable_to_verify,non_comprehensive,Semantic audit identified a substantive data repair.,substantive_data_failure,rejected,"v16.2.2 catalog review: removed from the unresolved backlog because the concept is too technical, duplicative, narrow, weakly comparable, or insufficiently useful for GeoStats."
worldbank-catalog:fs-ast-domo-gd-zs,Highest claims on other sectors of the domestic economy,World Bank,FS.AST.DOMO.GD.ZS,pending,unable_to_verify,non_comprehensive,Semantic audit identified a substantive data repair.,substantive_data_failure,rejected,"v16.2.2 catalog review: removed from the unresolved backlog because the concept is too technical, duplicative, narrow, weakly comparable, or insufficiently useful for GeoStats."
worldbank-catalog:fs-ast-doms-gd-zs,Highest domestic credit provided by financial sector,World Bank,FS.AST.DOMS.GD.ZS,pending,unable_to_verify,non_comprehensive,Semantic audit identified a substantive data repair.,substantive_data_failure,rejected,"v16.2.2 catalog review: removed from the unresolved backlog because the concept is too technical, duplicative, narrow, weakly comparable, or insufficiently useful for GeoStats."
worldbank-catalog:fs-ast-prvt-gd-zs,Highest domestic credit to private sector,World Bank,FS.AST.PRVT.GD.ZS,pending,verified,non_comprehensive,Semantic audit identified a substantive data repair.,substantive_data_failure,rejected,"v16.2.2 catalog review: removed from the unresolved backlog because the concept is too technical, duplicative, narrow, weakly comparable, or insufficiently useful for GeoStats."
worldbank-catalog:fx-own-totl-40-zs,"Highest account ownership at a financial institution or with a mobile-money-service provider, poorest 40%",World Bank,FX.OWN.TOTL.40.ZS,needs_rewrite,unable_to_verify,non_comprehensive,"Player-facing title, description, or unit needs a clearer rewrite.",copy_or_semantic_rewrite,rejected,"v16.2.2 catalog review: removed from the unresolved backlog because the concept is too technical, duplicative, narrow, weakly comparable, or insufficiently useful for GeoStats."
worldbank-catalog:fx-own-totl-60-zs,"Highest account ownership at a financial institution or with a mobile-money-service provider, richest 60%",World Bank,FX.OWN.TOTL.60.ZS,needs_rewrite,unable_to_verify,non_comprehensive,"Player-facing title, description, or unit needs a clearer rewrite.",copy_or_semantic_rewrite,rejected,"v16.2.2 catalog review: removed from the unresolved backlog because the concept is too technical, duplicative, narrow, weakly comparable, or insufficiently useful for GeoStats."
worldbank-catalog:fx-own-totl-fe-zs,"Highest account ownership at a financial institution or with a mobile-money-service provider, female",World Bank,FX.OWN.TOTL.FE.ZS,needs_rewrite,unable_to_verify,non_comprehensive,"Player-facing title, description, or unit needs a clearer rewrite.",copy_or_semantic_rewrite,rejected,"v16.2.2 catalog review: removed from the unresolved backlog because the concept is too technical, duplicative, narrow, weakly comparable, or insufficiently useful for GeoStats."
worldbank-catalog:fx-own-totl-ma-zs,"Highest account ownership at a financial institution or with a mobile-money-service provider, male",World Bank,FX.OWN.TOTL.MA.ZS,needs_rewrite,unable_to_verify,non_comprehensive,"Player-facing title, description, or unit needs a clearer rewrite.",copy_or_semantic_rewrite,rejected,"v16.2.2 catalog review: removed from the unresolved backlog because the concept is too technical, duplicative, narrow, weakly comparable, or insufficiently useful for GeoStats."
worldbank-catalog:fx-own-totl-ol-zs,"Highest account ownership at a financial institution or with a mobile-money-service provider, older adults",World Bank,FX.OWN.TOTL.OL.ZS,needs_rewrite,unable_to_verify,non_comprehensive,"Player-facing title, description, or unit needs a clearer rewrite.",copy_or_semantic_rewrite,rejected,"v16.2.2 catalog review: removed from the unresolved backlog because the concept is too technical, duplicative, narrow, weakly comparable, or insufficiently useful for GeoStats."
worldbank-catalog:fx-own-totl-pl-zs,"Highest account ownership at a financial institution or with a mobile-money-service provider, primary education or less",World Bank,FX.OWN.TOTL.PL.ZS,needs_rewrite,unable_to_verify,non_comprehensive,"Player-facing title, description, or unit needs a clearer rewrite.",copy_or_semantic_rewrite,rejected,"v16.2.2 catalog review: removed from the unresolved backlog because the concept is too technical, duplicative, narrow, weakly comparable, or insufficiently useful for GeoStats."
worldbank-catalog:fx-own-totl-so-zs,"Highest account ownership at a financial institution or with a mobile-money-service provider, secondary education or more",World Bank,FX.OWN.TOTL.SO.ZS,needs_rewrite,unable_to_verify,non_comprehensive,"Player-facing title, description, or unit needs a clearer rewrite.",copy_or_semantic_rewrite,rejected,"v16.2.2 catalog review: removed from the unresolved backlog because the concept is too technical, duplicative, narrow, weakly comparable, or insufficiently useful for GeoStats."
worldbank-catalog:gb-xpd-rsdv-gd-zs,Highest research and development expenditure,World Bank,GB.XPD.RSDV.GD.ZS,pending,unable_to_verify,non_comprehensive,"Player-facing title, description, or unit needs a clearer rewrite.",copy_or_semantic_rewrite,needs_discussion,"v16.2.2 catalog review: worthwhile concept, but source coverage/audit or comparability needs focused follow-up before gameplay."
worldbank-catalog:gc-ast-totl-cn,Highest net acquisition of financial assets,World Bank,GC.AST.TOTL.CN,pending,unable_to_verify,non_comprehensive,One or more omitted countries could plausibly alter the meaningful top ranking.,ranking_completeness,rejected,"v16.2.2 catalog review: removed from the unresolved backlog because the concept is too technical, duplicative, narrow, weakly comparable, or insufficiently useful for GeoStats."
worldbank-catalog:gc-ast-totl-gd-zs,Highest net acquisition of financial assets,World Bank,GC.AST.TOTL.GD.ZS,pending,unable_to_verify,non_comprehensive,Semantic audit identified a substantive data repair.,substantive_data_failure,rejected,"v16.2.2 catalog review: removed from the unresolved backlog because the concept is too technical, duplicative, narrow, weakly comparable, or insufficiently useful for GeoStats."
worldbank-catalog:gc-dod-totl-cn,"Highest central government debt, total",World Bank,GC.DOD.TOTL.CN,pending,unable_to_verify,non_comprehensive,One or more omitted countries could plausibly alter the meaningful top ranking.,ranking_completeness,rejected,"v16.2.2 catalog review: removed from the unresolved backlog because the concept is too technical, duplicative, narrow, weakly comparable, or insufficiently useful for GeoStats."
worldbank-catalog:gc-dod-totl-gd-zs,"Highest central government debt, total",World Bank,GC.DOD.TOTL.GD.ZS,pending,unable_to_verify,non_comprehensive,Semantic audit identified a substantive data repair.,substantive_data_failure,rejected,"v16.2.2 catalog review: removed from the unresolved backlog because the concept is too technical, duplicative, narrow, weakly comparable, or insufficiently useful for GeoStats."
worldbank-catalog:gc-lbl-totl-cn,"Highest net incurrence of liabilities, total",World Bank,GC.LBL.TOTL.CN,pending,unable_to_verify,non_comprehensive,One or more omitted countries could plausibly alter the meaningful top ranking.,ranking_completeness,rejected,"v16.2.2 catalog review: removed from the unresolved backlog because the concept is too technical, duplicative, narrow, weakly comparable, or insufficiently useful for GeoStats."
worldbank-catalog:gc-lbl-totl-gd-zs,"Highest net incurrence of liabilities, total",World Bank,GC.LBL.TOTL.GD.ZS,pending,unable_to_verify,non_comprehensive,Semantic audit identified a substantive data repair.,substantive_data_failure,rejected,"v16.2.2 catalog review: removed from the unresolved backlog because the concept is too technical, duplicative, narrow, weakly comparable, or insufficiently useful for GeoStats."
worldbank-catalog:gc-nfn-totl-cn,Highest net investment in nonfinancial assets,World Bank,GC.NFN.TOTL.CN,pending,verified,non_comprehensive,One or more omitted countries could plausibly alter the meaningful top ranking.,ranking_completeness,rejected,"v16.2.2 catalog review: removed from the unresolved backlog because the concept is too technical, duplicative, narrow, weakly comparable, or insufficiently useful for GeoStats."
worldbank-catalog:gc-nfn-totl-gd-zs,Highest net investment in nonfinancial assets,World Bank,GC.NFN.TOTL.GD.ZS,pending,verified,non_comprehensive,"Player-facing title, description, or unit needs a clearer rewrite.",copy_or_semantic_rewrite,rejected,"v16.2.2 catalog review: removed from the unresolved backlog because the concept is too technical, duplicative, narrow, weakly comparable, or insufficiently useful for GeoStats."
worldbank-catalog:gc-nld-totl-cn,Highest net lending (+) / net borrowing (-),World Bank,GC.NLD.TOTL.CN,pending,verified,non_comprehensive,One or more omitted countries could plausibly alter the meaningful top ranking.,ranking_completeness,rejected,"v16.2.2 catalog review: removed from the unresolved backlog because the concept is too technical, duplicative, narrow, weakly comparable, or insufficiently useful for GeoStats."
worldbank-catalog:gc-nld-totl-gd-zs,Highest net lending (+) / net borrowing (-),World Bank,GC.NLD.TOTL.GD.ZS,pending,verified,non_comprehensive,Semantic audit identified a substantive data repair.,substantive_data_failure,rejected,"v16.2.2 catalog review: removed from the unresolved backlog because the concept is too technical, duplicative, narrow, weakly comparable, or insufficiently useful for GeoStats."
worldbank-catalog:gc-rev-gotr-cn,Highest grants and other revenue,World Bank,GC.REV.GOTR.CN,pending,verified,non_comprehensive,One or more omitted countries could plausibly alter the meaningful top ranking.,ranking_completeness,rejected,"v16.2.2 catalog review: removed from the unresolved backlog because the concept is too technical, duplicative, narrow, weakly comparable, or insufficiently useful for GeoStats."
worldbank-catalog:gc-rev-gotr-zs,Highest grants and other revenue,World Bank,GC.REV.GOTR.ZS,pending,verified,non_comprehensive,"Player-facing title, description, or unit needs a clearer rewrite.",copy_or_semantic_rewrite,rejected,"v16.2.2 catalog review: removed from the unresolved backlog because the concept is too technical, duplicative, narrow, weakly comparable, or insufficiently useful for GeoStats."
worldbank-catalog:gc-rev-socl-cn,Highest social contributions,World Bank,GC.REV.SOCL.CN,pending,unable_to_verify,non_comprehensive,One or more omitted countries could plausibly alter the meaningful top ranking.,ranking_completeness,rejected,"v16.2.2 catalog review: removed from the unresolved backlog because the concept is too technical, duplicative, narrow, weakly comparable, or insufficiently useful for GeoStats."
worldbank-catalog:gc-rev-socl-zs,Highest social contributions,World Bank,GC.REV.SOCL.ZS,pending,unable_to_verify,non_comprehensive,"Player-facing title, description, or unit needs a clearer rewrite.",copy_or_semantic_rewrite,rejected,"v16.2.2 catalog review: removed from the unresolved backlog because the concept is too technical, duplicative, narrow, weakly comparable, or insufficiently useful for GeoStats."
worldbank-catalog:gc-rev-xgrt-cn,"Highest revenue, excluding grants",World Bank,GC.REV.XGRT.CN,pending,verified,non_comprehensive,One or more omitted countries could plausibly alter the meaningful top ranking.,ranking_completeness,rejected,"v16.2.2 catalog review: removed from the unresolved backlog because the concept is too technical, duplicative, narrow, weakly comparable, or insufficiently useful for GeoStats."
worldbank-catalog:gc-rev-xgrt-gd-zs,"Highest revenue, excluding grants",World Bank,GC.REV.XGRT.GD.ZS,pending,verified,non_comprehensive,Semantic audit identified a substantive data repair.,substantive_data_failure,rejected,"v16.2.2 catalog review: removed from the unresolved backlog because the concept is too technical, duplicative, narrow, weakly comparable, or insufficiently useful for GeoStats."
worldbank-catalog:gc-tax-expt-cn,Largest taxes on exports,World Bank,GC.TAX.EXPT.CN,pending,unable_to_verify,non_comprehensive,One or more omitted countries could plausibly alter the meaningful top ranking.,ranking_completeness,rejected,"v16.2.2 catalog review: removed from the unresolved backlog because the concept is too technical, duplicative, narrow, weakly comparable, or insufficiently useful for GeoStats."
worldbank-catalog:gc-tax-expt-zs,Highest taxes on exports,World Bank,GC.TAX.EXPT.ZS,pending,unable_to_verify,non_comprehensive,"Player-facing title, description, or unit needs a clearer rewrite.",copy_or_semantic_rewrite,rejected,"v16.2.2 catalog review: removed from the unresolved backlog because the concept is too technical, duplicative, narrow, weakly comparable, or insufficiently useful for GeoStats."
worldbank-catalog:gc-tax-gsrv-cn,Highest taxes on goods and services,World Bank,GC.TAX.GSRV.CN,pending,verified,non_comprehensive,One or more omitted countries could plausibly alter the meaningful top ranking.,ranking_completeness,rejected,"v16.2.2 catalog review: removed from the unresolved backlog because the concept is too technical, duplicative, narrow, weakly comparable, or insufficiently useful for GeoStats."
worldbank-catalog:gc-tax-gsrv-rv-zs,Highest taxes on goods and services,World Bank,GC.TAX.GSRV.RV.ZS,pending,verified,non_comprehensive,"Player-facing title, description, or unit needs a clearer rewrite.",copy_or_semantic_rewrite,rejected,"v16.2.2 catalog review: removed from the unresolved backlog because the concept is too technical, duplicative, narrow, weakly comparable, or insufficiently useful for GeoStats."
worldbank-catalog:gc-tax-gsrv-va-zs,Highest taxes on goods and services,World Bank,GC.TAX.GSRV.VA.ZS,pending,verified,non_comprehensive,"Player-facing title, description, or unit needs a clearer rewrite.",copy_or_semantic_rewrite,rejected,"v16.2.2 catalog review: removed from the unresolved backlog because the concept is too technical, duplicative, narrow, weakly comparable, or insufficiently useful for GeoStats."
worldbank-catalog:gc-tax-impt-cn,Highest customs and other import duties,World Bank,GC.TAX.IMPT.CN,pending,unable_to_verify,non_comprehensive,One or more omitted countries could plausibly alter the meaningful top ranking.,ranking_completeness,rejected,"v16.2.2 catalog review: removed from the unresolved backlog because the concept is too technical, duplicative, narrow, weakly comparable, or insufficiently useful for GeoStats."
worldbank-catalog:gc-tax-impt-zs,Highest customs and other import duties,World Bank,GC.TAX.IMPT.ZS,pending,unable_to_verify,non_comprehensive,"Player-facing title, description, or unit needs a clearer rewrite.",copy_or_semantic_rewrite,rejected,"v16.2.2 catalog review: removed from the unresolved backlog because the concept is too technical, duplicative, narrow, weakly comparable, or insufficiently useful for GeoStats."
worldbank-catalog:gc-tax-intt-cn,Highest taxes on international trade,World Bank,GC.TAX.INTT.CN,pending,unable_to_verify,non_comprehensive,One or more omitted countries could plausibly alter the meaningful top ranking.,ranking_completeness,rejected,"v16.2.2 catalog review: removed from the unresolved backlog because the concept is too technical, duplicative, narrow, weakly comparable, or insufficiently useful for GeoStats."
worldbank-catalog:gc-tax-intt-rv-zs,Highest taxes on international trade,World Bank,GC.TAX.INTT.RV.ZS,pending,unable_to_verify,non_comprehensive,"Player-facing title, description, or unit needs a clearer rewrite.",copy_or_semantic_rewrite,rejected,"v16.2.2 catalog review: removed from the unresolved backlog because the concept is too technical, duplicative, narrow, weakly comparable, or insufficiently useful for GeoStats."
worldbank-catalog:gc-tax-othr-cn,Highest other taxes,World Bank,GC.TAX.OTHR.CN,pending,verified,non_comprehensive,One or more omitted countries could plausibly alter the meaningful top ranking.,ranking_completeness,rejected,"v16.2.2 catalog review: removed from the unresolved backlog because the concept is too technical, duplicative, narrow, weakly comparable, or insufficiently useful for GeoStats."
worldbank-catalog:gc-tax-othr-rv-zs,Highest other taxes,World Bank,GC.TAX.OTHR.RV.ZS,pending,verified,non_comprehensive,Semantic audit identified a substantive data repair.,substantive_data_failure,rejected,"v16.2.2 catalog review: removed from the unresolved backlog because the concept is too technical, duplicative, narrow, weakly comparable, or insufficiently useful for GeoStats."
worldbank-catalog:gc-tax-totl-cn,Highest tax revenue,World Bank,GC.TAX.TOTL.CN,pending,verified,non_comprehensive,One or more omitted countries could plausibly alter the meaningful top ranking.,ranking_completeness,rejected,"v16.2.2 catalog review: removed from the unresolved backlog because the concept is too technical, duplicative, narrow, weakly comparable, or insufficiently useful for GeoStats."
worldbank-catalog:gc-tax-totl-gd-zs,Highest tax revenue,World Bank,GC.TAX.TOTL.GD.ZS,pending,verified,non_comprehensive,"Player-facing title, description, or unit needs a clearer rewrite.",copy_or_semantic_rewrite,approved,"v16.2.2 catalog review: clear, objective country comparison worth keeping; source/integrity gates remain authoritative."
worldbank-catalog:gc-tax-ypkg-cn,"Highest taxes on income, profits and capital gains",World Bank,GC.TAX.YPKG.CN,pending,verified,non_comprehensive,One or more omitted countries could plausibly alter the meaningful top ranking.,ranking_completeness,rejected,"v16.2.2 catalog review: removed from the unresolved backlog because the concept is too technical, duplicative, narrow, weakly comparable, or insufficiently useful for GeoStats."
worldbank-catalog:gc-tax-ypkg-rv-zs,"Highest taxes on income, profits and capital gains",World Bank,GC.TAX.YPKG.RV.ZS,pending,verified,non_comprehensive,"Player-facing title, description, or unit needs a clearer rewrite.",copy_or_semantic_rewrite,rejected,"v16.2.2 catalog review: removed from the unresolved backlog because the concept is too technical, duplicative, narrow, weakly comparable, or insufficiently useful for GeoStats."
worldbank-catalog:gc-tax-ypkg-zs,"Highest taxes on income, profits and capital gains",World Bank,GC.TAX.YPKG.ZS,pending,verified,non_comprehensive,"Player-facing title, description, or unit needs a clearer rewrite.",copy_or_semantic_rewrite,rejected,"v16.2.2 catalog review: removed from the unresolved backlog because the concept is too technical, duplicative, narrow, weakly comparable, or insufficiently useful for GeoStats."
worldbank-catalog:gc-xpn-comp-cn,Highest compensation of employees,World Bank,GC.XPN.COMP.CN,pending,verified,non_comprehensive,One or more omitted countries could plausibly alter the meaningful top ranking.,ranking_completeness,rejected,"v16.2.2 catalog review: removed from the unresolved backlog because the concept is too technical, duplicative, narrow, weakly comparable, or insufficiently useful for GeoStats."
worldbank-catalog:gc-xpn-comp-zs,Highest compensation of employees,World Bank,GC.XPN.COMP.ZS,pending,verified,non_comprehensive,"Player-facing title, description, or unit needs a clearer rewrite.",copy_or_semantic_rewrite,rejected,"v16.2.2 catalog review: removed from the unresolved backlog because the concept is too technical, duplicative, narrow, weakly comparable, or insufficiently useful for GeoStats."
worldbank-catalog:gc-xpn-gsrv-cn,Highest goods and services expense,World Bank,GC.XPN.GSRV.CN,pending,verified,non_comprehensive,One or more omitted countries could plausibly alter the meaningful top ranking.,ranking_completeness,rejected,"v16.2.2 catalog review: removed from the unresolved backlog because the concept is too technical, duplicative, narrow, weakly comparable, or insufficiently useful for GeoStats."
worldbank-catalog:gc-xpn-gsrv-zs,Highest goods and services expense,World Bank,GC.XPN.GSRV.ZS,pending,verified,non_comprehensive,"Player-facing title, description, or unit needs a clearer rewrite.",copy_or_semantic_rewrite,rejected,"v16.2.2 catalog review: removed from the unresolved backlog because the concept is too technical, duplicative, narrow, weakly comparable, or insufficiently useful for GeoStats."
worldbank-catalog:gc-xpn-intp-cn,Highest interest payments,World Bank,GC.XPN.INTP.CN,pending,verified,non_comprehensive,One or more omitted countries could plausibly alter the meaningful top ranking.,ranking_completeness,rejected,"v16.2.2 catalog review: removed from the unresolved backlog because the concept is too technical, duplicative, narrow, weakly comparable, or insufficiently useful for GeoStats."
worldbank-catalog:gc-xpn-intp-rv-zs,Highest interest payments,World Bank,GC.XPN.INTP.RV.ZS,pending,verified,non_comprehensive,"Player-facing title, description, or unit needs a clearer rewrite.",copy_or_semantic_rewrite,rejected,"v16.2.2 catalog review: removed from the unresolved backlog because the concept is too technical, duplicative, narrow, weakly comparable, or insufficiently useful for GeoStats."
worldbank-catalog:gc-xpn-intp-zs,Highest interest payments,World Bank,GC.XPN.INTP.ZS,pending,verified,non_comprehensive,"Player-facing title, description, or unit needs a clearer rewrite.",copy_or_semantic_rewrite,rejected,"v16.2.2 catalog review: removed from the unresolved backlog because the concept is too technical, duplicative, narrow, weakly comparable, or insufficiently useful for GeoStats."
worldbank-catalog:gc-xpn-othr-cn,Highest other expense,World Bank,GC.XPN.OTHR.CN,pending,verified,non_comprehensive,One or more omitted countries could plausibly alter the meaningful top ranking.,ranking_completeness,rejected,"v16.2.2 catalog review: removed from the unresolved backlog because the concept is too technical, duplicative, narrow, weakly comparable, or insufficiently useful for GeoStats."
worldbank-catalog:gc-xpn-othr-zs,Highest other expense,World Bank,GC.XPN.OTHR.ZS,pending,verified,non_comprehensive,"Player-facing title, description, or unit needs a clearer rewrite.",copy_or_semantic_rewrite,rejected,"v16.2.2 catalog review: removed from the unresolved backlog because the concept is too technical, duplicative, narrow, weakly comparable, or insufficiently useful for GeoStats."
worldbank-catalog:gc-xpn-totl-cn,Highest expense,World Bank,GC.XPN.TOTL.CN,pending,verified,non_comprehensive,One or more omitted countries could plausibly alter the meaningful top ranking.,ranking_completeness,rejected,"v16.2.2 catalog review: removed from the unresolved backlog because the concept is too technical, duplicative, narrow, weakly comparable, or insufficiently useful for GeoStats."
worldbank-catalog:gc-xpn-totl-gd-zs,Highest expense,World Bank,GC.XPN.TOTL.GD.ZS,pending,verified,non_comprehensive,"Player-facing title, description, or unit needs a clearer rewrite.",copy_or_semantic_rewrite,rejected,"v16.2.2 catalog review: removed from the unresolved backlog because the concept is too technical, duplicative, narrow, weakly comparable, or insufficiently useful for GeoStats."
worldbank-catalog:gc-xpn-trft-cn,Highest subsidies and other transfers,World Bank,GC.XPN.TRFT.CN,pending,verified,non_comprehensive,One or more omitted countries could plausibly alter the meaningful top ranking.,ranking_completeness,rejected,"v16.2.2 catalog review: removed from the unresolved backlog because the concept is too technical, duplicative, narrow, weakly comparable, or insufficiently useful for GeoStats."
worldbank-catalog:gc-xpn-trft-zs,Highest subsidies and other transfers,World Bank,GC.XPN.TRFT.ZS,pending,verified,non_comprehensive,"Player-facing title, description, or unit needs a clearer rewrite.",copy_or_semantic_rewrite,rejected,"v16.2.2 catalog review: removed from the unresolved backlog because the concept is too technical, duplicative, narrow, weakly comparable, or insufficiently useful for GeoStats."
worldbank-catalog:gf-xpd-budg-zs,Highest primary government expenditures as a proportion of original approved budget,World Bank,GF.XPD.BUDG.ZS,pending,unable_to_verify,non_comprehensive,Semantic audit identified a substantive data repair.,substantive_data_failure,rejected,"v16.2.2 catalog review: removed from the unresolved backlog because the concept is too technical, duplicative, narrow, weakly comparable, or insufficiently useful for GeoStats."
worldbank-catalog:ic-bre-be-p1,Highest b-READY: Business Entry Pillar 1: Quality of Regulations for Business Entry,World Bank,IC.BRE.BE.P1,pending,unable_to_verify,non_comprehensive,"Player-facing title, description, or unit needs a clearer rewrite.",copy_or_semantic_rewrite,rejected,"v16.2.2 catalog review: removed from the unresolved backlog because the concept is too technical, duplicative, narrow, weakly comparable, or insufficiently useful for GeoStats."
worldbank-catalog:ic-bre-be-p2,Highest b-READY: Business Entry Pillar 2: Digital Public Services and Transparency of Information for Business Entry,World Bank,IC.BRE.BE.P2,pending,unable_to_verify,non_comprehensive,"Player-facing title, description, or unit needs a clearer rewrite.",copy_or_semantic_rewrite,rejected,"v16.2.2 catalog review: removed from the unresolved backlog because the concept is too technical, duplicative, narrow, weakly comparable, or insufficiently useful for GeoStats."
worldbank-catalog:ic-bre-be-p3,Highest b-READY: Business Entry Pillar 3: Operational Efficiency of Business Entry,World Bank,IC.BRE.BE.P3,pending,unable_to_verify,non_comprehensive,One or more omitted countries could plausibly alter the meaningful top ranking.,ranking_completeness,rejected,"v16.2.2 catalog review: removed from the unresolved backlog because the concept is too technical, duplicative, narrow, weakly comparable, or insufficiently useful for GeoStats."
worldbank-catalog:ic-bre-bi-p1,Highest b-READY: Business Insolvency Pillar 1: Quality of Regulations for Judicial Insolvency Proceedings,World Bank,IC.BRE.BI.P1,pending,unable_to_verify,non_comprehensive,"Player-facing title, description, or unit needs a clearer rewrite.",copy_or_semantic_rewrite,rejected,"v16.2.2 catalog review: removed from the unresolved backlog because the concept is too technical, duplicative, narrow, weakly comparable, or insufficiently useful for GeoStats."
worldbank-catalog:ic-bre-bi-p2,Highest b-READY: Business Insolvency Pillar 2: Quality of Institutional and Operational Infrastructure for Judicial Insolvency Proceedings,World Bank,IC.BRE.BI.P2,pending,unable_to_verify,non_comprehensive,"Player-facing title, description, or unit needs a clearer rewrite.",copy_or_semantic_rewrite,rejected,"v16.2.2 catalog review: removed from the unresolved backlog because the concept is too technical, duplicative, narrow, weakly comparable, or insufficiently useful for GeoStats."
worldbank-catalog:ic-bre-bi-p3,Highest b-READY: Business Insolvency Pillar 3: Operational Efficiency of Resolving Judicial Insolvency Proceedings,World Bank,IC.BRE.BI.P3,pending,unable_to_verify,non_comprehensive,"Player-facing title, description, or unit needs a clearer rewrite.",copy_or_semantic_rewrite,rejected,"v16.2.2 catalog review: removed from the unresolved backlog because the concept is too technical, duplicative, narrow, weakly comparable, or insufficiently useful for GeoStats."
worldbank-catalog:ic-bre-bl-p1,Highest b-READY: Business Location Pillar 1: Quality of Regulations for Business Location,World Bank,IC.BRE.BL.P1,pending,unable_to_verify,non_comprehensive,"Player-facing title, description, or unit needs a clearer rewrite.",copy_or_semantic_rewrite,rejected,"v16.2.2 catalog review: removed from the unresolved backlog because the concept is too technical, duplicative, narrow, weakly comparable, or insufficiently useful for GeoStats."
worldbank-catalog:ic-bre-bl-p2,Highest b-READY: Business Location Pillar 2: Quality of Public Services and Transparency of Information for Business Location,World Bank,IC.BRE.BL.P2,pending,unable_to_verify,non_comprehensive,"Player-facing title, description, or unit needs a clearer rewrite.",copy_or_semantic_rewrite,rejected,"v16.2.2 catalog review: removed from the unresolved backlog because the concept is too technical, duplicative, narrow, weakly comparable, or insufficiently useful for GeoStats."
worldbank-catalog:ic-bre-bl-p3,Highest b-READY: Business Location Pillar 3: Operational Efficiency of Establishing a Business Location,World Bank,IC.BRE.BL.P3,pending,unable_to_verify,non_comprehensive,"Player-facing title, description, or unit needs a clearer rewrite.",copy_or_semantic_rewrite,rejected,"v16.2.2 catalog review: removed from the unresolved backlog because the concept is too technical, duplicative, narrow, weakly comparable, or insufficiently useful for GeoStats."
worldbank-catalog:ic-bre-dr-p1,Highest b-READY: Dispute Resolution Pillar 1: Quality of Regulations for Dispute Resolution,World Bank,IC.BRE.DR.P1,pending,unable_to_verify,non_comprehensive,"Player-facing title, description, or unit needs a clearer rewrite.",copy_or_semantic_rewrite,rejected,"v16.2.2 catalog review: removed from the unresolved backlog because the concept is too technical, duplicative, narrow, weakly comparable, or insufficiently useful for GeoStats."
worldbank-catalog:ic-bre-dr-p2,Highest b-READY: Dispute Resolution Pillar 2: Public Services for Dispute Resolution,World Bank,IC.BRE.DR.P2,pending,unable_to_verify,non_comprehensive,"Player-facing title, description, or unit needs a clearer rewrite.",copy_or_semantic_rewrite,rejected,"v16.2.2 catalog review: removed from the unresolved backlog because the concept is too technical, duplicative, narrow, weakly comparable, or insufficiently useful for GeoStats."
worldbank-catalog:ic-bre-dr-p3,Highest b-READY: Dispute Resolution Pillar 3: Ease of Resolving a Commercial Dispute,World Bank,IC.BRE.DR.P3,pending,unable_to_verify,non_comprehensive,"Player-facing title, description, or unit needs a clearer rewrite.",copy_or_semantic_rewrite,rejected,"v16.2.2 catalog review: removed from the unresolved backlog because the concept is too technical, duplicative, narrow, weakly comparable, or insufficiently useful for GeoStats."
worldbank-catalog:ic-bre-fs-p1,Highest b-READY: Financial Services Pillar 1: Quality of Regulations for Financial Services,World Bank,IC.BRE.FS.P1,pending,unable_to_verify,non_comprehensive,"Player-facing title, description, or unit needs a clearer rewrite.",copy_or_semantic_rewrite,rejected,"v16.2.2 catalog review: removed from the unresolved backlog because the concept is too technical, duplicative, narrow, weakly comparable, or insufficiently useful for GeoStats."
worldbank-catalog:ic-bre-fs-p2,Highest b-READY: Financial Services Pillar 2: Accessibility of Information in Credit Infrastructure,World Bank,IC.BRE.FS.P2,pending,unable_to_verify,non_comprehensive,"Player-facing title, description, or unit needs a clearer rewrite.",copy_or_semantic_rewrite,rejected,"v16.2.2 catalog review: removed from the unresolved backlog because the concept is too technical, duplicative, narrow, weakly comparable, or insufficiently useful for GeoStats."
worldbank-catalog:ic-bre-fs-p3,Highest b-READY: Financial Services Pillar 3: Operational Efficiency of Receiving Financial Services,World Bank,IC.BRE.FS.P3,pending,unable_to_verify,non_comprehensive,"Player-facing title, description, or unit needs a clearer rewrite.",copy_or_semantic_rewrite,rejected,"v16.2.2 catalog review: removed from the unresolved backlog because the concept is too technical, duplicative, narrow, weakly comparable, or insufficiently useful for GeoStats."
worldbank-catalog:ic-bre-it-p1,Highest b-READY: International Trade Pillar 1: Quality of Regulations for International Trade,World Bank,IC.BRE.IT.P1,pending,unable_to_verify,non_comprehensive,"Player-facing title, description, or unit needs a clearer rewrite.",copy_or_semantic_rewrite,rejected,"v16.2.2 catalog review: removed from the unresolved backlog because the concept is too technical, duplicative, narrow, weakly comparable, or insufficiently useful for GeoStats."
worldbank-catalog:ic-bre-it-p2,Highest b-READY: International Trade Pillar 2: Quality of Public Services for the Facilitation of International Trade,World Bank,IC.BRE.IT.P2,pending,unable_to_verify,non_comprehensive,"Player-facing title, description, or unit needs a clearer rewrite.",copy_or_semantic_rewrite,rejected,"v16.2.2 catalog review: removed from the unresolved backlog because the concept is too technical, duplicative, narrow, weakly comparable, or insufficiently useful for GeoStats."
worldbank-catalog:ic-bre-it-p3,"Highest b-READY: International Trade Pillar 3: Efficiency of Importing Goods, Exporting Goods, and Engaging in Digital Trade",World Bank,IC.BRE.IT.P3,pending,unable_to_verify,non_comprehensive,"Player-facing title, description, or unit needs a clearer rewrite.",copy_or_semantic_rewrite,rejected,"v16.2.2 catalog review: removed from the unresolved backlog because the concept is too technical, duplicative, narrow, weakly comparable, or insufficiently useful for GeoStats."
worldbank-catalog:ic-bre-lb-p1,Highest b-READY: Labor Pillar 1: Quality of Labor Regulations,World Bank,IC.BRE.LB.P1,pending,unable_to_verify,non_comprehensive,One or more omitted countries could plausibly alter the meaningful top ranking.,ranking_completeness,rejected,"v16.2.2 catalog review: removed from the unresolved backlog because the concept is too technical, duplicative, narrow, weakly comparable, or insufficiently useful for GeoStats."
worldbank-catalog:ic-bre-lb-p2,Highest b-READY: Labor Pillar 2: Adequacy of Public Services for Labor,World Bank,IC.BRE.LB.P2,pending,unable_to_verify,non_comprehensive,One or more omitted countries could plausibly alter the meaningful top ranking.,ranking_completeness,rejected,"v16.2.2 catalog review: removed from the unresolved backlog because the concept is too technical, duplicative, narrow, weakly comparable, or insufficiently useful for GeoStats."
worldbank-catalog:ic-bre-lb-p3,Highest b-READY: Labor Pillar 3: Operational Efficiency of Labor Regulations and Public Services in Practice,World Bank,IC.BRE.LB.P3,pending,unable_to_verify,non_comprehensive,"Player-facing title, description, or unit needs a clearer rewrite.",copy_or_semantic_rewrite,rejected,"v16.2.2 catalog review: removed from the unresolved backlog because the concept is too technical, duplicative, narrow, weakly comparable, or insufficiently useful for GeoStats."
worldbank-catalog:ic-bre-mc-p1,Highest b-READY: Market Competition Pillar 1: Quality of Regulations that Promote Market Competition,World Bank,IC.BRE.MC.P1,pending,unable_to_verify,non_comprehensive,"Player-facing title, description, or unit needs a clearer rewrite.",copy_or_semantic_rewrite,rejected,"v16.2.2 catalog review: removed from the unresolved backlog because the concept is too technical, duplicative, narrow, weakly comparable, or insufficiently useful for GeoStats."
worldbank-catalog:ic-bre-mc-p2,Highest b-READY: Market Competition Pillar 2: Public Services that Promote Market Competition,World Bank,IC.BRE.MC.P2,pending,unable_to_verify,non_comprehensive,"Player-facing title, description, or unit needs a clearer rewrite.",copy_or_semantic_rewrite,rejected,"v16.2.2 catalog review: removed from the unresolved backlog because the concept is too technical, duplicative, narrow, weakly comparable, or insufficiently useful for GeoStats."
worldbank-catalog:ic-bre-mc-p3,Highest b-READY: Market Competition Pillar 3: Implementation of Key Services Promoting Market Competition,World Bank,IC.BRE.MC.P3,pending,unable_to_verify,non_comprehensive,"Player-facing title, description, or unit needs a clearer rewrite.",copy_or_semantic_rewrite,rejected,"v16.2.2 catalog review: removed from the unresolved backlog because the concept is too technical, duplicative, narrow, weakly comparable, or insufficiently useful for GeoStats."
worldbank-catalog:ic-bre-p1-rf,Highest b-READY: Pillar 1: Regulatory Framework,World Bank,IC.BRE.P1.RF,pending,unable_to_verify,non_comprehensive,One or more omitted countries could plausibly alter the meaningful top ranking.,ranking_completeness,rejected,"v16.2.2 catalog review: removed from the unresolved backlog because the concept is too technical, duplicative, narrow, weakly comparable, or insufficiently useful for GeoStats."
worldbank-catalog:ic-bre-p2-ps,Highest b-READY: Pillar 2: Public Services,World Bank,IC.BRE.P2.PS,pending,unable_to_verify,non_comprehensive,One or more omitted countries could plausibly alter the meaningful top ranking.,ranking_completeness,rejected,"v16.2.2 catalog review: removed from the unresolved backlog because the concept is too technical, duplicative, narrow, weakly comparable, or insufficiently useful for GeoStats."
worldbank-catalog:ic-bre-p3-oe,Highest b-READY: Pillar 3: Operational Efficiency,World Bank,IC.BRE.P3.OE,pending,unable_to_verify,non_comprehensive,One or more omitted countries could plausibly alter the meaningful top ranking.,ranking_completeness,rejected,"v16.2.2 catalog review: removed from the unresolved backlog because the concept is too technical, duplicative, narrow, weakly comparable, or insufficiently useful for GeoStats."
worldbank-catalog:ic-bre-tx-p1,Highest b-READY: Taxation Pillar 1: Quality of Regulations on Taxation,World Bank,IC.BRE.TX.P1,pending,unable_to_verify,non_comprehensive,One or more omitted countries could plausibly alter the meaningful top ranking.,ranking_completeness,rejected,"v16.2.2 catalog review: removed from the unresolved backlog because the concept is too technical, duplicative, narrow, weakly comparable, or insufficiently useful for GeoStats."
worldbank-catalog:ic-bre-tx-p2,Highest b-READY: Taxation Pillar 2: Public Services Provided by the Tax Administration,World Bank,IC.BRE.TX.P2,pending,unable_to_verify,non_comprehensive,"Player-facing title, description, or unit needs a clearer rewrite.",copy_or_semantic_rewrite,rejected,"v16.2.2 catalog review: removed from the unresolved backlog because the concept is too technical, duplicative, narrow, weakly comparable, or insufficiently useful for GeoStats."
worldbank-catalog:ic-bre-tx-p3,Highest b-READY: Taxation Pillar 3: Operational Efficiency of Tax Systems in Practice,World Bank,IC.BRE.TX.P3,pending,unable_to_verify,non_comprehensive,"Player-facing title, description, or unit needs a clearer rewrite.",copy_or_semantic_rewrite,rejected,"v16.2.2 catalog review: removed from the unresolved backlog because the concept is too technical, duplicative, narrow, weakly comparable, or insufficiently useful for GeoStats."
worldbank-catalog:ic-bre-us-p1,Highest b-READY: Utility Services Pillar 1: Quality of Regulations on Utility Services,World Bank,IC.BRE.US.P1,pending,unable_to_verify,non_comprehensive,"Player-facing title, description, or unit needs a clearer rewrite.",copy_or_semantic_rewrite,rejected,"v16.2.2 catalog review: removed from the unresolved backlog because the concept is too technical, duplicative, narrow, weakly comparable, or insufficiently useful for GeoStats."
worldbank-catalog:ic-bre-us-p2,Highest b-READY: Utility Services Pillar 2: Quality of Governance and Transparency of Utility Services,World Bank,IC.BRE.US.P2,pending,unable_to_verify,non_comprehensive,"Player-facing title, description, or unit needs a clearer rewrite.",copy_or_semantic_rewrite,rejected,"v16.2.2 catalog review: removed from the unresolved backlog because the concept is too technical, duplicative, narrow, weakly comparable, or insufficiently useful for GeoStats."
worldbank-catalog:ic-bre-us-p3,Highest b-READY: Utility Services Pillar 3: Operational Efficiency of Utility Service Provision,World Bank,IC.BRE.US.P3,pending,unable_to_verify,non_comprehensive,"Player-facing title, description, or unit needs a clearer rewrite.",copy_or_semantic_rewrite,rejected,"v16.2.2 catalog review: removed from the unresolved backlog because the concept is too technical, duplicative, narrow, weakly comparable, or insufficiently useful for GeoStats."
worldbank-catalog:ic-cus-durs-ex,Largest average time to clear exports through customs,World Bank,IC.CUS.DURS.EX,pending,unable_to_verify,non_comprehensive,One or more omitted countries could plausibly alter the meaningful top ranking.,ranking_completeness,rejected,"v16.2.2 catalog review: removed from the unresolved backlog because the concept is too technical, duplicative, narrow, weakly comparable, or insufficiently useful for GeoStats."
worldbank-catalog:ic-cus-durs-im,Largest average time to clear imports through customs,World Bank,IC.CUS.DURS.IM,pending,unable_to_verify,non_comprehensive,One or more omitted countries could plausibly alter the meaningful top ranking.,ranking_completeness,rejected,"v16.2.2 catalog review: removed from the unresolved backlog because the concept is too technical, duplicative, narrow, weakly comparable, or insufficiently useful for GeoStats."
worldbank-catalog:ic-elc-durs,Highest time to obtain an electrical connection,World Bank,IC.ELC.DURS,pending,unable_to_verify,non_comprehensive,One or more omitted countries could plausibly alter the meaningful top ranking.,ranking_completeness,rejected,"v16.2.2 catalog review: removed from the unresolved backlog because the concept is too technical, duplicative, narrow, weakly comparable, or insufficiently useful for GeoStats."
worldbank-catalog:ic-elc-outg-zs,Highest firms experiencing electrical outages,World Bank,IC.ELC.OUTG.ZS,pending,unable_to_verify,non_comprehensive,"Player-facing title, description, or unit needs a clearer rewrite.",copy_or_semantic_rewrite,rejected,"v16.2.2 catalog review: removed from the unresolved backlog because the concept is too technical, duplicative, narrow, weakly comparable, or insufficiently useful for GeoStats."
worldbank-catalog:ic-frm-bkwc-zs,Highest firms using banks to finance working capital,World Bank,IC.FRM.BKWC.ZS,pending,unable_to_verify,non_comprehensive,"Player-facing title, description, or unit needs a clearer rewrite.",copy_or_semantic_rewrite,rejected,"v16.2.2 catalog review: removed from the unresolved backlog because the concept is too technical, duplicative, narrow, weakly comparable, or insufficiently useful for GeoStats."
worldbank-catalog:ic-frm-bnkl-zs,Highest firms with a bank loan/line of credit,World Bank,IC.FRM.BNKL.ZS,pending,unable_to_verify,non_comprehensive,"Player-facing title, description, or unit needs a clearer rewrite.",copy_or_semantic_rewrite,rejected,"v16.2.2 catalog review: removed from the unresolved backlog because the concept is too technical, duplicative, narrow, weakly comparable, or insufficiently useful for GeoStats."
worldbank-catalog:ic-frm-bnks-zs,Highest firms using banks to finance investment,World Bank,IC.FRM.BNKS.ZS,pending,unable_to_verify,non_comprehensive,"Player-facing title, description, or unit needs a clearer rewrite.",copy_or_semantic_rewrite,rejected,"v16.2.2 catalog review: removed from the unresolved backlog because the concept is too technical, duplicative, narrow, weakly comparable, or insufficiently useful for GeoStats."
worldbank-catalog:ic-frm-brib-zs,Highest bribery incidence,World Bank,IC.FRM.BRIB.ZS,pending,unable_to_verify,non_comprehensive,"Player-facing title, description, or unit needs a clearer rewrite.",copy_or_semantic_rewrite,rejected,"v16.2.2 catalog review: removed from the unresolved backlog because the concept is too technical, duplicative, narrow, weakly comparable, or insufficiently useful for GeoStats."
worldbank-catalog:ic-frm-cdp-zs,Highest firms that use a third party to resolve commercial disputes,World Bank,IC.FRM.CDP.ZS,pending,unable_to_verify,non_comprehensive,"Player-facing title, description, or unit needs a clearer rewrite.",copy_or_semantic_rewrite,rejected,"v16.2.2 catalog review: removed from the unresolved backlog because the concept is too technical, duplicative, narrow, weakly comparable, or insufficiently useful for GeoStats."
worldbank-catalog:ic-frm-cmpu-zs,Highest firms competing against unregistered firms,World Bank,IC.FRM.CMPU.ZS,pending,unable_to_verify,non_comprehensive,"Player-facing title, description, or unit needs a clearer rewrite.",copy_or_semantic_rewrite,rejected,"v16.2.2 catalog review: removed from the unresolved backlog because the concept is too technical, duplicative, narrow, weakly comparable, or insufficiently useful for GeoStats."
worldbank-catalog:ic-frm-co2-zs,Highest firms monitoring own CO2 emissions,World Bank,IC.FRM.CO2.ZS,pending,unable_to_verify,non_comprehensive,"Player-facing title, description, or unit needs a clearer rewrite.",copy_or_semantic_rewrite,rejected,"v16.2.2 catalog review: removed from the unresolved backlog because the concept is too technical, duplicative, narrow, weakly comparable, or insufficiently useful for GeoStats."
worldbank-catalog:ic-frm-corr-zs,Highest informal payments to public officials,World Bank,IC.FRM.CORR.ZS,pending,unable_to_verify,non_comprehensive,"Player-facing title, description, or unit needs a clearer rewrite.",copy_or_semantic_rewrite,rejected,"v16.2.2 catalog review: removed from the unresolved backlog because the concept is too technical, duplicative, narrow, weakly comparable, or insufficiently useful for GeoStats."
worldbank-catalog:ic-frm-crdc-fl-zs,Highest firms that are fully credit constrained,World Bank,IC.FRM.CRDC.FL.ZS,pending,unable_to_verify,non_comprehensive,"Player-facing title, description, or unit needs a clearer rewrite.",copy_or_semantic_rewrite,rejected,"v16.2.2 catalog review: removed from the unresolved backlog because the concept is too technical, duplicative, narrow, weakly comparable, or insufficiently useful for GeoStats."
worldbank-catalog:ic-frm-crdc-pt-zs,Highest firms that are partially credit constrained,World Bank,IC.FRM.CRDC.PT.ZS,pending,unable_to_verify,non_comprehensive,"Player-facing title, description, or unit needs a clearer rewrite.",copy_or_semantic_rewrite,rejected,"v16.2.2 catalog review: removed from the unresolved backlog because the concept is too technical, duplicative, narrow, weakly comparable, or insufficiently useful for GeoStats."
worldbank-catalog:ic-frm-durs,Highest time required to obtain an operating license,World Bank,IC.FRM.DURS,pending,unable_to_verify,non_comprehensive,One or more omitted countries could plausibly alter the meaningful top ranking.,ranking_completeness,rejected,"v16.2.2 catalog review: removed from the unresolved backlog because the concept is too technical, duplicative, narrow, weakly comparable, or insufficiently useful for GeoStats."
worldbank-catalog:ic-frm-engm-zs,Highest firms adopting energy management measures to reduce emissions,World Bank,IC.FRM.ENGM.ZS,pending,unable_to_verify,non_comprehensive,"Player-facing title, description, or unit needs a clearer rewrite.",copy_or_semantic_rewrite,rejected,"v16.2.2 catalog review: removed from the unresolved backlog because the concept is too technical, duplicative, narrow, weakly comparable, or insufficiently useful for GeoStats."
worldbank-catalog:ic-frm-exs-zs,Highest firms exporting directly at least 10% of sales,World Bank,IC.FRM.EXS.ZS,pending,unable_to_verify,non_comprehensive,"Player-facing title, description, or unit needs a clearer rewrite.",copy_or_semantic_rewrite,rejected,"v16.2.2 catalog review: removed from the unresolved backlog because the concept is too technical, duplicative, narrow, weakly comparable, or insufficiently useful for GeoStats."
worldbank-catalog:ic-frm-femm-zs,Highest firms with female top manager,World Bank,IC.FRM.FEMM.ZS,pending,unable_to_verify,non_comprehensive,"Player-facing title, description, or unit needs a clearer rewrite.",copy_or_semantic_rewrite,rejected,"v16.2.2 catalog review: removed from the unresolved backlog because the concept is too technical, duplicative, narrow, weakly comparable, or insufficiently useful for GeoStats."
worldbank-catalog:ic-frm-femo-zs,Highest firms with female participation in ownership,World Bank,IC.FRM.FEMO.ZS,pending,unable_to_verify,non_comprehensive,"Player-facing title, description, or unit needs a clearer rewrite.",copy_or_semantic_rewrite,rejected,"v16.2.2 catalog review: removed from the unresolved backlog because the concept is too technical, duplicative, narrow, weakly comparable, or insufficiently useful for GeoStats."
worldbank-catalog:ic-frm-fo-zs,Highest firms with at least 10% foreign ownership,World Bank,IC.FRM.FO.ZS,pending,unable_to_verify,non_comprehensive,"Player-facing title, description, or unit needs a clearer rewrite.",copy_or_semantic_rewrite,rejected,"v16.2.2 catalog review: removed from the unresolved backlog because the concept is too technical, duplicative, narrow, weakly comparable, or insufficiently useful for GeoStats."
worldbank-catalog:ic-frm-freg-zs,Highest firms formally registered when operations started,World Bank,IC.FRM.FREG.ZS,pending,unable_to_verify,non_comprehensive,"Player-facing title, description, or unit needs a clearer rewrite.",copy_or_semantic_rewrite,rejected,"v16.2.2 catalog review: removed from the unresolved backlog because the concept is too technical, duplicative, narrow, weakly comparable, or insufficiently useful for GeoStats."
worldbank-catalog:ic-frm-lotm-zs,Highest firms where largest owner is also the top manager,World Bank,IC.FRM.LOTM.ZS,pending,unable_to_verify,non_comprehensive,"Player-facing title, description, or unit needs a clearer rewrite.",copy_or_semantic_rewrite,rejected,"v16.2.2 catalog review: removed from the unresolved backlog because the concept is too technical, duplicative, narrow, weakly comparable, or insufficiently useful for GeoStats."
worldbank-catalog:ic-frm-metg-zs,Highest firms visited or required meetings with tax officials,World Bank,IC.FRM.METG.ZS,pending,unable_to_verify,non_comprehensive,"Player-facing title, description, or unit needs a clearer rewrite.",copy_or_semantic_rewrite,rejected,"v16.2.2 catalog review: removed from the unresolved backlog because the concept is too technical, duplicative, narrow, weakly comparable, or insufficiently useful for GeoStats."
worldbank-catalog:ic-frm-nprd-zs,"Highest firms that introduced a new product/service and process, and spent on R&D",World Bank,IC.FRM.NPRD.ZS,pending,unable_to_verify,non_comprehensive,One or more omitted countries could plausibly alter the meaningful top ranking.,ranking_completeness,rejected,"v16.2.2 catalog review: removed from the unresolved backlog because the concept is too technical, duplicative, narrow, weakly comparable, or insufficiently useful for GeoStats."
worldbank-catalog:ic-frm-outg-zs,Highest value lost due to electrical outages,World Bank,IC.FRM.OUTG.ZS,pending,unable_to_verify,non_comprehensive,"Player-facing title, description, or unit needs a clearer rewrite.",copy_or_semantic_rewrite,rejected,"v16.2.2 catalog review: removed from the unresolved backlog because the concept is too technical, duplicative, narrow, weakly comparable, or insufficiently useful for GeoStats."
worldbank-catalog:ic-frm-taxe-zs,Highest firms filling taxes electronically,World Bank,IC.FRM.TAXE.ZS,pending,unable_to_verify,non_comprehensive,"Player-facing title, description, or unit needs a clearer rewrite.",copy_or_semantic_rewrite,rejected,"v16.2.2 catalog review: removed from the unresolved backlog because the concept is too technical, duplicative, narrow, weakly comparable, or insufficiently useful for GeoStats."
worldbank-catalog:ic-frm-trng-zs,Highest firms offering formal training,World Bank,IC.FRM.TRNG.ZS,pending,unable_to_verify,non_comprehensive,"Player-facing title, description, or unit needs a clearer rewrite.",copy_or_semantic_rewrite,rejected,"v16.2.2 catalog review: removed from the unresolved backlog because the concept is too technical, duplicative, narrow, weakly comparable, or insufficiently useful for GeoStats."
worldbank-catalog:ic-gov-durs-zs,Highest time spent dealing with the requirements of government regulations,World Bank,IC.GOV.DURS.ZS,pending,unable_to_verify,non_comprehensive,"Player-facing title, description, or unit needs a clearer rewrite.",copy_or_semantic_rewrite,rejected,"v16.2.2 catalog review: removed from the unresolved backlog because the concept is too technical, duplicative, narrow, weakly comparable, or insufficiently useful for GeoStats."
worldbank-catalog:ic-tax-gift-zs,Highest firms expected to give gifts in meetings with tax officials,World Bank,IC.TAX.GIFT.ZS,pending,unable_to_verify,non_comprehensive,"Player-facing title, description, or unit needs a clearer rewrite.",copy_or_semantic_rewrite,rejected,"v16.2.2 catalog review: removed from the unresolved backlog because the concept is too technical, duplicative, narrow, weakly comparable, or insufficiently useful for GeoStats."
worldbank-catalog:ic-tax-metg,Largest number of visits or required meetings with tax officials,World Bank,IC.TAX.METG,pending,unable_to_verify,non_comprehensive,One or more omitted countries could plausibly alter the meaningful top ranking.,ranking_completeness,rejected,"v16.2.2 catalog review: removed from the unresolved backlog because the concept is too technical, duplicative, narrow, weakly comparable, or insufficiently useful for GeoStats."
worldbank-catalog:ie-ppi-engy-cd,Highest investment in energy with private participation,World Bank,IE.PPI.ENGY.CD,pending,unable_to_verify,non_comprehensive,One or more omitted countries could plausibly alter the meaningful top ranking.,ranking_completeness,rejected,"v16.2.2 catalog review: removed from the unresolved backlog because the concept is too technical, duplicative, narrow, weakly comparable, or insufficiently useful for GeoStats."
worldbank-catalog:ie-ppi-icti-cd,Highest investment in ICT with private participation,World Bank,IE.PPI.ICTI.CD,pending,unable_to_verify,non_comprehensive,One or more omitted countries could plausibly alter the meaningful top ranking.,ranking_completeness,rejected,"v16.2.2 catalog review: removed from the unresolved backlog because the concept is too technical, duplicative, narrow, weakly comparable, or insufficiently useful for GeoStats."
worldbank-catalog:ie-ppi-tran-cd,Highest investment in transport with private participation,World Bank,IE.PPI.TRAN.CD,pending,failed,non_comprehensive,Official-source value and ranking audit has not completed.,source_audit_pending,rejected,"v16.2.2 catalog review: removed from the unresolved backlog because the concept is too technical, duplicative, narrow, weakly comparable, or insufficiently useful for GeoStats."
worldbank-catalog:ie-ppi-watr-cd,Highest investment in water and sanitation with private participation,World Bank,IE.PPI.WATR.CD,pending,failed,non_comprehensive,Official-source value and ranking audit has not completed.,source_audit_pending,rejected,"v16.2.2 catalog review: removed from the unresolved backlog because the concept is too technical, duplicative, narrow, weakly comparable, or insufficiently useful for GeoStats."
worldbank-catalog:ie-ppn-engy-cd,Highest public private partnerships investment in energy,World Bank,IE.PPN.ENGY.CD,pending,unable_to_verify,non_comprehensive,One or more omitted countries could plausibly alter the meaningful top ranking.,ranking_completeness,rejected,"v16.2.2 catalog review: removed from the unresolved backlog because the concept is too technical, duplicative, narrow, weakly comparable, or insufficiently useful for GeoStats."
worldbank-catalog:ie-ppn-icti-cd,Highest public private partnerships investment in ICT,World Bank,IE.PPN.ICTI.CD,pending,unable_to_verify,non_comprehensive,One or more omitted countries could plausibly alter the meaningful top ranking.,ranking_completeness,rejected,"v16.2.2 catalog review: removed from the unresolved backlog because the concept is too technical, duplicative, narrow, weakly comparable, or insufficiently useful for GeoStats."
worldbank-catalog:ie-ppn-tran-cd,Highest public private partnerships investment in transport,World Bank,IE.PPN.TRAN.CD,pending,failed,non_comprehensive,Official-source value and ranking audit has not completed.,source_audit_pending,rejected,"v16.2.2 catalog review: removed from the unresolved backlog because the concept is too technical, duplicative, narrow, weakly comparable, or insufficiently useful for GeoStats."
worldbank-catalog:ie-ppn-watr-cd,Highest public private partnerships investment in water and sanitation,World Bank,IE.PPN.WATR.CD,pending,failed,non_comprehensive,Official-source value and ranking audit has not completed.,source_audit_pending,rejected,"v16.2.2 catalog review: removed from the unresolved backlog because the concept is too technical, duplicative, narrow, weakly comparable, or insufficiently useful for GeoStats."
worldbank-catalog:iq-cpa-breg-xq,Highest cPIA business regulatory environment rating,World Bank,IQ.CPA.BREG.XQ,pending,unable_to_verify,non_comprehensive,One or more omitted countries could plausibly alter the meaningful top ranking.,ranking_completeness,rejected,"v16.2.2 catalog review: removed from the unresolved backlog because the concept is too technical, duplicative, narrow, weakly comparable, or insufficiently useful for GeoStats."
worldbank-catalog:iq-cpa-debt-xq,Highest cPIA debt policy rating,World Bank,IQ.CPA.DEBT.XQ,pending,unable_to_verify,non_comprehensive,One or more omitted countries could plausibly alter the meaningful top ranking.,ranking_completeness,rejected,"v16.2.2 catalog review: removed from the unresolved backlog because the concept is too technical, duplicative, narrow, weakly comparable, or insufficiently useful for GeoStats."
worldbank-catalog:iq-cpa-econ-xq,Highest cPIA economic management cluster average,World Bank,IQ.CPA.ECON.XQ,pending,unable_to_verify,non_comprehensive,One or more omitted countries could plausibly alter the meaningful top ranking.,ranking_completeness,rejected,"v16.2.2 catalog review: removed from the unresolved backlog because the concept is too technical, duplicative, narrow, weakly comparable, or insufficiently useful for GeoStats."
worldbank-catalog:iq-cpa-envr-xq,Highest cPIA policy and institutions for environmental sustainability rating,World Bank,IQ.CPA.ENVR.XQ,pending,unable_to_verify,non_comprehensive,One or more omitted countries could plausibly alter the meaningful top ranking.,ranking_completeness,rejected,"v16.2.2 catalog review: removed from the unresolved backlog because the concept is too technical, duplicative, narrow, weakly comparable, or insufficiently useful for GeoStats."
worldbank-catalog:iq-cpa-finq-xq,Highest cPIA quality of budgetary and financial management rating,World Bank,IQ.CPA.FINQ.XQ,pending,unable_to_verify,non_comprehensive,One or more omitted countries could plausibly alter the meaningful top ranking.,ranking_completeness,rejected,"v16.2.2 catalog review: removed from the unresolved backlog because the concept is too technical, duplicative, narrow, weakly comparable, or insufficiently useful for GeoStats."
worldbank-catalog:iq-cpa-fins-xq,Highest cPIA financial sector rating,World Bank,IQ.CPA.FINS.XQ,pending,unable_to_verify,non_comprehensive,One or more omitted countries could plausibly alter the meaningful top ranking.,ranking_completeness,rejected,"v16.2.2 catalog review: removed from the unresolved backlog because the concept is too technical, duplicative, narrow, weakly comparable, or insufficiently useful for GeoStats."
worldbank-catalog:iq-cpa-fisp-xq,Highest cPIA fiscal policy rating,World Bank,IQ.CPA.FISP.XQ,pending,unable_to_verify,non_comprehensive,One or more omitted countries could plausibly alter the meaningful top ranking.,ranking_completeness,rejected,"v16.2.2 catalog review: removed from the unresolved backlog because the concept is too technical, duplicative, narrow, weakly comparable, or insufficiently useful for GeoStats."
worldbank-catalog:iq-cpa-gndr-xq,Highest cPIA gender equality rating,World Bank,IQ.CPA.GNDR.XQ,pending,unable_to_verify,non_comprehensive,One or more omitted countries could plausibly alter the meaningful top ranking.,ranking_completeness,rejected,"v16.2.2 catalog review: removed from the unresolved backlog because the concept is too technical, duplicative, narrow, weakly comparable, or insufficiently useful for GeoStats."
worldbank-catalog:iq-cpa-hres-xq,Highest cPIA building human resources rating,World Bank,IQ.CPA.HRES.XQ,pending,unable_to_verify,non_comprehensive,One or more omitted countries could plausibly alter the meaningful top ranking.,ranking_completeness,rejected,"v16.2.2 catalog review: removed from the unresolved backlog because the concept is too technical, duplicative, narrow, weakly comparable, or insufficiently useful for GeoStats."
worldbank-catalog:iq-cpa-macr-xq,Highest cPIA macroeconomic management rating,World Bank,IQ.CPA.MACR.XQ,pending,unable_to_verify,non_comprehensive,One or more omitted countries could plausibly alter the meaningful top ranking.,ranking_completeness,rejected,"v16.2.2 catalog review: removed from the unresolved backlog because the concept is too technical, duplicative, narrow, weakly comparable, or insufficiently useful for GeoStats."
worldbank-catalog:iq-cpa-padm-xq,Highest cPIA quality of public administration rating,World Bank,IQ.CPA.PADM.XQ,pending,unable_to_verify,non_comprehensive,One or more omitted countries could plausibly alter the meaningful top ranking.,ranking_completeness,rejected,"v16.2.2 catalog review: removed from the unresolved backlog because the concept is too technical, duplicative, narrow, weakly comparable, or insufficiently useful for GeoStats."
worldbank-catalog:iq-cpa-pres-xq,Highest cPIA equity of public resource use rating,World Bank,IQ.CPA.PRES.XQ,pending,unable_to_verify,non_comprehensive,One or more omitted countries could plausibly alter the meaningful top ranking.,ranking_completeness,rejected,"v16.2.2 catalog review: removed from the unresolved backlog because the concept is too technical, duplicative, narrow, weakly comparable, or insufficiently useful for GeoStats."
worldbank-catalog:iq-cpa-prop-xq,Highest cPIA property rights and rule-based governance rating,World Bank,IQ.CPA.PROP.XQ,pending,unable_to_verify,non_comprehensive,One or more omitted countries could plausibly alter the meaningful top ranking.,ranking_completeness,rejected,"v16.2.2 catalog review: removed from the unresolved backlog because the concept is too technical, duplicative, narrow, weakly comparable, or insufficiently useful for GeoStats."
worldbank-catalog:iq-cpa-prot-xq,Highest cPIA social protection rating,World Bank,IQ.CPA.PROT.XQ,pending,unable_to_verify,non_comprehensive,One or more omitted countries could plausibly alter the meaningful top ranking.,ranking_completeness,rejected,"v16.2.2 catalog review: removed from the unresolved backlog because the concept is too technical, duplicative, narrow, weakly comparable, or insufficiently useful for GeoStats."
worldbank-catalog:iq-cpa-pubs-xq,Highest cPIA public sector management and institutions cluster average,World Bank,IQ.CPA.PUBS.XQ,pending,unable_to_verify,non_comprehensive,One or more omitted countries could plausibly alter the meaningful top ranking.,ranking_completeness,rejected,"v16.2.2 catalog review: removed from the unresolved backlog because the concept is too technical, duplicative, narrow, weakly comparable, or insufficiently useful for GeoStats."
worldbank-catalog:iq-cpa-revn-xq,Highest cPIA efficiency of revenue mobilization rating,World Bank,IQ.CPA.REVN.XQ,pending,unable_to_verify,non_comprehensive,One or more omitted countries could plausibly alter the meaningful top ranking.,ranking_completeness,rejected,"v16.2.2 catalog review: removed from the unresolved backlog because the concept is too technical, duplicative, narrow, weakly comparable, or insufficiently useful for GeoStats."
worldbank-catalog:iq-cpa-soci-xq,Highest cPIA policies for social inclusion/equity cluster average,World Bank,IQ.CPA.SOCI.XQ,pending,unable_to_verify,non_comprehensive,One or more omitted countries could plausibly alter the meaningful top ranking.,ranking_completeness,rejected,"v16.2.2 catalog review: removed from the unresolved backlog because the concept is too technical, duplicative, narrow, weakly comparable, or insufficiently useful for GeoStats."
worldbank-catalog:iq-cpa-strc-xq,Highest cPIA structural policies cluster average,World Bank,IQ.CPA.STRC.XQ,pending,unable_to_verify,non_comprehensive,One or more omitted countries could plausibly alter the meaningful top ranking.,ranking_completeness,rejected,"v16.2.2 catalog review: removed from the unresolved backlog because the concept is too technical, duplicative, narrow, weakly comparable, or insufficiently useful for GeoStats."
worldbank-catalog:iq-cpa-trad-xq,Highest cPIA trade rating,World Bank,IQ.CPA.TRAD.XQ,pending,unable_to_verify,non_comprehensive,One or more omitted countries could plausibly alter the meaningful top ranking.,ranking_completeness,rejected,"v16.2.2 catalog review: removed from the unresolved backlog because the concept is too technical, duplicative, narrow, weakly comparable, or insufficiently useful for GeoStats."
worldbank-catalog:iq-cpa-tran-xq,"Highest cPIA transparency, accountability, and corruption in the public sector rating",World Bank,IQ.CPA.TRAN.XQ,pending,unable_to_verify,non_comprehensive,"Player-facing title, description, or unit needs a clearer rewrite.",copy_or_semantic_rewrite,rejected,"v16.2.2 catalog review: removed from the unresolved backlog because the concept is too technical, duplicative, narrow, weakly comparable, or insufficiently useful for GeoStats."
worldbank-catalog:is-shp-good-tu,Highest container port traffic,World Bank,IS.SHP.GOOD.TU,pending,verified,non_comprehensive,One or more omitted countries could plausibly alter the meaningful top ranking.,ranking_completeness,rejected,"v16.2.2 catalog review: removed from the unresolved backlog because the concept is too technical, duplicative, narrow, weakly comparable, or insufficiently useful for GeoStats."
worldbank-catalog:ms-mil-xpnd-cn,Highest military expenditure,World Bank,MS.MIL.XPND.CN,pending,verified,non_comprehensive,One or more omitted countries could plausibly alter the meaningful top ranking.,ranking_completeness,rejected,"v16.2.2 catalog review: removed from the unresolved backlog because the concept is too technical, duplicative, narrow, weakly comparable, or insufficiently useful for GeoStats."
worldbank-catalog:ms-mil-xprt-kd,Largest arms exports,World Bank,MS.MIL.XPRT.KD,pending,unable_to_verify,non_comprehensive,One or more omitted countries could plausibly alter the meaningful top ranking.,ranking_completeness,needs_discussion,"v16.2.2 catalog review: worthwhile concept, but source coverage/audit or comparability needs focused follow-up before gameplay."
worldbank-catalog:ne-gdi-stkb-cn,Highest changes in inventories,World Bank,NE.GDI.STKB.CN,pending,verified,non_comprehensive,One or more omitted countries could plausibly alter the meaningful top ranking.,ranking_completeness,rejected,"v16.2.2 catalog review: removed from the unresolved backlog because the concept is too technical, duplicative, narrow, weakly comparable, or insufficiently useful for GeoStats."
worldbank-catalog:ne-gdi-stkb-kn,Highest changes in inventories,World Bank,NE.GDI.STKB.KN,pending,unable_to_verify,non_comprehensive,One or more omitted countries could plausibly alter the meaningful top ranking.,ranking_completeness,rejected,"v16.2.2 catalog review: removed from the unresolved backlog because the concept is too technical, duplicative, narrow, weakly comparable, or insufficiently useful for GeoStats."
