sourceRow,occurrenceID,institutionCode,catalogNumber,scientificName,year,countryCode,sex,lifeStage,earLengthMM,rawEarEvidence,rawAdultEvidence,institutionDownloadDOI
59412,http://arctos.database.museum/guid/DMNS:Mamm:22152?seid=5856101,DMNS,DMNS:Mamm:22152,"Vulpes vulpes (Linnaeus, 1758)",2021,US,FEMALE,adult,90.0,ear from notch=90 mm,age class=adult,https://doi.org/10.15468/dl.v5y2pr
59503,http://arctos.database.museum/guid/DMNS:Mamm:22143?seid=5717139,DMNS,DMNS:Mamm:22143,"Vulpes vulpes (Linnaeus, 1758)",2022,US,FEMALE,adult,87.0,ear from notch=87 mm,age class=adult,https://doi.org/10.15468/dl.v5y2pr
59522,http://arctos.database.museum/guid/DMNS:Mamm:22144?seid=5717140,DMNS,DMNS:Mamm:22144,"Vulpes vulpes (Linnaeus, 1758)",2022,US,FEMALE,adult,94.0,ear from notch=94 mm,age class=adult,https://doi.org/10.15468/dl.v5y2pr
59613,http://arctos.database.museum/guid/DMNS:Mamm:22030?seid=5518468,DMNS,DMNS:Mamm:22030,"Vulpes vulpes (Linnaeus, 1758)",2022,US,FEMALE,adult,83.0,ear from notch=83 mm,age class=adult,https://doi.org/10.15468/dl.v5y2pr
59792,http://arctos.database.museum/guid/DMNS:Mamm:21871?seid=5183206,DMNS,DMNS:Mamm:21871,"Vulpes vulpes (Linnaeus, 1758)",2021,US,FEMALE,adult,82.0,ear from notch=82 mm,age class=adult,https://doi.org/10.15468/dl.v5y2pr
59798,http://arctos.database.museum/guid/DMNS:Mamm:21862?seid=5183207,DMNS,DMNS:Mamm:21862,"Vulpes vulpes (Linnaeus, 1758)",2021,US,MALE,adult,96.0,ear from notch=96 mm,age class=adult,https://doi.org/10.15468/dl.v5y2pr
59805,http://arctos.database.museum/guid/DMNS:Mamm:21861?seid=5183210,DMNS,DMNS:Mamm:21861,"Vulpes vulpes (Linnaeus, 1758)",2020,US,FEMALE,adult,83.0,ear from notch=83 mm,age class=adult,https://doi.org/10.15468/dl.v5y2pr
59806,http://arctos.database.museum/guid/DMNS:Mamm:21870?seid=5183205,DMNS,DMNS:Mamm:21870,"Vulpes vulpes (Linnaeus, 1758)",2021,US,FEMALE,adult,94.0,ear from notch=94 mm,age class=adult,https://doi.org/10.15468/dl.v5y2pr
59838,http://arctos.database.museum/guid/DMNS:Mamm:21855?seid=5161299,DMNS,DMNS:Mamm:21855,"Vulpes vulpes (Linnaeus, 1758)",2021,US,FEMALE,adult,70.0,ear from notch=70 mm,age class=adult,https://doi.org/10.15468/dl.v5y2pr
59863,http://arctos.database.museum/guid/DMNS:Mamm:21856?seid=5161300,DMNS,DMNS:Mamm:21856,"Vulpes vulpes (Linnaeus, 1758)",2021,US,FEMALE,adult,88.0,ear from notch=88 mm,age class=adult,https://doi.org/10.15468/dl.v5y2pr
60324,http://arctos.database.museum/guid/DMNS:Mamm:21560?seid=4972166,DMNS,DMNS:Mamm:21560,"Vulpes vulpes (Linnaeus, 1758)",2020,US,FEMALE,adult,91.0,ear from notch=91 mm,age class=adult,https://doi.org/10.15468/dl.v5y2pr
60408,http://arctos.database.museum/guid/DMNS:Mamm:21572?seid=4972178,DMNS,DMNS:Mamm:21572,"Vulpes vulpes (Linnaeus, 1758)",2020,US,MALE,adult,91.0,ear from notch=91 mm,age class=adult,https://doi.org/10.15468/dl.v5y2pr
61716,http://arctos.database.museum/guid/DMNS:Mamm:20266?seid=4460818,DMNS,DMNS:Mamm:20266,"Vulpes vulpes (Linnaeus, 1758)",2019,US,FEMALE,adult,92.0,ear from notch=92 mm,age class=adult,https://doi.org/10.15468/dl.v5y2pr
62490,http://arctos.database.museum/guid/DMNS:Mamm:19585?seid=4208311,DMNS,DMNS:Mamm:19585,"Vulpes vulpes (Linnaeus, 1758)",2018,US,MALE,adult,94.0,ear from notch=94 mm,age class=adult,https://doi.org/10.15468/dl.v5y2pr
65288,http://arctos.database.museum/guid/DMNS:Mamm:17129?seid=3388231,DMNS,DMNS:Mamm:17129,"Vulpes vulpes (Linnaeus, 1758)",2015,US,MALE,adult,102.0,ear from notch=102 mm,age class=adult,https://doi.org/10.15468/dl.v5y2pr
66012,http://arctos.database.museum/guid/DMNS:Mamm:16473?seid=3174311,DMNS,DMNS:Mamm:16473,"Vulpes vulpes (Linnaeus, 1758)",2016,US,MALE,adult,84.0,ear from notch=84 mm,age class=adult,https://doi.org/10.15468/dl.v5y2pr
59546,http://arctos.database.museum/guid/DMNS:Mamm:22081?seid=5658937,DMNS,DMNS:Mamm:22081,"Procyon lotor (Linnaeus, 1758)",2022,US,MALE,adult,52.0,ear from notch=52 mm,age class=adult,https://doi.org/10.15468/dl.v5y2pr
61100,http://arctos.database.museum/guid/DMNS:Mamm:20251?seid=4460759,DMNS,DMNS:Mamm:20251,"Procyon lotor (Linnaeus, 1758)",2019,US,MALE,adult,68.0,ear from notch=68 mm,age class=adult,https://doi.org/10.15468/dl.v5y2pr
61218,http://arctos.database.museum/guid/DMNS:Mamm:19998?seid=4460534,DMNS,DMNS:Mamm:19998,"Procyon lotor (Linnaeus, 1758)",2018,US,MALE,adult,71.0,ear from notch=71 mm,age class=adult,https://doi.org/10.15468/dl.v5y2pr
61505,http://arctos.database.museum/guid/DMNS:Mamm:19997?seid=4460533,DMNS,DMNS:Mamm:19997,"Procyon lotor (Linnaeus, 1758)",2019,US,FEMALE,adult,57.0,ear from notch=57 mm,age class=adult,https://doi.org/10.15468/dl.v5y2pr
61543,http://arctos.database.museum/guid/DMNS:Mamm:20100?seid=4460554,DMNS,DMNS:Mamm:20100,"Procyon lotor (Linnaeus, 1758)",2019,US,FEMALE,adult,65.0,ear from notch=65 mm,age class=adult,https://doi.org/10.15468/dl.v5y2pr
62585,http://arctos.database.museum/guid/DMNS:Mamm:19486?seid=4194275,DMNS,DMNS:Mamm:19486,"Procyon lotor (Linnaeus, 1758)",2018,US,FEMALE,adult,55.0,ear from notch=55 mm,age class=adult,https://doi.org/10.15468/dl.v5y2pr
64243,http://arctos.database.museum/guid/DMNS:Mamm:18231?seid=3978862,DMNS,DMNS:Mamm:18231,"Procyon lotor (Linnaeus, 1758)",2017,US,MALE,adult,55.0,ear from notch=55 mm,age class=adult,https://doi.org/10.15468/dl.v5y2pr
76905,http://arctos.database.museum/guid/DMNS:Mamm:14638?seid=2606692,DMNS,DMNS:Mamm:14638,"Procyon lotor (Linnaeus, 1758)",2014,US,MALE,adult,66.0,ear from notch=66 mm,reproductive data=Adult,https://doi.org/10.15468/dl.v5y2pr
77988,http://arctos.database.museum/guid/DMNS:Mamm:13658?seid=1982412,DMNS,DMNS:Mamm:13658,"Procyon lotor (Linnaeus, 1758)",2012,US,MALE,adult,71.0,ear from notch=71 mm,age class=adult,https://doi.org/10.15468/dl.v5y2pr
78566,http://arctos.database.museum/guid/DMNS:Mamm:13168?seid=1941365,DMNS,DMNS:Mamm:13168,"Procyon lotor (Linnaeus, 1758)",2011,US,MALE,adult,65.0,ear from notch=65 mm,age class=adult,https://doi.org/10.15468/dl.v5y2pr
79032,http://arctos.database.museum/guid/DMNS:Mamm:12798?seid=1847865,DMNS,DMNS:Mamm:12798,"Procyon lotor (Linnaeus, 1758)",2011,US,MALE,adult,63.0,ear from notch=63 mm,age class=adult,https://doi.org/10.15468/dl.v5y2pr
603863,http://arctos.database.museum/guid/MSB:Mamm:346204?seid=5957906,MSB,MSB:Mamm:346204,"Procyon lotor (Linnaeus, 1758)",2020,US,FEMALE,adult,65.0,ear from notch=65 mm,age class=adult,https://doi.org/10.15468/dl.5wwfu9
603909,http://arctos.database.museum/guid/MSB:Mamm:347080?seid=6127727,MSB,MSB:Mamm:347080,"Procyon lotor (Linnaeus, 1758)",2022,US,MALE,adult,70.0,ear from notch=70 mm,age class=adult,https://doi.org/10.15468/dl.5wwfu9
624726,http://arctos.database.museum/guid/MSB:Mamm:347083?seid=6127748,MSB,MSB:Mamm:347083,"Procyon lotor (Linnaeus, 1758)",2022,US,FEMALE,adult,55.0,ear from notch=55 mm,age class=adult,https://doi.org/10.15468/dl.5wwfu9
645441,http://arctos.database.museum/guid/MSB:Mamm:346103?seid=5941937,MSB,MSB:Mamm:346103,"Procyon lotor (Linnaeus, 1758)",2022,US,MALE,adult,55.0,ear from notch=55 mm,age class=adult,https://doi.org/10.15468/dl.5wwfu9
797615,http://arctos.database.museum/guid/MSB:Mamm:341374?seid=5348975,MSB,MSB:Mamm:341374,"Procyon lotor (Linnaeus, 1758)",2019,US,MALE,adult,66.0,ear from notch=66 mm,age class=adult,https://doi.org/10.15468/dl.5wwfu9
866565,http://arctos.database.museum/guid/MSB:Mamm:346102?seid=5941936,MSB,MSB:Mamm:346102,"Procyon lotor (Linnaeus, 1758)",2022,US,MALE,adult,55.0,ear from notch=55 mm,age class=adult,https://doi.org/10.15468/dl.5wwfu9
918967,http://arctos.database.museum/guid/MSB:Mamm:156771?seid=1424960,MSB,MSB:Mamm:156771,"Procyon lotor (Linnaeus, 1758)",2007,US,MALE,adult,60.0,ear from notch=60 mm,age class=adult,https://doi.org/10.15468/dl.5wwfu9
996791,http://arctos.database.museum/guid/MSB:Mamm:341729?seid=5371614,MSB,MSB:Mamm:341729,"Procyon lotor (Linnaeus, 1758)",2021,US,MALE,adult,65.0,ear from notch=65 mm,age class=adult,https://doi.org/10.15468/dl.5wwfu9
1795951,http://arctos.database.museum/guid/UWBM:Mamm:85344?seid=6041372,UWBM,UWBM:Mamm:85344,"Procyon lotor (Linnaeus, 1758)",2022,US,MALE,adult,60.0,ear from notch=60 mm,age class=adult,https://doi.org/10.15468/dl.s5u9z5
61229,http://arctos.database.museum/guid/DMNS:Mamm:19995?seid=4460531,DMNS,DMNS:Mamm:19995,"Mus musculus Linnaeus, 1758",2018,US,MALE,adult,7.0,ear from notch=7 mm,age class=adult,https://doi.org/10.15468/dl.v5y2pr
61469,http://arctos.database.museum/guid/DMNS:Mamm:19994?seid=4460530,DMNS,DMNS:Mamm:19994,"Mus musculus Linnaeus, 1758",2018,US,FEMALE,adult,10.0,ear from notch=10 mm,age class=adult,https://doi.org/10.15468/dl.v5y2pr
64003,http://arctos.database.museum/guid/DMNS:Mamm:18246?seid=3978900,DMNS,DMNS:Mamm:18246,"Mus musculus Linnaeus, 1758",2017,US,MALE,adult,12.0,ear from notch=12 mm,age class=adult,https://doi.org/10.15468/dl.v5y2pr
64484,http://arctos.database.museum/guid/DMNS:Mamm:17826?seid=3693364,DMNS,DMNS:Mamm:17826,"Mus musculus Linnaeus, 1758",2011,US,MALE,adult,12.0,ear from notch=12 mm,reproductive data=adult,https://doi.org/10.15468/dl.v5y2pr
64486,http://arctos.database.museum/guid/DMNS:Mamm:17825?seid=3693363,DMNS,DMNS:Mamm:17825,"Mus musculus Linnaeus, 1758",2011,US,MALE,adult,12.0,ear from notch=12 mm,reproductive data=adult,https://doi.org/10.15468/dl.v5y2pr
66500,http://arctos.database.museum/guid/DMNS:Mamm:15378?seid=3125957,DMNS,DMNS:Mamm:15378,"Mus musculus Linnaeus, 1758",2015,US,MALE,adult,10.0,ear from notch=10 mm,age class=adult,https://doi.org/10.15468/dl.v5y2pr
596840,http://arctos.database.museum/guid/MSB:Mamm:262826?seid=1921634,MSB,MSB:Mamm:262826,"Mus musculus Linnaeus, 1758",2011,PA,MALE,adult,12.0,ear from notch=12 mm,age class=adult,https://doi.org/10.15468/dl.5wwfu9
596841,http://arctos.database.museum/guid/MSB:Mamm:262836?seid=1921644,MSB,MSB:Mamm:262836,"Mus musculus Linnaeus, 1758",2011,PA,MALE,adult,13.0,ear from notch=13 mm,age class=adult,https://doi.org/10.15468/dl.5wwfu9
596842,http://arctos.database.museum/guid/MSB:Mamm:262846?seid=1921654,MSB,MSB:Mamm:262846,"Mus musculus Linnaeus, 1758",2011,PA,MALE,adult,14.0,ear from notch=14 mm,age class=adult,https://doi.org/10.15468/dl.5wwfu9
596856,http://arctos.database.museum/guid/MSB:Mamm:263094?seid=1921902,MSB,MSB:Mamm:263094,"Mus musculus Linnaeus, 1758",2011,PA,MALE,adult,14.0,ear from notch=14 mm,age class=adult,https://doi.org/10.15468/dl.5wwfu9
596858,http://arctos.database.museum/guid/MSB:Mamm:263133?seid=1921960,MSB,MSB:Mamm:263133,"Mus musculus Linnaeus, 1758",2011,PA,MALE,adult,14.0,ear from notch=14 mm,age class=adult,https://doi.org/10.15468/dl.5wwfu9
596859,http://arctos.database.museum/guid/MSB:Mamm:263143?seid=1921970,MSB,MSB:Mamm:263143,"Mus musculus Linnaeus, 1758",2011,PA,FEMALE,adult,13.0,ear from notch=13 mm,age class=adult,https://doi.org/10.15468/dl.5wwfu9
596860,http://arctos.database.museum/guid/MSB:Mamm:263158?seid=1921985,MSB,MSB:Mamm:263158,"Mus musculus Linnaeus, 1758",2011,PA,MALE,adult,13.0,ear from notch=13 mm,age class=adult,https://doi.org/10.15468/dl.5wwfu9
596865,http://arctos.database.museum/guid/MSB:Mamm:263279?seid=1923941,MSB,MSB:Mamm:263279,"Mus musculus Linnaeus, 1758",2011,PA,MALE,adult,15.0,ear from notch=15 mm,age class=adult,https://doi.org/10.15468/dl.5wwfu9
596866,http://arctos.database.museum/guid/MSB:Mamm:263306?seid=1923980,MSB,MSB:Mamm:263306,"Mus musculus Linnaeus, 1758",2011,PA,FEMALE,adult,17.0,ear from notch=17 mm,age class=adult,https://doi.org/10.15468/dl.5wwfu9
596867,http://arctos.database.museum/guid/MSB:Mamm:263316?seid=1927176,MSB,MSB:Mamm:263316,"Mus musculus Linnaeus, 1758",2011,PA,unknown,adult,16.0,ear from notch=16 mm,age class=adult,https://doi.org/10.15468/dl.5wwfu9
596868,http://arctos.database.museum/guid/MSB:Mamm:263327?seid=1927187,MSB,MSB:Mamm:263327,"Mus musculus Linnaeus, 1758",2011,PA,FEMALE,adult,14.0,ear from notch=14 mm,age class=adult,https://doi.org/10.15468/dl.5wwfu9
596869,http://arctos.database.museum/guid/MSB:Mamm:263402?seid=1927983,MSB,MSB:Mamm:263402,"Mus musculus Linnaeus, 1758",2011,PA,MALE,adult,16.0,ear from notch=16 mm,age class=adult,https://doi.org/10.15468/dl.5wwfu9
596870,http://arctos.database.museum/guid/MSB:Mamm:263410?seid=1928042,MSB,MSB:Mamm:263410,"Mus musculus Linnaeus, 1758",2011,PA,FEMALE,adult,15.0,ear from notch=15 mm,age class=adult,https://doi.org/10.15468/dl.5wwfu9
596873,http://arctos.database.museum/guid/MSB:Mamm:263457?seid=1928722,MSB,MSB:Mamm:263457,"Mus musculus Linnaeus, 1758",2011,PA,MALE,adult,18.0,ear from notch=18 mm,age class=adult,https://doi.org/10.15468/dl.5wwfu9
596875,http://arctos.database.museum/guid/MSB:Mamm:263523?seid=1928793,MSB,MSB:Mamm:263523,"Mus musculus Linnaeus, 1758",2011,PA,FEMALE,adult,16.0,ear from notch=16 mm,age class=adult,https://doi.org/10.15468/dl.5wwfu9
596948,http://arctos.database.museum/guid/MSB:Mamm:265061?seid=1986567,MSB,MSB:Mamm:265061,"Mus musculus Linnaeus, 1758",2012,MN,MALE,adult,11.0,ear from notch=11 mm,age class=adult,https://doi.org/10.15468/dl.5wwfu9
597052,http://arctos.database.museum/guid/MSB:Mamm:267701?seid=2079524,MSB,MSB:Mamm:267701,"Mus musculus Linnaeus, 1758",2012,MN,MALE,adult,14.0,ear from notch=14 mm,age class=adult,https://doi.org/10.15468/dl.5wwfu9
597161,http://arctos.database.museum/guid/MSB:Mamm:269848?seid=2329902,MSB,MSB:Mamm:269848,"Mus musculus Linnaeus, 1758",2013,US,MALE,adult,14.0,ear from notch=14 mm,age class=adult,https://doi.org/10.15468/dl.5wwfu9
598384,http://arctos.database.museum/guid/MSB:Mamm:295464?seid=3362743,MSB,MSB:Mamm:295464,"Mus musculus Linnaeus, 1758",2015,US,FEMALE,adult,11.0,ear from notch=11 mm,age class=adult,https://doi.org/10.15468/dl.5wwfu9
598584,http://arctos.database.museum/guid/MSB:Mamm:298913?seid=3670185,MSB,MSB:Mamm:298913,"Mus musculus Linnaeus, 1758",2006,PA,MALE,adult,13.0,ear from notch=13 mm,age class=adult,https://doi.org/10.15468/dl.5wwfu9
601516,http://arctos.database.museum/guid/MSB:Mamm:315599?seid=4015561,MSB,MSB:Mamm:315599,"Mus musculus Linnaeus, 1758",2016,PR,FEMALE,adult,10.0,ear from notch=10 mm,age class=adult,https://doi.org/10.15468/dl.5wwfu9
601517,http://arctos.database.museum/guid/MSB:Mamm:315604?seid=4015566,MSB,MSB:Mamm:315604,"Mus musculus Linnaeus, 1758",2016,PR,MALE,adult,12.0,ear from notch=12 mm,age class=adult,https://doi.org/10.15468/dl.5wwfu9
601518,http://arctos.database.museum/guid/MSB:Mamm:315614?seid=4015576,MSB,MSB:Mamm:315614,"Mus musculus Linnaeus, 1758",2016,PR,MALE,adult,10.0,ear from notch=10 mm,age class=adult,https://doi.org/10.15468/dl.5wwfu9
601519,http://arctos.database.museum/guid/MSB:Mamm:315625?seid=4015587,MSB,MSB:Mamm:315625,"Mus musculus Linnaeus, 1758",2016,PR,MALE,adult,11.0,ear from notch=11 mm,age class=adult,https://doi.org/10.15468/dl.5wwfu9
601536,http://arctos.database.museum/guid/MSB:Mamm:315731?seid=4015693,MSB,MSB:Mamm:315731,"Mus musculus Linnaeus, 1758",2016,PR,MALE,adult,12.0,ear from notch=12 mm,age class=adult,https://doi.org/10.15468/dl.5wwfu9
601540,http://arctos.database.museum/guid/MSB:Mamm:315806?seid=4015768,MSB,MSB:Mamm:315806,"Mus musculus Linnaeus, 1758",2016,PR,MALE,adult,10.0,ear from notch=10 mm,age class=adult,https://doi.org/10.15468/dl.5wwfu9
601542,http://arctos.database.museum/guid/MSB:Mamm:315832?seid=4015794,MSB,MSB:Mamm:315832,"Mus musculus Linnaeus, 1758",2016,PR,MALE,adult,10.0,ear from notch=10 mm,age class=adult,https://doi.org/10.15468/dl.5wwfu9
601550,http://arctos.database.museum/guid/MSB:Mamm:316107?seid=4016069,MSB,MSB:Mamm:316107,"Mus musculus Linnaeus, 1758",2016,PR,MALE,adult,12.0,ear from notch=12 mm,age class=adult,https://doi.org/10.15468/dl.5wwfu9
602563,http://arctos.database.museum/guid/MSB:Mamm:323188?seid=4086470,MSB,MSB:Mamm:323188,"Mus musculus Linnaeus, 1758",2014,US,FEMALE,adult,13.0,ear from notch=13 mm,age class=adult,https://doi.org/10.15468/dl.5wwfu9
602771,http://arctos.database.museum/guid/MSB:Mamm:326024?seid=4223176,MSB,MSB:Mamm:326024,"Mus musculus Linnaeus, 1758",2013,US,MALE,adult,11.0,ear from notch=11 mm,age class=adult,https://doi.org/10.15468/dl.5wwfu9
602772,http://arctos.database.museum/guid/MSB:Mamm:326053?seid=4223206,MSB,MSB:Mamm:326053,"Mus musculus Linnaeus, 1758",2013,US,MALE,adult,12.0,ear from notch=12 mm,age class=adult,https://doi.org/10.15468/dl.5wwfu9
602793,http://arctos.database.museum/guid/MSB:Mamm:326517?seid=4261108,MSB,MSB:Mamm:326517,"Mus musculus Linnaeus, 1758",2017,US,FEMALE,adult,14.0,ear from notch=14 mm,age class=adult,https://doi.org/10.15468/dl.5wwfu9
602906,http://arctos.database.museum/guid/MSB:Mamm:328575?seid=4332767,MSB,MSB:Mamm:328575,"Mus musculus Linnaeus, 1758",2011,PA,FEMALE,adult,14.0,ear from notch=14 mm,age class=adult,https://doi.org/10.15468/dl.5wwfu9
603608,http://arctos.database.museum/guid/MSB:Mamm:341276?seid=5312189,MSB,MSB:Mamm:341276,"Mus musculus Linnaeus, 1758",2021,US,MALE,adult,19.0,ear from notch=19 mm,age class=adult,https://doi.org/10.15468/dl.5wwfu9
603635,http://arctos.database.museum/guid/MSB:Mamm:341940?seid=5402369,MSB,MSB:Mamm:341940,"Mus musculus Linnaeus, 1758",2012,AF,FEMALE,adult,11.0,ear from notch=11 mm,age class=adult,https://doi.org/10.15468/dl.5wwfu9
603647,http://arctos.database.museum/guid/MSB:Mamm:342156?seid=5419770,MSB,MSB:Mamm:342156,"Mus musculus Linnaeus, 1758",2022,US,FEMALE,adult,14.0,ear from notch=14 mm,age class=adult,https://doi.org/10.15468/dl.5wwfu9
603649,http://arctos.database.museum/guid/MSB:Mamm:342214?seid=5420175,MSB,MSB:Mamm:342214,"Mus musculus Linnaeus, 1758",2022,US,FEMALE,adult,14.0,ear from notch=14 mm,age class=adult,https://doi.org/10.15468/dl.5wwfu9
603698,http://arctos.database.museum/guid/MSB:Mamm:343176?seid=5658604,MSB,MSB:Mamm:343176,"Mus musculus Linnaeus, 1758",2022,MN,MALE,adult,13.0,ear from notch=13 mm,age class=adult,https://doi.org/10.15468/dl.5wwfu9
603708,http://arctos.database.museum/guid/MSB:Mamm:343333?seid=5660965,MSB,MSB:Mamm:343333,"Mus musculus Linnaeus, 1758",2022,MN,MALE,adult,13.0,ear from notch=13 mm,age class=adult,https://doi.org/10.15468/dl.5wwfu9
614807,http://arctos.database.museum/guid/MSB:Mamm:157881?seid=1826229,MSB,MSB:Mamm:157881,"Mus musculus Linnaeus, 1758",2007,US,MALE,adult,12.0,ear from notch=12 mm,age class=adult,https://doi.org/10.15468/dl.5wwfu9
617361,http://arctos.database.museum/guid/MSB:Mamm:262597?seid=1920438,MSB,MSB:Mamm:262597,"Mus musculus Linnaeus, 1758",2011,PA,MALE,adult,14.0,ear from notch=14 mm,age class=adult,https://doi.org/10.15468/dl.5wwfu9
617372,http://arctos.database.museum/guid/MSB:Mamm:262824?seid=1921632,MSB,MSB:Mamm:262824,"Mus musculus Linnaeus, 1758",2011,PA,FEMALE,adult,14.0,ear from notch=14 mm,age class=adult,https://doi.org/10.15468/dl.5wwfu9
617374,http://arctos.database.museum/guid/MSB:Mamm:262849?seid=1921657,MSB,MSB:Mamm:262849,"Mus musculus Linnaeus, 1758",2011,PA,FEMALE,adult,13.0,ear from notch=13 mm,age class=adult,https://doi.org/10.15468/dl.5wwfu9
617375,http://arctos.database.museum/guid/MSB:Mamm:262859?seid=1921667,MSB,MSB:Mamm:262859,"Mus musculus Linnaeus, 1758",2011,PA,FEMALE,adult,13.0,ear from notch=13 mm,age class=adult,https://doi.org/10.15468/dl.5wwfu9
617386,http://arctos.database.museum/guid/MSB:Mamm:263109?seid=1921936,MSB,MSB:Mamm:263109,"Mus musculus Linnaeus, 1758",2011,PA,FEMALE,adult,13.0,ear from notch=13 mm,age class=adult,https://doi.org/10.15468/dl.5wwfu9
617387,http://arctos.database.museum/guid/MSB:Mamm:263119?seid=1921946,MSB,MSB:Mamm:263119,"Mus musculus Linnaeus, 1758",2011,PA,MALE,adult,13.0,ear from notch=13 mm,age class=adult,https://doi.org/10.15468/dl.5wwfu9
617388,http://arctos.database.museum/guid/MSB:Mamm:263135?seid=1921962,MSB,MSB:Mamm:263135,"Mus musculus Linnaeus, 1758",2011,PA,MALE,adult,14.0,ear from notch=14 mm,age class=adult,https://doi.org/10.15468/dl.5wwfu9
617389,http://arctos.database.museum/guid/MSB:Mamm:263156?seid=1921983,MSB,MSB:Mamm:263156,"Mus musculus Linnaeus, 1758",2011,PA,FEMALE,adult,14.0,ear from notch=14 mm,age class=adult,https://doi.org/10.15468/dl.5wwfu9
617390,http://arctos.database.museum/guid/MSB:Mamm:263179?seid=1922060,MSB,MSB:Mamm:263179,"Mus musculus Linnaeus, 1758",2011,PA,FEMALE,adult,16.0,ear from notch=16 mm,age class=adult,https://doi.org/10.15468/dl.5wwfu9
617394,http://arctos.database.museum/guid/MSB:Mamm:263286?seid=1923950,MSB,MSB:Mamm:263286,"Mus musculus Linnaeus, 1758",2011,PA,MALE,adult,16.0,ear from notch=16 mm,age class=adult,https://doi.org/10.15468/dl.5wwfu9
617395,http://arctos.database.museum/guid/MSB:Mamm:263319?seid=1927179,MSB,MSB:Mamm:263319,"Mus musculus Linnaeus, 1758",2011,PA,FEMALE,adult,14.0,ear from notch=14 mm,age class=adult,https://doi.org/10.15468/dl.5wwfu9
617396,http://arctos.database.museum/guid/MSB:Mamm:263325?seid=1927185,MSB,MSB:Mamm:263325,"Mus musculus Linnaeus, 1758",2011,PA,MALE,adult,15.0,ear from notch=15 mm,age class=adult,https://doi.org/10.15468/dl.5wwfu9
617397,http://arctos.database.museum/guid/MSB:Mamm:263331?seid=1927191,MSB,MSB:Mamm:263331,"Mus musculus Linnaeus, 1758",2011,PA,FEMALE,adult,15.0,ear from notch=15 mm,age class=adult,https://doi.org/10.15468/dl.5wwfu9
617398,http://arctos.database.museum/guid/MSB:Mamm:263369?seid=1927950,MSB,MSB:Mamm:263369,"Mus musculus Linnaeus, 1758",2011,PA,unknown,adult,15.0,ear from notch=15 mm,age class=adult,https://doi.org/10.15468/dl.5wwfu9
617399,http://arctos.database.museum/guid/MSB:Mamm:263389?seid=1927970,MSB,MSB:Mamm:263389,"Mus musculus Linnaeus, 1758",2011,PA,MALE,adult,14.0,ear from notch=14 mm,age class=adult,https://doi.org/10.15468/dl.5wwfu9
617400,http://arctos.database.museum/guid/MSB:Mamm:263425?seid=1928604,MSB,MSB:Mamm:263425,"Mus musculus Linnaeus, 1758",2011,PA,FEMALE,adult,15.0,ear from notch=15 mm,age class=adult,https://doi.org/10.15468/dl.5wwfu9
617401,http://arctos.database.museum/guid/MSB:Mamm:263431?seid=1928610,MSB,MSB:Mamm:263431,"Mus musculus Linnaeus, 1758",2011,PA,FEMALE,adult,15.0,ear from notch=15 mm,age class=adult,https://doi.org/10.15468/dl.5wwfu9
617402,http://arctos.database.museum/guid/MSB:Mamm:263440?seid=1928652,MSB,MSB:Mamm:263440,"Mus musculus Linnaeus, 1758",2011,PA,FEMALE,adult,15.0,ear from notch=15 mm,age class=adult,https://doi.org/10.15468/dl.5wwfu9
617403,http://arctos.database.museum/guid/MSB:Mamm:263455?seid=1928720,MSB,MSB:Mamm:263455,"Mus musculus Linnaeus, 1758",2011,PA,MALE,adult,15.0,ear from notch=15 mm,age class=adult,https://doi.org/10.15468/dl.5wwfu9
617404,http://arctos.database.museum/guid/MSB:Mamm:263465?seid=1928730,MSB,MSB:Mamm:263465,"Mus musculus Linnaeus, 1758",2011,PA,MALE,adult,16.0,ear from notch=16 mm,age class=adult,https://doi.org/10.15468/dl.5wwfu9
617488,http://arctos.database.museum/guid/MSB:Mamm:265224?seid=1993164,MSB,MSB:Mamm:265224,"Mus musculus Linnaeus, 1758",2012,MN,MALE,adult,9.5,ear from notch=9.5 mm,age class=adult,https://doi.org/10.15468/dl.5wwfu9
617597,http://arctos.database.museum/guid/MSB:Mamm:267780?seid=2080525,MSB,MSB:Mamm:267780,"Mus musculus Linnaeus, 1758",2012,MN,FEMALE,adult,15.0,ear from notch=15 mm,age class=adult,https://doi.org/10.15468/dl.5wwfu9
618519,http://arctos.database.museum/guid/MSB:Mamm:288236?seid=3074614,MSB,MSB:Mamm:288236,"Mus musculus Linnaeus, 1758",2004,PA,MALE,adult,13.0,ear from notch=13 mm,age class=adult,https://doi.org/10.15468/dl.5wwfu9
621156,http://arctos.database.museum/guid/MSB:Mamm:310488?seid=3995086,MSB,MSB:Mamm:310488,"Mus musculus Linnaeus, 1758",2014,US,FEMALE,adult,10.0,ear from notch=10 mm,age class=adult,https://doi.org/10.15468/dl.5wwfu9
622207,http://arctos.database.museum/guid/MSB:Mamm:315602?seid=4015564,MSB,MSB:Mamm:315602,"Mus musculus Linnaeus, 1758",2016,PR,MALE,adult,11.0,ear from notch=11 mm,age class=adult,https://doi.org/10.15468/dl.5wwfu9
622208,http://arctos.database.museum/guid/MSB:Mamm:315613?seid=4015575,MSB,MSB:Mamm:315613,"Mus musculus Linnaeus, 1758",2016,PR,FEMALE,adult,10.0,ear from notch=10 mm,age class=adult,https://doi.org/10.15468/dl.5wwfu9
622209,http://arctos.database.museum/guid/MSB:Mamm:315623?seid=4015585,MSB,MSB:Mamm:315623,"Mus musculus Linnaeus, 1758",2016,PR,FEMALE,adult,10.0,ear from notch=10 mm,age class=adult,https://doi.org/10.15468/dl.5wwfu9
622230,http://arctos.database.museum/guid/MSB:Mamm:315810?seid=4015772,MSB,MSB:Mamm:315810,"Mus musculus Linnaeus, 1758",2016,PR,MALE,adult,10.0,ear from notch=10 mm,age class=adult,https://doi.org/10.15468/dl.5wwfu9
622232,http://arctos.database.museum/guid/MSB:Mamm:315830?seid=4015792,MSB,MSB:Mamm:315830,"Mus musculus Linnaeus, 1758",2016,PR,FEMALE,adult,9.0,ear from notch=9 mm,age class=adult,https://doi.org/10.15468/dl.5wwfu9
622235,http://arctos.database.museum/guid/MSB:Mamm:315889?seid=4015851,MSB,MSB:Mamm:315889,"Mus musculus Linnaeus, 1758",2016,PR,FEMALE,adult,10.0,ear from notch=10 mm,age class=adult,https://doi.org/10.15468/dl.5wwfu9
622237,http://arctos.database.museum/guid/MSB:Mamm:315915?seid=4015877,MSB,MSB:Mamm:315915,"Mus musculus Linnaeus, 1758",2016,PR,FEMALE,adult,11.0,ear from notch=11 mm,age class=adult,https://doi.org/10.15468/dl.5wwfu9
622238,http://arctos.database.museum/guid/MSB:Mamm:315925?seid=4015887,MSB,MSB:Mamm:315925,"Mus musculus Linnaeus, 1758",2016,PR,MALE,adult,12.0,ear from notch=12 mm,age class=adult,https://doi.org/10.15468/dl.5wwfu9
622239,http://arctos.database.museum/guid/MSB:Mamm:315938?seid=4015900,MSB,MSB:Mamm:315938,"Mus musculus Linnaeus, 1758",2016,PR,FEMALE,adult,12.0,ear from notch=12 mm,age class=adult,https://doi.org/10.15468/dl.5wwfu9
622240,http://arctos.database.museum/guid/MSB:Mamm:315969?seid=4015931,MSB,MSB:Mamm:315969,"Mus musculus Linnaeus, 1758",2016,PR,FEMALE,adult,11.0,ear from notch=11 mm,age class=adult,https://doi.org/10.15468/dl.5wwfu9
622245,http://arctos.database.museum/guid/MSB:Mamm:316079?seid=4016041,MSB,MSB:Mamm:316079,"Mus musculus Linnaeus, 1758",2016,PR,FEMALE,adult,10.0,ear from notch=10 mm,age class=adult,https://doi.org/10.15468/dl.5wwfu9
622246,http://arctos.database.museum/guid/MSB:Mamm:316100?seid=4016062,MSB,MSB:Mamm:316100,"Mus musculus Linnaeus, 1758",2016,PR,MALE,adult,10.0,ear from notch=10 mm,age class=adult,https://doi.org/10.15468/dl.5wwfu9
622248,http://arctos.database.museum/guid/MSB:Mamm:316121?seid=4016083,MSB,MSB:Mamm:316121,"Mus musculus Linnaeus, 1758",2016,PR,FEMALE,adult,10.0,ear from notch=10 mm,age class=adult,https://doi.org/10.15468/dl.5wwfu9
623589,http://arctos.database.museum/guid/MSB:Mamm:326039?seid=4223192,MSB,MSB:Mamm:326039,"Mus musculus Linnaeus, 1758",2013,US,FEMALE,adult,12.0,ear from notch=12 mm,age class=adult,https://doi.org/10.15468/dl.5wwfu9
623619,http://arctos.database.museum/guid/MSB:Mamm:326567?seid=4261167,MSB,MSB:Mamm:326567,"Mus musculus Linnaeus, 1758",2014,US,FEMALE,adult,13.0,ear from notch=13 mm,age class=adult,https://doi.org/10.15468/dl.5wwfu9
624007,http://arctos.database.museum/guid/MSB:Mamm:332784?seid=4927830,MSB,MSB:Mamm:332784,"Mus musculus Linnaeus, 1758",2020,US,FEMALE,adult,14.0,ear from notch=14 mm,age class=adult,https://doi.org/10.15468/dl.5wwfu9
624070,http://arctos.database.museum/guid/MSB:Mamm:333972?seid=5016746,MSB,MSB:Mamm:333972,"Mus musculus Linnaeus, 1758",2019,US,MALE,adult,13.0,ear from notch=13 mm,age class=adult,https://doi.org/10.15468/dl.5wwfu9
624368,http://arctos.database.museum/guid/MSB:Mamm:340078?seid=5263563,MSB,MSB:Mamm:340078,"Mus musculus Linnaeus, 1758",2021,US,FEMALE,adult,17.0,ear from notch=17 mm,age class=adult,https://doi.org/10.15468/dl.5wwfu9
624465,http://arctos.database.museum/guid/MSB:Mamm:342041?seid=5402700,MSB,MSB:Mamm:342041,"Mus musculus Linnaeus, 1758",2013,AF,MALE,adult,12.0,ear from notch=12 mm,age class=adult,https://doi.org/10.15468/dl.5wwfu9
624522,http://arctos.database.museum/guid/MSB:Mamm:343094?seid=5658522,MSB,MSB:Mamm:343094,"Mus musculus Linnaeus, 1758",2022,MN,MALE,adult,15.0,ear from notch=15 mm,age class=adult,https://doi.org/10.15468/dl.5wwfu9
625820,http://arctos.database.museum/guid/MSB:Mamm:198728?seid=94265,MSB,MSB:Mamm:198728,"Mus musculus Linnaeus, 1758",2007,US,MALE,adult,12.0,ear from notch=12 mm,reproductive data=Adult,https://doi.org/10.15468/dl.5wwfu9
628010,http://arctos.database.museum/guid/MSB:Mamm:96053?seid=423357,MSB,MSB:Mamm:96053,"Mus musculus Linnaeus, 1758",2000,PA,MALE,adult,15.0,ear from notch=15 mm,age class=adult,https://doi.org/10.15468/dl.5wwfu9
629184,http://arctos.database.museum/guid/MSB:Mamm:150080?seid=462442,MSB,MSB:Mamm:150080,"Mus musculus Linnaeus, 1758",2003,RU,MALE,adult,12.4,ear from notch=12.4 mm,age class=adult,https://doi.org/10.15468/dl.5wwfu9
629398,http://arctos.database.museum/guid/MSB:Mamm:157870?seid=536534,MSB,MSB:Mamm:157870,"Mus musculus Linnaeus, 1758",2007,US,FEMALE,adult,14.0,ear from notch=14 mm,age class=adult,https://doi.org/10.15468/dl.5wwfu9
631520,http://arctos.database.museum/guid/MSB:Mamm:233383?seid=641328,MSB,MSB:Mamm:233383,"Mus musculus Linnaeus, 1758",2006,RU,FEMALE,adult,11.0,ear from notch=11.0 mm,age class=adult,https://doi.org/10.15468/dl.5wwfu9
634925,http://arctos.database.museum/guid/MSB:Mamm:130232?seid=1051485,MSB,MSB:Mamm:130232,"Mus musculus Linnaeus, 1758",2002,PA,MALE,adult,12.0,ear from notch=12 mm,age class=adult,https://doi.org/10.15468/dl.5wwfu9
638146,http://arctos.database.museum/guid/MSB:Mamm:262841?seid=1921649,MSB,MSB:Mamm:262841,"Mus musculus Linnaeus, 1758",2011,PA,MALE,adult,13.0,ear from notch=13 mm,age class=adult,https://doi.org/10.15468/dl.5wwfu9
638153,http://arctos.database.museum/guid/MSB:Mamm:263056?seid=1921864,MSB,MSB:Mamm:263056,"Mus musculus Linnaeus, 1758",2011,PA,unknown,adult,13.0,ear from notch=13 mm,age class=adult,https://doi.org/10.15468/dl.5wwfu9
638158,http://arctos.database.museum/guid/MSB:Mamm:263142?seid=1921969,MSB,MSB:Mamm:263142,"Mus musculus Linnaeus, 1758",2011,PA,MALE,adult,14.0,ear from notch=14 mm,age class=adult,https://doi.org/10.15468/dl.5wwfu9
638165,http://arctos.database.museum/guid/MSB:Mamm:263274?seid=1923936,MSB,MSB:Mamm:263274,"Mus musculus Linnaeus, 1758",2011,PA,FEMALE,adult,15.0,ear from notch=15 mm,age class=adult,https://doi.org/10.15468/dl.5wwfu9
638166,http://arctos.database.museum/guid/MSB:Mamm:263282?seid=1923946,MSB,MSB:Mamm:263282,"Mus musculus Linnaeus, 1758",2011,PA,MALE,adult,16.0,ear from notch=16 mm,age class=adult,https://doi.org/10.15468/dl.5wwfu9
638169,http://arctos.database.museum/guid/MSB:Mamm:263350?seid=1927931,MSB,MSB:Mamm:263350,"Mus musculus Linnaeus, 1758",2011,PA,FEMALE,adult,15.0,ear from notch=15 mm,age class=adult,https://doi.org/10.15468/dl.5wwfu9
638170,http://arctos.database.museum/guid/MSB:Mamm:263361?seid=1927942,MSB,MSB:Mamm:263361,"Mus musculus Linnaeus, 1758",2011,PA,MALE,adult,15.0,ear from notch=15 mm,age class=adult,https://doi.org/10.15468/dl.5wwfu9
638171,http://arctos.database.museum/guid/MSB:Mamm:263371?seid=1927952,MSB,MSB:Mamm:263371,"Mus musculus Linnaeus, 1758",2011,PA,unknown,adult,15.0,ear from notch=15 mm,age class=adult,https://doi.org/10.15468/dl.5wwfu9
638172,http://arctos.database.museum/guid/MSB:Mamm:263386?seid=1927967,MSB,MSB:Mamm:263386,"Mus musculus Linnaeus, 1758",2011,PA,FEMALE,adult,16.0,ear from notch=16 mm,age class=adult,https://doi.org/10.15468/dl.5wwfu9
638173,http://arctos.database.museum/guid/MSB:Mamm:263396?seid=1927977,MSB,MSB:Mamm:263396,"Mus musculus Linnaeus, 1758",2011,PA,MALE,adult,16.0,ear from notch=16 mm,age class=adult,https://doi.org/10.15468/dl.5wwfu9
638174,http://arctos.database.museum/guid/MSB:Mamm:263411?seid=1928590,MSB,MSB:Mamm:263411,"Mus musculus Linnaeus, 1758",2011,PA,MALE,adult,16.0,ear from notch=16 mm,age class=adult,https://doi.org/10.15468/dl.5wwfu9
638175,http://arctos.database.museum/guid/MSB:Mamm:263438?seid=1928650,MSB,MSB:Mamm:263438,"Mus musculus Linnaeus, 1758",2011,PA,MALE,adult,15.0,ear from notch=15 mm,age class=adult,https://doi.org/10.15468/dl.5wwfu9
638176,http://arctos.database.museum/guid/MSB:Mamm:263451?seid=1928716,MSB,MSB:Mamm:263451,"Mus musculus Linnaeus, 1758",2011,PA,FEMALE,adult,15.0,ear from notch=15 mm,age class=adult,https://doi.org/10.15468/dl.5wwfu9
638177,http://arctos.database.museum/guid/MSB:Mamm:263475?seid=1928745,MSB,MSB:Mamm:263475,"Mus musculus Linnaeus, 1758",2011,PA,FEMALE,adult,16.0,ear from notch=16 mm,age class=adult,https://doi.org/10.15468/dl.5wwfu9
638179,http://arctos.database.museum/guid/MSB:Mamm:263496?seid=1928766,MSB,MSB:Mamm:263496,"Mus musculus Linnaeus, 1758",2011,PA,unknown,adult,15.0,ear from notch=15 mm,age class=adult,https://doi.org/10.15468/dl.5wwfu9
638235,http://arctos.database.museum/guid/MSB:Mamm:264418?seid=1950461,MSB,MSB:Mamm:264418,"Mus musculus Linnaeus, 1758",2006,PA,FEMALE,adult,17.0,ear from notch=17 mm,age class=adult,https://doi.org/10.15468/dl.5wwfu9
638421,http://arctos.database.museum/guid/MSB:Mamm:268256?seid=2085061,MSB,MSB:Mamm:268256,"Mus musculus Linnaeus, 1758",2012,MN,MALE,adult,13.0,ear from notch=13 mm,age class=adult,https://doi.org/10.15468/dl.5wwfu9
638936,http://arctos.database.museum/guid/MSB:Mamm:278652?seid=2616859,MSB,MSB:Mamm:278652,"Mus musculus Linnaeus, 1758",2014,US,MALE,adult,15.0,ear from notch=15 mm,age class=adult,https://doi.org/10.15468/dl.5wwfu9
641226,http://arctos.database.museum/guid/MSB:Mamm:306206?seid=3954287,MSB,MSB:Mamm:306206,"Mus musculus Linnaeus, 1758",2015,US,FEMALE,adult,11.0,ear from notch=11 mm,age class=adult,https://doi.org/10.15468/dl.5wwfu9
643042,http://arctos.database.museum/guid/MSB:Mamm:315653?seid=4015615,MSB,MSB:Mamm:315653,"Mus musculus Linnaeus, 1758",2016,PR,MALE,adult,10.0,ear from notch=10 mm,age class=adult,https://doi.org/10.15468/dl.5wwfu9
643048,http://arctos.database.museum/guid/MSB:Mamm:315770?seid=4015732,MSB,MSB:Mamm:315770,"Mus musculus Linnaeus, 1758",2016,PR,FEMALE,adult,11.0,ear from notch=11 mm,age class=adult,https://doi.org/10.15468/dl.5wwfu9
643052,http://arctos.database.museum/guid/MSB:Mamm:315795?seid=4015757,MSB,MSB:Mamm:315795,"Mus musculus Linnaeus, 1758",2016,PR,MALE,adult,12.0,ear from notch=12 mm,age class=adult,https://doi.org/10.15468/dl.5wwfu9
643053,http://arctos.database.museum/guid/MSB:Mamm:315828?seid=4015790,MSB,MSB:Mamm:315828,"Mus musculus Linnaeus, 1758",2016,PR,FEMALE,adult,11.0,ear from notch=11 mm,age class=adult,https://doi.org/10.15468/dl.5wwfu9
643055,http://arctos.database.museum/guid/MSB:Mamm:315860?seid=4015822,MSB,MSB:Mamm:315860,"Mus musculus Linnaeus, 1758",2016,PR,FEMALE,adult,10.0,ear from notch=10 mm,age class=adult,https://doi.org/10.15468/dl.5wwfu9
643057,http://arctos.database.museum/guid/MSB:Mamm:315881?seid=4015843,MSB,MSB:Mamm:315881,"Mus musculus Linnaeus, 1758",2016,PR,FEMALE,adult,12.0,ear from notch=12 mm,age class=adult,https://doi.org/10.15468/dl.5wwfu9
643058,http://arctos.database.museum/guid/MSB:Mamm:315891?seid=4015853,MSB,MSB:Mamm:315891,"Mus musculus Linnaeus, 1758",2016,PR,FEMALE,adult,11.0,ear from notch=11 mm,age class=adult,https://doi.org/10.15468/dl.5wwfu9
643061,http://arctos.database.museum/guid/MSB:Mamm:315955?seid=4015917,MSB,MSB:Mamm:315955,"Mus musculus Linnaeus, 1758",2016,PR,FEMALE,adult,11.0,ear from notch=11 mm,age class=adult,https://doi.org/10.15468/dl.5wwfu9
643064,http://arctos.database.museum/guid/MSB:Mamm:315986?seid=4015948,MSB,MSB:Mamm:315986,"Mus musculus Linnaeus, 1758",2016,PR,MALE,adult,10.0,ear from notch=10 mm,age class=adult,https://doi.org/10.15468/dl.5wwfu9
643065,http://arctos.database.museum/guid/MSB:Mamm:316005?seid=4015967,MSB,MSB:Mamm:316005,"Mus musculus Linnaeus, 1758",2016,PR,MALE,adult,10.0,ear from notch=10 mm,age class=adult,https://doi.org/10.15468/dl.5wwfu9
643068,http://arctos.database.museum/guid/MSB:Mamm:316036?seid=4015998,MSB,MSB:Mamm:316036,"Mus musculus Linnaeus, 1758",2016,PR,FEMALE,adult,11.0,ear from notch=11 mm,age class=adult,https://doi.org/10.15468/dl.5wwfu9
643072,http://arctos.database.museum/guid/MSB:Mamm:316050?seid=4016012,MSB,MSB:Mamm:316050,"Mus musculus Linnaeus, 1758",2016,PR,MALE,adult,9.0,ear from notch=9 mm,age class=adult,https://doi.org/10.15468/dl.5wwfu9
643073,http://arctos.database.museum/guid/MSB:Mamm:316061?seid=4016023,MSB,MSB:Mamm:316061,"Mus musculus Linnaeus, 1758",2016,PR,MALE,adult,12.0,ear from notch=12 mm,age class=adult,https://doi.org/10.15468/dl.5wwfu9
644449,http://arctos.database.museum/guid/MSB:Mamm:326059?seid=4223212,MSB,MSB:Mamm:326059,"Mus musculus Linnaeus, 1758",2014,US,MALE,adult,12.0,ear from notch=12 mm,age class=adult,https://doi.org/10.15468/dl.5wwfu9
644480,http://arctos.database.museum/guid/MSB:Mamm:326574?seid=4261182,MSB,MSB:Mamm:326574,"Mus musculus Linnaeus, 1758",2014,US,FEMALE,adult,13.0,ear from notch=13 mm,age class=adult,https://doi.org/10.15468/dl.5wwfu9
644766,http://arctos.database.museum/guid/MSB:Mamm:332728?seid=4927774,MSB,MSB:Mamm:332728,"Mus musculus Linnaeus, 1758",2019,US,FEMALE,adult,13.0,ear from notch=13 mm,age class=adult,https://doi.org/10.15468/dl.5wwfu9
645185,http://arctos.database.museum/guid/MSB:Mamm:341000?seid=5302676,MSB,MSB:Mamm:341000,"Mus musculus Linnaeus, 1758",2021,US,MALE,adult,12.0,ear from notch=12 mm,age class=adult,https://doi.org/10.15468/dl.5wwfu9
645211,http://arctos.database.museum/guid/MSB:Mamm:341605?seid=5349568,MSB,MSB:Mamm:341605,"Mus musculus Linnaeus, 1758",2022,US,FEMALE,adult,12.0,ear from notch=12 mm,age class=adult,https://doi.org/10.15468/dl.5wwfu9
645220,http://arctos.database.museum/guid/MSB:Mamm:341770?seid=5376079,MSB,MSB:Mamm:341770,"Mus musculus Linnaeus, 1758",2017,US,MALE,adult,11.0,ear from notch=11 mm,age class=adult,https://doi.org/10.15468/dl.5wwfu9
645222,http://arctos.database.museum/guid/MSB:Mamm:341792?seid=5376284,MSB,MSB:Mamm:341792,"Mus musculus Linnaeus, 1758",2016,US,MALE,adult,9.0,ear from notch=9 mm,age class=adult,https://doi.org/10.15468/dl.5wwfu9
645228,http://arctos.database.museum/guid/MSB:Mamm:341909?seid=5402338,MSB,MSB:Mamm:341909,"Mus musculus Linnaeus, 1758",2012,AF,MALE,adult,18.0,ear from notch=18 mm,age class=adult,https://doi.org/10.15468/dl.5wwfu9
645230,http://arctos.database.museum/guid/MSB:Mamm:341931?seid=5402360,MSB,MSB:Mamm:341931,"Mus musculus Linnaeus, 1758",2013,AF,MALE,adult,13.0,ear from notch=13 mm,age class=adult,https://doi.org/10.15468/dl.5wwfu9
645231,http://arctos.database.museum/guid/MSB:Mamm:341942?seid=5402371,MSB,MSB:Mamm:341942,"Mus musculus Linnaeus, 1758",2012,AF,MALE,adult,13.0,ear from notch=13 mm,age class=adult,https://doi.org/10.15468/dl.5wwfu9
645235,http://arctos.database.museum/guid/MSB:Mamm:342077?seid=5403365,MSB,MSB:Mamm:342077,"Mus musculus Linnaeus, 1758",2013,AF,MALE,adult,13.0,ear from notch=13 mm,age class=adult,https://doi.org/10.15468/dl.5wwfu9
645241,http://arctos.database.museum/guid/MSB:Mamm:342161?seid=5419775,MSB,MSB:Mamm:342161,"Mus musculus Linnaeus, 1758",2022,US,FEMALE,adult,15.0,ear from notch=15 mm,age class=adult,https://doi.org/10.15468/dl.5wwfu9
645244,http://arctos.database.museum/guid/MSB:Mamm:342193?seid=5419921,MSB,MSB:Mamm:342193,"Mus musculus Linnaeus, 1758",2022,US,MALE,adult,14.0,ear from notch=14 mm,age class=adult,https://doi.org/10.15468/dl.5wwfu9
645286,http://arctos.database.museum/guid/MSB:Mamm:343058?seid=5658486,MSB,MSB:Mamm:343058,"Mus musculus Linnaeus, 1758",2022,MN,FEMALE,adult,13.0,ear from notch=13 mm,age class=adult,https://doi.org/10.15468/dl.5wwfu9
645300,http://arctos.database.museum/guid/MSB:Mamm:343319?seid=5660951,MSB,MSB:Mamm:343319,"Mus musculus Linnaeus, 1758",2022,MN,MALE,adult,12.0,ear from notch=12 mm,age class=adult,https://doi.org/10.15468/dl.5wwfu9
645546,http://arctos.database.museum/guid/MSB:Mamm:348063?seid=6154753,MSB,MSB:Mamm:348063,"Mus musculus Linnaeus, 1758",2023,US,FEMALE,adult,10.0,ear from notch=10 mm,age class=adult,https://doi.org/10.15468/dl.5wwfu9
649979,http://arctos.database.museum/guid/MSB:Mamm:149973?seid=912155,MSB,MSB:Mamm:149973,"Mus musculus Linnaeus, 1758",2003,RU,FEMALE,adult,12.4,ear from notch=12.4 mm,age class=adult,https://doi.org/10.15468/dl.5wwfu9
658824,http://arctos.database.museum/guid/MSB:Mamm:262830?seid=1921638,MSB,MSB:Mamm:262830,"Mus musculus Linnaeus, 1758",2011,PA,FEMALE,adult,13.0,ear from notch=13 mm,age class=adult,https://doi.org/10.15468/dl.5wwfu9
658825,http://arctos.database.museum/guid/MSB:Mamm:262861?seid=1921669,MSB,MSB:Mamm:262861,"Mus musculus Linnaeus, 1758",2011,PA,MALE,adult,15.0,ear from notch=15 mm,age class=adult,https://doi.org/10.15468/dl.5wwfu9
658833,http://arctos.database.museum/guid/MSB:Mamm:263024?seid=1921832,MSB,MSB:Mamm:263024,"Mus musculus Linnaeus, 1758",2011,PA,FEMALE,adult,13.0,ear from notch=13 mm,age class=adult,https://doi.org/10.15468/dl.5wwfu9
658834,http://arctos.database.museum/guid/MSB:Mamm:263035?seid=1921843,MSB,MSB:Mamm:263035,"Mus musculus Linnaeus, 1758",2011,PA,MALE,adult,14.0,ear from notch=14 mm,age class=adult,https://doi.org/10.15468/dl.5wwfu9
658835,http://arctos.database.museum/guid/MSB:Mamm:263045?seid=1921853,MSB,MSB:Mamm:263045,"Mus musculus Linnaeus, 1758",2011,PA,FEMALE,adult,14.0,ear from notch=14 mm,age class=adult,https://doi.org/10.15468/dl.5wwfu9
658836,http://arctos.database.museum/guid/MSB:Mamm:263055?seid=1921863,MSB,MSB:Mamm:263055,"Mus musculus Linnaeus, 1758",2011,PA,FEMALE,adult,14.0,ear from notch=14 mm,age class=adult,https://doi.org/10.15468/dl.5wwfu9
658838,http://arctos.database.museum/guid/MSB:Mamm:263100?seid=1921927,MSB,MSB:Mamm:263100,"Mus musculus Linnaeus, 1758",2011,PA,FEMALE,adult,14.0,ear from notch=14 mm,age class=adult,https://doi.org/10.15468/dl.5wwfu9
658839,http://arctos.database.museum/guid/MSB:Mamm:263121?seid=1921948,MSB,MSB:Mamm:263121,"Mus musculus Linnaeus, 1758",2011,PA,MALE,adult,13.0,ear from notch=13 mm,age class=adult,https://doi.org/10.15468/dl.5wwfu9
658840,http://arctos.database.museum/guid/MSB:Mamm:263141?seid=1921968,MSB,MSB:Mamm:263141,"Mus musculus Linnaeus, 1758",2011,PA,MALE,adult,14.0,ear from notch=14 mm,age class=adult,https://doi.org/10.15468/dl.5wwfu9
658841,http://arctos.database.museum/guid/MSB:Mamm:263170?seid=1922051,MSB,MSB:Mamm:263170,"Mus musculus Linnaeus, 1758",2011,PA,MALE,adult,15.0,ear from notch=15 mm,age class=adult,https://doi.org/10.15468/dl.5wwfu9
658845,http://arctos.database.museum/guid/MSB:Mamm:263263?seid=1923925,MSB,MSB:Mamm:263263,"Mus musculus Linnaeus, 1758",2011,PA,MALE,adult,14.0,ear from notch=14 mm,age class=adult,https://doi.org/10.15468/dl.5wwfu9
658848,http://arctos.database.museum/guid/MSB:Mamm:263300?seid=1923974,MSB,MSB:Mamm:263300,"Mus musculus Linnaeus, 1758",2011,PA,unknown,adult,15.0,ear from notch=15 mm,age class=adult,https://doi.org/10.15468/dl.5wwfu9
658851,http://arctos.database.museum/guid/MSB:Mamm:263360?seid=1927941,MSB,MSB:Mamm:263360,"Mus musculus Linnaeus, 1758",2011,PA,FEMALE,adult,14.0,ear from notch=14 mm,age class=adult,https://doi.org/10.15468/dl.5wwfu9
658852,http://arctos.database.museum/guid/MSB:Mamm:263370?seid=1927951,MSB,MSB:Mamm:263370,"Mus musculus Linnaeus, 1758",2011,PA,FEMALE,adult,16.0,ear from notch=16 mm,age class=adult,https://doi.org/10.15468/dl.5wwfu9
658853,http://arctos.database.museum/guid/MSB:Mamm:263385?seid=1927966,MSB,MSB:Mamm:263385,"Mus musculus Linnaeus, 1758",2011,PA,FEMALE,adult,15.0,ear from notch=15 mm,age class=adult,https://doi.org/10.15468/dl.5wwfu9
658854,http://arctos.database.museum/guid/MSB:Mamm:263395?seid=1927976,MSB,MSB:Mamm:263395,"Mus musculus Linnaeus, 1758",2011,PA,MALE,adult,16.0,ear from notch=16 mm,age class=adult,https://doi.org/10.15468/dl.5wwfu9
658855,http://arctos.database.museum/guid/MSB:Mamm:263419?seid=1928598,MSB,MSB:Mamm:263419,"Mus musculus Linnaeus, 1758",2011,PA,MALE,adult,14.0,ear from notch=14 mm,age class=adult,https://doi.org/10.15468/dl.5wwfu9
658857,http://arctos.database.museum/guid/MSB:Mamm:263470?seid=1928740,MSB,MSB:Mamm:263470,"Mus musculus Linnaeus, 1758",2011,PA,FEMALE,adult,15.0,ear from notch=15 mm,age class=adult,https://doi.org/10.15468/dl.5wwfu9
658859,http://arctos.database.museum/guid/MSB:Mamm:263489?seid=1928759,MSB,MSB:Mamm:263489,"Mus musculus Linnaeus, 1758",2011,PA,unknown,adult,14.0,ear from notch=14 mm,age class=adult,https://doi.org/10.15468/dl.5wwfu9
659074,http://arctos.database.museum/guid/MSB:Mamm:267882?seid=2080963,MSB,MSB:Mamm:267882,"Mus musculus Linnaeus, 1758",2012,MN,MALE,adult,14.0,ear from notch=14 mm,age class=adult,https://doi.org/10.15468/dl.5wwfu9
659089,http://arctos.database.museum/guid/MSB:Mamm:268158?seid=2084658,MSB,MSB:Mamm:268158,"Mus musculus Linnaeus, 1758",2012,MN,FEMALE,adult,13.5,ear from notch=13.5 mm,age class=adult,https://doi.org/10.15468/dl.5wwfu9
663695,http://arctos.database.museum/guid/MSB:Mamm:315662?seid=4015624,MSB,MSB:Mamm:315662,"Mus musculus Linnaeus, 1758",2016,PR,FEMALE,adult,11.0,ear from notch=11 mm,age class=adult,https://doi.org/10.15468/dl.5wwfu9
663696,http://arctos.database.museum/guid/MSB:Mamm:315673?seid=4015635,MSB,MSB:Mamm:315673,"Mus musculus Linnaeus, 1758",2016,PR,MALE,adult,10.0,ear from notch=10 mm,age class=adult,https://doi.org/10.15468/dl.5wwfu9
663697,http://arctos.database.museum/guid/MSB:Mamm:315683?seid=4015645,MSB,MSB:Mamm:315683,"Mus musculus Linnaeus, 1758",2016,PR,FEMALE,adult,10.0,ear from notch=10 mm,age class=adult,https://doi.org/10.15468/dl.5wwfu9
663705,http://arctos.database.museum/guid/MSB:Mamm:315773?seid=4015735,MSB,MSB:Mamm:315773,"Mus musculus Linnaeus, 1758",2016,PR,MALE,adult,11.0,ear from notch=11 mm,age class=adult,https://doi.org/10.15468/dl.5wwfu9
663706,http://arctos.database.museum/guid/MSB:Mamm:315790?seid=4015752,MSB,MSB:Mamm:315790,"Mus musculus Linnaeus, 1758",2016,PR,MALE,adult,11.0,ear from notch=11 mm,age class=adult,https://doi.org/10.15468/dl.5wwfu9
663710,http://arctos.database.museum/guid/MSB:Mamm:315890?seid=4015852,MSB,MSB:Mamm:315890,"Mus musculus Linnaeus, 1758",2016,PR,FEMALE,adult,11.0,ear from notch=11 mm,age class=adult,https://doi.org/10.15468/dl.5wwfu9
663714,http://arctos.database.museum/guid/MSB:Mamm:315928?seid=4015890,MSB,MSB:Mamm:315928,"Mus musculus Linnaeus, 1758",2016,PR,FEMALE,adult,11.0,ear from notch=11 mm,age class=adult,https://doi.org/10.15468/dl.5wwfu9
663720,http://arctos.database.museum/guid/MSB:Mamm:315991?seid=4015953,MSB,MSB:Mamm:315991,"Mus musculus Linnaeus, 1758",2016,PR,MALE,adult,10.0,ear from notch=10 mm,age class=adult,https://doi.org/10.15468/dl.5wwfu9
663724,http://arctos.database.museum/guid/MSB:Mamm:316035?seid=4015997,MSB,MSB:Mamm:316035,"Mus musculus Linnaeus, 1758",2016,PR,MALE,adult,12.0,ear from notch=12 mm,age class=adult,https://doi.org/10.15468/dl.5wwfu9
663726,http://arctos.database.museum/guid/MSB:Mamm:316070?seid=4016032,MSB,MSB:Mamm:316070,"Mus musculus Linnaeus, 1758",2016,PR,MALE,adult,12.0,ear from notch=12 mm,age class=adult,https://doi.org/10.15468/dl.5wwfu9
663727,http://arctos.database.museum/guid/MSB:Mamm:316085?seid=4016047,MSB,MSB:Mamm:316085,"Mus musculus Linnaeus, 1758",2016,PR,FEMALE,adult,10.0,ear from notch=10 mm,age class=adult,https://doi.org/10.15468/dl.5wwfu9
664917,http://arctos.database.museum/guid/MSB:Mamm:323176?seid=4086458,MSB,MSB:Mamm:323176,"Mus musculus Linnaeus, 1758",2016,US,MALE,adult,15.0,ear from notch=15 mm,age class=adult,https://doi.org/10.15468/dl.5wwfu9
664918,http://arctos.database.museum/guid/MSB:Mamm:323186?seid=4086468,MSB,MSB:Mamm:323186,"Mus musculus Linnaeus, 1758",2016,US,FEMALE,adult,13.0,ear from notch=13 mm,age class=adult,https://doi.org/10.15468/dl.5wwfu9
665116,http://arctos.database.museum/guid/MSB:Mamm:325609?seid=4194828,MSB,MSB:Mamm:325609,"Mus musculus Linnaeus, 1758",2015,US,FEMALE,adult,12.0,ear from notch=12 mm,age class=adult,https://doi.org/10.15468/dl.5wwfu9
665984,http://arctos.database.museum/guid/MSB:Mamm:341301?seid=5312233,MSB,MSB:Mamm:341301,"Mus musculus Linnaeus, 1758",2021,US,FEMALE,adult,14.0,ear from notch=14 mm,age class=adult,https://doi.org/10.15468/dl.5wwfu9
666001,http://arctos.database.museum/guid/MSB:Mamm:341610?seid=5349573,MSB,MSB:Mamm:341610,"Mus musculus Linnaeus, 1758",2022,US,MALE,adult,9.0,ear from notch=9 mm,age class=adult,https://doi.org/10.15468/dl.5wwfu9
666013,http://arctos.database.museum/guid/MSB:Mamm:341785?seid=5376277,MSB,MSB:Mamm:341785,"Mus musculus Linnaeus, 1758",2016,US,MALE,adult,14.0,ear from notch=14 mm,age class=adult,https://doi.org/10.15468/dl.5wwfu9
666022,http://arctos.database.museum/guid/MSB:Mamm:341941?seid=5402370,MSB,MSB:Mamm:341941,"Mus musculus Linnaeus, 1758",2012,AF,FEMALE,adult,11.0,ear from notch=11 mm,age class=adult,https://doi.org/10.15468/dl.5wwfu9
666032,http://arctos.database.museum/guid/MSB:Mamm:342204?seid=5419948,MSB,MSB:Mamm:342204,"Mus musculus Linnaeus, 1758",2022,US,FEMALE,adult,14.0,ear from notch=14 mm,age class=adult,https://doi.org/10.15468/dl.5wwfu9
666074,http://arctos.database.museum/guid/MSB:Mamm:343102?seid=5658530,MSB,MSB:Mamm:343102,"Mus musculus Linnaeus, 1758",2022,MN,FEMALE,adult,11.0,ear from notch=11 mm,age class=adult,https://doi.org/10.15468/dl.5wwfu9
666077,http://arctos.database.museum/guid/MSB:Mamm:343133?seid=5658561,MSB,MSB:Mamm:343133,"Mus musculus Linnaeus, 1758",2022,MN,MALE,adult,12.0,ear from notch=12 mm,age class=adult,https://doi.org/10.15468/dl.5wwfu9
666997,http://arctos.database.museum/guid/MSB:Mamm:262603?seid=1920444,MSB,MSB:Mamm:262603,"Mus musculus Linnaeus, 1758",2011,PA,MALE,adult,14.0,ear from notch=14 mm,age class=adult,https://doi.org/10.15468/dl.5wwfu9
667005,http://arctos.database.museum/guid/MSB:Mamm:262821?seid=1921629,MSB,MSB:Mamm:262821,"Mus musculus Linnaeus, 1758",2011,PA,MALE,adult,14.0,ear from notch=14 mm,age class=adult,https://doi.org/10.15468/dl.5wwfu9
667009,http://arctos.database.museum/guid/MSB:Mamm:263026?seid=1921834,MSB,MSB:Mamm:263026,"Mus musculus Linnaeus, 1758",2011,PA,MALE,adult,14.0,ear from notch=14 mm,age class=adult,https://doi.org/10.15468/dl.5wwfu9
667010,http://arctos.database.museum/guid/MSB:Mamm:263036?seid=1921844,MSB,MSB:Mamm:263036,"Mus musculus Linnaeus, 1758",2011,PA,MALE,adult,14.0,ear from notch=14 mm,age class=adult,https://doi.org/10.15468/dl.5wwfu9
667016,http://arctos.database.museum/guid/MSB:Mamm:263166?seid=1922047,MSB,MSB:Mamm:263166,"Mus musculus Linnaeus, 1758",2011,PA,FEMALE,adult,13.0,ear from notch=13 mm,age class=adult,https://doi.org/10.15468/dl.5wwfu9
667017,http://arctos.database.museum/guid/MSB:Mamm:263177?seid=1922058,MSB,MSB:Mamm:263177,"Mus musculus Linnaeus, 1758",2011,PA,MALE,adult,14.0,ear from notch=14 mm,age class=adult,https://doi.org/10.15468/dl.5wwfu9
667018,http://arctos.database.museum/guid/MSB:Mamm:263192?seid=1922295,MSB,MSB:Mamm:263192,"Mus musculus Linnaeus, 1758",2011,PA,unknown,adult,14.0,ear from notch=14 mm,age class=adult,https://doi.org/10.15468/dl.5wwfu9
667020,http://arctos.database.museum/guid/MSB:Mamm:263260?seid=1923922,MSB,MSB:Mamm:263260,"Mus musculus Linnaeus, 1758",2011,PA,MALE,adult,14.0,ear from notch=14 mm,age class=adult,https://doi.org/10.15468/dl.5wwfu9
667022,http://arctos.database.museum/guid/MSB:Mamm:263283?seid=1923947,MSB,MSB:Mamm:263283,"Mus musculus Linnaeus, 1758",2011,PA,MALE,adult,14.0,ear from notch=14 mm,age class=adult,https://doi.org/10.15468/dl.5wwfu9
667023,http://arctos.database.museum/guid/MSB:Mamm:263296?seid=1923970,MSB,MSB:Mamm:263296,"Mus musculus Linnaeus, 1758",2011,PA,MALE,adult,15.0,ear from notch=15 mm,age class=adult,https://doi.org/10.15468/dl.5wwfu9
667025,http://arctos.database.museum/guid/MSB:Mamm:263362?seid=1927943,MSB,MSB:Mamm:263362,"Mus musculus Linnaeus, 1758",2011,PA,FEMALE,adult,15.0,ear from notch=15 mm,age class=adult,https://doi.org/10.15468/dl.5wwfu9
667026,http://arctos.database.museum/guid/MSB:Mamm:263372?seid=1927953,MSB,MSB:Mamm:263372,"Mus musculus Linnaeus, 1758",2011,PA,unknown,adult,14.0,ear from notch=14 mm,age class=adult,https://doi.org/10.15468/dl.5wwfu9
667027,http://arctos.database.museum/guid/MSB:Mamm:263382?seid=1927963,MSB,MSB:Mamm:263382,"Mus musculus Linnaeus, 1758",2011,PA,FEMALE,adult,16.0,ear from notch=16 mm,age class=adult,https://doi.org/10.15468/dl.5wwfu9
667028,http://arctos.database.museum/guid/MSB:Mamm:263393?seid=1927974,MSB,MSB:Mamm:263393,"Mus musculus Linnaeus, 1758",2011,PA,FEMALE,adult,15.0,ear from notch=15 mm,age class=adult,https://doi.org/10.15468/dl.5wwfu9
667029,http://arctos.database.museum/guid/MSB:Mamm:263412?seid=1928591,MSB,MSB:Mamm:263412,"Mus musculus Linnaeus, 1758",2011,PA,MALE,adult,15.0,ear from notch=15 mm,age class=adult,https://doi.org/10.15468/dl.5wwfu9
667031,http://arctos.database.museum/guid/MSB:Mamm:263462?seid=1928727,MSB,MSB:Mamm:263462,"Mus musculus Linnaeus, 1758",2011,PA,FEMALE,adult,16.0,ear from notch=16 mm,age class=adult,https://doi.org/10.15468/dl.5wwfu9
667032,http://arctos.database.museum/guid/MSB:Mamm:263476?seid=1928746,MSB,MSB:Mamm:263476,"Mus musculus Linnaeus, 1758",2011,PA,unknown,adult,15.0,ear from notch=15 mm,age class=adult,https://doi.org/10.15468/dl.5wwfu9
667033,http://arctos.database.museum/guid/MSB:Mamm:263487?seid=1928757,MSB,MSB:Mamm:263487,"Mus musculus Linnaeus, 1758",2011,PA,unknown,adult,14.0,ear from notch=14 mm,age class=adult,https://doi.org/10.15468/dl.5wwfu9
667087,http://arctos.database.museum/guid/MSB:Mamm:264482?seid=1950525,MSB,MSB:Mamm:264482,"Mus musculus Linnaeus, 1758",2006,PA,MALE,adult,13.0,ear from notch=13 mm,age class=adult,https://doi.org/10.15468/dl.5wwfu9
667262,http://arctos.database.museum/guid/MSB:Mamm:268151?seid=2084651,MSB,MSB:Mamm:268151,"Mus musculus Linnaeus, 1758",2012,MN,MALE,adult,13.0,ear from notch=13 mm,age class=adult,https://doi.org/10.15468/dl.5wwfu9
671819,http://arctos.database.museum/guid/MSB:Mamm:315660?seid=4015622,MSB,MSB:Mamm:315660,"Mus musculus Linnaeus, 1758",2016,PR,MALE,adult,8.0,ear from notch=8 mm,age class=adult,https://doi.org/10.15468/dl.5wwfu9
671838,http://arctos.database.museum/guid/MSB:Mamm:315775?seid=4015737,MSB,MSB:Mamm:315775,"Mus musculus Linnaeus, 1758",2016,PR,FEMALE,adult,11.0,ear from notch=11 mm,age class=adult,https://doi.org/10.15468/dl.5wwfu9
671842,http://arctos.database.museum/guid/MSB:Mamm:315796?seid=4015758,MSB,MSB:Mamm:315796,"Mus musculus Linnaeus, 1758",2016,PR,MALE,adult,11.0,ear from notch=11 mm,age class=adult,https://doi.org/10.15468/dl.5wwfu9
671845,http://arctos.database.museum/guid/MSB:Mamm:315851?seid=4015813,MSB,MSB:Mamm:315851,"Mus musculus Linnaeus, 1758",2016,PR,FEMALE,adult,11.0,ear from notch=11 mm,age class=adult,https://doi.org/10.15468/dl.5wwfu9
671849,http://arctos.database.museum/guid/MSB:Mamm:315886?seid=4015848,MSB,MSB:Mamm:315886,"Mus musculus Linnaeus, 1758",2016,PR,FEMALE,adult,9.0,ear from notch=9 mm,age class=adult,https://doi.org/10.15468/dl.5wwfu9
671850,http://arctos.database.museum/guid/MSB:Mamm:315897?seid=4015859,MSB,MSB:Mamm:315897,"Mus musculus Linnaeus, 1758",2016,PR,FEMALE,adult,10.0,ear from notch=10 mm,age class=adult,https://doi.org/10.15468/dl.5wwfu9
671853,http://arctos.database.museum/guid/MSB:Mamm:315956?seid=4015918,MSB,MSB:Mamm:315956,"Mus musculus Linnaeus, 1758",2016,PR,FEMALE,adult,11.0,ear from notch=11 mm,age class=adult,https://doi.org/10.15468/dl.5wwfu9
671856,http://arctos.database.museum/guid/MSB:Mamm:315977?seid=4015939,MSB,MSB:Mamm:315977,"Mus musculus Linnaeus, 1758",2016,PR,MALE,adult,11.0,ear from notch=11 mm,age class=adult,https://doi.org/10.15468/dl.5wwfu9
671857,http://arctos.database.museum/guid/MSB:Mamm:315987?seid=4015949,MSB,MSB:Mamm:315987,"Mus musculus Linnaeus, 1758",2016,PR,FEMALE,adult,9.0,ear from notch=9 mm,age class=adult,https://doi.org/10.15468/dl.5wwfu9
671858,http://arctos.database.museum/guid/MSB:Mamm:315997?seid=4015959,MSB,MSB:Mamm:315997,"Mus musculus Linnaeus, 1758",2016,PR,FEMALE,adult,10.0,ear from notch=10 mm,age class=adult,https://doi.org/10.15468/dl.5wwfu9
671861,http://arctos.database.museum/guid/MSB:Mamm:316032?seid=4015994,MSB,MSB:Mamm:316032,"Mus musculus Linnaeus, 1758",2016,PR,MALE,adult,9.0,ear from notch=9 mm,age class=adult,https://doi.org/10.15468/dl.5wwfu9
671863,http://arctos.database.museum/guid/MSB:Mamm:316051?seid=4016013,MSB,MSB:Mamm:316051,"Mus musculus Linnaeus, 1758",2016,PR,FEMALE,adult,9.0,ear from notch=9 mm,age class=adult,https://doi.org/10.15468/dl.5wwfu9
671864,http://arctos.database.museum/guid/MSB:Mamm:316066?seid=4016028,MSB,MSB:Mamm:316066,"Mus musculus Linnaeus, 1758",2016,PR,MALE,adult,10.0,ear from notch=10 mm,age class=adult,https://doi.org/10.15468/dl.5wwfu9
671865,http://arctos.database.museum/guid/MSB:Mamm:316076?seid=4016038,MSB,MSB:Mamm:316076,"Mus musculus Linnaeus, 1758",2016,PR,MALE,adult,12.0,ear from notch=12 mm,age class=adult,https://doi.org/10.15468/dl.5wwfu9
671866,http://arctos.database.museum/guid/MSB:Mamm:316087?seid=4016049,MSB,MSB:Mamm:316087,"Mus musculus Linnaeus, 1758",2016,PR,FEMALE,adult,12.0,ear from notch=12 mm,age class=adult,https://doi.org/10.15468/dl.5wwfu9
671867,http://arctos.database.museum/guid/MSB:Mamm:316097?seid=4016059,MSB,MSB:Mamm:316097,"Mus musculus Linnaeus, 1758",2016,PR,FEMALE,adult,11.0,ear from notch=11 mm,age class=adult,https://doi.org/10.15468/dl.5wwfu9
673236,http://arctos.database.museum/guid/MSB:Mamm:325820?seid=4204074,MSB,MSB:Mamm:325820,"Mus musculus Linnaeus, 1758",2018,US,FEMALE,adult,19.5,ear from notch=19.5 mm,age class=adult,https://doi.org/10.15468/dl.5wwfu9
673281,http://arctos.database.museum/guid/MSB:Mamm:326575?seid=4261183,MSB,MSB:Mamm:326575,"Mus musculus Linnaeus, 1758",2014,US,FEMALE,adult,13.0,ear from notch=13 mm,age class=adult,https://doi.org/10.15468/dl.5wwfu9
673578,http://arctos.database.museum/guid/MSB:Mamm:332724?seid=4927770,MSB,MSB:Mamm:332724,"Mus musculus Linnaeus, 1758",2019,US,FEMALE,adult,17.0,ear from notch=17 mm,age class=adult,https://doi.org/10.15468/dl.5wwfu9
673580,http://arctos.database.museum/guid/MSB:Mamm:332745?seid=4927791,MSB,MSB:Mamm:332745,"Mus musculus Linnaeus, 1758",2020,US,FEMALE,adult,14.0,ear from notch=14 mm,age class=adult,https://doi.org/10.15468/dl.5wwfu9
674033,http://arctos.database.museum/guid/MSB:Mamm:341606?seid=5349569,MSB,MSB:Mamm:341606,"Mus musculus Linnaeus, 1758",2022,US,MALE,adult,12.0,ear from notch=12 mm,age class=adult,https://doi.org/10.15468/dl.5wwfu9
674052,http://arctos.database.museum/guid/MSB:Mamm:341932?seid=5402361,MSB,MSB:Mamm:341932,"Mus musculus Linnaeus, 1758",2013,AF,MALE,adult,13.0,ear from notch=13 mm,age class=adult,https://doi.org/10.15468/dl.5wwfu9
674054,http://arctos.database.museum/guid/MSB:Mamm:341980?seid=5402449,MSB,MSB:Mamm:341980,"Mus musculus Linnaeus, 1758",2012,AF,MALE,adult,11.0,ear from notch=11 mm,age class=adult,https://doi.org/10.15468/dl.5wwfu9
674058,http://arctos.database.museum/guid/MSB:Mamm:342084?seid=5403372,MSB,MSB:Mamm:342084,"Mus musculus Linnaeus, 1758",2013,AF,MALE,adult,11.0,ear from notch=11 mm,age class=adult,https://doi.org/10.15468/dl.5wwfu9
674059,http://arctos.database.museum/guid/MSB:Mamm:342094?seid=5403382,MSB,MSB:Mamm:342094,"Mus musculus Linnaeus, 1758",2012,AF,MALE,adult,10.0,ear from notch=10 mm,age class=adult,https://doi.org/10.15468/dl.5wwfu9
674066,http://arctos.database.museum/guid/MSB:Mamm:342248?seid=5420209,MSB,MSB:Mamm:342248,"Mus musculus Linnaeus, 1758",2022,US,FEMALE,adult,14.0,ear from notch=14 mm,age class=adult,https://doi.org/10.15468/dl.5wwfu9
674104,http://arctos.database.museum/guid/MSB:Mamm:343038?seid=5658466,MSB,MSB:Mamm:343038,"Mus musculus Linnaeus, 1758",2022,MN,MALE,adult,13.0,ear from notch=13 mm,age class=adult,https://doi.org/10.15468/dl.5wwfu9
674108,http://arctos.database.museum/guid/MSB:Mamm:343104?seid=5658532,MSB,MSB:Mamm:343104,"Mus musculus Linnaeus, 1758",2022,MN,MALE,adult,11.0,ear from notch=11 mm,age class=adult,https://doi.org/10.15468/dl.5wwfu9
674292,http://arctos.database.museum/guid/MSB:Mamm:347067?seid=6127147,MSB,MSB:Mamm:347067,"Mus musculus Linnaeus, 1758",2022,US,MALE,adult,16.0,ear from notch=16 mm,age class=adult,https://doi.org/10.15468/dl.5wwfu9
674350,http://arctos.database.museum/guid/MSB:Mamm:348053?seid=6154608,MSB,MSB:Mamm:348053,"Mus musculus Linnaeus, 1758",2023,US,FEMALE,adult,15.0,ear from notch=15 mm,age class=adult,https://doi.org/10.15468/dl.5wwfu9
674351,http://arctos.database.museum/guid/MSB:Mamm:348064?seid=6154754,MSB,MSB:Mamm:348064,"Mus musculus Linnaeus, 1758",2023,US,FEMALE,adult,13.0,ear from notch=13 mm,age class=adult,https://doi.org/10.15468/dl.5wwfu9
684325,http://arctos.database.museum/guid/MSB:Mamm:130045?seid=1074869,MSB,MSB:Mamm:130045,"Mus musculus Linnaeus, 1758",2001,PA,FEMALE,adult,10.0,ear from notch=10 mm,age class=adult,https://doi.org/10.15468/dl.5wwfu9
686488,http://arctos.database.museum/guid/MSB:Mamm:224180?seid=1555139,MSB,MSB:Mamm:224180,"Mus musculus Linnaeus, 1758",2002,PA,MALE,adult,13.0,ear from notch=13 mm,age class=adult,https://doi.org/10.15468/dl.5wwfu9
687563,http://arctos.database.museum/guid/MSB:Mamm:262838?seid=1921646,MSB,MSB:Mamm:262838,"Mus musculus Linnaeus, 1758",2011,PA,MALE,adult,14.0,ear from notch=14 mm,age class=adult,https://doi.org/10.15468/dl.5wwfu9
687564,http://arctos.database.museum/guid/MSB:Mamm:262848?seid=1921656,MSB,MSB:Mamm:262848,"Mus musculus Linnaeus, 1758",2011,PA,MALE,adult,14.0,ear from notch=14 mm,age class=adult,https://doi.org/10.15468/dl.5wwfu9
687575,http://arctos.database.museum/guid/MSB:Mamm:263021?seid=1921829,MSB,MSB:Mamm:263021,"Mus musculus Linnaeus, 1758",2011,PA,FEMALE,adult,14.0,ear from notch=14 mm,age class=adult,https://doi.org/10.15468/dl.5wwfu9
687576,http://arctos.database.museum/guid/MSB:Mamm:263041?seid=1921849,MSB,MSB:Mamm:263041,"Mus musculus Linnaeus, 1758",2011,PA,MALE,adult,14.0,ear from notch=14 mm,age class=adult,https://doi.org/10.15468/dl.5wwfu9
687577,http://arctos.database.museum/guid/MSB:Mamm:263108?seid=1921935,MSB,MSB:Mamm:263108,"Mus musculus Linnaeus, 1758",2011,PA,MALE,adult,14.0,ear from notch=14 mm,age class=adult,https://doi.org/10.15468/dl.5wwfu9
687578,http://arctos.database.museum/guid/MSB:Mamm:263118?seid=1921945,MSB,MSB:Mamm:263118,"Mus musculus Linnaeus, 1758",2011,PA,MALE,adult,14.0,ear from notch=14 mm,age class=adult,https://doi.org/10.15468/dl.5wwfu9
687580,http://arctos.database.museum/guid/MSB:Mamm:263145?seid=1921972,MSB,MSB:Mamm:263145,"Mus musculus Linnaeus, 1758",2011,PA,FEMALE,adult,13.0,ear from notch=13 mm,age class=adult,https://doi.org/10.15468/dl.5wwfu9
687582,http://arctos.database.museum/guid/MSB:Mamm:263189?seid=1922070,MSB,MSB:Mamm:263189,"Mus musculus Linnaeus, 1758",2011,PA,MALE,adult,14.0,ear from notch=14 mm,age class=adult,https://doi.org/10.15468/dl.5wwfu9
687586,http://arctos.database.museum/guid/MSB:Mamm:263308?seid=1923982,MSB,MSB:Mamm:263308,"Mus musculus Linnaeus, 1758",2011,PA,MALE,adult,16.0,ear from notch=16 mm,age class=adult,https://doi.org/10.15468/dl.5wwfu9
687589,http://arctos.database.museum/guid/MSB:Mamm:263330?seid=1927190,MSB,MSB:Mamm:263330,"Mus musculus Linnaeus, 1758",2011,PA,MALE,adult,15.0,ear from notch=15 mm,age class=adult,https://doi.org/10.15468/dl.5wwfu9
687590,http://arctos.database.museum/guid/MSB:Mamm:263399?seid=1927980,MSB,MSB:Mamm:263399,"Mus musculus Linnaeus, 1758",2011,PA,MALE,adult,15.0,ear from notch=15 mm,age class=adult,https://doi.org/10.15468/dl.5wwfu9
687592,http://arctos.database.museum/guid/MSB:Mamm:263428?seid=1928607,MSB,MSB:Mamm:263428,"Mus musculus Linnaeus, 1758",2011,PA,FEMALE,adult,15.0,ear from notch=15 mm,age class=adult,https://doi.org/10.15468/dl.5wwfu9
687593,http://arctos.database.museum/guid/MSB:Mamm:263444?seid=1928656,MSB,MSB:Mamm:263444,"Mus musculus Linnaeus, 1758",2011,PA,MALE,adult,16.0,ear from notch=16 mm,age class=adult,https://doi.org/10.15468/dl.5wwfu9
687797,http://arctos.database.museum/guid/MSB:Mamm:268207?seid=2084708,MSB,MSB:Mamm:268207,"Mus musculus Linnaeus, 1758",2012,MN,MALE,adult,12.5,ear from notch=12.5 mm,age class=adult,https://doi.org/10.15468/dl.5wwfu9
689170,http://arctos.database.museum/guid/MSB:Mamm:296514?seid=3526278,MSB,MSB:Mamm:296514,"Mus musculus Linnaeus, 1758",2015,US,MALE,adult,13.0,ear from notch=13 mm,age class=adult,https://doi.org/10.15468/dl.5wwfu9
692351,http://arctos.database.museum/guid/MSB:Mamm:315601?seid=4015563,MSB,MSB:Mamm:315601,"Mus musculus Linnaeus, 1758",2016,PR,FEMALE,adult,11.0,ear from notch=11 mm,age class=adult,https://doi.org/10.15468/dl.5wwfu9
692353,http://arctos.database.museum/guid/MSB:Mamm:315622?seid=4015584,MSB,MSB:Mamm:315622,"Mus musculus Linnaeus, 1758",2016,PR,FEMALE,adult,9.0,ear from notch=9 mm,age class=adult,https://doi.org/10.15468/dl.5wwfu9
692359,http://arctos.database.museum/guid/MSB:Mamm:315707?seid=4015669,MSB,MSB:Mamm:315707,"Mus musculus Linnaeus, 1758",2016,PR,FEMALE,adult,11.0,ear from notch=11 mm,age class=adult,https://doi.org/10.15468/dl.5wwfu9
692361,http://arctos.database.museum/guid/MSB:Mamm:315727?seid=4015689,MSB,MSB:Mamm:315727,"Mus musculus Linnaeus, 1758",2016,PR,MALE,adult,9.0,ear from notch=9 mm,age class=adult,https://doi.org/10.15468/dl.5wwfu9
692368,http://arctos.database.museum/guid/MSB:Mamm:315898?seid=4015860,MSB,MSB:Mamm:315898,"Mus musculus Linnaeus, 1758",2016,PR,FEMALE,adult,11.0,ear from notch=11 mm,age class=adult,https://doi.org/10.15468/dl.5wwfu9
692371,http://arctos.database.museum/guid/MSB:Mamm:315930?seid=4015892,MSB,MSB:Mamm:315930,"Mus musculus Linnaeus, 1758",2016,PR,MALE,adult,10.0,ear from notch=10 mm,age class=adult,https://doi.org/10.15468/dl.5wwfu9
692372,http://arctos.database.museum/guid/MSB:Mamm:315948?seid=4015910,MSB,MSB:Mamm:315948,"Mus musculus Linnaeus, 1758",2016,PR,FEMALE,adult,11.0,ear from notch=11 mm,age class=adult,https://doi.org/10.15468/dl.5wwfu9
692373,http://arctos.database.museum/guid/MSB:Mamm:315968?seid=4015930,MSB,MSB:Mamm:315968,"Mus musculus Linnaeus, 1758",2016,PR,MALE,adult,9.0,ear from notch=9 mm,age class=adult,https://doi.org/10.15468/dl.5wwfu9
692374,http://arctos.database.museum/guid/MSB:Mamm:315984?seid=4022624,MSB,MSB:Mamm:315984,"Mus musculus Linnaeus, 1758",2016,PR,MALE,adult,11.0,ear from notch=11 mm,age class=adult,https://doi.org/10.15468/dl.5wwfu9
692376,http://arctos.database.museum/guid/MSB:Mamm:315999?seid=4015961,MSB,MSB:Mamm:315999,"Mus musculus Linnaeus, 1758",2016,PR,MALE,adult,10.0,ear from notch=10 mm,age class=adult,https://doi.org/10.15468/dl.5wwfu9
692381,http://arctos.database.museum/guid/MSB:Mamm:316078?seid=4016040,MSB,MSB:Mamm:316078,"Mus musculus Linnaeus, 1758",2016,PR,MALE,adult,10.0,ear from notch=10 mm,age class=adult,https://doi.org/10.15468/dl.5wwfu9
692385,http://arctos.database.museum/guid/MSB:Mamm:316130?seid=4016092,MSB,MSB:Mamm:316130,"Mus musculus Linnaeus, 1758",2016,PR,MALE,adult,11.0,ear from notch=11 mm,age class=adult,https://doi.org/10.15468/dl.5wwfu9
693689,http://arctos.database.museum/guid/MSB:Mamm:325828?seid=4204116,MSB,MSB:Mamm:325828,"Mus musculus Linnaeus, 1758",2017,US,FEMALE,adult,14.0,ear from notch=14 mm,age class=adult,https://doi.org/10.15468/dl.5wwfu9
693730,http://arctos.database.museum/guid/MSB:Mamm:326556?seid=4261156,MSB,MSB:Mamm:326556,"Mus musculus Linnaeus, 1758",2015,US,MALE,adult,13.0,ear from notch=13 mm,age class=adult,https://doi.org/10.15468/dl.5wwfu9
693731,http://arctos.database.museum/guid/MSB:Mamm:326566?seid=4261166,MSB,MSB:Mamm:326566,"Mus musculus Linnaeus, 1758",2014,US,FEMALE,adult,13.0,ear from notch=13 mm,age class=adult,https://doi.org/10.15468/dl.5wwfu9
693778,http://arctos.database.museum/guid/MSB:Mamm:327478?seid=4306925,MSB,MSB:Mamm:327478,"Mus musculus Linnaeus, 1758",2014,US,MALE,adult,12.0,ear from notch=12 mm,age class=adult,https://doi.org/10.15468/dl.5wwfu9
693832,http://arctos.database.museum/guid/MSB:Mamm:328577?seid=4332769,MSB,MSB:Mamm:328577,"Mus musculus Linnaeus, 1758",2011,PA,FEMALE,adult,14.0,ear from notch=14 mm,age class=adult,https://doi.org/10.15468/dl.5wwfu9
694558,http://arctos.database.museum/guid/MSB:Mamm:341541?seid=5349430,MSB,MSB:Mamm:341541,"Mus musculus Linnaeus, 1758",2022,US,MALE,adult,13.0,ear from notch=13 mm,age class=adult,https://doi.org/10.15468/dl.5wwfu9
694572,http://arctos.database.museum/guid/MSB:Mamm:341815?seid=5376689,MSB,MSB:Mamm:341815,"Mus musculus Linnaeus, 1758",2021,US,FEMALE,adult,10.0,ear from notch=10 mm,age class=adult,https://doi.org/10.15468/dl.5wwfu9
694586,http://arctos.database.museum/guid/MSB:Mamm:342045?seid=5402704,MSB,MSB:Mamm:342045,"Mus musculus Linnaeus, 1758",2013,AF,FEMALE,adult,10.0,ear from notch=10 mm,age class=adult,https://doi.org/10.15468/dl.5wwfu9
694646,http://arctos.database.museum/guid/MSB:Mamm:343267?seid=5660879,MSB,MSB:Mamm:343267,"Mus musculus Linnaeus, 1758",2022,MN,MALE,adult,12.0,ear from notch=12 mm,age class=adult,https://doi.org/10.15468/dl.5wwfu9
694650,http://arctos.database.museum/guid/MSB:Mamm:343320?seid=5660952,MSB,MSB:Mamm:343320,"Mus musculus Linnaeus, 1758",2022,MN,MALE,adult,13.0,ear from notch=13 mm,age class=adult,https://doi.org/10.15468/dl.5wwfu9
694865,http://arctos.database.museum/guid/MSB:Mamm:347807?seid=6149733,MSB,MSB:Mamm:347807,"Mus musculus Linnaeus, 1758",2021,US,MALE,adult,15.0,ear from notch=15 mm,age class=adult,https://doi.org/10.15468/dl.5wwfu9
694877,http://arctos.database.museum/guid/MSB:Mamm:348055?seid=6154629,MSB,MSB:Mamm:348055,"Mus musculus Linnaeus, 1758",2023,US,MALE,adult,13.0,ear from notch=13 mm,age class=adult,https://doi.org/10.15468/dl.5wwfu9
695685,http://arctos.database.museum/guid/MSB:Mamm:149963?seid=33091,MSB,MSB:Mamm:149963,"Mus musculus Linnaeus, 1758",2004,RU,MALE,adult,11.2,ear from notch=11.2 mm,age class=adult,https://doi.org/10.15468/dl.5wwfu9
695686,http://arctos.database.museum/guid/MSB:Mamm:150088?seid=35567,MSB,MSB:Mamm:150088,"Mus musculus Linnaeus, 1758",2003,RU,MALE,adult,13.8,ear from notch=13.8 mm,age class=adult,https://doi.org/10.15468/dl.5wwfu9
698937,http://arctos.database.museum/guid/MSB:Mamm:130046?seid=553466,MSB,MSB:Mamm:130046,"Mus musculus Linnaeus, 1758",2001,PA,FEMALE,adult,10.0,ear from notch=10 mm,age class=adult,https://doi.org/10.15468/dl.5wwfu9
705387,http://arctos.database.museum/guid/MSB:Mamm:149969?seid=1320305,MSB,MSB:Mamm:149969,"Mus musculus Linnaeus, 1758",2003,RU,FEMALE,adult,13.7,ear from notch=13.7 mm,age class=adult,https://doi.org/10.15468/dl.5wwfu9
707756,http://arctos.database.museum/guid/MSB:Mamm:248335?seid=1487100,MSB,MSB:Mamm:248335,"Mus musculus Linnaeus, 1758",2011,US,MALE,adult,15.0,ear from notch=15 mm,age class=adult,https://doi.org/10.15468/dl.5wwfu9
708131,http://arctos.database.museum/guid/MSB:Mamm:262598?seid=1920439,MSB,MSB:Mamm:262598,"Mus musculus Linnaeus, 1758",2011,PA,MALE,adult,13.0,ear from notch=13 mm,age class=adult,https://doi.org/10.15468/dl.5wwfu9
708141,http://arctos.database.museum/guid/MSB:Mamm:262825?seid=1921633,MSB,MSB:Mamm:262825,"Mus musculus Linnaeus, 1758",2011,PA,MALE,adult,14.0,ear from notch=14 mm,age class=adult,https://doi.org/10.15468/dl.5wwfu9
708142,http://arctos.database.museum/guid/MSB:Mamm:262835?seid=1921643,MSB,MSB:Mamm:262835,"Mus musculus Linnaeus, 1758",2011,PA,MALE,adult,12.0,ear from notch=12 mm,age class=adult,https://doi.org/10.15468/dl.5wwfu9
708143,http://arctos.database.museum/guid/MSB:Mamm:262862?seid=1921670,MSB,MSB:Mamm:262862,"Mus musculus Linnaeus, 1758",2011,PA,FEMALE,adult,13.0,ear from notch=13 mm,age class=adult,https://doi.org/10.15468/dl.5wwfu9
708153,http://arctos.database.museum/guid/MSB:Mamm:263090?seid=1921898,MSB,MSB:Mamm:263090,"Mus musculus Linnaeus, 1758",2011,PA,MALE,adult,15.0,ear from notch=15 mm,age class=adult,https://doi.org/10.15468/dl.5wwfu9
708154,http://arctos.database.museum/guid/MSB:Mamm:263097?seid=1921905,MSB,MSB:Mamm:263097,"Mus musculus Linnaeus, 1758",2011,PA,FEMALE,adult,15.0,ear from notch=15 mm,age class=adult,https://doi.org/10.15468/dl.5wwfu9
708156,http://arctos.database.museum/guid/MSB:Mamm:263136?seid=1921963,MSB,MSB:Mamm:263136,"Mus musculus Linnaeus, 1758",2011,PA,MALE,adult,14.0,ear from notch=14 mm,age class=adult,https://doi.org/10.15468/dl.5wwfu9
708157,http://arctos.database.museum/guid/MSB:Mamm:263157?seid=1921984,MSB,MSB:Mamm:263157,"Mus musculus Linnaeus, 1758",2011,PA,FEMALE,adult,14.0,ear from notch=14 mm,age class=adult,https://doi.org/10.15468/dl.5wwfu9
708158,http://arctos.database.museum/guid/MSB:Mamm:263196?seid=1923851,MSB,MSB:Mamm:263196,"Mus musculus Linnaeus, 1758",2011,PA,FEMALE,adult,14.0,ear from notch=14 mm,age class=adult,https://doi.org/10.15468/dl.5wwfu9
708163,http://arctos.database.museum/guid/MSB:Mamm:263268?seid=1923930,MSB,MSB:Mamm:263268,"Mus musculus Linnaeus, 1758",2011,PA,MALE,adult,14.0,ear from notch=14 mm,reproductive data=Adult,https://doi.org/10.15468/dl.5wwfu9
708165,http://arctos.database.museum/guid/MSB:Mamm:263321?seid=1927181,MSB,MSB:Mamm:263321,"Mus musculus Linnaeus, 1758",2011,PA,HERMAPHRODITE,adult,16.0,ear from notch=16 mm,age class=adult,https://doi.org/10.15468/dl.5wwfu9
708167,http://arctos.database.museum/guid/MSB:Mamm:263339?seid=1927920,MSB,MSB:Mamm:263339,"Mus musculus Linnaeus, 1758",2011,PA,MALE,adult,15.0,ear from notch=15 mm,age class=adult,https://doi.org/10.15468/dl.5wwfu9
708169,http://arctos.database.museum/guid/MSB:Mamm:263406?seid=1927987,MSB,MSB:Mamm:263406,"Mus musculus Linnaeus, 1758",2011,PA,FEMALE,adult,15.0,ear from notch=15 mm,age class=adult,https://doi.org/10.15468/dl.5wwfu9
708171,http://arctos.database.museum/guid/MSB:Mamm:263441?seid=1928653,MSB,MSB:Mamm:263441,"Mus musculus Linnaeus, 1758",2011,PA,FEMALE,adult,15.0,ear from notch=15 mm,age class=adult,https://doi.org/10.15468/dl.5wwfu9
708172,http://arctos.database.museum/guid/MSB:Mamm:263456?seid=1928721,MSB,MSB:Mamm:263456,"Mus musculus Linnaeus, 1758",2011,PA,MALE,adult,14.0,ear from notch=14 mm,age class=adult,https://doi.org/10.15468/dl.5wwfu9
708173,http://arctos.database.museum/guid/MSB:Mamm:263501?seid=1928771,MSB,MSB:Mamm:263501,"Mus musculus Linnaeus, 1758",2011,PA,FEMALE,adult,14.0,ear from notch=14 mm,age class=adult,https://doi.org/10.15468/dl.5wwfu9
708370,http://arctos.database.museum/guid/MSB:Mamm:267710?seid=2079533,MSB,MSB:Mamm:267710,"Mus musculus Linnaeus, 1758",2012,MN,FEMALE,adult,14.0,ear from notch=14 mm,age class=adult,https://doi.org/10.15468/dl.5wwfu9
708400,http://arctos.database.museum/guid/MSB:Mamm:268255?seid=2085058,MSB,MSB:Mamm:268255,"Mus musculus Linnaeus, 1758",2012,MN,MALE,adult,13.0,ear from notch=13 mm,age class=adult,https://doi.org/10.15468/dl.5wwfu9
712999,http://arctos.database.museum/guid/MSB:Mamm:315613?seid=4022618,MSB,MSB:Mamm:315613,"Mus musculus Linnaeus, 1758",2016,PR,FEMALE,adult,10.0,ear from notch=10 mm,age class=adult,https://doi.org/10.15468/dl.5wwfu9
713015,http://arctos.database.museum/guid/MSB:Mamm:315725?seid=4015687,MSB,MSB:Mamm:315725,"Mus musculus Linnaeus, 1758",2016,PR,FEMALE,adult,9.0,ear from notch=9 mm,age class=adult,https://doi.org/10.15468/dl.5wwfu9
713016,http://arctos.database.museum/guid/MSB:Mamm:315730?seid=4015692,MSB,MSB:Mamm:315730,"Mus musculus Linnaeus, 1758",2016,PR,FEMALE,adult,12.0,ear from notch=12 mm,age class=adult,https://doi.org/10.15468/dl.5wwfu9
713017,http://arctos.database.museum/guid/MSB:Mamm:315748?seid=4015710,MSB,MSB:Mamm:315748,"Mus musculus Linnaeus, 1758",2016,PR,MALE,adult,10.0,ear from notch=10 mm,age class=adult,https://doi.org/10.15468/dl.5wwfu9
713018,http://arctos.database.museum/guid/MSB:Mamm:315779?seid=4015741,MSB,MSB:Mamm:315779,"Mus musculus Linnaeus, 1758",2016,PR,MALE,adult,10.0,ear from notch=10 mm,age class=adult,https://doi.org/10.15468/dl.5wwfu9
713019,http://arctos.database.museum/guid/MSB:Mamm:315789?seid=4015751,MSB,MSB:Mamm:315789,"Mus musculus Linnaeus, 1758",2016,PR,MALE,adult,10.0,ear from notch=10 mm,age class=adult,https://doi.org/10.15468/dl.5wwfu9
713020,http://arctos.database.museum/guid/MSB:Mamm:315800?seid=4015762,MSB,MSB:Mamm:315800,"Mus musculus Linnaeus, 1758",2016,PR,MALE,adult,10.0,ear from notch=10 mm,age class=adult,https://doi.org/10.15468/dl.5wwfu9
713023,http://arctos.database.museum/guid/MSB:Mamm:315825?seid=4015787,MSB,MSB:Mamm:315825,"Mus musculus Linnaeus, 1758",2016,PR,FEMALE,adult,10.0,ear from notch=10 mm,age class=adult,https://doi.org/10.15468/dl.5wwfu9
713025,http://arctos.database.museum/guid/MSB:Mamm:315849?seid=4015811,MSB,MSB:Mamm:315849,"Mus musculus Linnaeus, 1758",2016,PR,MALE,adult,11.0,ear from notch=11 mm,age class=adult,https://doi.org/10.15468/dl.5wwfu9
713030,http://arctos.database.museum/guid/MSB:Mamm:315939?seid=4015901,MSB,MSB:Mamm:315939,"Mus musculus Linnaeus, 1758",2016,PR,MALE,adult,10.0,ear from notch=10 mm,age class=adult,https://doi.org/10.15468/dl.5wwfu9
713033,http://arctos.database.museum/guid/MSB:Mamm:316039?seid=4016001,MSB,MSB:Mamm:316039,"Mus musculus Linnaeus, 1758",2016,PR,FEMALE,adult,11.0,ear from notch=11 mm,age class=adult,https://doi.org/10.15468/dl.5wwfu9
713035,http://arctos.database.museum/guid/MSB:Mamm:316106?seid=4016068,MSB,MSB:Mamm:316106,"Mus musculus Linnaeus, 1758",2016,PR,FEMALE,adult,11.0,ear from notch=11 mm,age class=adult,https://doi.org/10.15468/dl.5wwfu9
714335,http://arctos.database.museum/guid/MSB:Mamm:325825?seid=4204113,MSB,MSB:Mamm:325825,"Mus musculus Linnaeus, 1758",2016,US,FEMALE,adult,14.0,ear from notch=14 mm,age class=adult,https://doi.org/10.15468/dl.5wwfu9
714353,http://arctos.database.museum/guid/MSB:Mamm:326062?seid=4223215,MSB,MSB:Mamm:326062,"Mus musculus Linnaeus, 1758",2012,US,MALE,adult,12.0,ear from notch=12 mm,age class=adult,https://doi.org/10.15468/dl.5wwfu9
714508,http://arctos.database.museum/guid/MSB:Mamm:329082?seid=4423045,MSB,MSB:Mamm:329082,"Mus musculus Linnaeus, 1758",2004,PA,MALE,adult,14.0,ear from notch=14 mm,age class=adult,https://doi.org/10.15468/dl.5wwfu9
714762,http://arctos.database.museum/guid/MSB:Mamm:332832?seid=4927878,MSB,MSB:Mamm:332832,"Mus musculus Linnaeus, 1758",2020,US,FEMALE,adult,14.0,ear from notch=14 mm,age class=adult,https://doi.org/10.15468/dl.5wwfu9
714796,http://arctos.database.museum/guid/MSB:Mamm:333443?seid=4983963,MSB,MSB:Mamm:333443,"Mus musculus Linnaeus, 1758",2020,US,MALE,adult,13.0,ear from notch=13 mm,age class=adult,https://doi.org/10.15468/dl.5wwfu9
715169,http://arctos.database.museum/guid/MSB:Mamm:341284?seid=5312199,MSB,MSB:Mamm:341284,"Mus musculus Linnaeus, 1758",2020,US,FEMALE,adult,7.0,ear from notch=7 mm,age class=adult,https://doi.org/10.15468/dl.5wwfu9
715200,http://arctos.database.museum/guid/MSB:Mamm:341907?seid=5402335,MSB,MSB:Mamm:341907,"Mus musculus Linnaeus, 1758",2013,AF,MALE,adult,13.0,ear from notch=13 mm,age class=adult,https://doi.org/10.15468/dl.5wwfu9
715272,http://arctos.database.museum/guid/MSB:Mamm:343131?seid=5658559,MSB,MSB:Mamm:343131,"Mus musculus Linnaeus, 1758",2022,MN,FEMALE,adult,14.0,ear from notch=14 mm,age class=adult,https://doi.org/10.15468/dl.5wwfu9
719546,http://arctos.database.museum/guid/MSB:Mamm:130041?seid=530710,MSB,MSB:Mamm:130041,"Mus musculus Linnaeus, 1758",2001,PA,MALE,adult,9.0,ear from notch=9 mm,age class=adult,https://doi.org/10.15468/dl.5wwfu9
728818,http://arctos.database.museum/guid/MSB:Mamm:262596?seid=1920437,MSB,MSB:Mamm:262596,"Mus musculus Linnaeus, 1758",2011,PA,FEMALE,adult,15.0,ear from notch=15 mm,age class=adult,https://doi.org/10.15468/dl.5wwfu9
728834,http://arctos.database.museum/guid/MSB:Mamm:262827?seid=1921635,MSB,MSB:Mamm:262827,"Mus musculus Linnaeus, 1758",2011,PA,MALE,adult,14.0,ear from notch=14 mm,age class=adult,https://doi.org/10.15468/dl.5wwfu9
728835,http://arctos.database.museum/guid/MSB:Mamm:262843?seid=1921651,MSB,MSB:Mamm:262843,"Mus musculus Linnaeus, 1758",2011,PA,FEMALE,adult,14.0,ear from notch=14 mm,age class=adult,https://doi.org/10.15468/dl.5wwfu9
728849,http://arctos.database.museum/guid/MSB:Mamm:263040?seid=1921848,MSB,MSB:Mamm:263040,"Mus musculus Linnaeus, 1758",2011,PA,FEMALE,adult,13.0,ear from notch=13 mm,age class=adult,https://doi.org/10.15468/dl.5wwfu9
728851,http://arctos.database.museum/guid/MSB:Mamm:263095?seid=1921903,MSB,MSB:Mamm:263095,"Mus musculus Linnaeus, 1758",2011,PA,MALE,adult,13.0,ear from notch=13 mm,age class=adult,https://doi.org/10.15468/dl.5wwfu9
728852,http://arctos.database.museum/guid/MSB:Mamm:263103?seid=1921930,MSB,MSB:Mamm:263103,"Mus musculus Linnaeus, 1758",2011,PA,MALE,adult,14.0,ear from notch=14 mm,age class=adult,https://doi.org/10.15468/dl.5wwfu9
728853,http://arctos.database.museum/guid/MSB:Mamm:263113?seid=1921940,MSB,MSB:Mamm:263113,"Mus musculus Linnaeus, 1758",2011,PA,FEMALE,adult,13.0,ear from notch=13 mm,age class=adult,https://doi.org/10.15468/dl.5wwfu9
728854,http://arctos.database.museum/guid/MSB:Mamm:263123?seid=1921950,MSB,MSB:Mamm:263123,"Mus musculus Linnaeus, 1758",2011,PA,MALE,adult,14.0,ear from notch=14 mm,age class=adult,https://doi.org/10.15468/dl.5wwfu9
728855,http://arctos.database.museum/guid/MSB:Mamm:263134?seid=1921961,MSB,MSB:Mamm:263134,"Mus musculus Linnaeus, 1758",2011,PA,FEMALE,adult,14.0,ear from notch=14 mm,age class=adult,https://doi.org/10.15468/dl.5wwfu9
728856,http://arctos.database.museum/guid/MSB:Mamm:263144?seid=1921971,MSB,MSB:Mamm:263144,"Mus musculus Linnaeus, 1758",2011,PA,FEMALE,adult,13.0,ear from notch=13 mm,age class=adult,https://doi.org/10.15468/dl.5wwfu9
728858,http://arctos.database.museum/guid/MSB:Mamm:263198?seid=1923853,MSB,MSB:Mamm:263198,"Mus musculus Linnaeus, 1758",2011,PA,MALE,adult,14.0,ear from notch=14 mm,age class=adult,https://doi.org/10.15468/dl.5wwfu9
728863,http://arctos.database.museum/guid/MSB:Mamm:263307?seid=1923981,MSB,MSB:Mamm:263307,"Mus musculus Linnaeus, 1758",2011,PA,FEMALE,adult,14.0,ear from notch=14 mm,age class=adult,https://doi.org/10.15468/dl.5wwfu9
728864,http://arctos.database.museum/guid/MSB:Mamm:263317?seid=1927177,MSB,MSB:Mamm:263317,"Mus musculus Linnaeus, 1758",2011,PA,MALE,adult,14.0,ear from notch=14 mm,age class=adult,https://doi.org/10.15468/dl.5wwfu9
728866,http://arctos.database.museum/guid/MSB:Mamm:263403?seid=1927984,MSB,MSB:Mamm:263403,"Mus musculus Linnaeus, 1758",2011,PA,MALE,adult,15.0,ear from notch=15 mm,age class=adult,https://doi.org/10.15468/dl.5wwfu9
728867,http://arctos.database.museum/guid/MSB:Mamm:263420?seid=1928599,MSB,MSB:Mamm:263420,"Mus musculus Linnaeus, 1758",2011,PA,MALE,adult,15.0,ear from notch=15 mm,age class=adult,https://doi.org/10.15468/dl.5wwfu9
728868,http://arctos.database.museum/guid/MSB:Mamm:263427?seid=1928606,MSB,MSB:Mamm:263427,"Mus musculus Linnaeus, 1758",2011,PA,FEMALE,adult,16.0,ear from notch=16 mm,age class=adult,https://doi.org/10.15468/dl.5wwfu9
728869,http://arctos.database.museum/guid/MSB:Mamm:263443?seid=1928655,MSB,MSB:Mamm:263443,"Mus musculus Linnaeus, 1758",2011,PA,FEMALE,adult,15.0,ear from notch=15 mm,age class=adult,https://doi.org/10.15468/dl.5wwfu9
728870,http://arctos.database.museum/guid/MSB:Mamm:263503?seid=1928773,MSB,MSB:Mamm:263503,"Mus musculus Linnaeus, 1758",2011,PA,FEMALE,adult,14.0,ear from notch=14 mm,age class=adult,https://doi.org/10.15468/dl.5wwfu9
728872,http://arctos.database.museum/guid/MSB:Mamm:263524?seid=1928794,MSB,MSB:Mamm:263524,"Mus musculus Linnaeus, 1758",2011,PA,FEMALE,adult,15.0,ear from notch=15 mm,age class=adult,https://doi.org/10.15468/dl.5wwfu9
729061,http://arctos.database.museum/guid/MSB:Mamm:267608?seid=2079388,MSB,MSB:Mamm:267608,"Mus musculus Linnaeus, 1758",2012,MN,MALE,adult,13.0,ear from notch=13 mm,age class=adult,https://doi.org/10.15468/dl.5wwfu9
729064,http://arctos.database.museum/guid/MSB:Mamm:267712?seid=2079535,MSB,MSB:Mamm:267712,"Mus musculus Linnaeus, 1758",2012,MN,MALE,adult,13.0,ear from notch=13 mm,age class=adult,https://doi.org/10.15468/dl.5wwfu9
733418,http://arctos.database.museum/guid/MSB:Mamm:314546?seid=4014347,MSB,MSB:Mamm:314546,"Mus musculus Linnaeus, 1758",2014,US,MALE,adult,15.0,ear from notch=15 mm,age class=adult,https://doi.org/10.15468/dl.5wwfu9
733588,http://arctos.database.museum/guid/MSB:Mamm:315621?seid=4015583,MSB,MSB:Mamm:315621,"Mus musculus Linnaeus, 1758",2016,PR,MALE,adult,9.0,ear from notch=9 mm,age class=adult,https://doi.org/10.15468/dl.5wwfu9
733596,http://arctos.database.museum/guid/MSB:Mamm:315649?seid=4015611,MSB,MSB:Mamm:315649,"Mus musculus Linnaeus, 1758",2016,PR,FEMALE,adult,11.0,ear from notch=11 mm,age class=adult,https://doi.org/10.15468/dl.5wwfu9
733603,http://arctos.database.museum/guid/MSB:Mamm:315706?seid=4015668,MSB,MSB:Mamm:315706,"Mus musculus Linnaeus, 1758",2016,PR,FEMALE,adult,11.0,ear from notch=11 mm,age class=adult,https://doi.org/10.15468/dl.5wwfu9
733610,http://arctos.database.museum/guid/MSB:Mamm:315726?seid=4015688,MSB,MSB:Mamm:315726,"Mus musculus Linnaeus, 1758",2016,PR,MALE,adult,8.0,ear from notch=8 mm,age class=adult,https://doi.org/10.15468/dl.5wwfu9
733616,http://arctos.database.museum/guid/MSB:Mamm:315827?seid=4015789,MSB,MSB:Mamm:315827,"Mus musculus Linnaeus, 1758",2016,PR,FEMALE,adult,11.0,ear from notch=11 mm,age class=adult,https://doi.org/10.15468/dl.5wwfu9
733623,http://arctos.database.museum/guid/MSB:Mamm:315988?seid=4015950,MSB,MSB:Mamm:315988,"Mus musculus Linnaeus, 1758",2016,PR,MALE,adult,12.0,ear from notch=12 mm,age class=adult,https://doi.org/10.15468/dl.5wwfu9
733626,http://arctos.database.museum/guid/MSB:Mamm:316134?seid=4016096,MSB,MSB:Mamm:316134,"Mus musculus Linnaeus, 1758",2016,PR,MALE,adult,10.0,ear from notch=10 mm,age class=adult,https://doi.org/10.15468/dl.5wwfu9
734936,http://arctos.database.museum/guid/MSB:Mamm:326514?seid=4261105,MSB,MSB:Mamm:326514,"Mus musculus Linnaeus, 1758",2019,US,FEMALE,adult,12.0,ear from notch=12 mm,age class=adult,https://doi.org/10.15468/dl.5wwfu9
734946,http://arctos.database.museum/guid/MSB:Mamm:326555?seid=4261155,MSB,MSB:Mamm:326555,"Mus musculus Linnaeus, 1758",2015,US,FEMALE,adult,14.0,ear from notch=14 mm,age class=adult,https://doi.org/10.15468/dl.5wwfu9
735081,http://arctos.database.museum/guid/MSB:Mamm:329063?seid=4423026,MSB,MSB:Mamm:329063,"Mus musculus Linnaeus, 1758",2004,PA,FEMALE,adult,18.0,ear from notch=18 mm,age class=adult,https://doi.org/10.15468/dl.5wwfu9
735367,http://arctos.database.museum/guid/MSB:Mamm:333447?seid=4984085,MSB,MSB:Mamm:333447,"Mus musculus Linnaeus, 1758",2020,US,MALE,adult,14.0,ear from notch=14 mm,age class=adult,https://doi.org/10.15468/dl.5wwfu9
735397,http://arctos.database.museum/guid/MSB:Mamm:333971?seid=5016745,MSB,MSB:Mamm:333971,"Mus musculus Linnaeus, 1758",2019,US,FEMALE,adult,12.0,ear from notch=12 mm,age class=adult,https://doi.org/10.15468/dl.5wwfu9
735702,http://arctos.database.museum/guid/MSB:Mamm:340103?seid=5263591,MSB,MSB:Mamm:340103,"Mus musculus Linnaeus, 1758",2021,US,FEMALE,adult,16.0,ear from notch=16 mm,age class=adult,https://doi.org/10.15468/dl.5wwfu9
735799,http://arctos.database.museum/guid/MSB:Mamm:341920?seid=5402349,MSB,MSB:Mamm:341920,"Mus musculus Linnaeus, 1758",2013,AF,FEMALE,adult,12.0,ear from notch=12 mm,age class=adult,https://doi.org/10.15468/dl.5wwfu9
735809,http://arctos.database.museum/guid/MSB:Mamm:342044?seid=5402703,MSB,MSB:Mamm:342044,"Mus musculus Linnaeus, 1758",2013,AF,MALE,adult,12.0,ear from notch=12 mm,age class=adult,https://doi.org/10.15468/dl.5wwfu9
735862,http://arctos.database.museum/guid/MSB:Mamm:343172?seid=5658600,MSB,MSB:Mamm:343172,"Mus musculus Linnaeus, 1758",2022,MN,FEMALE,adult,14.0,ear from notch=14 mm,age class=adult,https://doi.org/10.15468/dl.5wwfu9
735869,http://arctos.database.museum/guid/MSB:Mamm:343272?seid=5660884,MSB,MSB:Mamm:343272,"Mus musculus Linnaeus, 1758",2022,MN,MALE,adult,13.0,ear from notch=13 mm,age class=adult,https://doi.org/10.15468/dl.5wwfu9
746045,http://arctos.database.museum/guid/MSB:Mamm:130047?seid=1275785,MSB,MSB:Mamm:130047,"Mus musculus Linnaeus, 1758",2001,PA,MALE,adult,9.0,ear from notch=9 mm,age class=adult,https://doi.org/10.15468/dl.5wwfu9
749280,http://arctos.database.museum/guid/MSB:Mamm:262823?seid=1921631,MSB,MSB:Mamm:262823,"Mus musculus Linnaeus, 1758",2011,PA,MALE,adult,13.0,ear from notch=13 mm,age class=adult,https://doi.org/10.15468/dl.5wwfu9
749282,http://arctos.database.museum/guid/MSB:Mamm:262844?seid=1921652,MSB,MSB:Mamm:262844,"Mus musculus Linnaeus, 1758",2011,PA,MALE,adult,13.0,ear from notch=13 mm,age class=adult,https://doi.org/10.15468/dl.5wwfu9
749283,http://arctos.database.museum/guid/MSB:Mamm:262854?seid=1921662,MSB,MSB:Mamm:262854,"Mus musculus Linnaeus, 1758",2011,PA,FEMALE,adult,15.0,ear from notch=15 mm,age class=adult,https://doi.org/10.15468/dl.5wwfu9
749295,http://arctos.database.museum/guid/MSB:Mamm:263096?seid=1921904,MSB,MSB:Mamm:263096,"Mus musculus Linnaeus, 1758",2011,PA,MALE,adult,14.0,ear from notch=14 mm,age class=adult,https://doi.org/10.15468/dl.5wwfu9
749296,http://arctos.database.museum/guid/MSB:Mamm:263114?seid=1921941,MSB,MSB:Mamm:263114,"Mus musculus Linnaeus, 1758",2011,PA,FEMALE,adult,13.0,ear from notch=13 mm,age class=adult,https://doi.org/10.15468/dl.5wwfu9
749297,http://arctos.database.museum/guid/MSB:Mamm:263124?seid=1921951,MSB,MSB:Mamm:263124,"Mus musculus Linnaeus, 1758",2011,PA,MALE,adult,13.0,ear from notch=13 mm,age class=adult,https://doi.org/10.15468/dl.5wwfu9
749298,http://arctos.database.museum/guid/MSB:Mamm:263139?seid=1921966,MSB,MSB:Mamm:263139,"Mus musculus Linnaeus, 1758",2011,PA,FEMALE,adult,15.0,ear from notch=15 mm,age class=adult,https://doi.org/10.15468/dl.5wwfu9
749299,http://arctos.database.museum/guid/MSB:Mamm:263149?seid=1921976,MSB,MSB:Mamm:263149,"Mus musculus Linnaeus, 1758",2011,PA,MALE,adult,14.0,ear from notch=14 mm,age class=adult,https://doi.org/10.15468/dl.5wwfu9
749300,http://arctos.database.museum/guid/MSB:Mamm:263165?seid=1921992,MSB,MSB:Mamm:263165,"Mus musculus Linnaeus, 1758",2011,PA,FEMALE,adult,14.0,ear from notch=14 mm,age class=adult,https://doi.org/10.15468/dl.5wwfu9
749304,http://arctos.database.museum/guid/MSB:Mamm:263295?seid=1923969,MSB,MSB:Mamm:263295,"Mus musculus Linnaeus, 1758",2011,PA,FEMALE,adult,15.0,ear from notch=15 mm,age class=adult,https://doi.org/10.15468/dl.5wwfu9
749305,http://arctos.database.museum/guid/MSB:Mamm:263311?seid=1923993,MSB,MSB:Mamm:263311,"Mus musculus Linnaeus, 1758",2011,PA,FEMALE,adult,14.0,ear from notch=14 mm,age class=adult,https://doi.org/10.15468/dl.5wwfu9
749306,http://arctos.database.museum/guid/MSB:Mamm:263318?seid=1927178,MSB,MSB:Mamm:263318,"Mus musculus Linnaeus, 1758",2011,PA,FEMALE,adult,14.0,ear from notch=14 mm,age class=adult,https://doi.org/10.15468/dl.5wwfu9
749307,http://arctos.database.museum/guid/MSB:Mamm:263328?seid=1927188,MSB,MSB:Mamm:263328,"Mus musculus Linnaeus, 1758",2011,PA,MALE,adult,15.0,ear from notch=15 mm,age class=adult,https://doi.org/10.15468/dl.5wwfu9
749308,http://arctos.database.museum/guid/MSB:Mamm:263334?seid=1927194,MSB,MSB:Mamm:263334,"Mus musculus Linnaeus, 1758",2011,PA,FEMALE,adult,15.0,ear from notch=15 mm,age class=adult,https://doi.org/10.15468/dl.5wwfu9
749352,http://arctos.database.museum/guid/MSB:Mamm:264420?seid=1950463,MSB,MSB:Mamm:264420,"Mus musculus Linnaeus, 1758",2006,PA,FEMALE,adult,14.0,ear from notch=14 mm,age class=adult,https://doi.org/10.15468/dl.5wwfu9
749385,http://arctos.database.museum/guid/MSB:Mamm:264973?seid=1978323,MSB,MSB:Mamm:264973,"Mus musculus Linnaeus, 1758",2012,MN,FEMALE,adult,16.0,ear from notch=16 mm,age class=adult,https://doi.org/10.15468/dl.5wwfu9
749529,http://arctos.database.museum/guid/MSB:Mamm:268428?seid=2087841,MSB,MSB:Mamm:268428,"Mus musculus Linnaeus, 1758",2012,MN,FEMALE,adult,13.0,ear from notch=13 mm,age class=adult,https://doi.org/10.15468/dl.5wwfu9
750453,http://arctos.database.museum/guid/MSB:Mamm:288239?seid=3074617,MSB,MSB:Mamm:288239,"Mus musculus Linnaeus, 1758",2004,PA,MALE,adult,13.0,ear from notch=13 mm,age class=adult,https://doi.org/10.15468/dl.5wwfu9
751004,http://arctos.database.museum/guid/MSB:Mamm:298915?seid=3670187,MSB,MSB:Mamm:298915,"Mus musculus Linnaeus, 1758",2009,PA,MALE,adult,14.0,ear from notch=14 mm,age class=adult,https://doi.org/10.15468/dl.5wwfu9
754027,http://arctos.database.museum/guid/MSB:Mamm:315606?seid=4015568,MSB,MSB:Mamm:315606,"Mus musculus Linnaeus, 1758",2016,PR,MALE,adult,11.0,ear from notch=11 mm,age class=adult,https://doi.org/10.15468/dl.5wwfu9
754028,http://arctos.database.museum/guid/MSB:Mamm:315616?seid=4015578,MSB,MSB:Mamm:315616,"Mus musculus Linnaeus, 1758",2016,PR,MALE,adult,12.0,ear from notch=12 mm,age class=adult,https://doi.org/10.15468/dl.5wwfu9
754036,http://arctos.database.museum/guid/MSB:Mamm:315702?seid=4015664,MSB,MSB:Mamm:315702,"Mus musculus Linnaeus, 1758",2016,PR,MALE,adult,10.0,ear from notch=10 mm,age class=adult,https://doi.org/10.15468/dl.5wwfu9
754039,http://arctos.database.museum/guid/MSB:Mamm:315723?seid=4015685,MSB,MSB:Mamm:315723,"Mus musculus Linnaeus, 1758",2016,PR,FEMALE,adult,10.0,ear from notch=10 mm,age class=adult,https://doi.org/10.15468/dl.5wwfu9
754043,http://arctos.database.museum/guid/MSB:Mamm:315807?seid=4015769,MSB,MSB:Mamm:315807,"Mus musculus Linnaeus, 1758",2016,PR,MALE,adult,10.0,ear from notch=10 mm,age class=adult,https://doi.org/10.15468/dl.5wwfu9
754045,http://arctos.database.museum/guid/MSB:Mamm:315888?seid=4015850,MSB,MSB:Mamm:315888,"Mus musculus Linnaeus, 1758",2016,PR,FEMALE,adult,10.0,ear from notch=10 mm,age class=adult,https://doi.org/10.15468/dl.5wwfu9
754047,http://arctos.database.museum/guid/MSB:Mamm:315914?seid=4015876,MSB,MSB:Mamm:315914,"Mus musculus Linnaeus, 1758",2016,PR,MALE,adult,11.0,ear from notch=11 mm,age class=adult,https://doi.org/10.15468/dl.5wwfu9
754048,http://arctos.database.museum/guid/MSB:Mamm:315924?seid=4015886,MSB,MSB:Mamm:315924,"Mus musculus Linnaeus, 1758",2016,PR,FEMALE,adult,11.0,ear from notch=11 mm,age class=adult,https://doi.org/10.15468/dl.5wwfu9
754049,http://arctos.database.museum/guid/MSB:Mamm:315935?seid=4015897,MSB,MSB:Mamm:315935,"Mus musculus Linnaeus, 1758",2016,PR,FEMALE,adult,10.0,ear from notch=10 mm,age class=adult,https://doi.org/10.15468/dl.5wwfu9
754050,http://arctos.database.museum/guid/MSB:Mamm:315958?seid=4015920,MSB,MSB:Mamm:315958,"Mus musculus Linnaeus, 1758",2016,PR,FEMALE,adult,9.0,ear from notch=9 mm,age class=adult,https://doi.org/10.15468/dl.5wwfu9
754052,http://arctos.database.museum/guid/MSB:Mamm:315989?seid=4015951,MSB,MSB:Mamm:315989,"Mus musculus Linnaeus, 1758",2016,PR,MALE,adult,12.0,ear from notch=12 mm,age class=adult,https://doi.org/10.15468/dl.5wwfu9
754053,http://arctos.database.museum/guid/MSB:Mamm:316008?seid=4015970,MSB,MSB:Mamm:316008,"Mus musculus Linnaeus, 1758",2016,PR,MALE,adult,11.0,ear from notch=11 mm,age class=adult,https://doi.org/10.15468/dl.5wwfu9
754055,http://arctos.database.museum/guid/MSB:Mamm:316068?seid=4016030,MSB,MSB:Mamm:316068,"Mus musculus Linnaeus, 1758",2016,PR,FEMALE,adult,10.0,ear from notch=10 mm,age class=adult,https://doi.org/10.15468/dl.5wwfu9
754056,http://arctos.database.museum/guid/MSB:Mamm:316088?seid=4016050,MSB,MSB:Mamm:316088,"Mus musculus Linnaeus, 1758",2016,PR,MALE,adult,12.0,ear from notch=12 mm,age class=adult,https://doi.org/10.15468/dl.5wwfu9
754059,http://arctos.database.museum/guid/MSB:Mamm:316125?seid=4016087,MSB,MSB:Mamm:316125,"Mus musculus Linnaeus, 1758",2016,PR,MALE,adult,10.0,ear from notch=10 mm,age class=adult,https://doi.org/10.15468/dl.5wwfu9
754060,http://arctos.database.museum/guid/MSB:Mamm:316135?seid=4016097,MSB,MSB:Mamm:316135,"Mus musculus Linnaeus, 1758",2016,PR,MALE,adult,10.0,ear from notch=10 mm,age class=adult,https://doi.org/10.15468/dl.5wwfu9
755390,http://arctos.database.museum/guid/MSB:Mamm:326551?seid=4261151,MSB,MSB:Mamm:326551,"Mus musculus Linnaeus, 1758",2015,US,FEMALE,adult,14.0,ear from notch=14 mm,age class=adult,https://doi.org/10.15468/dl.5wwfu9
755519,http://arctos.database.museum/guid/MSB:Mamm:329080?seid=4423043,MSB,MSB:Mamm:329080,"Mus musculus Linnaeus, 1758",2004,PA,FEMALE,adult,15.0,ear from notch=15 mm,age class=adult,https://doi.org/10.15468/dl.5wwfu9
756221,http://arctos.database.museum/guid/MSB:Mamm:341560?seid=5349523,MSB,MSB:Mamm:341560,"Mus musculus Linnaeus, 1758",2022,US,MALE,adult,15.0,ear from notch=15 mm,age class=adult,https://doi.org/10.15468/dl.5wwfu9
756231,http://arctos.database.museum/guid/MSB:Mamm:341780?seid=5376259,MSB,MSB:Mamm:341780,"Mus musculus Linnaeus, 1758",2016,US,MALE,adult,14.0,ear from notch=14 mm,age class=adult,https://doi.org/10.15468/dl.5wwfu9
756250,http://arctos.database.museum/guid/MSB:Mamm:342142?seid=5419717,MSB,MSB:Mamm:342142,"Mus musculus Linnaeus, 1758",2022,US,MALE,adult,14.0,ear from notch=14 mm,age class=adult,https://doi.org/10.15468/dl.5wwfu9
756252,http://arctos.database.museum/guid/MSB:Mamm:342202?seid=5419934,MSB,MSB:Mamm:342202,"Mus musculus Linnaeus, 1758",2022,US,MALE,adult,13.0,ear from notch=13 mm,age class=adult,https://doi.org/10.15468/dl.5wwfu9
756298,http://arctos.database.museum/guid/MSB:Mamm:343093?seid=5658521,MSB,MSB:Mamm:343093,"Mus musculus Linnaeus, 1758",2022,MN,FEMALE,adult,13.0,ear from notch=13 mm,age class=adult,https://doi.org/10.15468/dl.5wwfu9
756307,http://arctos.database.museum/guid/MSB:Mamm:343273?seid=5660885,MSB,MSB:Mamm:343273,"Mus musculus Linnaeus, 1758",2022,MN,FEMALE,adult,14.0,ear from notch=14 mm,age class=adult,https://doi.org/10.15468/dl.5wwfu9
760603,http://arctos.database.museum/guid/MSB:Mamm:130048?seid=109526,MSB,MSB:Mamm:130048,"Mus musculus Linnaeus, 1758",2001,PA,MALE,adult,9.0,ear from notch=9 mm,age class=adult,https://doi.org/10.15468/dl.5wwfu9
763222,http://arctos.database.museum/guid/MSB:Mamm:229936?seid=954563,MSB,MSB:Mamm:229936,"Mus musculus Linnaeus, 1758",1991,US,MALE,adult,14.0,ear from notch=14 mm,age class=adult,https://doi.org/10.15468/dl.5wwfu9
769805,http://arctos.database.museum/guid/MSB:Mamm:262829?seid=1921637,MSB,MSB:Mamm:262829,"Mus musculus Linnaeus, 1758",2011,PA,FEMALE,adult,13.0,ear from notch=13 mm,age class=adult,https://doi.org/10.15468/dl.5wwfu9
769806,http://arctos.database.museum/guid/MSB:Mamm:262856?seid=1921664,MSB,MSB:Mamm:262856,"Mus musculus Linnaeus, 1758",2011,PA,FEMALE,adult,13.0,ear from notch=13 mm,age class=adult,https://doi.org/10.15468/dl.5wwfu9
769817,http://arctos.database.museum/guid/MSB:Mamm:263093?seid=1921901,MSB,MSB:Mamm:263093,"Mus musculus Linnaeus, 1758",2011,PA,MALE,adult,14.0,ear from notch=14 mm,age class=adult,https://doi.org/10.15468/dl.5wwfu9
769818,http://arctos.database.museum/guid/MSB:Mamm:263105?seid=1921932,MSB,MSB:Mamm:263105,"Mus musculus Linnaeus, 1758",2011,PA,FEMALE,adult,14.0,ear from notch=14 mm,age class=adult,https://doi.org/10.15468/dl.5wwfu9
769819,http://arctos.database.museum/guid/MSB:Mamm:263126?seid=1921953,MSB,MSB:Mamm:263126,"Mus musculus Linnaeus, 1758",2011,PA,MALE,adult,13.0,ear from notch=13 mm,age class=adult,https://doi.org/10.15468/dl.5wwfu9
769820,http://arctos.database.museum/guid/MSB:Mamm:263147?seid=1921974,MSB,MSB:Mamm:263147,"Mus musculus Linnaeus, 1758",2011,PA,FEMALE,adult,14.0,ear from notch=14 mm,age class=adult,https://doi.org/10.15468/dl.5wwfu9
769821,http://arctos.database.museum/guid/MSB:Mamm:263163?seid=1921990,MSB,MSB:Mamm:263163,"Mus musculus Linnaeus, 1758",2011,PA,MALE,adult,14.0,ear from notch=14 mm,age class=adult,https://doi.org/10.15468/dl.5wwfu9
769822,http://arctos.database.museum/guid/MSB:Mamm:263202?seid=1923857,MSB,MSB:Mamm:263202,"Mus musculus Linnaeus, 1758",2011,PA,MALE,adult,14.0,ear from notch=14 mm,age class=adult,https://doi.org/10.15468/dl.5wwfu9
769826,http://arctos.database.museum/guid/MSB:Mamm:263258?seid=1923920,MSB,MSB:Mamm:263258,"Mus musculus Linnaeus, 1758",2011,PA,MALE,adult,14.0,ear from notch=14 mm,age class=adult,https://doi.org/10.15468/dl.5wwfu9
769827,http://arctos.database.museum/guid/MSB:Mamm:263278?seid=1923940,MSB,MSB:Mamm:263278,"Mus musculus Linnaeus, 1758",2011,PA,FEMALE,adult,15.0,ear from notch=15 mm,age class=adult,https://doi.org/10.15468/dl.5wwfu9
769828,http://arctos.database.museum/guid/MSB:Mamm:263315?seid=1927175,MSB,MSB:Mamm:263315,"Mus musculus Linnaeus, 1758",2011,PA,MALE,adult,14.0,ear from notch=14 mm,age class=adult,https://doi.org/10.15468/dl.5wwfu9
769829,http://arctos.database.museum/guid/MSB:Mamm:263326?seid=1927186,MSB,MSB:Mamm:263326,"Mus musculus Linnaeus, 1758",2011,PA,FEMALE,adult,15.0,ear from notch=15 mm,age class=adult,https://doi.org/10.15468/dl.5wwfu9
769831,http://arctos.database.museum/guid/MSB:Mamm:263349?seid=1927930,MSB,MSB:Mamm:263349,"Mus musculus Linnaeus, 1758",2011,PA,FEMALE,adult,16.0,ear from notch=16 mm,age class=adult,https://doi.org/10.15468/dl.5wwfu9
769833,http://arctos.database.museum/guid/MSB:Mamm:263421?seid=1928600,MSB,MSB:Mamm:263421,"Mus musculus Linnaeus, 1758",2011,PA,FEMALE,adult,15.0,ear from notch=15 mm,age class=adult,https://doi.org/10.15468/dl.5wwfu9
769834,http://arctos.database.museum/guid/MSB:Mamm:263435?seid=1928647,MSB,MSB:Mamm:263435,"Mus musculus Linnaeus, 1758",2011,PA,FEMALE,adult,15.0,ear from notch=15 mm,age class=adult,https://doi.org/10.15468/dl.5wwfu9
769835,http://arctos.database.museum/guid/MSB:Mamm:263445?seid=1928657,MSB,MSB:Mamm:263445,"Mus musculus Linnaeus, 1758",2011,PA,unknown,adult,14.0,ear from notch=14 mm,age class=adult,https://doi.org/10.15468/dl.5wwfu9
769837,http://arctos.database.museum/guid/MSB:Mamm:263506?seid=1928776,MSB,MSB:Mamm:263506,"Mus musculus Linnaeus, 1758",2011,PA,unknown,adult,14.0,ear from notch=14 mm,age class=adult,https://doi.org/10.15468/dl.5wwfu9
769839,http://arctos.database.museum/guid/MSB:Mamm:263526?seid=1928796,MSB,MSB:Mamm:263526,"Mus musculus Linnaeus, 1758",2011,PA,FEMALE,adult,15.0,ear from notch=15 mm,age class=adult,https://doi.org/10.15468/dl.5wwfu9
770055,http://arctos.database.museum/guid/MSB:Mamm:268130?seid=2083074,MSB,MSB:Mamm:268130,"Mus musculus Linnaeus, 1758",2012,MN,FEMALE,adult,13.0,ear from notch=13 mm,age class=adult,https://doi.org/10.15468/dl.5wwfu9
770980,http://arctos.database.museum/guid/MSB:Mamm:288237?seid=3074615,MSB,MSB:Mamm:288237,"Mus musculus Linnaeus, 1758",2004,PA,MALE,adult,12.0,ear from notch=12 mm,age class=adult,https://doi.org/10.15468/dl.5wwfu9
771539,http://arctos.database.museum/guid/MSB:Mamm:298912?seid=3670184,MSB,MSB:Mamm:298912,"Mus musculus Linnaeus, 1758",2006,PA,FEMALE,adult,14.0,ear from notch=14 mm,age class=adult,https://doi.org/10.15468/dl.5wwfu9
772729,http://arctos.database.museum/guid/MSB:Mamm:306210?seid=3954465,MSB,MSB:Mamm:306210,"Mus musculus Linnaeus, 1758",2015,US,FEMALE,adult,14.0,ear from notch=14 mm,age class=adult,https://doi.org/10.15468/dl.5wwfu9
773484,http://arctos.database.museum/guid/MSB:Mamm:310507?seid=3995105,MSB,MSB:Mamm:310507,"Mus musculus Linnaeus, 1758",2014,US,MALE,adult,11.0,ear from notch=11 mm,age class=adult,https://doi.org/10.15468/dl.5wwfu9
774547,http://arctos.database.museum/guid/MSB:Mamm:315699?seid=4015661,MSB,MSB:Mamm:315699,"Mus musculus Linnaeus, 1758",2016,PR,MALE,adult,9.0,ear from notch=9 mm,age class=adult,https://doi.org/10.15468/dl.5wwfu9
774548,http://arctos.database.museum/guid/MSB:Mamm:315709?seid=4022621,MSB,MSB:Mamm:315709,"Mus musculus Linnaeus, 1758",2016,PR,MALE,adult,11.0,ear from notch=11 mm,age class=adult,https://doi.org/10.15468/dl.5wwfu9
774562,http://arctos.database.museum/guid/MSB:Mamm:315799?seid=4015761,MSB,MSB:Mamm:315799,"Mus musculus Linnaeus, 1758",2016,PR,FEMALE,adult,11.0,ear from notch=11 mm,age class=adult,https://doi.org/10.15468/dl.5wwfu9
774563,http://arctos.database.museum/guid/MSB:Mamm:315805?seid=4015767,MSB,MSB:Mamm:315805,"Mus musculus Linnaeus, 1758",2016,PR,MALE,adult,12.0,ear from notch=12 mm,age class=adult,https://doi.org/10.15468/dl.5wwfu9
774567,http://arctos.database.museum/guid/MSB:Mamm:315831?seid=4015793,MSB,MSB:Mamm:315831,"Mus musculus Linnaeus, 1758",2016,PR,FEMALE,adult,8.0,ear from notch=8 mm,age class=adult,https://doi.org/10.15468/dl.5wwfu9
774568,http://arctos.database.museum/guid/MSB:Mamm:315838?seid=4015800,MSB,MSB:Mamm:315838,"Mus musculus Linnaeus, 1758",2017,PR,MALE,adult,11.0,ear from notch=11 mm,age class=adult,https://doi.org/10.15468/dl.5wwfu9
774569,http://arctos.database.museum/guid/MSB:Mamm:315859?seid=4015821,MSB,MSB:Mamm:315859,"Mus musculus Linnaeus, 1758",2016,PR,FEMALE,adult,9.0,ear from notch=9 mm,age class=adult,https://doi.org/10.15468/dl.5wwfu9
774574,http://arctos.database.museum/guid/MSB:Mamm:315926?seid=4015888,MSB,MSB:Mamm:315926,"Mus musculus Linnaeus, 1758",2016,PR,FEMALE,adult,10.0,ear from notch=10 mm,age class=adult,https://doi.org/10.15468/dl.5wwfu9
774576,http://arctos.database.museum/guid/MSB:Mamm:315949?seid=4015911,MSB,MSB:Mamm:315949,"Mus musculus Linnaeus, 1758",2016,PR,MALE,adult,9.0,ear from notch=9 mm,age class=adult,https://doi.org/10.15468/dl.5wwfu9
774578,http://arctos.database.museum/guid/MSB:Mamm:316049?seid=4016011,MSB,MSB:Mamm:316049,"Mus musculus Linnaeus, 1758",2016,PR,FEMALE,adult,11.0,ear from notch=11 mm,age class=adult,https://doi.org/10.15468/dl.5wwfu9
774584,http://arctos.database.museum/guid/MSB:Mamm:316132?seid=4016094,MSB,MSB:Mamm:316132,"Mus musculus Linnaeus, 1758",2016,PR,MALE,adult,9.0,ear from notch=9 mm,age class=adult,https://doi.org/10.15468/dl.5wwfu9
775874,http://arctos.database.museum/guid/MSB:Mamm:326512?seid=4261103,MSB,MSB:Mamm:326512,"Mus musculus Linnaeus, 1758",2019,US,FEMALE,adult,14.0,ear from notch=14 mm,age class=adult,https://doi.org/10.15468/dl.5wwfu9
775882,http://arctos.database.museum/guid/MSB:Mamm:326568?seid=4261168,MSB,MSB:Mamm:326568,"Mus musculus Linnaeus, 1758",2014,US,FEMALE,adult,12.0,ear from notch=12 mm,age class=adult,https://doi.org/10.15468/dl.5wwfu9
776260,http://arctos.database.museum/guid/MSB:Mamm:332721?seid=4927767,MSB,MSB:Mamm:332721,"Mus musculus Linnaeus, 1758",2019,US,FEMALE,adult,15.0,ear from notch=15 mm,age class=adult,https://doi.org/10.15468/dl.5wwfu9
776780,http://arctos.database.museum/guid/MSB:Mamm:343095?seid=5658523,MSB,MSB:Mamm:343095,"Mus musculus Linnaeus, 1758",2022,MN,MALE,adult,13.0,ear from notch=13 mm,age class=adult,https://doi.org/10.15468/dl.5wwfu9
777619,http://arctos.database.museum/guid/MSB:Mamm:96055?seid=59847,MSB,MSB:Mamm:96055,"Mus musculus Linnaeus, 1758",2000,PA,MALE,adult,13.0,ear from notch=13 mm,age class=adult,https://doi.org/10.15468/dl.5wwfu9
781563,http://arctos.database.museum/guid/MSB:Mamm:149962?seid=831296,MSB,MSB:Mamm:149962,"Mus musculus Linnaeus, 1758",2004,RU,MALE,adult,12.3,ear from notch=12.3 mm,age class=adult,https://doi.org/10.15468/dl.5wwfu9
790200,http://arctos.database.museum/guid/MSB:Mamm:250024?seid=1851016,MSB,MSB:Mamm:250024,"Mus musculus Linnaeus, 1758",2011,MN,FEMALE,adult,13.0,ear from notch=13 mm,age class=adult,https://doi.org/10.15468/dl.5wwfu9
790563,http://arctos.database.museum/guid/MSB:Mamm:263027?seid=1921835,MSB,MSB:Mamm:263027,"Mus musculus Linnaeus, 1758",2011,PA,FEMALE,adult,14.0,ear from notch=14 mm,age class=adult,https://doi.org/10.15468/dl.5wwfu9
790564,http://arctos.database.museum/guid/MSB:Mamm:263037?seid=1921845,MSB,MSB:Mamm:263037,"Mus musculus Linnaeus, 1758",2011,PA,MALE,adult,14.0,ear from notch=14 mm,age class=adult,https://doi.org/10.15468/dl.5wwfu9
790565,http://arctos.database.museum/guid/MSB:Mamm:263048?seid=1921856,MSB,MSB:Mamm:263048,"Mus musculus Linnaeus, 1758",2011,PA,MALE,adult,14.0,ear from notch=14 mm,age class=adult,https://doi.org/10.15468/dl.5wwfu9
790566,http://arctos.database.museum/guid/MSB:Mamm:263058?seid=1921866,MSB,MSB:Mamm:263058,"Mus musculus Linnaeus, 1758",2011,PA,MALE,adult,14.0,ear from notch=14 mm,age class=adult,https://doi.org/10.15468/dl.5wwfu9
790569,http://arctos.database.museum/guid/MSB:Mamm:263150?seid=1921977,MSB,MSB:Mamm:263150,"Mus musculus Linnaeus, 1758",2011,PA,MALE,adult,15.0,ear from notch=15 mm,age class=adult,https://doi.org/10.15468/dl.5wwfu9
790570,http://arctos.database.museum/guid/MSB:Mamm:263167?seid=1922048,MSB,MSB:Mamm:263167,"Mus musculus Linnaeus, 1758",2011,PA,FEMALE,adult,14.0,ear from notch=14 mm,age class=adult,https://doi.org/10.15468/dl.5wwfu9
790572,http://arctos.database.museum/guid/MSB:Mamm:263193?seid=1922296,MSB,MSB:Mamm:263193,"Mus musculus Linnaeus, 1758",2011,PA,FEMALE,adult,15.0,ear from notch=15 mm,age class=adult,https://doi.org/10.15468/dl.5wwfu9
790576,http://arctos.database.museum/guid/MSB:Mamm:263265?seid=1923927,MSB,MSB:Mamm:263265,"Mus musculus Linnaeus, 1758",2011,PA,MALE,adult,14.0,ear from notch=14 mm,age class=adult,https://doi.org/10.15468/dl.5wwfu9
790577,http://arctos.database.museum/guid/MSB:Mamm:263276?seid=1923938,MSB,MSB:Mamm:263276,"Mus musculus Linnaeus, 1758",2011,PA,FEMALE,adult,16.0,ear from notch=16 mm,age class=adult,https://doi.org/10.15468/dl.5wwfu9
790579,http://arctos.database.museum/guid/MSB:Mamm:263302?seid=1923976,MSB,MSB:Mamm:263302,"Mus musculus Linnaeus, 1758",2011,PA,FEMALE,adult,15.0,ear from notch=15 mm,age class=adult,https://doi.org/10.15468/dl.5wwfu9
790580,http://arctos.database.museum/guid/MSB:Mamm:263346?seid=1927927,MSB,MSB:Mamm:263346,"Mus musculus Linnaeus, 1758",2011,PA,FEMALE,adult,15.0,ear from notch=15 mm,age class=adult,https://doi.org/10.15468/dl.5wwfu9
790582,http://arctos.database.museum/guid/MSB:Mamm:263373?seid=1927954,MSB,MSB:Mamm:263373,"Mus musculus Linnaeus, 1758",2011,PA,MALE,adult,16.0,ear from notch=16 mm,age class=adult,https://doi.org/10.15468/dl.5wwfu9
790583,http://arctos.database.museum/guid/MSB:Mamm:263383?seid=1927964,MSB,MSB:Mamm:263383,"Mus musculus Linnaeus, 1758",2011,PA,FEMALE,adult,15.0,ear from notch=15 mm,age class=adult,https://doi.org/10.15468/dl.5wwfu9
790584,http://arctos.database.museum/guid/MSB:Mamm:263398?seid=1927979,MSB,MSB:Mamm:263398,"Mus musculus Linnaeus, 1758",2011,PA,,adult,15.0,ear from notch=15 mm,age class=adult,https://doi.org/10.15468/dl.5wwfu9
790585,http://arctos.database.museum/guid/MSB:Mamm:263417?seid=1928596,MSB,MSB:Mamm:263417,"Mus musculus Linnaeus, 1758",2011,PA,FEMALE,adult,15.0,ear from notch=15 mm,age class=adult,https://doi.org/10.15468/dl.5wwfu9
790587,http://arctos.database.museum/guid/MSB:Mamm:263473?seid=1928743,MSB,MSB:Mamm:263473,"Mus musculus Linnaeus, 1758",2011,PA,FEMALE,adult,15.0,ear from notch=15 mm,age class=adult,https://doi.org/10.15468/dl.5wwfu9
790588,http://arctos.database.museum/guid/MSB:Mamm:263483?seid=1928753,MSB,MSB:Mamm:263483,"Mus musculus Linnaeus, 1758",2011,PA,FEMALE,adult,14.0,ear from notch=14 mm,age class=adult,https://doi.org/10.15468/dl.5wwfu9
790589,http://arctos.database.museum/guid/MSB:Mamm:263498?seid=1928768,MSB,MSB:Mamm:263498,"Mus musculus Linnaeus, 1758",2011,PA,FEMALE,adult,15.0,ear from notch=15 mm,age class=adult,https://doi.org/10.15468/dl.5wwfu9
790638,http://arctos.database.museum/guid/MSB:Mamm:264483?seid=1950526,MSB,MSB:Mamm:264483,"Mus musculus Linnaeus, 1758",2006,PA,MALE,adult,14.0,ear from notch=14 mm,age class=adult,https://doi.org/10.15468/dl.5wwfu9
790815,http://arctos.database.museum/guid/MSB:Mamm:268152?seid=2084652,MSB,MSB:Mamm:268152,"Mus musculus Linnaeus, 1758",2012,MN,FEMALE,adult,14.0,ear from notch=14 mm,age class=adult,https://doi.org/10.15468/dl.5wwfu9
790817,http://arctos.database.museum/guid/MSB:Mamm:268177?seid=2084677,MSB,MSB:Mamm:268177,"Mus musculus Linnaeus, 1758",2012,MN,FEMALE,adult,13.0,ear from notch=13 mm,age class=adult,https://doi.org/10.15468/dl.5wwfu9
792304,http://arctos.database.museum/guid/MSB:Mamm:298933?seid=3670205,MSB,MSB:Mamm:298933,"Mus musculus Linnaeus, 1758",2009,PA,MALE,adult,15.0,ear from notch=15 mm,age class=adult,https://doi.org/10.15468/dl.5wwfu9
793590,http://arctos.database.museum/guid/MSB:Mamm:306208?seid=3954463,MSB,MSB:Mamm:306208,"Mus musculus Linnaeus, 1758",2015,US,MALE,adult,14.0,ear from notch=14 mm,age class=adult,https://doi.org/10.15468/dl.5wwfu9
795399,http://arctos.database.museum/guid/MSB:Mamm:315608?seid=4022617,MSB,MSB:Mamm:315608,"Mus musculus Linnaeus, 1758",2016,PR,MALE,adult,10.0,ear from notch=10 mm,age class=adult,https://doi.org/10.15468/dl.5wwfu9
795400,http://arctos.database.museum/guid/MSB:Mamm:315628?seid=4015590,MSB,MSB:Mamm:315628,"Mus musculus Linnaeus, 1758",2016,PR,MALE,adult,11.0,ear from notch=11 mm,age class=adult,https://doi.org/10.15468/dl.5wwfu9
795402,http://arctos.database.museum/guid/MSB:Mamm:315650?seid=4015612,MSB,MSB:Mamm:315650,"Mus musculus Linnaeus, 1758",2016,PR,MALE,adult,11.0,ear from notch=11 mm,age class=adult,https://doi.org/10.15468/dl.5wwfu9
795404,http://arctos.database.museum/guid/MSB:Mamm:315675?seid=4015637,MSB,MSB:Mamm:315675,"Mus musculus Linnaeus, 1758",2016,PR,FEMALE,adult,9.0,ear from notch=9 mm,age class=adult,https://doi.org/10.15468/dl.5wwfu9
795416,http://arctos.database.museum/guid/MSB:Mamm:315776?seid=4015738,MSB,MSB:Mamm:315776,"Mus musculus Linnaeus, 1758",2016,PR,MALE,adult,9.0,ear from notch=9 mm,age class=adult,https://doi.org/10.15468/dl.5wwfu9
795420,http://arctos.database.museum/guid/MSB:Mamm:315809?seid=4015771,MSB,MSB:Mamm:315809,"Mus musculus Linnaeus, 1758",2016,PR,MALE,adult,9.0,ear from notch=9 mm,age class=adult,https://doi.org/10.15468/dl.5wwfu9
795421,http://arctos.database.museum/guid/MSB:Mamm:315852?seid=4015814,MSB,MSB:Mamm:315852,"Mus musculus Linnaeus, 1758",2016,PR,FEMALE,adult,12.0,ear from notch=12 mm,age class=adult,https://doi.org/10.15468/dl.5wwfu9
795425,http://arctos.database.museum/guid/MSB:Mamm:315893?seid=4015855,MSB,MSB:Mamm:315893,"Mus musculus Linnaeus, 1758",2016,PR,FEMALE,adult,10.0,ear from notch=10 mm,age class=adult,https://doi.org/10.15468/dl.5wwfu9
795427,http://arctos.database.museum/guid/MSB:Mamm:315957?seid=4015919,MSB,MSB:Mamm:315957,"Mus musculus Linnaeus, 1758",2016,PR,MALE,adult,13.0,ear from notch=13 mm,age class=adult,https://doi.org/10.15468/dl.5wwfu9
795428,http://arctos.database.museum/guid/MSB:Mamm:315967?seid=4015929,MSB,MSB:Mamm:315967,"Mus musculus Linnaeus, 1758",2016,PR,FEMALE,adult,11.0,ear from notch=11 mm,age class=adult,https://doi.org/10.15468/dl.5wwfu9
795430,http://arctos.database.museum/guid/MSB:Mamm:316007?seid=4015969,MSB,MSB:Mamm:316007,"Mus musculus Linnaeus, 1758",2016,PR,FEMALE,adult,11.0,ear from notch=11 mm,age class=adult,https://doi.org/10.15468/dl.5wwfu9
795437,http://arctos.database.museum/guid/MSB:Mamm:316052?seid=4016014,MSB,MSB:Mamm:316052,"Mus musculus Linnaeus, 1758",2016,PR,FEMALE,adult,10.0,ear from notch=10 mm,age class=adult,https://doi.org/10.15468/dl.5wwfu9
795438,http://arctos.database.museum/guid/MSB:Mamm:316067?seid=4016029,MSB,MSB:Mamm:316067,"Mus musculus Linnaeus, 1758",2016,PR,FEMALE,adult,9.0,ear from notch=9 mm,age class=adult,https://doi.org/10.15468/dl.5wwfu9
795439,http://arctos.database.museum/guid/MSB:Mamm:316077?seid=4016039,MSB,MSB:Mamm:316077,"Mus musculus Linnaeus, 1758",2016,PR,MALE,adult,10.0,ear from notch=10 mm,age class=adult,https://doi.org/10.15468/dl.5wwfu9
795440,http://arctos.database.museum/guid/MSB:Mamm:316093?seid=4016055,MSB,MSB:Mamm:316093,"Mus musculus Linnaeus, 1758",2016,PR,FEMALE,adult,12.0,ear from notch=12 mm,age class=adult,https://doi.org/10.15468/dl.5wwfu9
796609,http://arctos.database.museum/guid/MSB:Mamm:323180?seid=4086462,MSB,MSB:Mamm:323180,"Mus musculus Linnaeus, 1758",2016,US,FEMALE,adult,14.0,ear from notch=14 mm,age class=adult,https://doi.org/10.15468/dl.5wwfu9
796617,http://arctos.database.museum/guid/MSB:Mamm:323258?seid=4102735,MSB,MSB:Mamm:323258,"Mus musculus Linnaeus, 1758",2015,US,FEMALE,adult,14.0,ear from notch=14 mm,age class=adult,https://doi.org/10.15468/dl.5wwfu9
797606,http://arctos.database.museum/guid/MSB:Mamm:341269?seid=5312182,MSB,MSB:Mamm:341269,"Mus musculus Linnaeus, 1758",2019,US,FEMALE,adult,10.0,ear from notch=10 mm,age class=adult,https://doi.org/10.15468/dl.5wwfu9
797608,http://arctos.database.museum/guid/MSB:Mamm:341287?seid=5312216,MSB,MSB:Mamm:341287,"Mus musculus Linnaeus, 1758",2021,US,FEMALE,adult,13.0,ear from notch=13 mm,age class=adult,https://doi.org/10.15468/dl.5wwfu9
797610,http://arctos.database.museum/guid/MSB:Mamm:341317?seid=5325995,MSB,MSB:Mamm:341317,"Mus musculus Linnaeus, 1758",2017,US,MALE,adult,11.0,ear from notch=11 mm,age class=adult,https://doi.org/10.15468/dl.5wwfu9
797632,http://arctos.database.museum/guid/MSB:Mamm:341783?seid=5376275,MSB,MSB:Mamm:341783,"Mus musculus Linnaeus, 1758",2016,US,MALE,adult,11.0,ear from notch=11 mm,age class=adult,https://doi.org/10.15468/dl.5wwfu9
797639,http://arctos.database.museum/guid/MSB:Mamm:341943?seid=5402372,MSB,MSB:Mamm:341943,"Mus musculus Linnaeus, 1758",2012,AF,MALE,adult,11.0,ear from notch=11 mm,age class=adult,https://doi.org/10.15468/dl.5wwfu9
797642,http://arctos.database.museum/guid/MSB:Mamm:342059?seid=5403347,MSB,MSB:Mamm:342059,"Mus musculus Linnaeus, 1758",2013,AF,MALE,adult,9.0,ear from notch=9 mm,age class=adult,https://doi.org/10.15468/dl.5wwfu9
797644,http://arctos.database.museum/guid/MSB:Mamm:342079?seid=5403367,MSB,MSB:Mamm:342079,"Mus musculus Linnaeus, 1758",2013,AF,MALE,adult,12.0,ear from notch=12 mm,age class=adult,https://doi.org/10.15468/dl.5wwfu9
797645,http://arctos.database.museum/guid/MSB:Mamm:342095?seid=5403383,MSB,MSB:Mamm:342095,"Mus musculus Linnaeus, 1758",2013,AF,FEMALE,adult,7.0,ear from notch=7 mm,age class=adult,https://doi.org/10.15468/dl.5wwfu9
797648,http://arctos.database.museum/guid/MSB:Mamm:342196?seid=5419928,MSB,MSB:Mamm:342196,"Mus musculus Linnaeus, 1758",2022,US,MALE,adult,13.0,ear from notch=13 mm,age class=adult,https://doi.org/10.15468/dl.5wwfu9
797674,http://arctos.database.museum/guid/MSB:Mamm:342834?seid=5655679,MSB,MSB:Mamm:342834,"Mus musculus Linnaeus, 1758",2022,MN,MALE,adult,12.0,ear from notch=12 mm,age class=adult,https://doi.org/10.15468/dl.5wwfu9
797682,http://arctos.database.museum/guid/MSB:Mamm:343035?seid=5658463,MSB,MSB:Mamm:343035,"Mus musculus Linnaeus, 1758",2022,MN,MALE,adult,11.5,ear from notch=11.5 mm,age class=adult,https://doi.org/10.15468/dl.5wwfu9
797684,http://arctos.database.museum/guid/MSB:Mamm:343055?seid=5658483,MSB,MSB:Mamm:343055,"Mus musculus Linnaeus, 1758",2022,MN,MALE,adult,14.0,ear from notch=14 mm,age class=adult,https://doi.org/10.15468/dl.5wwfu9
797686,http://arctos.database.museum/guid/MSB:Mamm:343119?seid=5658547,MSB,MSB:Mamm:343119,"Mus musculus Linnaeus, 1758",2022,MN,FEMALE,adult,12.0,ear from notch=12 mm,age class=adult,https://doi.org/10.15468/dl.5wwfu9
808913,http://arctos.database.museum/guid/MSB:Mamm:150073?seid=120652,MSB,MSB:Mamm:150073,"Mus musculus Linnaeus, 1758",2003,RU,FEMALE,adult,14.0,ear from notch=14 mm,age class=adult,https://doi.org/10.15468/dl.5wwfu9
817692,http://arctos.database.museum/guid/MSB:Mamm:262599?seid=1920440,MSB,MSB:Mamm:262599,"Mus musculus Linnaeus, 1758",2011,PA,MALE,adult,15.0,ear from notch=15 mm,age class=adult,https://doi.org/10.15468/dl.5wwfu9
817705,http://arctos.database.museum/guid/MSB:Mamm:262860?seid=1921668,MSB,MSB:Mamm:262860,"Mus musculus Linnaeus, 1758",2011,PA,MALE,adult,14.0,ear from notch=14 mm,age class=adult,https://doi.org/10.15468/dl.5wwfu9
817715,http://arctos.database.museum/guid/MSB:Mamm:263054?seid=1921862,MSB,MSB:Mamm:263054,"Mus musculus Linnaeus, 1758",2011,PA,MALE,adult,14.0,ear from notch=14 mm,age class=adult,https://doi.org/10.15468/dl.5wwfu9
817719,http://arctos.database.museum/guid/MSB:Mamm:263130?seid=1921957,MSB,MSB:Mamm:263130,"Mus musculus Linnaeus, 1758",2011,PA,FEMALE,adult,15.0,ear from notch=15 mm,age class=adult,https://doi.org/10.15468/dl.5wwfu9
817720,http://arctos.database.museum/guid/MSB:Mamm:263151?seid=1921978,MSB,MSB:Mamm:263151,"Mus musculus Linnaeus, 1758",2011,PA,FEMALE,adult,14.0,ear from notch=14 mm,age class=adult,https://doi.org/10.15468/dl.5wwfu9
817722,http://arctos.database.museum/guid/MSB:Mamm:263178?seid=1922059,MSB,MSB:Mamm:263178,"Mus musculus Linnaeus, 1758",2011,PA,MALE,adult,14.0,ear from notch=14 mm,age class=adult,https://doi.org/10.15468/dl.5wwfu9
817724,http://arctos.database.museum/guid/MSB:Mamm:263207?seid=1923862,MSB,MSB:Mamm:263207,"Mus musculus Linnaeus, 1758",2011,PA,MALE,adult,15.0,ear from notch=15 mm,age class=adult,https://doi.org/10.15468/dl.5wwfu9
817727,http://arctos.database.museum/guid/MSB:Mamm:263262?seid=1923924,MSB,MSB:Mamm:263262,"Mus musculus Linnaeus, 1758",2011,PA,MALE,adult,15.0,ear from notch=15 mm,age class=adult,https://doi.org/10.15468/dl.5wwfu9
817728,http://arctos.database.museum/guid/MSB:Mamm:263272?seid=1923934,MSB,MSB:Mamm:263272,"Mus musculus Linnaeus, 1758",2011,PA,MALE,adult,16.0,ear from notch=16 mm,age class=adult,https://doi.org/10.15468/dl.5wwfu9
817729,http://arctos.database.museum/guid/MSB:Mamm:263285?seid=1923949,MSB,MSB:Mamm:263285,"Mus musculus Linnaeus, 1758",2011,PA,FEMALE,adult,16.0,ear from notch=16 mm,age class=adult,https://doi.org/10.15468/dl.5wwfu9
817730,http://arctos.database.museum/guid/MSB:Mamm:263298?seid=1923972,MSB,MSB:Mamm:263298,"Mus musculus Linnaeus, 1758",2011,PA,MALE,adult,13.0,ear from notch=13 mm,age class=adult,https://doi.org/10.15468/dl.5wwfu9
817732,http://arctos.database.museum/guid/MSB:Mamm:263353?seid=1927934,MSB,MSB:Mamm:263353,"Mus musculus Linnaeus, 1758",2011,PA,FEMALE,adult,13.0,ear from notch=13 mm,age class=adult,https://doi.org/10.15468/dl.5wwfu9
817733,http://arctos.database.museum/guid/MSB:Mamm:263363?seid=1927944,MSB,MSB:Mamm:263363,"Mus musculus Linnaeus, 1758",2011,PA,MALE,adult,15.0,ear from notch=15 mm,age class=adult,https://doi.org/10.15468/dl.5wwfu9
817734,http://arctos.database.museum/guid/MSB:Mamm:263374?seid=1927955,MSB,MSB:Mamm:263374,"Mus musculus Linnaeus, 1758",2011,PA,FEMALE,adult,15.0,ear from notch=15 mm,age class=adult,https://doi.org/10.15468/dl.5wwfu9
817735,http://arctos.database.museum/guid/MSB:Mamm:263380?seid=1927961,MSB,MSB:Mamm:263380,"Mus musculus Linnaeus, 1758",2011,PA,MALE,adult,15.0,ear from notch=15 mm,age class=adult,https://doi.org/10.15468/dl.5wwfu9
817736,http://arctos.database.museum/guid/MSB:Mamm:263390?seid=1927971,MSB,MSB:Mamm:263390,"Mus musculus Linnaeus, 1758",2011,PA,MALE,adult,15.0,ear from notch=15 mm,age class=adult,https://doi.org/10.15468/dl.5wwfu9
817737,http://arctos.database.museum/guid/MSB:Mamm:263418?seid=1928597,MSB,MSB:Mamm:263418,"Mus musculus Linnaeus, 1758",2011,PA,FEMALE,adult,14.0,ear from notch=14 mm,age class=adult,https://doi.org/10.15468/dl.5wwfu9
817738,http://arctos.database.museum/guid/MSB:Mamm:263454?seid=1928719,MSB,MSB:Mamm:263454,"Mus musculus Linnaeus, 1758",2011,PA,MALE,adult,16.0,ear from notch=16 mm,age class=adult,https://doi.org/10.15468/dl.5wwfu9
817739,http://arctos.database.museum/guid/MSB:Mamm:263464?seid=1928729,MSB,MSB:Mamm:263464,"Mus musculus Linnaeus, 1758",2011,PA,FEMALE,adult,15.0,ear from notch=15 mm,age class=adult,https://doi.org/10.15468/dl.5wwfu9
817740,http://arctos.database.museum/guid/MSB:Mamm:263474?seid=1928744,MSB,MSB:Mamm:263474,"Mus musculus Linnaeus, 1758",2011,PA,unknown,adult,15.0,ear from notch=15 mm,age class=adult,https://doi.org/10.15468/dl.5wwfu9
817741,http://arctos.database.museum/guid/MSB:Mamm:263484?seid=1928754,MSB,MSB:Mamm:263484,"Mus musculus Linnaeus, 1758",2011,PA,FEMALE,adult,16.0,ear from notch=16 mm,age class=adult,https://doi.org/10.15468/dl.5wwfu9
817742,http://arctos.database.museum/guid/MSB:Mamm:263490?seid=1928760,MSB,MSB:Mamm:263490,"Mus musculus Linnaeus, 1758",2011,PA,MALE,adult,14.0,ear from notch=14 mm,age class=adult,https://doi.org/10.15468/dl.5wwfu9
817791,http://arctos.database.museum/guid/MSB:Mamm:264484?seid=1950527,MSB,MSB:Mamm:264484,"Mus musculus Linnaeus, 1758",2006,PA,FEMALE,adult,14.0,ear from notch=14 mm,age class=adult,https://doi.org/10.15468/dl.5wwfu9
817837,http://arctos.database.museum/guid/MSB:Mamm:265406?seid=2000613,MSB,MSB:Mamm:265406,"Mus musculus Linnaeus, 1758",2012,MN,MALE,adult,13.0,ear from notch=13 mm,age class=adult,https://doi.org/10.15468/dl.5wwfu9
817838,http://arctos.database.museum/guid/MSB:Mamm:265414?seid=2002829,MSB,MSB:Mamm:265414,"Mus musculus Linnaeus, 1758",2012,MN,FEMALE,adult,12.5,ear from notch=12.5 mm,age class=adult,https://doi.org/10.15468/dl.5wwfu9
817945,http://arctos.database.museum/guid/MSB:Mamm:267787?seid=2080532,MSB,MSB:Mamm:267787,"Mus musculus Linnaeus, 1758",2012,MN,MALE,adult,15.0,ear from notch=15 mm,age class=adult,https://doi.org/10.15468/dl.5wwfu9
817971,http://arctos.database.museum/guid/MSB:Mamm:268178?seid=2084678,MSB,MSB:Mamm:268178,"Mus musculus Linnaeus, 1758",2012,MN,MALE,adult,13.0,ear from notch=13 mm,age class=adult,https://doi.org/10.15468/dl.5wwfu9
817973,http://arctos.database.museum/guid/MSB:Mamm:268209?seid=2084710,MSB,MSB:Mamm:268209,"Mus musculus Linnaeus, 1758",2012,MN,MALE,adult,13.5,ear from notch=13.5 mm,age class=adult,https://doi.org/10.15468/dl.5wwfu9
819057,http://arctos.database.museum/guid/MSB:Mamm:291463?seid=3135080,MSB,MSB:Mamm:291463,"Mus musculus Linnaeus, 1758",2011,PA,FEMALE,adult,15.0,ear from notch=15 mm,age class=adult,https://doi.org/10.15468/dl.5wwfu9
819488,http://arctos.database.museum/guid/MSB:Mamm:298934?seid=3670206,MSB,MSB:Mamm:298934,"Mus musculus Linnaeus, 1758",2009,PA,MALE,adult,19.0,ear from notch=19 mm,age class=adult,https://doi.org/10.15468/dl.5wwfu9
820738,http://arctos.database.museum/guid/MSB:Mamm:306209?seid=3954464,MSB,MSB:Mamm:306209,"Mus musculus Linnaeus, 1758",2015,US,FEMALE,adult,14.0,ear from notch=14 mm,age class=adult,https://doi.org/10.15468/dl.5wwfu9
822585,http://arctos.database.museum/guid/MSB:Mamm:315617?seid=4022619,MSB,MSB:Mamm:315617,"Mus musculus Linnaeus, 1758",2016,PR,MALE,adult,11.0,ear from notch=11 mm,age class=adult,https://doi.org/10.15468/dl.5wwfu9
822592,http://arctos.database.museum/guid/MSB:Mamm:315656?seid=4015618,MSB,MSB:Mamm:315656,"Mus musculus Linnaeus, 1758",2016,PR,FEMALE,adult,11.0,ear from notch=11 mm,age class=adult,https://doi.org/10.15468/dl.5wwfu9
822600,http://arctos.database.museum/guid/MSB:Mamm:315746?seid=4015708,MSB,MSB:Mamm:315746,"Mus musculus Linnaeus, 1758",2016,PR,MALE,adult,10.0,ear from notch=10 mm,age class=adult,https://doi.org/10.15468/dl.5wwfu9
822601,http://arctos.database.museum/guid/MSB:Mamm:315756?seid=4015718,MSB,MSB:Mamm:315756,"Mus musculus Linnaeus, 1758",2016,PR,MALE,adult,10.0,ear from notch=10 mm,age class=adult,https://doi.org/10.15468/dl.5wwfu9
822602,http://arctos.database.museum/guid/MSB:Mamm:315767?seid=4015729,MSB,MSB:Mamm:315767,"Mus musculus Linnaeus, 1758",2016,PR,FEMALE,adult,11.0,ear from notch=11 mm,age class=adult,https://doi.org/10.15468/dl.5wwfu9
822607,http://arctos.database.museum/guid/MSB:Mamm:315853?seid=4015815,MSB,MSB:Mamm:315853,"Mus musculus Linnaeus, 1758",2016,PR,MALE,adult,11.0,ear from notch=11 mm,age class=adult,https://doi.org/10.15468/dl.5wwfu9
822609,http://arctos.database.museum/guid/MSB:Mamm:315884?seid=4015846,MSB,MSB:Mamm:315884,"Mus musculus Linnaeus, 1758",2016,PR,MALE,adult,10.0,ear from notch=10 mm,age class=adult,https://doi.org/10.15468/dl.5wwfu9
822610,http://arctos.database.museum/guid/MSB:Mamm:315943?seid=4015905,MSB,MSB:Mamm:315943,"Mus musculus Linnaeus, 1758",2016,PR,FEMALE,adult,11.0,ear from notch=11 mm,age class=adult,https://doi.org/10.15468/dl.5wwfu9
822611,http://arctos.database.museum/guid/MSB:Mamm:315970?seid=4015932,MSB,MSB:Mamm:315970,"Mus musculus Linnaeus, 1758",2016,PR,MALE,adult,11.0,ear from notch=11 mm,age class=adult,https://doi.org/10.15468/dl.5wwfu9
822613,http://arctos.database.museum/guid/MSB:Mamm:315990?seid=4015952,MSB,MSB:Mamm:315990,"Mus musculus Linnaeus, 1758",2016,PR,FEMALE,adult,12.0,ear from notch=12 mm,age class=adult,https://doi.org/10.15468/dl.5wwfu9
822615,http://arctos.database.museum/guid/MSB:Mamm:316024?seid=4015986,MSB,MSB:Mamm:316024,"Mus musculus Linnaeus, 1758",2016,PR,MALE,adult,11.0,ear from notch=11 mm,age class=adult,https://doi.org/10.15468/dl.5wwfu9
822616,http://arctos.database.museum/guid/MSB:Mamm:316034?seid=4015996,MSB,MSB:Mamm:316034,"Mus musculus Linnaeus, 1758",2016,PR,MALE,adult,10.0,ear from notch=10 mm,age class=adult,https://doi.org/10.15468/dl.5wwfu9
824825,http://arctos.database.museum/guid/MSB:Mamm:341288?seid=5312217,MSB,MSB:Mamm:341288,"Mus musculus Linnaeus, 1758",2021,US,FEMALE,adult,16.0,ear from notch=16 mm,age class=adult,https://doi.org/10.15468/dl.5wwfu9
824826,http://arctos.database.museum/guid/MSB:Mamm:341300?seid=5312232,MSB,MSB:Mamm:341300,"Mus musculus Linnaeus, 1758",2021,US,FEMALE,adult,15.0,ear from notch=15 mm,age class=adult,https://doi.org/10.15468/dl.5wwfu9
824855,http://arctos.database.museum/guid/MSB:Mamm:341928?seid=5402357,MSB,MSB:Mamm:341928,"Mus musculus Linnaeus, 1758",2012,AF,MALE,adult,10.0,ear from notch=10 mm,age class=adult,https://doi.org/10.15468/dl.5wwfu9
824856,http://arctos.database.museum/guid/MSB:Mamm:341944?seid=5402373,MSB,MSB:Mamm:341944,"Mus musculus Linnaeus, 1758",2012,AF,MALE,adult,7.0,ear from notch=7 mm,age class=adult,https://doi.org/10.15468/dl.5wwfu9
824857,http://arctos.database.museum/guid/MSB:Mamm:342049?seid=5403337,MSB,MSB:Mamm:342049,"Mus musculus Linnaeus, 1758",2013,AF,FEMALE,adult,10.0,ear from notch=10 mm,age class=adult,https://doi.org/10.15468/dl.5wwfu9
824859,http://arctos.database.museum/guid/MSB:Mamm:342086?seid=5403374,MSB,MSB:Mamm:342086,"Mus musculus Linnaeus, 1758",2013,AF,MALE,adult,10.0,ear from notch=10 mm,age class=adult,https://doi.org/10.15468/dl.5wwfu9
824905,http://arctos.database.museum/guid/MSB:Mamm:343116?seid=5658544,MSB,MSB:Mamm:343116,"Mus musculus Linnaeus, 1758",2022,MN,FEMALE,adult,12.0,ear from notch=12 mm,age class=adult,https://doi.org/10.15468/dl.5wwfu9
824906,http://arctos.database.museum/guid/MSB:Mamm:343132?seid=5658560,MSB,MSB:Mamm:343132,"Mus musculus Linnaeus, 1758",2022,MN,MALE,adult,11.5,ear from notch=11.5 mm,age class=adult,https://doi.org/10.15468/dl.5wwfu9
825010,http://arctos.database.museum/guid/MSB:Mamm:345158?seid=5749459,MSB,MSB:Mamm:345158,"Mus musculus Linnaeus, 1758",2022,MN,FEMALE,adult,14.0,ear from notch=14 mm,age class=adult,https://doi.org/10.15468/dl.5wwfu9
825035,http://arctos.database.museum/guid/MSB:Mamm:345604?seid=5871420,MSB,MSB:Mamm:345604,"Mus musculus Linnaeus, 1758",2020,US,FEMALE,adult,15.0,ear from notch=15 mm,age class=adult,https://doi.org/10.15468/dl.5wwfu9
825146,http://arctos.database.museum/guid/MSB:Mamm:348061?seid=6154751,MSB,MSB:Mamm:348061,"Mus musculus Linnaeus, 1758",2023,US,FEMALE,adult,11.0,ear from notch=11 mm,age class=adult,https://doi.org/10.15468/dl.5wwfu9
828386,http://arctos.database.museum/guid/MSB:Mamm:96056?seid=488050,MSB,MSB:Mamm:96056,"Mus musculus Linnaeus, 1758",2000,PA,MALE,adult,12.0,ear from notch=12 mm,age class=adult,https://doi.org/10.15468/dl.5wwfu9
831891,http://arctos.database.museum/guid/MSB:Mamm:233424?seid=948061,MSB,MSB:Mamm:233424,"Mus musculus Linnaeus, 1758",2006,RU,FEMALE,adult,14.0,ear from notch=14.0 mm,age class=adult,https://doi.org/10.15468/dl.5wwfu9
835287,http://arctos.database.museum/guid/MSB:Mamm:130043?seid=1140000,MSB,MSB:Mamm:130043,"Mus musculus Linnaeus, 1758",2001,PA,FEMALE,adult,9.0,ear from notch=9 mm,age class=adult,https://doi.org/10.15468/dl.5wwfu9
835291,http://arctos.database.museum/guid/MSB:Mamm:130230?seid=1018509,MSB,MSB:Mamm:130230,"Mus musculus Linnaeus, 1758",2002,PA,MALE,adult,12.0,ear from notch=12 mm,age class=adult,https://doi.org/10.15468/dl.5wwfu9
838509,http://arctos.database.museum/guid/MSB:Mamm:262602?seid=1920443,MSB,MSB:Mamm:262602,"Mus musculus Linnaeus, 1758",2011,PA,MALE,adult,14.0,ear from notch=14 mm,age class=adult,https://doi.org/10.15468/dl.5wwfu9
838518,http://arctos.database.museum/guid/MSB:Mamm:262831?seid=1921639,MSB,MSB:Mamm:262831,"Mus musculus Linnaeus, 1758",2011,PA,MALE,adult,13.0,ear from notch=13 mm,age class=adult,https://doi.org/10.15468/dl.5wwfu9
838519,http://arctos.database.museum/guid/MSB:Mamm:262851?seid=1921659,MSB,MSB:Mamm:262851,"Mus musculus Linnaeus, 1758",2011,PA,MALE,adult,14.0,ear from notch=14 mm,age class=adult,https://doi.org/10.15468/dl.5wwfu9
838524,http://arctos.database.museum/guid/MSB:Mamm:263025?seid=1921833,MSB,MSB:Mamm:263025,"Mus musculus Linnaeus, 1758",2011,PA,MALE,adult,14.0,ear from notch=14 mm,age class=adult,https://doi.org/10.15468/dl.5wwfu9
838525,http://arctos.database.museum/guid/MSB:Mamm:263052?seid=1921860,MSB,MSB:Mamm:263052,"Mus musculus Linnaeus, 1758",2011,PA,FEMALE,adult,15.0,ear from notch=15 mm,age class=adult,https://doi.org/10.15468/dl.5wwfu9
838529,http://arctos.database.museum/guid/MSB:Mamm:263101?seid=1921928,MSB,MSB:Mamm:263101,"Mus musculus Linnaeus, 1758",2011,PA,MALE,adult,13.0,ear from notch=13 mm,age class=adult,https://doi.org/10.15468/dl.5wwfu9
838530,http://arctos.database.museum/guid/MSB:Mamm:263132?seid=1921959,MSB,MSB:Mamm:263132,"Mus musculus Linnaeus, 1758",2011,PA,MALE,adult,15.0,ear from notch=15 mm,age class=adult,https://doi.org/10.15468/dl.5wwfu9
838531,http://arctos.database.museum/guid/MSB:Mamm:263152?seid=1921979,MSB,MSB:Mamm:263152,"Mus musculus Linnaeus, 1758",2011,PA,FEMALE,adult,14.0,ear from notch=14 mm,age class=adult,https://doi.org/10.15468/dl.5wwfu9
838533,http://arctos.database.museum/guid/MSB:Mamm:263186?seid=1922067,MSB,MSB:Mamm:263186,"Mus musculus Linnaeus, 1758",2011,PA,FEMALE,adult,14.0,ear from notch=14 mm,age class=adult,https://doi.org/10.15468/dl.5wwfu9
838538,http://arctos.database.museum/guid/MSB:Mamm:263280?seid=1923942,MSB,MSB:Mamm:263280,"Mus musculus Linnaeus, 1758",2011,PA,FEMALE,adult,16.0,ear from notch=16 mm,age class=adult,https://doi.org/10.15468/dl.5wwfu9
838539,http://arctos.database.museum/guid/MSB:Mamm:263293?seid=1923957,MSB,MSB:Mamm:263293,"Mus musculus Linnaeus, 1758",2011,PA,FEMALE,adult,15.0,ear from notch=15 mm,age class=adult,https://doi.org/10.15468/dl.5wwfu9
838540,http://arctos.database.museum/guid/MSB:Mamm:263305?seid=1923979,MSB,MSB:Mamm:263305,"Mus musculus Linnaeus, 1758",2011,PA,MALE,adult,16.0,ear from notch=16 mm,age class=adult,https://doi.org/10.15468/dl.5wwfu9
838543,http://arctos.database.museum/guid/MSB:Mamm:263365?seid=1927946,MSB,MSB:Mamm:263365,"Mus musculus Linnaeus, 1758",2011,PA,FEMALE,adult,16.0,ear from notch=16 mm,age class=adult,https://doi.org/10.15468/dl.5wwfu9
838544,http://arctos.database.museum/guid/MSB:Mamm:263381?seid=1927962,MSB,MSB:Mamm:263381,"Mus musculus Linnaeus, 1758",2011,PA,FEMALE,adult,16.0,ear from notch=16 mm,age class=adult,https://doi.org/10.15468/dl.5wwfu9
838545,http://arctos.database.museum/guid/MSB:Mamm:263392?seid=1927973,MSB,MSB:Mamm:263392,"Mus musculus Linnaeus, 1758",2011,PA,MALE,adult,15.0,ear from notch=15 mm,age class=adult,https://doi.org/10.15468/dl.5wwfu9
838546,http://arctos.database.museum/guid/MSB:Mamm:263409?seid=1927990,MSB,MSB:Mamm:263409,"Mus musculus Linnaeus, 1758",2011,PA,MALE,adult,15.0,ear from notch=15 mm,age class=adult,https://doi.org/10.15468/dl.5wwfu9
838547,http://arctos.database.museum/guid/MSB:Mamm:263415?seid=1928594,MSB,MSB:Mamm:263415,"Mus musculus Linnaeus, 1758",2011,PA,FEMALE,adult,14.0,ear from notch=14 mm,age class=adult,https://doi.org/10.15468/dl.5wwfu9
838548,http://arctos.database.museum/guid/MSB:Mamm:263448?seid=1928660,MSB,MSB:Mamm:263448,"Mus musculus Linnaeus, 1758",2011,PA,FEMALE,adult,15.0,ear from notch=15 mm,age class=adult,https://doi.org/10.15468/dl.5wwfu9
838549,http://arctos.database.museum/guid/MSB:Mamm:263471?seid=1928741,MSB,MSB:Mamm:263471,"Mus musculus Linnaeus, 1758",2011,PA,unknown,adult,14.0,ear from notch=14 mm,age class=adult,https://doi.org/10.15468/dl.5wwfu9
838551,http://arctos.database.museum/guid/MSB:Mamm:263492?seid=1928762,MSB,MSB:Mamm:263492,"Mus musculus Linnaeus, 1758",2011,PA,FEMALE,adult,18.0,ear from notch=18 mm,age class=adult,https://doi.org/10.15468/dl.5wwfu9
838806,http://arctos.database.museum/guid/MSB:Mamm:268537?seid=2088330,MSB,MSB:Mamm:268537,"Mus musculus Linnaeus, 1758",2012,MN,MALE,adult,13.0,ear from notch=13 mm,age class=adult,https://doi.org/10.15468/dl.5wwfu9
840292,http://arctos.database.museum/guid/MSB:Mamm:298931?seid=3670203,MSB,MSB:Mamm:298931,"Mus musculus Linnaeus, 1758",2009,PA,FEMALE,adult,14.0,ear from notch=14 mm,age class=adult,https://doi.org/10.15468/dl.5wwfu9
842489,http://arctos.database.museum/guid/MSB:Mamm:310811?seid=3995409,MSB,MSB:Mamm:310811,"Mus musculus Linnaeus, 1758",2015,US,MALE,adult,12.0,ear from notch=12 mm,age class=adult,https://doi.org/10.15468/dl.5wwfu9
843407,http://arctos.database.museum/guid/MSB:Mamm:315643?seid=4015605,MSB,MSB:Mamm:315643,"Mus musculus Linnaeus, 1758",2016,PR,MALE,adult,10.0,ear from notch=10 mm,age class=adult,https://doi.org/10.15468/dl.5wwfu9
843410,http://arctos.database.museum/guid/MSB:Mamm:315657?seid=4015619,MSB,MSB:Mamm:315657,"Mus musculus Linnaeus, 1758",2016,PR,MALE,adult,13.0,ear from notch=13 mm,age class=adult,https://doi.org/10.15468/dl.5wwfu9
843414,http://arctos.database.museum/guid/MSB:Mamm:315764?seid=4015726,MSB,MSB:Mamm:315764,"Mus musculus Linnaeus, 1758",2016,PR,FEMALE,adult,12.0,ear from notch=12 mm,age class=adult,https://doi.org/10.15468/dl.5wwfu9
843415,http://arctos.database.museum/guid/MSB:Mamm:315774?seid=4015736,MSB,MSB:Mamm:315774,"Mus musculus Linnaeus, 1758",2016,PR,FEMALE,adult,10.0,ear from notch=10 mm,age class=adult,https://doi.org/10.15468/dl.5wwfu9
843422,http://arctos.database.museum/guid/MSB:Mamm:315885?seid=4015847,MSB,MSB:Mamm:315885,"Mus musculus Linnaeus, 1758",2016,PR,FEMALE,adult,10.0,ear from notch=10 mm,age class=adult,https://doi.org/10.15468/dl.5wwfu9
843425,http://arctos.database.museum/guid/MSB:Mamm:315951?seid=4015913,MSB,MSB:Mamm:315951,"Mus musculus Linnaeus, 1758",2016,PR,MALE,adult,12.0,ear from notch=12 mm,age class=adult,https://doi.org/10.15468/dl.5wwfu9
843427,http://arctos.database.museum/guid/MSB:Mamm:315971?seid=4015933,MSB,MSB:Mamm:315971,"Mus musculus Linnaeus, 1758",2016,PR,FEMALE,adult,11.0,ear from notch=11 mm,age class=adult,https://doi.org/10.15468/dl.5wwfu9
843429,http://arctos.database.museum/guid/MSB:Mamm:315992?seid=4015954,MSB,MSB:Mamm:315992,"Mus musculus Linnaeus, 1758",2016,PR,MALE,adult,10.0,ear from notch=10 mm,age class=adult,https://doi.org/10.15468/dl.5wwfu9
843430,http://arctos.database.museum/guid/MSB:Mamm:316011?seid=4015973,MSB,MSB:Mamm:316011,"Mus musculus Linnaeus, 1758",2016,PR,MALE,adult,10.0,ear from notch=10 mm,age class=adult,https://doi.org/10.15468/dl.5wwfu9
843431,http://arctos.database.museum/guid/MSB:Mamm:316021?seid=4015983,MSB,MSB:Mamm:316021,"Mus musculus Linnaeus, 1758",2016,PR,MALE,adult,10.0,ear from notch=10 mm,age class=adult,https://doi.org/10.15468/dl.5wwfu9
843432,http://arctos.database.museum/guid/MSB:Mamm:316031?seid=4015993,MSB,MSB:Mamm:316031,"Mus musculus Linnaeus, 1758",2016,PR,MALE,adult,11.0,ear from notch=11 mm,age class=adult,https://doi.org/10.15468/dl.5wwfu9
843433,http://arctos.database.museum/guid/MSB:Mamm:316040?seid=4016002,MSB,MSB:Mamm:316040,"Mus musculus Linnaeus, 1758",2016,PR,FEMALE,adult,11.0,ear from notch=11 mm,age class=adult,https://doi.org/10.15468/dl.5wwfu9
843435,http://arctos.database.museum/guid/MSB:Mamm:316055?seid=4016017,MSB,MSB:Mamm:316055,"Mus musculus Linnaeus, 1758",2016,PR,MALE,adult,11.0,ear from notch=11 mm,age class=adult,https://doi.org/10.15468/dl.5wwfu9
843436,http://arctos.database.museum/guid/MSB:Mamm:316065?seid=4016027,MSB,MSB:Mamm:316065,"Mus musculus Linnaeus, 1758",2016,PR,MALE,adult,12.0,ear from notch=12 mm,age class=adult,https://doi.org/10.15468/dl.5wwfu9
844694,http://arctos.database.museum/guid/MSB:Mamm:323688?seid=4103171,MSB,MSB:Mamm:323688,"Mus musculus Linnaeus, 1758",2015,US,MALE,adult,10.0,ear from notch=10 mm,age class=adult,https://doi.org/10.15468/dl.5wwfu9
844868,http://arctos.database.museum/guid/MSB:Mamm:326016?seid=4223163,MSB,MSB:Mamm:326016,"Mus musculus Linnaeus, 1758",2013,US,FEMALE,adult,10.0,ear from notch=10 mm,age class=adult,https://doi.org/10.15468/dl.5wwfu9
845028,http://arctos.database.museum/guid/MSB:Mamm:329079?seid=4423042,MSB,MSB:Mamm:329079,"Mus musculus Linnaeus, 1758",2004,PA,MALE,adult,16.0,ear from notch=16 mm,age class=adult,https://doi.org/10.15468/dl.5wwfu9
845191,http://arctos.database.museum/guid/MSB:Mamm:332814?seid=4927860,MSB,MSB:Mamm:332814,"Mus musculus Linnaeus, 1758",2020,US,FEMALE,adult,15.0,ear from notch=15 mm,age class=adult,https://doi.org/10.15468/dl.5wwfu9
845642,http://arctos.database.museum/guid/MSB:Mamm:341921?seid=5402350,MSB,MSB:Mamm:341921,"Mus musculus Linnaeus, 1758",2013,AF,MALE,adult,13.0,ear from notch=13 mm,age class=adult,https://doi.org/10.15468/dl.5wwfu9
845648,http://arctos.database.museum/guid/MSB:Mamm:342083?seid=5403371,MSB,MSB:Mamm:342083,"Mus musculus Linnaeus, 1758",2013,AF,FEMALE,adult,10.0,ear from notch=10 mm,age class=adult,https://doi.org/10.15468/dl.5wwfu9
845649,http://arctos.database.museum/guid/MSB:Mamm:342096?seid=5403395,MSB,MSB:Mamm:342096,"Mus musculus Linnaeus, 1758",2012,AF,FEMALE,adult,10.0,ear from notch=10 mm,age class=adult,https://doi.org/10.15468/dl.5wwfu9
845669,http://arctos.database.museum/guid/MSB:Mamm:342470?seid=5596703,MSB,MSB:Mamm:342470,"Mus musculus Linnaeus, 1758",2017,PA,FEMALE,adult,14.0,ear from notch=14 mm,age class=adult,https://doi.org/10.15468/dl.5wwfu9
845949,http://arctos.database.museum/guid/MSB:Mamm:347841?seid=6149767,MSB,MSB:Mamm:347841,"Mus musculus Linnaeus, 1758",2021,US,MALE,adult,15.0,ear from notch=15 mm,age class=adult,https://doi.org/10.15468/dl.5wwfu9
845953,http://arctos.database.museum/guid/MSB:Mamm:347906?seid=6150635,MSB,MSB:Mamm:347906,"Mus musculus Linnaeus, 1758",2023,US,FEMALE,adult,15.0,ear from notch=15 mm,age class=adult,https://doi.org/10.15468/dl.5wwfu9
855116,http://arctos.database.museum/guid/MSB:Mamm:96058?seid=1646979,MSB,MSB:Mamm:96058,"Mus musculus Linnaeus, 1758",2000,PA,MALE,adult,14.0,ear from notch=14 mm,age class=adult,https://doi.org/10.15468/dl.5wwfu9
856342,http://arctos.database.museum/guid/MSB:Mamm:143945?seid=3072832,MSB,MSB:Mamm:143945,"Mus musculus Linnaeus, 1758",2003,PA,FEMALE,adult,13.0,ear from notch=13 mm,age class=adult,https://doi.org/10.15468/dl.5wwfu9
859226,http://arctos.database.museum/guid/MSB:Mamm:262601?seid=1920442,MSB,MSB:Mamm:262601,"Mus musculus Linnaeus, 1758",2011,PA,MALE,adult,14.0,ear from notch=14 mm,age class=adult,https://doi.org/10.15468/dl.5wwfu9
859248,http://arctos.database.museum/guid/MSB:Mamm:263029?seid=1921837,MSB,MSB:Mamm:263029,"Mus musculus Linnaeus, 1758",2011,PA,MALE,adult,14.0,ear from notch=14 mm,age class=adult,https://doi.org/10.15468/dl.5wwfu9
859249,http://arctos.database.museum/guid/MSB:Mamm:263039?seid=1921847,MSB,MSB:Mamm:263039,"Mus musculus Linnaeus, 1758",2011,PA,FEMALE,adult,13.0,ear from notch=13 mm,age class=adult,https://doi.org/10.15468/dl.5wwfu9
859253,http://arctos.database.museum/guid/MSB:Mamm:263110?seid=1921937,MSB,MSB:Mamm:263110,"Mus musculus Linnaeus, 1758",2011,PA,MALE,adult,15.0,ear from notch=15 mm,age class=adult,https://doi.org/10.15468/dl.5wwfu9
859255,http://arctos.database.museum/guid/MSB:Mamm:263162?seid=1921989,MSB,MSB:Mamm:263162,"Mus musculus Linnaeus, 1758",2011,PA,MALE,adult,14.0,ear from notch=14 mm,age class=adult,https://doi.org/10.15468/dl.5wwfu9
859256,http://arctos.database.museum/guid/MSB:Mamm:263175?seid=1922056,MSB,MSB:Mamm:263175,"Mus musculus Linnaeus, 1758",2011,PA,FEMALE,adult,14.0,ear from notch=14 mm,age class=adult,https://doi.org/10.15468/dl.5wwfu9
859257,http://arctos.database.museum/guid/MSB:Mamm:263185?seid=1922066,MSB,MSB:Mamm:263185,"Mus musculus Linnaeus, 1758",2011,PA,MALE,adult,14.0,ear from notch=14 mm,age class=adult,https://doi.org/10.15468/dl.5wwfu9
859259,http://arctos.database.museum/guid/MSB:Mamm:263257?seid=1923919,MSB,MSB:Mamm:263257,"Mus musculus Linnaeus, 1758",2011,PA,FEMALE,adult,14.0,ear from notch=14 mm,age class=adult,https://doi.org/10.15468/dl.5wwfu9
859260,http://arctos.database.museum/guid/MSB:Mamm:263267?seid=1923929,MSB,MSB:Mamm:263267,"Mus musculus Linnaeus, 1758",2011,PA,MALE,adult,15.0,ear from notch=15 mm,reproductive data=Adult,https://doi.org/10.15468/dl.5wwfu9
859261,http://arctos.database.museum/guid/MSB:Mamm:263277?seid=1923939,MSB,MSB:Mamm:263277,"Mus musculus Linnaeus, 1758",2011,PA,MALE,adult,16.0,ear from notch=16 mm,age class=adult,https://doi.org/10.15468/dl.5wwfu9
859262,http://arctos.database.museum/guid/MSB:Mamm:263299?seid=1923973,MSB,MSB:Mamm:263299,"Mus musculus Linnaeus, 1758",2011,PA,FEMALE,adult,15.0,ear from notch=15 mm,age class=adult,https://doi.org/10.15468/dl.5wwfu9
859263,http://arctos.database.museum/guid/MSB:Mamm:263304?seid=1923978,MSB,MSB:Mamm:263304,"Mus musculus Linnaeus, 1758",2011,PA,MALE,adult,15.0,ear from notch=15 mm,age class=adult,https://doi.org/10.15468/dl.5wwfu9
859264,http://arctos.database.museum/guid/MSB:Mamm:263344?seid=1927925,MSB,MSB:Mamm:263344,"Mus musculus Linnaeus, 1758",2011,PA,MALE,adult,15.0,ear from notch=15 mm,age class=adult,https://doi.org/10.15468/dl.5wwfu9
859265,http://arctos.database.museum/guid/MSB:Mamm:263354?seid=1927935,MSB,MSB:Mamm:263354,"Mus musculus Linnaeus, 1758",2011,PA,FEMALE,adult,15.0,ear from notch=15 mm,age class=adult,https://doi.org/10.15468/dl.5wwfu9
859266,http://arctos.database.museum/guid/MSB:Mamm:263364?seid=1927945,MSB,MSB:Mamm:263364,"Mus musculus Linnaeus, 1758",2011,PA,FEMALE,adult,16.0,ear from notch=16 mm,age class=adult,https://doi.org/10.15468/dl.5wwfu9
859268,http://arctos.database.museum/guid/MSB:Mamm:263391?seid=1927972,MSB,MSB:Mamm:263391,"Mus musculus Linnaeus, 1758",2011,PA,MALE,adult,16.0,ear from notch=16 mm,age class=adult,https://doi.org/10.15468/dl.5wwfu9
859269,http://arctos.database.museum/guid/MSB:Mamm:263414?seid=1928593,MSB,MSB:Mamm:263414,"Mus musculus Linnaeus, 1758",2011,PA,MALE,adult,15.0,ear from notch=15 mm,age class=adult,https://doi.org/10.15468/dl.5wwfu9
859270,http://arctos.database.museum/guid/MSB:Mamm:263450?seid=1928715,MSB,MSB:Mamm:263450,"Mus musculus Linnaeus, 1758",2011,PA,MALE,adult,15.0,ear from notch=15 mm,age class=adult,https://doi.org/10.15468/dl.5wwfu9
859271,http://arctos.database.museum/guid/MSB:Mamm:263469?seid=1928739,MSB,MSB:Mamm:263469,"Mus musculus Linnaeus, 1758",2011,PA,FEMALE,adult,16.0,ear from notch=16 mm,age class=adult,https://doi.org/10.15468/dl.5wwfu9
859273,http://arctos.database.museum/guid/MSB:Mamm:263485?seid=1928755,MSB,MSB:Mamm:263485,"Mus musculus Linnaeus, 1758",2011,PA,MALE,adult,15.0,ear from notch=15 mm,age class=adult,https://doi.org/10.15468/dl.5wwfu9
859274,http://arctos.database.museum/guid/MSB:Mamm:263491?seid=1928761,MSB,MSB:Mamm:263491,"Mus musculus Linnaeus, 1758",2011,PA,FEMALE,adult,15.0,ear from notch=15 mm,age class=adult,https://doi.org/10.15468/dl.5wwfu9
859275,http://arctos.database.museum/guid/MSB:Mamm:263530?seid=1928800,MSB,MSB:Mamm:263530,"Mus musculus Linnaeus, 1758",2011,PA,MALE,adult,13.0,ear from notch=13 mm,age class=adult,https://doi.org/10.15468/dl.5wwfu9
859298,http://arctos.database.museum/guid/MSB:Mamm:264016?seid=1948853,MSB,MSB:Mamm:264016,"Mus musculus Linnaeus, 1758",2012,US,MALE,adult,15.0,ear from notch=15 mm,age class=adult,https://doi.org/10.15468/dl.5wwfu9
859321,http://arctos.database.museum/guid/MSB:Mamm:264417?seid=1950460,MSB,MSB:Mamm:264417,"Mus musculus Linnaeus, 1758",2006,PA,MALE,adult,13.0,ear from notch=13 mm,age class=adult,https://doi.org/10.15468/dl.5wwfu9
859397,http://arctos.database.museum/guid/MSB:Mamm:266034?seid=2055637,MSB,MSB:Mamm:266034,"Mus musculus Linnaeus, 1758",2012,MN,FEMALE,adult,15.0,ear from notch=15 mm,age class=adult,https://doi.org/10.15468/dl.5wwfu9
859479,http://arctos.database.museum/guid/MSB:Mamm:267754?seid=2080499,MSB,MSB:Mamm:267754,"Mus musculus Linnaeus, 1758",2012,MN,MALE,adult,14.0,ear from notch=14 mm,age class=adult,https://doi.org/10.15468/dl.5wwfu9
859502,http://arctos.database.museum/guid/MSB:Mamm:268154?seid=2084654,MSB,MSB:Mamm:268154,"Mus musculus Linnaeus, 1758",2012,MN,MALE,adult,13.5,ear from notch=13.5 mm,age class=adult,https://doi.org/10.15468/dl.5wwfu9
859505,http://arctos.database.museum/guid/MSB:Mamm:268175?seid=2084675,MSB,MSB:Mamm:268175,"Mus musculus Linnaeus, 1758",2012,MN,FEMALE,adult,14.0,ear from notch=14 mm,age class=adult,https://doi.org/10.15468/dl.5wwfu9
861019,http://arctos.database.museum/guid/MSB:Mamm:298935?seid=3670207,MSB,MSB:Mamm:298935,"Mus musculus Linnaeus, 1758",2009,PA,FEMALE,adult,14.0,ear from notch=14 mm,age class=adult,https://doi.org/10.15468/dl.5wwfu9
862997,http://arctos.database.museum/guid/MSB:Mamm:310488?seid=3996976,MSB,MSB:Mamm:310488,"Mus musculus Linnaeus, 1758",2014,US,FEMALE,adult,10.0,ear from notch=10 mm,age class=adult,https://doi.org/10.15468/dl.5wwfu9
863265,http://arctos.database.museum/guid/MSB:Mamm:311520?seid=3996118,MSB,MSB:Mamm:311520,"Mus musculus Linnaeus, 1758",2016,US,MALE,adult,11.0,ear from notch=11 mm,age class=adult,https://doi.org/10.15468/dl.5wwfu9
864037,http://arctos.database.museum/guid/MSB:Mamm:315609?seid=4015571,MSB,MSB:Mamm:315609,"Mus musculus Linnaeus, 1758",2016,PR,FEMALE,adult,10.0,ear from notch=10 mm,age class=adult,https://doi.org/10.15468/dl.5wwfu9
864038,http://arctos.database.museum/guid/MSB:Mamm:315642?seid=4015604,MSB,MSB:Mamm:315642,"Mus musculus Linnaeus, 1758",2016,PR,MALE,adult,11.0,ear from notch=11 mm,age class=adult,https://doi.org/10.15468/dl.5wwfu9
864041,http://arctos.database.museum/guid/MSB:Mamm:315677?seid=4015639,MSB,MSB:Mamm:315677,"Mus musculus Linnaeus, 1758",2016,PR,MALE,adult,12.0,ear from notch=12 mm,age class=adult,https://doi.org/10.15468/dl.5wwfu9
864054,http://arctos.database.museum/guid/MSB:Mamm:315763?seid=4015725,MSB,MSB:Mamm:315763,"Mus musculus Linnaeus, 1758",2016,PR,FEMALE,adult,9.0,ear from notch=9 mm,age class=adult,https://doi.org/10.15468/dl.5wwfu9
864056,http://arctos.database.museum/guid/MSB:Mamm:315794?seid=4015756,MSB,MSB:Mamm:315794,"Mus musculus Linnaeus, 1758",2016,PR,FEMALE,adult,11.0,ear from notch=11 mm,age class=adult,https://doi.org/10.15468/dl.5wwfu9
864057,http://arctos.database.museum/guid/MSB:Mamm:315854?seid=4015816,MSB,MSB:Mamm:315854,"Mus musculus Linnaeus, 1758",2016,PR,MALE,adult,11.0,ear from notch=11 mm,age class=adult,https://doi.org/10.15468/dl.5wwfu9
864063,http://arctos.database.museum/guid/MSB:Mamm:315950?seid=4015912,MSB,MSB:Mamm:315950,"Mus musculus Linnaeus, 1758",2016,PR,FEMALE,adult,10.0,ear from notch=10 mm,age class=adult,https://doi.org/10.15468/dl.5wwfu9
864064,http://arctos.database.museum/guid/MSB:Mamm:315960?seid=4015922,MSB,MSB:Mamm:315960,"Mus musculus Linnaeus, 1758",2016,PR,MALE,adult,11.0,ear from notch=11 mm,age class=adult,https://doi.org/10.15468/dl.5wwfu9
864065,http://arctos.database.museum/guid/MSB:Mamm:315975?seid=4015937,MSB,MSB:Mamm:315975,"Mus musculus Linnaeus, 1758",2016,PR,FEMALE,adult,11.0,ear from notch=11 mm,age class=adult,https://doi.org/10.15468/dl.5wwfu9
864066,http://arctos.database.museum/guid/MSB:Mamm:315985?seid=4015947,MSB,MSB:Mamm:315985,"Mus musculus Linnaeus, 1758",2016,PR,MALE,adult,12.0,ear from notch=12 mm,age class=adult,https://doi.org/10.15468/dl.5wwfu9
864068,http://arctos.database.museum/guid/MSB:Mamm:316004?seid=4015966,MSB,MSB:Mamm:316004,"Mus musculus Linnaeus, 1758",2016,PR,FEMALE,adult,12.0,ear from notch=12 mm,age class=adult,https://doi.org/10.15468/dl.5wwfu9
864069,http://arctos.database.museum/guid/MSB:Mamm:316014?seid=4015976,MSB,MSB:Mamm:316014,"Mus musculus Linnaeus, 1758",2016,PR,MALE,adult,8.0,ear from notch=8 mm,age class=adult,https://doi.org/10.15468/dl.5wwfu9
864071,http://arctos.database.museum/guid/MSB:Mamm:316054?seid=4016016,MSB,MSB:Mamm:316054,"Mus musculus Linnaeus, 1758",2016,PR,FEMALE,adult,12.0,ear from notch=12 mm,age class=adult,https://doi.org/10.15468/dl.5wwfu9
864072,http://arctos.database.museum/guid/MSB:Mamm:316064?seid=4016026,MSB,MSB:Mamm:316064,"Mus musculus Linnaeus, 1758",2016,PR,MALE,adult,12.0,ear from notch=12 mm,age class=adult,https://doi.org/10.15468/dl.5wwfu9
864073,http://arctos.database.museum/guid/MSB:Mamm:316080?seid=4016042,MSB,MSB:Mamm:316080,"Mus musculus Linnaeus, 1758",2016,PR,FEMALE,adult,12.0,ear from notch=12 mm,age class=adult,https://doi.org/10.15468/dl.5wwfu9
864074,http://arctos.database.museum/guid/MSB:Mamm:316091?seid=4016053,MSB,MSB:Mamm:316091,"Mus musculus Linnaeus, 1758",2016,PR,MALE,adult,12.0,ear from notch=12 mm,age class=adult,https://doi.org/10.15468/dl.5wwfu9
865283,http://arctos.database.museum/guid/MSB:Mamm:323266?seid=4102743,MSB,MSB:Mamm:323266,"Mus musculus Linnaeus, 1758",2015,US,FEMALE,adult,14.0,ear from notch=14 mm,age class=adult,https://doi.org/10.15468/dl.5wwfu9
865506,http://arctos.database.museum/guid/MSB:Mamm:326058?seid=4223211,MSB,MSB:Mamm:326058,"Mus musculus Linnaeus, 1758",2018,US,MALE,adult,11.0,ear from notch=11 mm,age class=adult,https://doi.org/10.15468/dl.5wwfu9
866243,http://arctos.database.museum/guid/MSB:Mamm:339754?seid=5145737,MSB,MSB:Mamm:339754,"Mus musculus Linnaeus, 1758",2017,US,MALE,adult,13.0,ear from notch=13 mm,age class=adult,https://doi.org/10.15468/dl.5wwfu9
866344,http://arctos.database.museum/guid/MSB:Mamm:341612?seid=5352975,MSB,MSB:Mamm:341612,"Mus musculus Linnaeus, 1758",2016,US,FEMALE,adult,11.0,ear from notch=11 mm,age class=adult,https://doi.org/10.15468/dl.5wwfu9
866362,http://arctos.database.museum/guid/MSB:Mamm:341908?seid=5402337,MSB,MSB:Mamm:341908,"Mus musculus Linnaeus, 1758",2013,AF,MALE,adult,12.0,ear from notch=12 mm,age class=adult,https://doi.org/10.15468/dl.5wwfu9
866364,http://arctos.database.museum/guid/MSB:Mamm:341929?seid=5402358,MSB,MSB:Mamm:341929,"Mus musculus Linnaeus, 1758",2012,AF,MALE,adult,10.0,ear from notch=10 mm,age class=adult,https://doi.org/10.15468/dl.5wwfu9
866365,http://arctos.database.museum/guid/MSB:Mamm:341939?seid=5402368,MSB,MSB:Mamm:341939,"Mus musculus Linnaeus, 1758",2012,AF,MALE,adult,10.0,ear from notch=10 mm,age class=adult,https://doi.org/10.15468/dl.5wwfu9
866368,http://arctos.database.museum/guid/MSB:Mamm:342082?seid=5403370,MSB,MSB:Mamm:342082,"Mus musculus Linnaeus, 1758",2012,AF,FEMALE,adult,12.0,ear from notch=12 mm,age class=adult,https://doi.org/10.15468/dl.5wwfu9
866369,http://arctos.database.museum/guid/MSB:Mamm:342093?seid=5403381,MSB,MSB:Mamm:342093,"Mus musculus Linnaeus, 1758",2012,AF,FEMALE,adult,8.0,ear from notch=8 mm,age class=adult,https://doi.org/10.15468/dl.5wwfu9
866372,http://arctos.database.museum/guid/MSB:Mamm:342160?seid=5419774,MSB,MSB:Mamm:342160,"Mus musculus Linnaeus, 1758",2022,US,MALE,adult,14.0,ear from notch=14 mm,age class=adult,https://doi.org/10.15468/dl.5wwfu9
866374,http://arctos.database.museum/guid/MSB:Mamm:342179?seid=5419837,MSB,MSB:Mamm:342179,"Mus musculus Linnaeus, 1758",2022,US,FEMALE,adult,15.0,ear from notch=15 mm,age class=adult,https://doi.org/10.15468/dl.5wwfu9
866419,http://arctos.database.museum/guid/MSB:Mamm:343117?seid=5658545,MSB,MSB:Mamm:343117,"Mus musculus Linnaeus, 1758",2022,MN,FEMALE,adult,15.0,ear from notch=15 mm,age class=adult,https://doi.org/10.15468/dl.5wwfu9
866656,http://arctos.database.museum/guid/MSB:Mamm:348062?seid=6154752,MSB,MSB:Mamm:348062,"Mus musculus Linnaeus, 1758",2023,US,FEMALE,adult,12.0,ear from notch=12 mm,age class=adult,https://doi.org/10.15468/dl.5wwfu9
870007,http://arctos.database.museum/guid/MSB:Mamm:96060?seid=695779,MSB,MSB:Mamm:96060,"Mus musculus Linnaeus, 1758",2000,PA,MALE,adult,12.0,ear from notch=12 mm,age class=adult,https://doi.org/10.15468/dl.5wwfu9
880062,http://arctos.database.museum/guid/MSB:Mamm:261931?seid=3074475,MSB,MSB:Mamm:261931,"Mus musculus Linnaeus, 1758",2004,PA,MALE,adult,14.0,ear from notch=14 mm,age class=adult,https://doi.org/10.15468/dl.5wwfu9
880099,http://arctos.database.museum/guid/MSB:Mamm:262834?seid=1921642,MSB,MSB:Mamm:262834,"Mus musculus Linnaeus, 1758",2011,PA,MALE,adult,13.0,ear from notch=13 mm,age class=adult,https://doi.org/10.15468/dl.5wwfu9
880100,http://arctos.database.museum/guid/MSB:Mamm:262845?seid=1921653,MSB,MSB:Mamm:262845,"Mus musculus Linnaeus, 1758",2011,PA,FEMALE,adult,14.0,ear from notch=14 mm,age class=adult,https://doi.org/10.15468/dl.5wwfu9
880101,http://arctos.database.museum/guid/MSB:Mamm:262855?seid=1921663,MSB,MSB:Mamm:262855,"Mus musculus Linnaeus, 1758",2011,PA,MALE,adult,14.0,ear from notch=14 mm,age class=adult,https://doi.org/10.15468/dl.5wwfu9
880112,http://arctos.database.museum/guid/MSB:Mamm:263104?seid=1921931,MSB,MSB:Mamm:263104,"Mus musculus Linnaeus, 1758",2011,PA,MALE,adult,14.0,ear from notch=14 mm,age class=adult,https://doi.org/10.15468/dl.5wwfu9
880113,http://arctos.database.museum/guid/MSB:Mamm:263115?seid=1921942,MSB,MSB:Mamm:263115,"Mus musculus Linnaeus, 1758",2011,PA,MALE,adult,14.0,ear from notch=14 mm,age class=adult,https://doi.org/10.15468/dl.5wwfu9
880114,http://arctos.database.museum/guid/MSB:Mamm:263125?seid=1921952,MSB,MSB:Mamm:263125,"Mus musculus Linnaeus, 1758",2011,PA,FEMALE,adult,13.0,ear from notch=13 mm,age class=adult,https://doi.org/10.15468/dl.5wwfu9
880115,http://arctos.database.museum/guid/MSB:Mamm:263146?seid=1921973,MSB,MSB:Mamm:263146,"Mus musculus Linnaeus, 1758",2011,PA,FEMALE,adult,15.0,ear from notch=15 mm,age class=adult,https://doi.org/10.15468/dl.5wwfu9
880121,http://arctos.database.museum/guid/MSB:Mamm:263309?seid=1923983,MSB,MSB:Mamm:263309,"Mus musculus Linnaeus, 1758",2011,PA,MALE,adult,13.0,ear from notch=13 mm,age class=adult,https://doi.org/10.15468/dl.5wwfu9
880122,http://arctos.database.museum/guid/MSB:Mamm:263320?seid=1927180,MSB,MSB:Mamm:263320,"Mus musculus Linnaeus, 1758",2011,PA,FEMALE,adult,17.0,ear from notch=17 mm,age class=adult,https://doi.org/10.15468/dl.5wwfu9
880123,http://arctos.database.museum/guid/MSB:Mamm:263329?seid=1927189,MSB,MSB:Mamm:263329,"Mus musculus Linnaeus, 1758",2011,PA,MALE,adult,16.0,ear from notch=16 mm,age class=adult,https://doi.org/10.15468/dl.5wwfu9
880127,http://arctos.database.museum/guid/MSB:Mamm:263429?seid=1928608,MSB,MSB:Mamm:263429,"Mus musculus Linnaeus, 1758",2011,PA,FEMALE,adult,15.0,ear from notch=15 mm,age class=adult,https://doi.org/10.15468/dl.5wwfu9
880128,http://arctos.database.museum/guid/MSB:Mamm:263434?seid=1928646,MSB,MSB:Mamm:263434,"Mus musculus Linnaeus, 1758",2011,PA,FEMALE,adult,15.0,ear from notch=15 mm,age class=adult,https://doi.org/10.15468/dl.5wwfu9
880129,http://arctos.database.museum/guid/MSB:Mamm:263449?seid=1928714,MSB,MSB:Mamm:263449,"Mus musculus Linnaeus, 1758",2011,PA,MALE,adult,15.0,ear from notch=15 mm,age class=adult,https://doi.org/10.15468/dl.5wwfu9
880130,http://arctos.database.museum/guid/MSB:Mamm:263459?seid=1928724,MSB,MSB:Mamm:263459,"Mus musculus Linnaeus, 1758",2011,PA,MALE,adult,16.0,ear from notch=16 mm,age class=adult,https://doi.org/10.15468/dl.5wwfu9
880131,http://arctos.database.museum/guid/MSB:Mamm:263500?seid=1928770,MSB,MSB:Mamm:263500,"Mus musculus Linnaeus, 1758",2011,PA,MALE,adult,15.0,ear from notch=15 mm,age class=adult,https://doi.org/10.15468/dl.5wwfu9
880132,http://arctos.database.museum/guid/MSB:Mamm:263509?seid=1928779,MSB,MSB:Mamm:263509,"Mus musculus Linnaeus, 1758",2011,PA,unknown,adult,15.0,ear from notch=15 mm,age class=adult,https://doi.org/10.15468/dl.5wwfu9
880203,http://arctos.database.museum/guid/MSB:Mamm:264974?seid=1978324,MSB,MSB:Mamm:264974,"Mus musculus Linnaeus, 1758",2012,MN,FEMALE,adult,15.0,ear from notch=15 mm,age class=adult,https://doi.org/10.15468/dl.5wwfu9
880222,http://arctos.database.museum/guid/MSB:Mamm:265290?seid=1993402,MSB,MSB:Mamm:265290,"Mus musculus Linnaeus, 1758",2012,MN,MALE,adult,13.0,ear from notch=13 mm,age class=adult,https://doi.org/10.15468/dl.5wwfu9
884886,http://arctos.database.museum/guid/MSB:Mamm:315607?seid=4015569,MSB,MSB:Mamm:315607,"Mus musculus Linnaeus, 1758",2016,PR,MALE,adult,11.0,ear from notch=11 mm,age class=adult,https://doi.org/10.15468/dl.5wwfu9
884887,http://arctos.database.museum/guid/MSB:Mamm:315617?seid=4015579,MSB,MSB:Mamm:315617,"Mus musculus Linnaeus, 1758",2016,PR,MALE,adult,11.0,ear from notch=11 mm,age class=adult,https://doi.org/10.15468/dl.5wwfu9
884889,http://arctos.database.museum/guid/MSB:Mamm:315627?seid=4015589,MSB,MSB:Mamm:315627,"Mus musculus Linnaeus, 1758",2016,PR,FEMALE,adult,11.0,ear from notch=11 mm,age class=adult,https://doi.org/10.15468/dl.5wwfu9
884898,http://arctos.database.museum/guid/MSB:Mamm:315703?seid=4015665,MSB,MSB:Mamm:315703,"Mus musculus Linnaeus, 1758",2016,PR,MALE,adult,8.0,ear from notch=8 mm,age class=adult,https://doi.org/10.15468/dl.5wwfu9
884910,http://arctos.database.museum/guid/MSB:Mamm:315824?seid=4015786,MSB,MSB:Mamm:315824,"Mus musculus Linnaeus, 1758",2016,PR,MALE,adult,11.0,ear from notch=11 mm,age class=adult,https://doi.org/10.15468/dl.5wwfu9
884912,http://arctos.database.museum/guid/MSB:Mamm:315858?seid=4015820,MSB,MSB:Mamm:315858,"Mus musculus Linnaeus, 1758",2016,PR,MALE,adult,10.0,ear from notch=10 mm,age class=adult,https://doi.org/10.15468/dl.5wwfu9
884915,http://arctos.database.museum/guid/MSB:Mamm:315905?seid=4015867,MSB,MSB:Mamm:315905,"Mus musculus Linnaeus, 1758",2016,PR,FEMALE,adult,10.0,ear from notch=10 mm,age class=adult,https://doi.org/10.15468/dl.5wwfu9
884916,http://arctos.database.museum/guid/MSB:Mamm:315921?seid=4015883,MSB,MSB:Mamm:315921,"Mus musculus Linnaeus, 1758",2016,PR,FEMALE,adult,10.0,ear from notch=10 mm,age class=adult,https://doi.org/10.15468/dl.5wwfu9
884919,http://arctos.database.museum/guid/MSB:Mamm:316019?seid=4015981,MSB,MSB:Mamm:316019,"Mus musculus Linnaeus, 1758",2016,PR,MALE,adult,11.0,ear from notch=11 mm,age class=adult,https://doi.org/10.15468/dl.5wwfu9
884920,http://arctos.database.museum/guid/MSB:Mamm:316038?seid=4016000,MSB,MSB:Mamm:316038,"Mus musculus Linnaeus, 1758",2016,PR,FEMALE,adult,10.0,ear from notch=10 mm,age class=adult,https://doi.org/10.15468/dl.5wwfu9
884921,http://arctos.database.museum/guid/MSB:Mamm:316048?seid=4016010,MSB,MSB:Mamm:316048,"Mus musculus Linnaeus, 1758",2016,PR,MALE,adult,10.0,ear from notch=10 mm,age class=adult,https://doi.org/10.15468/dl.5wwfu9
884922,http://arctos.database.museum/guid/MSB:Mamm:316069?seid=4016031,MSB,MSB:Mamm:316069,"Mus musculus Linnaeus, 1758",2016,PR,MALE,adult,13.0,ear from notch=13 mm,age class=adult,https://doi.org/10.15468/dl.5wwfu9
886277,http://arctos.database.museum/guid/MSB:Mamm:326557?seid=4261157,MSB,MSB:Mamm:326557,"Mus musculus Linnaeus, 1758",2015,US,FEMALE,adult,14.0,ear from notch=14 mm,age class=adult,https://doi.org/10.15468/dl.5wwfu9
886670,http://arctos.database.museum/guid/MSB:Mamm:332831?seid=4927877,MSB,MSB:Mamm:332831,"Mus musculus Linnaeus, 1758",2020,US,FEMALE,adult,13.0,ear from notch=13 mm,age class=adult,https://doi.org/10.15468/dl.5wwfu9
887129,http://arctos.database.museum/guid/MSB:Mamm:342090?seid=5403378,MSB,MSB:Mamm:342090,"Mus musculus Linnaeus, 1758",2013,AF,MALE,adult,9.0,ear from notch=9 mm,age class=adult,https://doi.org/10.15468/dl.5wwfu9
891506,http://arctos.database.museum/guid/MSB:Mamm:130040?seid=376304,MSB,MSB:Mamm:130040,"Mus musculus Linnaeus, 1758",2001,PA,MALE,adult,8.0,ear from notch=8 mm,age class=adult,https://doi.org/10.15468/dl.5wwfu9
891513,http://arctos.database.museum/guid/MSB:Mamm:130231?seid=795039,MSB,MSB:Mamm:130231,"Mus musculus Linnaeus, 1758",2002,PA,MALE,adult,15.0,ear from notch=15 mm,age class=adult,https://doi.org/10.15468/dl.5wwfu9
891949,http://arctos.database.museum/guid/MSB:Mamm:149964?seid=972587,MSB,MSB:Mamm:149964,"Mus musculus Linnaeus, 1758",2004,RU,FEMALE,adult,14.0,ear from notch=14 mm,age class=adult,https://doi.org/10.15468/dl.5wwfu9
900857,http://arctos.database.museum/guid/MSB:Mamm:262842?seid=1921650,MSB,MSB:Mamm:262842,"Mus musculus Linnaeus, 1758",2011,PA,MALE,adult,13.0,ear from notch=13 mm,age class=adult,https://doi.org/10.15468/dl.5wwfu9
900858,http://arctos.database.museum/guid/MSB:Mamm:262852?seid=1921660,MSB,MSB:Mamm:262852,"Mus musculus Linnaeus, 1758",2011,PA,FEMALE,adult,14.0,ear from notch=14 mm,age class=adult,https://doi.org/10.15468/dl.5wwfu9
900859,http://arctos.database.museum/guid/MSB:Mamm:262863?seid=1921671,MSB,MSB:Mamm:262863,"Mus musculus Linnaeus, 1758",2011,PA,FEMALE,adult,13.0,ear from notch=13 mm,age class=adult,https://doi.org/10.15468/dl.5wwfu9
900870,http://arctos.database.museum/guid/MSB:Mamm:263060?seid=1921868,MSB,MSB:Mamm:263060,"Mus musculus Linnaeus, 1758",2011,PA,FEMALE,adult,14.0,ear from notch=14 mm,age class=adult,https://doi.org/10.15468/dl.5wwfu9
900871,http://arctos.database.museum/guid/MSB:Mamm:263091?seid=1921899,MSB,MSB:Mamm:263091,"Mus musculus Linnaeus, 1758",2011,PA,MALE,adult,13.0,ear from notch=13 mm,age class=adult,https://doi.org/10.15468/dl.5wwfu9
900872,http://arctos.database.museum/guid/MSB:Mamm:263098?seid=1921906,MSB,MSB:Mamm:263098,"Mus musculus Linnaeus, 1758",2011,PA,FEMALE,adult,14.0,ear from notch=14 mm,age class=adult,https://doi.org/10.15468/dl.5wwfu9
900873,http://arctos.database.museum/guid/MSB:Mamm:263127?seid=1921954,MSB,MSB:Mamm:263127,"Mus musculus Linnaeus, 1758",2011,PA,MALE,adult,14.0,ear from notch=14 mm,age class=adult,https://doi.org/10.15468/dl.5wwfu9
900876,http://arctos.database.museum/guid/MSB:Mamm:263197?seid=1923852,MSB,MSB:Mamm:263197,"Mus musculus Linnaeus, 1758",2011,PA,FEMALE,adult,14.0,ear from notch=14 mm,age class=adult,https://doi.org/10.15468/dl.5wwfu9
900879,http://arctos.database.museum/guid/MSB:Mamm:263255?seid=1923912,MSB,MSB:Mamm:263255,"Mus musculus Linnaeus, 1758",2011,PA,MALE,adult,14.0,ear from notch=14 mm,age class=adult,https://doi.org/10.15468/dl.5wwfu9
900880,http://arctos.database.museum/guid/MSB:Mamm:263269?seid=1923931,MSB,MSB:Mamm:263269,"Mus musculus Linnaeus, 1758",2011,PA,FEMALE,adult,15.0,ear from notch=15 mm,age class=adult,https://doi.org/10.15468/dl.5wwfu9
900881,http://arctos.database.museum/guid/MSB:Mamm:263288?seid=1923952,MSB,MSB:Mamm:263288,"Mus musculus Linnaeus, 1758",2011,PA,FEMALE,adult,15.0,ear from notch=15 mm,age class=adult,https://doi.org/10.15468/dl.5wwfu9
900882,http://arctos.database.museum/guid/MSB:Mamm:263312?seid=1927172,MSB,MSB:Mamm:263312,"Mus musculus Linnaeus, 1758",2011,PA,MALE,adult,13.0,ear from notch=13 mm,age class=adult,https://doi.org/10.15468/dl.5wwfu9
900883,http://arctos.database.museum/guid/MSB:Mamm:263322?seid=1927182,MSB,MSB:Mamm:263322,"Mus musculus Linnaeus, 1758",2011,PA,MALE,adult,15.0,ear from notch=15 mm,age class=adult,https://doi.org/10.15468/dl.5wwfu9
900884,http://arctos.database.museum/guid/MSB:Mamm:263337?seid=1927197,MSB,MSB:Mamm:263337,"Mus musculus Linnaeus, 1758",2011,PA,MALE,adult,16.0,ear from notch=16 mm,age class=adult,https://doi.org/10.15468/dl.5wwfu9
900885,http://arctos.database.museum/guid/MSB:Mamm:263407?seid=1927988,MSB,MSB:Mamm:263407,"Mus musculus Linnaeus, 1758",2011,PA,FEMALE,adult,15.0,ear from notch=15 mm,age class=adult,https://doi.org/10.15468/dl.5wwfu9
900886,http://arctos.database.museum/guid/MSB:Mamm:263422?seid=1928601,MSB,MSB:Mamm:263422,"Mus musculus Linnaeus, 1758",2011,PA,FEMALE,adult,15.0,ear from notch=15 mm,age class=adult,https://doi.org/10.15468/dl.5wwfu9
900889,http://arctos.database.museum/guid/MSB:Mamm:263502?seid=1928772,MSB,MSB:Mamm:263502,"Mus musculus Linnaeus, 1758",2011,PA,unknown,adult,14.0,ear from notch=14 mm,age class=adult,https://doi.org/10.15468/dl.5wwfu9
900959,http://arctos.database.museum/guid/MSB:Mamm:264976?seid=1978326,MSB,MSB:Mamm:264976,"Mus musculus Linnaeus, 1758",2012,MN,FEMALE,adult,16.0,ear from notch=16 mm,age class=adult,https://doi.org/10.15468/dl.5wwfu9
901070,http://arctos.database.museum/guid/MSB:Mamm:267705?seid=2079528,MSB,MSB:Mamm:267705,"Mus musculus Linnaeus, 1758",2012,MN,MALE,adult,16.0,ear from notch=16 mm,age class=adult,https://doi.org/10.15468/dl.5wwfu9
901110,http://arctos.database.museum/guid/MSB:Mamm:268447?seid=2087860,MSB,MSB:Mamm:268447,"Mus musculus Linnaeus, 1758",2012,MN,MALE,adult,12.5,ear from notch=12.5 mm,age class=adult,https://doi.org/10.15468/dl.5wwfu9
901421,http://arctos.database.museum/guid/MSB:Mamm:274432?seid=2409447,MSB,MSB:Mamm:274432,"Mus musculus Linnaeus, 1758",2002,EC,FEMALE,adult,11.0,ear from notch=11 mm,age class=adult,https://doi.org/10.15468/dl.5wwfu9
905626,http://arctos.database.museum/guid/MSB:Mamm:315600?seid=4015562,MSB,MSB:Mamm:315600,"Mus musculus Linnaeus, 1758",2016,PR,MALE,adult,10.0,ear from notch=10 mm,age class=adult,https://doi.org/10.15468/dl.5wwfu9
905628,http://arctos.database.museum/guid/MSB:Mamm:315620?seid=4015582,MSB,MSB:Mamm:315620,"Mus musculus Linnaeus, 1758",2016,PR,MALE,adult,11.0,ear from notch=11 mm,age class=adult,https://doi.org/10.15468/dl.5wwfu9
905637,http://arctos.database.museum/guid/MSB:Mamm:315648?seid=4015610,MSB,MSB:Mamm:315648,"Mus musculus Linnaeus, 1758",2016,PR,MALE,adult,9.0,ear from notch=9 mm,age class=adult,https://doi.org/10.15468/dl.5wwfu9
905645,http://arctos.database.museum/guid/MSB:Mamm:315700?seid=4015662,MSB,MSB:Mamm:315700,"Mus musculus Linnaeus, 1758",2016,PR,FEMALE,adult,8.0,ear from notch=8 mm,age class=adult,https://doi.org/10.15468/dl.5wwfu9
905656,http://arctos.database.museum/guid/MSB:Mamm:315826?seid=4015788,MSB,MSB:Mamm:315826,"Mus musculus Linnaeus, 1758",2016,PR,FEMALE,adult,11.0,ear from notch=11 mm,age class=adult,https://doi.org/10.15468/dl.5wwfu9
905659,http://arctos.database.museum/guid/MSB:Mamm:315912?seid=4015874,MSB,MSB:Mamm:315912,"Mus musculus Linnaeus, 1758",2016,PR,MALE,adult,11.0,ear from notch=11 mm,age class=adult,https://doi.org/10.15468/dl.5wwfu9
905660,http://arctos.database.museum/guid/MSB:Mamm:315927?seid=4015889,MSB,MSB:Mamm:315927,"Mus musculus Linnaeus, 1758",2016,PR,MALE,adult,12.0,ear from notch=12 mm,age class=adult,https://doi.org/10.15468/dl.5wwfu9
905661,http://arctos.database.museum/guid/MSB:Mamm:315937?seid=4015899,MSB,MSB:Mamm:315937,"Mus musculus Linnaeus, 1758",2016,PR,FEMALE,adult,12.0,ear from notch=12 mm,age class=adult,https://doi.org/10.15468/dl.5wwfu9
906972,http://arctos.database.museum/guid/MSB:Mamm:326513?seid=4261104,MSB,MSB:Mamm:326513,"Mus musculus Linnaeus, 1758",2019,US,FEMALE,adult,13.0,ear from notch=13 mm,age class=adult,https://doi.org/10.15468/dl.5wwfu9
906978,http://arctos.database.museum/guid/MSB:Mamm:326554?seid=4261154,MSB,MSB:Mamm:326554,"Mus musculus Linnaeus, 1758",2015,US,MALE,adult,14.0,ear from notch=14 mm,age class=adult,https://doi.org/10.15468/dl.5wwfu9
907406,http://arctos.database.museum/guid/MSB:Mamm:333438?seid=4983895,MSB,MSB:Mamm:333438,"Mus musculus Linnaeus, 1758",2020,US,FEMALE,adult,15.0,ear from notch=15 mm,age class=adult,https://doi.org/10.15468/dl.5wwfu9
907724,http://arctos.database.museum/guid/MSB:Mamm:340102?seid=5263590,MSB,MSB:Mamm:340102,"Mus musculus Linnaeus, 1758",2021,US,FEMALE,adult,15.0,ear from notch=15 mm,age class=adult,https://doi.org/10.15468/dl.5wwfu9
907799,http://arctos.database.museum/guid/MSB:Mamm:341552?seid=5349515,MSB,MSB:Mamm:341552,"Mus musculus Linnaeus, 1758",2022,US,MALE,adult,11.0,ear from notch=11 mm,age class=adult,https://doi.org/10.15468/dl.5wwfu9
907822,http://arctos.database.museum/guid/MSB:Mamm:342043?seid=5402702,MSB,MSB:Mamm:342043,"Mus musculus Linnaeus, 1758",2013,AF,MALE,adult,13.0,ear from notch=13 mm,age class=adult,https://doi.org/10.15468/dl.5wwfu9
907989,http://arctos.database.museum/guid/MSB:Mamm:345312?seid=5863460,MSB,MSB:Mamm:345312,"Mus musculus Linnaeus, 1758",2020,US,MALE,adult,15.0,ear from notch=15 mm,age class=adult,https://doi.org/10.15468/dl.5wwfu9
917396,http://arctos.database.museum/guid/MSB:Mamm:96054?seid=1775295,MSB,MSB:Mamm:96054,"Mus musculus Linnaeus, 1758",2000,PA,FEMALE,adult,15.0,ear from notch=15 mm,age class=adult,https://doi.org/10.15468/dl.5wwfu9
918671,http://arctos.database.museum/guid/MSB:Mamm:143956?seid=3072566,MSB,MSB:Mamm:143956,"Mus musculus Linnaeus, 1758",2003,PA,FEMALE,adult,14.0,ear from notch=14 mm,age class=adult,https://doi.org/10.15468/dl.5wwfu9
921629,http://arctos.database.museum/guid/MSB:Mamm:263053?seid=1921861,MSB,MSB:Mamm:263053,"Mus musculus Linnaeus, 1758",2011,PA,MALE,adult,13.0,ear from notch=13 mm,age class=adult,https://doi.org/10.15468/dl.5wwfu9
921633,http://arctos.database.museum/guid/MSB:Mamm:263160?seid=1921987,MSB,MSB:Mamm:263160,"Mus musculus Linnaeus, 1758",2011,PA,FEMALE,adult,14.0,ear from notch=14 mm,age class=adult,https://doi.org/10.15468/dl.5wwfu9
921634,http://arctos.database.museum/guid/MSB:Mamm:263173?seid=1922054,MSB,MSB:Mamm:263173,"Mus musculus Linnaeus, 1758",2011,PA,unknown,adult,15.0,ear from notch=15 mm,age class=adult,https://doi.org/10.15468/dl.5wwfu9
921636,http://arctos.database.museum/guid/MSB:Mamm:263194?seid=1923849,MSB,MSB:Mamm:263194,"Mus musculus Linnaeus, 1758",2011,PA,FEMALE,adult,16.0,ear from notch=16 mm,age class=adult,https://doi.org/10.15468/dl.5wwfu9
921639,http://arctos.database.museum/guid/MSB:Mamm:263261?seid=1923923,MSB,MSB:Mamm:263261,"Mus musculus Linnaeus, 1758",2011,PA,MALE,adult,15.0,ear from notch=15 mm,age class=adult,https://doi.org/10.15468/dl.5wwfu9
921640,http://arctos.database.museum/guid/MSB:Mamm:263271?seid=1923933,MSB,MSB:Mamm:263271,"Mus musculus Linnaeus, 1758",2011,PA,MALE,adult,16.0,ear from notch=16 mm,age class=adult,https://doi.org/10.15468/dl.5wwfu9
921641,http://arctos.database.museum/guid/MSB:Mamm:263284?seid=1923948,MSB,MSB:Mamm:263284,"Mus musculus Linnaeus, 1758",2011,PA,MALE,adult,14.0,ear from notch=14 mm,age class=adult,https://doi.org/10.15468/dl.5wwfu9
921642,http://arctos.database.museum/guid/MSB:Mamm:263297?seid=1923971,MSB,MSB:Mamm:263297,"Mus musculus Linnaeus, 1758",2011,PA,MALE,adult,14.0,ear from notch=14 mm,age class=adult,https://doi.org/10.15468/dl.5wwfu9
921644,http://arctos.database.museum/guid/MSB:Mamm:263352?seid=1927933,MSB,MSB:Mamm:263352,"Mus musculus Linnaeus, 1758",2011,PA,FEMALE,adult,16.0,ear from notch=16 mm,age class=adult,https://doi.org/10.15468/dl.5wwfu9
921645,http://arctos.database.museum/guid/MSB:Mamm:263367?seid=1927948,MSB,MSB:Mamm:263367,"Mus musculus Linnaeus, 1758",2011,PA,MALE,adult,15.0,ear from notch=15 mm,age class=adult,https://doi.org/10.15468/dl.5wwfu9
921646,http://arctos.database.museum/guid/MSB:Mamm:263377?seid=1927958,MSB,MSB:Mamm:263377,"Mus musculus Linnaeus, 1758",2011,PA,MALE,adult,16.0,ear from notch=16 mm,age class=adult,https://doi.org/10.15468/dl.5wwfu9
921647,http://arctos.database.museum/guid/MSB:Mamm:263388?seid=1927969,MSB,MSB:Mamm:263388,"Mus musculus Linnaeus, 1758",2011,PA,MALE,adult,14.0,ear from notch=14 mm,age class=adult,https://doi.org/10.15468/dl.5wwfu9
921648,http://arctos.database.museum/guid/MSB:Mamm:263413?seid=1928592,MSB,MSB:Mamm:263413,"Mus musculus Linnaeus, 1758",2011,PA,MALE,adult,15.0,ear from notch=15 mm,age class=adult,https://doi.org/10.15468/dl.5wwfu9
921650,http://arctos.database.museum/guid/MSB:Mamm:263467?seid=1928737,MSB,MSB:Mamm:263467,"Mus musculus Linnaeus, 1758",2011,PA,FEMALE,adult,15.0,ear from notch=15 mm,age class=adult,https://doi.org/10.15468/dl.5wwfu9
921651,http://arctos.database.museum/guid/MSB:Mamm:263477?seid=1928747,MSB,MSB:Mamm:263477,"Mus musculus Linnaeus, 1758",2011,PA,unknown,adult,15.0,ear from notch=15 mm,age class=adult,https://doi.org/10.15468/dl.5wwfu9
921652,http://arctos.database.museum/guid/MSB:Mamm:263493?seid=1928763,MSB,MSB:Mamm:263493,"Mus musculus Linnaeus, 1758",2011,PA,FEMALE,adult,14.0,ear from notch=14 mm,age class=adult,https://doi.org/10.15468/dl.5wwfu9
921864,http://arctos.database.museum/guid/MSB:Mamm:267885?seid=2080966,MSB,MSB:Mamm:267885,"Mus musculus Linnaeus, 1758",2012,MN,MALE,adult,13.0,ear from notch=13 mm,age class=adult,https://doi.org/10.15468/dl.5wwfu9
925127,http://arctos.database.museum/guid/MSB:Mamm:308407?seid=3988052,MSB,MSB:Mamm:308407,"Mus musculus Linnaeus, 1758",2014,US,FEMALE,adult,11.0,ear from notch=11 mm,age class=adult,https://doi.org/10.15468/dl.5wwfu9
926476,http://arctos.database.museum/guid/MSB:Mamm:315608?seid=4015570,MSB,MSB:Mamm:315608,"Mus musculus Linnaeus, 1758",2016,PR,MALE,adult,10.0,ear from notch=10 mm,age class=adult,https://doi.org/10.15468/dl.5wwfu9
926477,http://arctos.database.museum/guid/MSB:Mamm:315618?seid=4015580,MSB,MSB:Mamm:315618,"Mus musculus Linnaeus, 1758",2016,PR,FEMALE,adult,12.0,ear from notch=12 mm,age class=adult,https://doi.org/10.15468/dl.5wwfu9
926482,http://arctos.database.museum/guid/MSB:Mamm:315644?seid=4015606,MSB,MSB:Mamm:315644,"Mus musculus Linnaeus, 1758",2016,PR,MALE,adult,12.0,ear from notch=12 mm,age class=adult,https://doi.org/10.15468/dl.5wwfu9
926483,http://arctos.database.museum/guid/MSB:Mamm:315655?seid=4015617,MSB,MSB:Mamm:315655,"Mus musculus Linnaeus, 1758",2016,PR,FEMALE,adult,11.0,ear from notch=11 mm,age class=adult,https://doi.org/10.15468/dl.5wwfu9
926484,http://arctos.database.museum/guid/MSB:Mamm:315671?seid=4015633,MSB,MSB:Mamm:315671,"Mus musculus Linnaeus, 1758",2016,PR,FEMALE,adult,12.0,ear from notch=12 mm,age class=adult,https://doi.org/10.15468/dl.5wwfu9
926488,http://arctos.database.museum/guid/MSB:Mamm:315708?seid=4015670,MSB,MSB:Mamm:315708,"Mus musculus Linnaeus, 1758",2016,PR,MALE,adult,9.0,ear from notch=9 mm,age class=adult,https://doi.org/10.15468/dl.5wwfu9
926507,http://arctos.database.museum/guid/MSB:Mamm:315887?seid=4015849,MSB,MSB:Mamm:315887,"Mus musculus Linnaeus, 1758",2016,PR,FEMALE,adult,9.0,ear from notch=9 mm,age class=adult,https://doi.org/10.15468/dl.5wwfu9
926508,http://arctos.database.museum/guid/MSB:Mamm:315942?seid=4015904,MSB,MSB:Mamm:315942,"Mus musculus Linnaeus, 1758",2016,PR,MALE,adult,12.0,ear from notch=12 mm,age class=adult,https://doi.org/10.15468/dl.5wwfu9
926510,http://arctos.database.museum/guid/MSB:Mamm:315963?seid=4015925,MSB,MSB:Mamm:315963,"Mus musculus Linnaeus, 1758",2016,PR,MALE,adult,12.0,ear from notch=12 mm,age class=adult,https://doi.org/10.15468/dl.5wwfu9
926511,http://arctos.database.museum/guid/MSB:Mamm:315973?seid=4015935,MSB,MSB:Mamm:315973,"Mus musculus Linnaeus, 1758",2016,PR,FEMALE,adult,9.0,ear from notch=9 mm,age class=adult,https://doi.org/10.15468/dl.5wwfu9
926512,http://arctos.database.museum/guid/MSB:Mamm:316002?seid=4015964,MSB,MSB:Mamm:316002,"Mus musculus Linnaeus, 1758",2016,PR,MALE,adult,10.0,ear from notch=10 mm,age class=adult,https://doi.org/10.15468/dl.5wwfu9
926513,http://arctos.database.museum/guid/MSB:Mamm:316013?seid=4015975,MSB,MSB:Mamm:316013,"Mus musculus Linnaeus, 1758",2016,PR,MALE,adult,12.0,ear from notch=12 mm,age class=adult,https://doi.org/10.15468/dl.5wwfu9
926514,http://arctos.database.museum/guid/MSB:Mamm:316023?seid=4015985,MSB,MSB:Mamm:316023,"Mus musculus Linnaeus, 1758",2016,PR,FEMALE,adult,11.0,ear from notch=11 mm,age class=adult,https://doi.org/10.15468/dl.5wwfu9
926515,http://arctos.database.museum/guid/MSB:Mamm:316033?seid=4015995,MSB,MSB:Mamm:316033,"Mus musculus Linnaeus, 1758",2016,PR,FEMALE,adult,10.0,ear from notch=10 mm,age class=adult,https://doi.org/10.15468/dl.5wwfu9
926517,http://arctos.database.museum/guid/MSB:Mamm:316062?seid=4016024,MSB,MSB:Mamm:316062,"Mus musculus Linnaeus, 1758",2016,PR,MALE,adult,10.0,ear from notch=10 mm,age class=adult,https://doi.org/10.15468/dl.5wwfu9
927675,http://arctos.database.museum/guid/MSB:Mamm:323174?seid=4086456,MSB,MSB:Mamm:323174,"Mus musculus Linnaeus, 1758",2016,US,FEMALE,adult,14.0,ear from notch=14 mm,age class=adult,https://doi.org/10.15468/dl.5wwfu9
927871,http://arctos.database.museum/guid/MSB:Mamm:325607?seid=4194826,MSB,MSB:Mamm:325607,"Mus musculus Linnaeus, 1758",2017,US,unknown,adult,11.0,ear from notch=11 mm,age class=adult,https://doi.org/10.15468/dl.5wwfu9
928214,http://arctos.database.museum/guid/MSB:Mamm:332709?seid=4927755,MSB,MSB:Mamm:332709,"Mus musculus Linnaeus, 1758",2019,US,FEMALE,adult,18.0,ear from notch=18 mm,age class=adult,https://doi.org/10.15468/dl.5wwfu9
928667,http://arctos.database.museum/guid/MSB:Mamm:341298?seid=5312230,MSB,MSB:Mamm:341298,"Mus musculus Linnaeus, 1758",2021,US,MALE,adult,15.0,ear from notch=15 mm,age class=adult,https://doi.org/10.15468/dl.5wwfu9
928693,http://arctos.database.museum/guid/MSB:Mamm:341917?seid=5402346,MSB,MSB:Mamm:341917,"Mus musculus Linnaeus, 1758",2012,AF,FEMALE,adult,14.0,ear from notch=14 mm,age class=adult,https://doi.org/10.15468/dl.5wwfu9
928694,http://arctos.database.museum/guid/MSB:Mamm:341927?seid=5402356,MSB,MSB:Mamm:341927,"Mus musculus Linnaeus, 1758",2012,AF,MALE,adult,11.0,ear from notch=11 mm,age class=adult,https://doi.org/10.15468/dl.5wwfu9
928698,http://arctos.database.museum/guid/MSB:Mamm:342054?seid=5403342,MSB,MSB:Mamm:342054,"Mus musculus Linnaeus, 1758",2012,AF,FEMALE,adult,12.0,ear from notch=12 mm,age class=adult,https://doi.org/10.15468/dl.5wwfu9
928700,http://arctos.database.museum/guid/MSB:Mamm:342075?seid=5403363,MSB,MSB:Mamm:342075,"Mus musculus Linnaeus, 1758",2013,AF,FEMALE,adult,12.0,ear from notch=12 mm,age class=adult,https://doi.org/10.15468/dl.5wwfu9
928701,http://arctos.database.museum/guid/MSB:Mamm:342085?seid=5403373,MSB,MSB:Mamm:342085,"Mus musculus Linnaeus, 1758",2012,AF,FEMALE,adult,12.0,ear from notch=12 mm,age class=adult,https://doi.org/10.15468/dl.5wwfu9
928704,http://arctos.database.museum/guid/MSB:Mamm:342195?seid=5419923,MSB,MSB:Mamm:342195,"Mus musculus Linnaeus, 1758",2022,US,MALE,adult,14.0,ear from notch=14 mm,age class=adult,https://doi.org/10.15468/dl.5wwfu9
928744,http://arctos.database.museum/guid/MSB:Mamm:343115?seid=5658543,MSB,MSB:Mamm:343115,"Mus musculus Linnaeus, 1758",2022,MN,MALE,adult,13.5,ear from notch=13.5 mm,age class=adult,https://doi.org/10.15468/dl.5wwfu9
928870,http://arctos.database.museum/guid/MSB:Mamm:345659?seid=5871475,MSB,MSB:Mamm:345659,"Mus musculus Linnaeus, 1758",2020,US,MALE,adult,16.0,ear from notch=16 mm,age class=adult,https://doi.org/10.15468/dl.5wwfu9
929074,http://arctos.database.museum/guid/MSB:Mamm:349311?seid=6280509,MSB,MSB:Mamm:349311,"Mus musculus Linnaeus, 1758",2023,US,MALE,adult,9.5,ear from notch=9.5 mm,age class=adult,https://doi.org/10.15468/dl.5wwfu9
938047,http://arctos.database.museum/guid/MSB:Mamm:96057?seid=1597346,MSB,MSB:Mamm:96057,"Mus musculus Linnaeus, 1758",2000,PA,FEMALE,adult,15.0,ear from notch=15 mm,age class=adult,https://doi.org/10.15468/dl.5wwfu9
939328,http://arctos.database.museum/guid/MSB:Mamm:143955?seid=3072565,MSB,MSB:Mamm:143955,"Mus musculus Linnaeus, 1758",2003,PA,MALE,adult,15.0,ear from notch=15 mm,age class=adult,https://doi.org/10.15468/dl.5wwfu9
948335,http://arctos.database.museum/guid/MSB:Mamm:261756?seid=1904737,MSB,MSB:Mamm:261756,"Mus musculus Linnaeus, 1758",2011,PA,MALE,adult,15.0,ear from notch=15 mm,reproductive data=Adult,https://doi.org/10.15468/dl.5wwfu9
948396,http://arctos.database.museum/guid/MSB:Mamm:262822?seid=1921630,MSB,MSB:Mamm:262822,"Mus musculus Linnaeus, 1758",2011,PA,MALE,adult,12.0,ear from notch=12 mm,age class=adult,https://doi.org/10.15468/dl.5wwfu9
948397,http://arctos.database.museum/guid/MSB:Mamm:262837?seid=1921645,MSB,MSB:Mamm:262837,"Mus musculus Linnaeus, 1758",2011,PA,FEMALE,adult,14.0,ear from notch=14 mm,age class=adult,https://doi.org/10.15468/dl.5wwfu9
948398,http://arctos.database.museum/guid/MSB:Mamm:262847?seid=1921655,MSB,MSB:Mamm:262847,"Mus musculus Linnaeus, 1758",2011,PA,FEMALE,adult,14.0,ear from notch=14 mm,age class=adult,https://doi.org/10.15468/dl.5wwfu9
948411,http://arctos.database.museum/guid/MSB:Mamm:263030?seid=1921838,MSB,MSB:Mamm:263030,"Mus musculus Linnaeus, 1758",2011,PA,MALE,adult,14.0,ear from notch=14 mm,age class=adult,https://doi.org/10.15468/dl.5wwfu9
948414,http://arctos.database.museum/guid/MSB:Mamm:263099?seid=1921907,MSB,MSB:Mamm:263099,"Mus musculus Linnaeus, 1758",2011,PA,FEMALE,adult,14.0,ear from notch=14 mm,age class=adult,https://doi.org/10.15468/dl.5wwfu9
948416,http://arctos.database.museum/guid/MSB:Mamm:263117?seid=1921944,MSB,MSB:Mamm:263117,"Mus musculus Linnaeus, 1758",2011,PA,MALE,adult,13.0,ear from notch=13 mm,age class=adult,https://doi.org/10.15468/dl.5wwfu9
948418,http://arctos.database.museum/guid/MSB:Mamm:263138?seid=1921965,MSB,MSB:Mamm:263138,"Mus musculus Linnaeus, 1758",2011,PA,MALE,adult,14.0,ear from notch=14 mm,age class=adult,https://doi.org/10.15468/dl.5wwfu9
948419,http://arctos.database.museum/guid/MSB:Mamm:263148?seid=1921975,MSB,MSB:Mamm:263148,"Mus musculus Linnaeus, 1758",2011,PA,MALE,adult,15.0,ear from notch=15 mm,age class=adult,https://doi.org/10.15468/dl.5wwfu9
948420,http://arctos.database.museum/guid/MSB:Mamm:263159?seid=1921986,MSB,MSB:Mamm:263159,"Mus musculus Linnaeus, 1758",2011,PA,FEMALE,adult,16.0,ear from notch=16 mm,age class=adult,https://doi.org/10.15468/dl.5wwfu9
948421,http://arctos.database.museum/guid/MSB:Mamm:263203?seid=1923858,MSB,MSB:Mamm:263203,"Mus musculus Linnaeus, 1758",2011,PA,FEMALE,adult,15.0,ear from notch=15 mm,age class=adult,https://doi.org/10.15468/dl.5wwfu9
948425,http://arctos.database.museum/guid/MSB:Mamm:263289?seid=1923953,MSB,MSB:Mamm:263289,"Mus musculus Linnaeus, 1758",2011,PA,MALE,adult,17.0,ear from notch=17 mm,age class=adult,https://doi.org/10.15468/dl.5wwfu9
948426,http://arctos.database.museum/guid/MSB:Mamm:263313?seid=1927173,MSB,MSB:Mamm:263313,"Mus musculus Linnaeus, 1758",2011,PA,FEMALE,adult,16.0,ear from notch=16 mm,age class=adult,https://doi.org/10.15468/dl.5wwfu9
948428,http://arctos.database.museum/guid/MSB:Mamm:263338?seid=1927198,MSB,MSB:Mamm:263338,"Mus musculus Linnaeus, 1758",2011,PA,FEMALE,adult,16.0,ear from notch=16 mm,age class=adult,https://doi.org/10.15468/dl.5wwfu9
948430,http://arctos.database.museum/guid/MSB:Mamm:263423?seid=1928602,MSB,MSB:Mamm:263423,"Mus musculus Linnaeus, 1758",2011,PA,FEMALE,adult,16.0,ear from notch=16 mm,age class=adult,https://doi.org/10.15468/dl.5wwfu9
948432,http://arctos.database.museum/guid/MSB:Mamm:263447?seid=1928659,MSB,MSB:Mamm:263447,"Mus musculus Linnaeus, 1758",2011,PA,FEMALE,adult,16.0,ear from notch=16 mm,age class=adult,https://doi.org/10.15468/dl.5wwfu9
950142,http://arctos.database.museum/guid/MSB:Mamm:298914?seid=3670186,MSB,MSB:Mamm:298914,"Mus musculus Linnaeus, 1758",2006,PA,MALE,adult,14.0,ear from notch=14 mm,age class=adult,https://doi.org/10.15468/dl.5wwfu9
952127,http://arctos.database.museum/guid/MSB:Mamm:310424?seid=3995022,MSB,MSB:Mamm:310424,"Mus musculus Linnaeus, 1758",2015,US,MALE,adult,13.0,ear from notch=13 mm,age class=adult,https://doi.org/10.15468/dl.5wwfu9
952244,http://arctos.database.museum/guid/MSB:Mamm:310743?seid=3995341,MSB,MSB:Mamm:310743,"Mus musculus Linnaeus, 1758",2015,US,MALE,adult,12.0,ear from notch=12 mm,age class=adult,https://doi.org/10.15468/dl.5wwfu9
953260,http://arctos.database.museum/guid/MSB:Mamm:315605?seid=4015567,MSB,MSB:Mamm:315605,"Mus musculus Linnaeus, 1758",2016,PR,FEMALE,adult,12.0,ear from notch=12 mm,age class=adult,https://doi.org/10.15468/dl.5wwfu9
953261,http://arctos.database.museum/guid/MSB:Mamm:315615?seid=4015577,MSB,MSB:Mamm:315615,"Mus musculus Linnaeus, 1758",2016,PR,MALE,adult,12.0,ear from notch=12 mm,age class=adult,https://doi.org/10.15468/dl.5wwfu9
953262,http://arctos.database.museum/guid/MSB:Mamm:315621?seid=4022620,MSB,MSB:Mamm:315621,"Mus musculus Linnaeus, 1758",2016,PR,MALE,adult,9.0,ear from notch=9 mm,age class=adult,https://doi.org/10.15468/dl.5wwfu9
953276,http://arctos.database.museum/guid/MSB:Mamm:315701?seid=4015663,MSB,MSB:Mamm:315701,"Mus musculus Linnaeus, 1758",2016,PR,MALE,adult,10.0,ear from notch=10 mm,age class=adult,https://doi.org/10.15468/dl.5wwfu9
953289,http://arctos.database.museum/guid/MSB:Mamm:315833?seid=4015795,MSB,MSB:Mamm:315833,"Mus musculus Linnaeus, 1758",2016,PR,FEMALE,adult,13.0,ear from notch=13 mm,age class=adult,https://doi.org/10.15468/dl.5wwfu9
953290,http://arctos.database.museum/guid/MSB:Mamm:315903?seid=4015865,MSB,MSB:Mamm:315903,"Mus musculus Linnaeus, 1758",2016,PR,MALE,adult,11.0,ear from notch=11 mm,age class=adult,https://doi.org/10.15468/dl.5wwfu9
953291,http://arctos.database.museum/guid/MSB:Mamm:315913?seid=4015875,MSB,MSB:Mamm:315913,"Mus musculus Linnaeus, 1758",2016,PR,MALE,adult,10.0,ear from notch=10 mm,age class=adult,https://doi.org/10.15468/dl.5wwfu9
953292,http://arctos.database.museum/guid/MSB:Mamm:315923?seid=4015885,MSB,MSB:Mamm:315923,"Mus musculus Linnaeus, 1758",2016,PR,MALE,adult,10.0,ear from notch=10 mm,age class=adult,https://doi.org/10.15468/dl.5wwfu9
953293,http://arctos.database.museum/guid/MSB:Mamm:315978?seid=4015940,MSB,MSB:Mamm:315978,"Mus musculus Linnaeus, 1758",2016,PR,MALE,adult,10.0,ear from notch=10 mm,age class=adult,https://doi.org/10.15468/dl.5wwfu9
953294,http://arctos.database.museum/guid/MSB:Mamm:315998?seid=4015960,MSB,MSB:Mamm:315998,"Mus musculus Linnaeus, 1758",2016,PR,MALE,adult,9.0,ear from notch=9 mm,age class=adult,https://doi.org/10.15468/dl.5wwfu9
953296,http://arctos.database.museum/guid/MSB:Mamm:316124?seid=4016086,MSB,MSB:Mamm:316124,"Mus musculus Linnaeus, 1758",2016,PR,MALE,adult,11.0,ear from notch=11 mm,age class=adult,https://doi.org/10.15468/dl.5wwfu9
954334,http://arctos.database.museum/guid/MSB:Mamm:323179?seid=4086461,MSB,MSB:Mamm:323179,"Mus musculus Linnaeus, 1758",2016,US,FEMALE,adult,14.0,ear from notch=14 mm,age class=adult,https://doi.org/10.15468/dl.5wwfu9
954345,http://arctos.database.museum/guid/MSB:Mamm:323261?seid=4102738,MSB,MSB:Mamm:323261,"Mus musculus Linnaeus, 1758",2015,US,FEMALE,adult,14.0,ear from notch=14 mm,age class=adult,https://doi.org/10.15468/dl.5wwfu9
954547,http://arctos.database.museum/guid/MSB:Mamm:325827?seid=4204115,MSB,MSB:Mamm:325827,"Mus musculus Linnaeus, 1758",2017,US,FEMALE,adult,15.0,ear from notch=15 mm,age class=adult,https://doi.org/10.15468/dl.5wwfu9
954700,http://arctos.database.museum/guid/MSB:Mamm:328576?seid=4332768,MSB,MSB:Mamm:328576,"Mus musculus Linnaeus, 1758",2011,PA,FEMALE,adult,13.0,ear from notch=13 mm,age class=adult,https://doi.org/10.15468/dl.5wwfu9
954965,http://arctos.database.museum/guid/MSB:Mamm:332753?seid=4927799,MSB,MSB:Mamm:332753,"Mus musculus Linnaeus, 1758",2020,US,FEMALE,adult,13.0,ear from notch=13 mm,age class=adult,https://doi.org/10.15468/dl.5wwfu9
955402,http://arctos.database.museum/guid/MSB:Mamm:341296?seid=5312228,MSB,MSB:Mamm:341296,"Mus musculus Linnaeus, 1758",2021,US,MALE,adult,15.0,ear from notch=15 mm,age class=adult,https://doi.org/10.15468/dl.5wwfu9
955424,http://arctos.database.museum/guid/MSB:Mamm:341768?seid=5376075,MSB,MSB:Mamm:341768,"Mus musculus Linnaeus, 1758",,US,MALE,adult,11.0,ear from notch=11 mm,age class=adult,https://doi.org/10.15468/dl.5wwfu9
955437,http://arctos.database.museum/guid/MSB:Mamm:341930?seid=5402359,MSB,MSB:Mamm:341930,"Mus musculus Linnaeus, 1758",2013,AF,MALE,adult,13.0,ear from notch=13 mm,age class=adult,https://doi.org/10.15468/dl.5wwfu9
955453,http://arctos.database.museum/guid/MSB:Mamm:342209?seid=5419960,MSB,MSB:Mamm:342209,"Mus musculus Linnaeus, 1758",2022,US,MALE,adult,14.0,ear from notch=14 mm,age class=adult,https://doi.org/10.15468/dl.5wwfu9
955500,http://arctos.database.museum/guid/MSB:Mamm:343092?seid=5658520,MSB,MSB:Mamm:343092,"Mus musculus Linnaeus, 1758",2022,MN,FEMALE,adult,14.0,ear from notch=14 mm,age class=adult,https://doi.org/10.15468/dl.5wwfu9
955507,http://arctos.database.museum/guid/MSB:Mamm:343266?seid=5660878,MSB,MSB:Mamm:343266,"Mus musculus Linnaeus, 1758",2022,MN,MALE,adult,10.5,ear from notch=10.5 mm,age class=adult,https://doi.org/10.15468/dl.5wwfu9
955512,http://arctos.database.museum/guid/MSB:Mamm:343334?seid=5660966,MSB,MSB:Mamm:343334,"Mus musculus Linnaeus, 1758",2022,MN,FEMALE,adult,14.0,ear from notch=14 mm,age class=adult,https://doi.org/10.15468/dl.5wwfu9
955513,http://arctos.database.museum/guid/MSB:Mamm:343345?seid=5660977,MSB,MSB:Mamm:343345,"Mus musculus Linnaeus, 1758",2022,MN,FEMALE,adult,12.0,ear from notch=12 mm,age class=adult,https://doi.org/10.15468/dl.5wwfu9
966223,http://arctos.database.museum/guid/MSB:Mamm:149970?seid=1341679,MSB,MSB:Mamm:149970,"Mus musculus Linnaeus, 1758",2003,RU,FEMALE,adult,13.2,ear from notch=13.2 mm,age class=adult,https://doi.org/10.15468/dl.5wwfu9
969034,http://arctos.database.museum/guid/MSB:Mamm:263022?seid=1921830,MSB,MSB:Mamm:263022,"Mus musculus Linnaeus, 1758",2011,PA,FEMALE,adult,14.0,ear from notch=14 mm,age class=adult,https://doi.org/10.15468/dl.5wwfu9
969036,http://arctos.database.museum/guid/MSB:Mamm:263042?seid=1921850,MSB,MSB:Mamm:263042,"Mus musculus Linnaeus, 1758",2011,PA,MALE,adult,14.0,ear from notch=14 mm,age class=adult,https://doi.org/10.15468/dl.5wwfu9
969037,http://arctos.database.museum/guid/MSB:Mamm:263057?seid=1921865,MSB,MSB:Mamm:263057,"Mus musculus Linnaeus, 1758",2011,PA,MALE,adult,14.0,ear from notch=14 mm,age class=adult,https://doi.org/10.15468/dl.5wwfu9
969040,http://arctos.database.museum/guid/MSB:Mamm:263102?seid=1921929,MSB,MSB:Mamm:263102,"Mus musculus Linnaeus, 1758",2011,PA,FEMALE,adult,14.0,ear from notch=14 mm,age class=adult,https://doi.org/10.15468/dl.5wwfu9
969041,http://arctos.database.museum/guid/MSB:Mamm:263122?seid=1921949,MSB,MSB:Mamm:263122,"Mus musculus Linnaeus, 1758",2011,PA,MALE,adult,14.0,ear from notch=14 mm,age class=adult,https://doi.org/10.15468/dl.5wwfu9
969043,http://arctos.database.museum/guid/MSB:Mamm:263187?seid=1922068,MSB,MSB:Mamm:263187,"Mus musculus Linnaeus, 1758",2011,PA,MALE,adult,14.0,ear from notch=14 mm,age class=adult,https://doi.org/10.15468/dl.5wwfu9
969046,http://arctos.database.museum/guid/MSB:Mamm:263264?seid=1923926,MSB,MSB:Mamm:263264,"Mus musculus Linnaeus, 1758",2011,PA,MALE,adult,13.0,ear from notch=13 mm,age class=adult,https://doi.org/10.15468/dl.5wwfu9
969047,http://arctos.database.museum/guid/MSB:Mamm:263275?seid=1923937,MSB,MSB:Mamm:263275,"Mus musculus Linnaeus, 1758",2011,PA,MALE,adult,15.0,ear from notch=15 mm,age class=adult,https://doi.org/10.15468/dl.5wwfu9
969048,http://arctos.database.museum/guid/MSB:Mamm:263294?seid=1923958,MSB,MSB:Mamm:263294,"Mus musculus Linnaeus, 1758",2011,PA,MALE,adult,14.0,ear from notch=14 mm,age class=adult,https://doi.org/10.15468/dl.5wwfu9
969049,http://arctos.database.museum/guid/MSB:Mamm:263341?seid=1927922,MSB,MSB:Mamm:263341,"Mus musculus Linnaeus, 1758",2011,PA,FEMALE,adult,16.0,ear from notch=16 mm,age class=adult,https://doi.org/10.15468/dl.5wwfu9
969051,http://arctos.database.museum/guid/MSB:Mamm:263366?seid=1927947,MSB,MSB:Mamm:263366,"Mus musculus Linnaeus, 1758",2011,PA,MALE,adult,14.0,ear from notch=14 mm,age class=adult,https://doi.org/10.15468/dl.5wwfu9
969053,http://arctos.database.museum/guid/MSB:Mamm:263387?seid=1927968,MSB,MSB:Mamm:263387,"Mus musculus Linnaeus, 1758",2011,PA,FEMALE,adult,14.0,ear from notch=14 mm,age class=adult,https://doi.org/10.15468/dl.5wwfu9
969054,http://arctos.database.museum/guid/MSB:Mamm:263397?seid=1927978,MSB,MSB:Mamm:263397,"Mus musculus Linnaeus, 1758",2011,PA,MALE,adult,15.0,ear from notch=15 mm,age class=adult,https://doi.org/10.15468/dl.5wwfu9
969055,http://arctos.database.museum/guid/MSB:Mamm:263416?seid=1928595,MSB,MSB:Mamm:263416,"Mus musculus Linnaeus, 1758",2011,PA,FEMALE,adult,14.0,ear from notch=14 mm,age class=adult,https://doi.org/10.15468/dl.5wwfu9
969057,http://arctos.database.museum/guid/MSB:Mamm:263472?seid=1928742,MSB,MSB:Mamm:263472,"Mus musculus Linnaeus, 1758",2011,PA,unknown,adult,15.0,ear from notch=15 mm,age class=adult,https://doi.org/10.15468/dl.5wwfu9
969059,http://arctos.database.museum/guid/MSB:Mamm:263497?seid=1928767,MSB,MSB:Mamm:263497,"Mus musculus Linnaeus, 1758",2011,PA,FEMALE,adult,15.0,ear from notch=15 mm,age class=adult,https://doi.org/10.15468/dl.5wwfu9
969289,http://arctos.database.museum/guid/MSB:Mamm:268156?seid=2084656,MSB,MSB:Mamm:268156,"Mus musculus Linnaeus, 1758",2012,MN,FEMALE,adult,13.0,ear from notch=13 mm,age class=adult,https://doi.org/10.15468/dl.5wwfu9
970789,http://arctos.database.museum/guid/MSB:Mamm:298677?seid=3669949,MSB,MSB:Mamm:298677,"Mus musculus Linnaeus, 1758",2009,PA,MALE,adult,15.0,ear from notch=15 mm,age class=adult,https://doi.org/10.15468/dl.5wwfu9
970803,http://arctos.database.museum/guid/MSB:Mamm:298932?seid=3670204,MSB,MSB:Mamm:298932,"Mus musculus Linnaeus, 1758",2009,PA,FEMALE,adult,14.0,ear from notch=14 mm,age class=adult,https://doi.org/10.15468/dl.5wwfu9
973774,http://arctos.database.museum/guid/MSB:Mamm:315654?seid=4015616,MSB,MSB:Mamm:315654,"Mus musculus Linnaeus, 1758",2016,PR,FEMALE,adult,11.0,ear from notch=11 mm,age class=adult,https://doi.org/10.15468/dl.5wwfu9
973777,http://arctos.database.museum/guid/MSB:Mamm:315674?seid=4015636,MSB,MSB:Mamm:315674,"Mus musculus Linnaeus, 1758",2016,PR,MALE,adult,9.0,ear from notch=9 mm,age class=adult,https://doi.org/10.15468/dl.5wwfu9
973796,http://arctos.database.museum/guid/MSB:Mamm:315791?seid=4015753,MSB,MSB:Mamm:315791,"Mus musculus Linnaeus, 1758",2016,PR,FEMALE,adult,11.0,ear from notch=11 mm,age class=adult,https://doi.org/10.15468/dl.5wwfu9
973798,http://arctos.database.museum/guid/MSB:Mamm:315829?seid=4015791,MSB,MSB:Mamm:315829,"Mus musculus Linnaeus, 1758",2016,PR,FEMALE,adult,10.0,ear from notch=10 mm,age class=adult,https://doi.org/10.15468/dl.5wwfu9
973802,http://arctos.database.museum/guid/MSB:Mamm:315882?seid=4015844,MSB,MSB:Mamm:315882,"Mus musculus Linnaeus, 1758",2016,PR,FEMALE,adult,11.0,ear from notch=11 mm,age class=adult,https://doi.org/10.15468/dl.5wwfu9
973803,http://arctos.database.museum/guid/MSB:Mamm:315892?seid=4015854,MSB,MSB:Mamm:315892,"Mus musculus Linnaeus, 1758",2016,PR,FEMALE,adult,10.0,ear from notch=10 mm,age class=adult,https://doi.org/10.15468/dl.5wwfu9
973805,http://arctos.database.museum/guid/MSB:Mamm:315941?seid=4015903,MSB,MSB:Mamm:315941,"Mus musculus Linnaeus, 1758",2016,PR,MALE,adult,13.0,ear from notch=13 mm,age class=adult,https://doi.org/10.15468/dl.5wwfu9
973807,http://arctos.database.museum/guid/MSB:Mamm:315962?seid=4015924,MSB,MSB:Mamm:315962,"Mus musculus Linnaeus, 1758",2016,PR,MALE,adult,11.0,ear from notch=11 mm,age class=adult,https://doi.org/10.15468/dl.5wwfu9
973808,http://arctos.database.museum/guid/MSB:Mamm:315972?seid=4015934,MSB,MSB:Mamm:315972,"Mus musculus Linnaeus, 1758",2016,PR,FEMALE,adult,10.0,ear from notch=10 mm,age class=adult,https://doi.org/10.15468/dl.5wwfu9
973810,http://arctos.database.museum/guid/MSB:Mamm:315993?seid=4015955,MSB,MSB:Mamm:315993,"Mus musculus Linnaeus, 1758",2016,PR,MALE,adult,10.0,ear from notch=10 mm,age class=adult,https://doi.org/10.15468/dl.5wwfu9
973811,http://arctos.database.museum/guid/MSB:Mamm:316001?seid=4015963,MSB,MSB:Mamm:316001,"Mus musculus Linnaeus, 1758",2016,PR,FEMALE,adult,13.0,ear from notch=13 mm,age class=adult,https://doi.org/10.15468/dl.5wwfu9
973813,http://arctos.database.museum/guid/MSB:Mamm:316022?seid=4015984,MSB,MSB:Mamm:316022,"Mus musculus Linnaeus, 1758",2016,PR,MALE,adult,10.0,ear from notch=10 mm,age class=adult,https://doi.org/10.15468/dl.5wwfu9
973814,http://arctos.database.museum/guid/MSB:Mamm:316037?seid=4015999,MSB,MSB:Mamm:316037,"Mus musculus Linnaeus, 1758",2016,PR,FEMALE,adult,10.0,ear from notch=10 mm,age class=adult,https://doi.org/10.15468/dl.5wwfu9
973815,http://arctos.database.museum/guid/MSB:Mamm:316045?seid=4016007,MSB,MSB:Mamm:316045,"Mus musculus Linnaeus, 1758",2016,PR,FEMALE,adult,12.0,ear from notch=12 mm,age class=adult,https://doi.org/10.15468/dl.5wwfu9
973817,http://arctos.database.museum/guid/MSB:Mamm:316072?seid=4016034,MSB,MSB:Mamm:316072,"Mus musculus Linnaeus, 1758",2016,PR,MALE,adult,10.0,ear from notch=10 mm,age class=adult,https://doi.org/10.15468/dl.5wwfu9
973819,http://arctos.database.museum/guid/MSB:Mamm:316092?seid=4016054,MSB,MSB:Mamm:316092,"Mus musculus Linnaeus, 1758",2016,PR,MALE,adult,11.0,ear from notch=11 mm,age class=adult,https://doi.org/10.15468/dl.5wwfu9
975264,http://arctos.database.museum/guid/MSB:Mamm:326042?seid=4223195,MSB,MSB:Mamm:326042,"Mus musculus Linnaeus, 1758",2013,US,FEMALE,adult,13.0,ear from notch=13 mm,age class=adult,https://doi.org/10.15468/dl.5wwfu9
975271,http://arctos.database.museum/guid/MSB:Mamm:326149?seid=4244987,MSB,MSB:Mamm:326149,"Mus musculus Linnaeus, 1758",2010,US,FEMALE,adult,14.0,ear from notch=14 mm,age class=adult,https://doi.org/10.15468/dl.5wwfu9
975599,http://arctos.database.museum/guid/MSB:Mamm:332749?seid=4927795,MSB,MSB:Mamm:332749,"Mus musculus Linnaeus, 1758",2020,US,FEMALE,adult,14.0,ear from notch=14 mm,age class=adult,https://doi.org/10.15468/dl.5wwfu9
975972,http://arctos.database.museum/guid/MSB:Mamm:339819?seid=5260115,MSB,MSB:Mamm:339819,"Mus musculus Linnaeus, 1758",2007,US,MALE,adult,11.0,ear from notch=11 mm,age class=adult,https://doi.org/10.15468/dl.5wwfu9
976040,http://arctos.database.museum/guid/MSB:Mamm:341280?seid=5312194,MSB,MSB:Mamm:341280,"Mus musculus Linnaeus, 1758",2019,US,MALE,adult,14.0,ear from notch=14 mm,age class=adult,https://doi.org/10.15468/dl.5wwfu9
976075,http://arctos.database.museum/guid/MSB:Mamm:342053?seid=5403341,MSB,MSB:Mamm:342053,"Mus musculus Linnaeus, 1758",2012,AF,MALE,adult,8.0,ear from notch=8 mm,age class=adult,https://doi.org/10.15468/dl.5wwfu9
976077,http://arctos.database.museum/guid/MSB:Mamm:342078?seid=5403366,MSB,MSB:Mamm:342078,"Mus musculus Linnaeus, 1758",2013,AF,FEMALE,adult,13.0,ear from notch=13 mm,age class=adult,https://doi.org/10.15468/dl.5wwfu9
976085,http://arctos.database.museum/guid/MSB:Mamm:342244?seid=5420205,MSB,MSB:Mamm:342244,"Mus musculus Linnaeus, 1758",2022,US,MALE,adult,14.0,ear from notch=14 mm,age class=adult,https://doi.org/10.15468/dl.5wwfu9
980867,http://arctos.database.museum/guid/MSB:Mamm:150072?seid=956667,MSB,MSB:Mamm:150072,"Mus musculus Linnaeus, 1758",2003,RU,MALE,adult,13.6,ear from notch=13.6 mm,age class=adult,https://doi.org/10.15468/dl.5wwfu9
983113,http://arctos.database.museum/guid/MSB:Mamm:233386?seid=341799,MSB,MSB:Mamm:233386,"Mus musculus Linnaeus, 1758",2006,RU,FEMALE,adult,11.0,ear from notch=11.0 mm,age class=adult,https://doi.org/10.15468/dl.5wwfu9
983115,http://arctos.database.museum/guid/MSB:Mamm:233395?seid=587993,MSB,MSB:Mamm:233395,"Mus musculus Linnaeus, 1758",2006,RU,FEMALE,adult,13.0,ear from notch=13.0 mm,age class=adult,https://doi.org/10.15468/dl.5wwfu9
986448,http://arctos.database.museum/guid/MSB:Mamm:130229?seid=1640698,MSB,MSB:Mamm:130229,"Mus musculus Linnaeus, 1758",2002,PA,FEMALE,adult,15.0,ear from notch=15 mm,age class=adult,https://doi.org/10.15468/dl.5wwfu9
986764,http://arctos.database.museum/guid/MSB:Mamm:143944?seid=3072831,MSB,MSB:Mamm:143944,"Mus musculus Linnaeus, 1758",2003,PA,MALE,adult,13.0,ear from notch=13 mm,age class=adult,https://doi.org/10.15468/dl.5wwfu9
989629,http://arctos.database.museum/guid/MSB:Mamm:262600?seid=1920441,MSB,MSB:Mamm:262600,"Mus musculus Linnaeus, 1758",2011,PA,FEMALE,adult,13.0,ear from notch=13 mm,age class=adult,https://doi.org/10.15468/dl.5wwfu9
989641,http://arctos.database.museum/guid/MSB:Mamm:262850?seid=1921658,MSB,MSB:Mamm:262850,"Mus musculus Linnaeus, 1758",2011,PA,MALE,adult,14.0,ear from notch=14 mm,age class=adult,https://doi.org/10.15468/dl.5wwfu9
989649,http://arctos.database.museum/guid/MSB:Mamm:263023?seid=1921831,MSB,MSB:Mamm:263023,"Mus musculus Linnaeus, 1758",2011,PA,MALE,adult,15.0,ear from notch=15 mm,age class=adult,https://doi.org/10.15468/dl.5wwfu9
989651,http://arctos.database.museum/guid/MSB:Mamm:263044?seid=1921852,MSB,MSB:Mamm:263044,"Mus musculus Linnaeus, 1758",2011,PA,FEMALE,adult,14.0,ear from notch=14 mm,age class=adult,https://doi.org/10.15468/dl.5wwfu9
989652,http://arctos.database.museum/guid/MSB:Mamm:263059?seid=1921867,MSB,MSB:Mamm:263059,"Mus musculus Linnaeus, 1758",2011,PA,FEMALE,adult,13.0,ear from notch=13 mm,age class=adult,https://doi.org/10.15468/dl.5wwfu9
989655,http://arctos.database.museum/guid/MSB:Mamm:263120?seid=1921947,MSB,MSB:Mamm:263120,"Mus musculus Linnaeus, 1758",2011,PA,MALE,adult,13.0,ear from notch=13 mm,age class=adult,https://doi.org/10.15468/dl.5wwfu9
989656,http://arctos.database.museum/guid/MSB:Mamm:263140?seid=1921967,MSB,MSB:Mamm:263140,"Mus musculus Linnaeus, 1758",2011,PA,FEMALE,adult,14.0,ear from notch=14 mm,age class=adult,https://doi.org/10.15468/dl.5wwfu9
989657,http://arctos.database.museum/guid/MSB:Mamm:263161?seid=1921988,MSB,MSB:Mamm:263161,"Mus musculus Linnaeus, 1758",2011,PA,FEMALE,adult,14.0,ear from notch=14 mm,age class=adult,https://doi.org/10.15468/dl.5wwfu9
989658,http://arctos.database.museum/guid/MSB:Mamm:263174?seid=1922055,MSB,MSB:Mamm:263174,"Mus musculus Linnaeus, 1758",2011,PA,FEMALE,adult,14.0,ear from notch=14 mm,age class=adult,https://doi.org/10.15468/dl.5wwfu9
989659,http://arctos.database.museum/guid/MSB:Mamm:263180?seid=1922061,MSB,MSB:Mamm:263180,"Mus musculus Linnaeus, 1758",2011,PA,MALE,adult,14.0,ear from notch=14 mm,age class=adult,https://doi.org/10.15468/dl.5wwfu9
989664,http://arctos.database.museum/guid/MSB:Mamm:263266?seid=1923928,MSB,MSB:Mamm:263266,"Mus musculus Linnaeus, 1758",2011,PA,MALE,adult,15.0,ear from notch=15 mm,reproductive data=adult,https://doi.org/10.15468/dl.5wwfu9
989665,http://arctos.database.museum/guid/MSB:Mamm:263281?seid=1923945,MSB,MSB:Mamm:263281,"Mus musculus Linnaeus, 1758",2011,PA,MALE,adult,13.0,ear from notch=13 mm,age class=adult,https://doi.org/10.15468/dl.5wwfu9
989667,http://arctos.database.museum/guid/MSB:Mamm:263303?seid=1923977,MSB,MSB:Mamm:263303,"Mus musculus Linnaeus, 1758",2011,PA,MALE,adult,14.0,ear from notch=14 mm,age class=adult,https://doi.org/10.15468/dl.5wwfu9
989668,http://arctos.database.museum/guid/MSB:Mamm:263347?seid=1927928,MSB,MSB:Mamm:263347,"Mus musculus Linnaeus, 1758",2011,PA,MALE,adult,14.0,ear from notch=14 mm,age class=adult,https://doi.org/10.15468/dl.5wwfu9
989669,http://arctos.database.museum/guid/MSB:Mamm:263358?seid=1927939,MSB,MSB:Mamm:263358,"Mus musculus Linnaeus, 1758",2011,PA,FEMALE,adult,15.0,ear from notch=15 mm,age class=adult,https://doi.org/10.15468/dl.5wwfu9
989670,http://arctos.database.museum/guid/MSB:Mamm:263368?seid=1927949,MSB,MSB:Mamm:263368,"Mus musculus Linnaeus, 1758",2011,PA,unknown,adult,15.0,ear from notch=15 mm,age class=adult,https://doi.org/10.15468/dl.5wwfu9
989672,http://arctos.database.museum/guid/MSB:Mamm:263384?seid=1927965,MSB,MSB:Mamm:263384,"Mus musculus Linnaeus, 1758",2011,PA,FEMALE,adult,14.0,ear from notch=14 mm,age class=adult,https://doi.org/10.15468/dl.5wwfu9
989673,http://arctos.database.museum/guid/MSB:Mamm:263394?seid=1927975,MSB,MSB:Mamm:263394,"Mus musculus Linnaeus, 1758",2011,PA,FEMALE,adult,15.0,ear from notch=15 mm,age class=adult,https://doi.org/10.15468/dl.5wwfu9
989674,http://arctos.database.museum/guid/MSB:Mamm:263430?seid=1928609,MSB,MSB:Mamm:263430,"Mus musculus Linnaeus, 1758",2011,PA,MALE,adult,15.0,ear from notch=15 mm,age class=adult,https://doi.org/10.15468/dl.5wwfu9
989678,http://arctos.database.museum/guid/MSB:Mamm:263488?seid=1928758,MSB,MSB:Mamm:263488,"Mus musculus Linnaeus, 1758",2011,PA,unknown,adult,14.0,ear from notch=14 mm,age class=adult,https://doi.org/10.15468/dl.5wwfu9
989679,http://arctos.database.museum/guid/MSB:Mamm:263494?seid=1928764,MSB,MSB:Mamm:263494,"Mus musculus Linnaeus, 1758",2011,PA,MALE,adult,16.0,ear from notch=16 mm,age class=adult,https://doi.org/10.15468/dl.5wwfu9
990823,http://arctos.database.museum/guid/MSB:Mamm:288241?seid=3074619,MSB,MSB:Mamm:288241,"Mus musculus Linnaeus, 1758",2004,PA,MALE,adult,14.0,ear from notch=14 mm,age class=adult,https://doi.org/10.15468/dl.5wwfu9
994505,http://arctos.database.museum/guid/MSB:Mamm:315619?seid=4015581,MSB,MSB:Mamm:315619,"Mus musculus Linnaeus, 1758",2016,PR,MALE,adult,12.0,ear from notch=12 mm,age class=adult,https://doi.org/10.15468/dl.5wwfu9
994512,http://arctos.database.museum/guid/MSB:Mamm:315661?seid=4015623,MSB,MSB:Mamm:315661,"Mus musculus Linnaeus, 1758",2016,PR,MALE,adult,7.0,ear from notch=7 mm,age class=adult,https://doi.org/10.15468/dl.5wwfu9
994513,http://arctos.database.museum/guid/MSB:Mamm:315666?seid=4015628,MSB,MSB:Mamm:315666,"Mus musculus Linnaeus, 1758",2016,PR,FEMALE,adult,10.0,ear from notch=10 mm,age class=adult,https://doi.org/10.15468/dl.5wwfu9
994516,http://arctos.database.museum/guid/MSB:Mamm:315709?seid=4015671,MSB,MSB:Mamm:315709,"Mus musculus Linnaeus, 1758",2016,PR,MALE,adult,11.0,ear from notch=11 mm,age class=adult,https://doi.org/10.15468/dl.5wwfu9
994520,http://arctos.database.museum/guid/MSB:Mamm:315762?seid=4015724,MSB,MSB:Mamm:315762,"Mus musculus Linnaeus, 1758",2016,PR,MALE,adult,11.0,ear from notch=11 mm,age class=adult,https://doi.org/10.15468/dl.5wwfu9
994525,http://arctos.database.museum/guid/MSB:Mamm:315847?seid=4015809,MSB,MSB:Mamm:315847,"Mus musculus Linnaeus, 1758",2016,PR,FEMALE,adult,12.0,ear from notch=12 mm,age class=adult,https://doi.org/10.15468/dl.5wwfu9
994526,http://arctos.database.museum/guid/MSB:Mamm:315857?seid=4015819,MSB,MSB:Mamm:315857,"Mus musculus Linnaeus, 1758",2016,PR,FEMALE,adult,11.0,ear from notch=11 mm,age class=adult,https://doi.org/10.15468/dl.5wwfu9
994528,http://arctos.database.museum/guid/MSB:Mamm:315894?seid=4015856,MSB,MSB:Mamm:315894,"Mus musculus Linnaeus, 1758",2016,PR,MALE,adult,11.0,ear from notch=11 mm,age class=adult,https://doi.org/10.15468/dl.5wwfu9
994531,http://arctos.database.museum/guid/MSB:Mamm:315974?seid=4015936,MSB,MSB:Mamm:315974,"Mus musculus Linnaeus, 1758",2016,PR,FEMALE,adult,12.0,ear from notch=12 mm,age class=adult,https://doi.org/10.15468/dl.5wwfu9
994532,http://arctos.database.museum/guid/MSB:Mamm:315984?seid=4015946,MSB,MSB:Mamm:315984,"Mus musculus Linnaeus, 1758",2016,PR,MALE,adult,11.0,ear from notch=11 mm,age class=adult,https://doi.org/10.15468/dl.5wwfu9
994534,http://arctos.database.museum/guid/MSB:Mamm:315995?seid=4015957,MSB,MSB:Mamm:315995,"Mus musculus Linnaeus, 1758",2016,PR,FEMALE,adult,11.0,ear from notch=11 mm,age class=adult,https://doi.org/10.15468/dl.5wwfu9
994537,http://arctos.database.museum/guid/MSB:Mamm:316030?seid=4015992,MSB,MSB:Mamm:316030,"Mus musculus Linnaeus, 1758",2016,PR,FEMALE,adult,12.0,ear from notch=12 mm,age class=adult,https://doi.org/10.15468/dl.5wwfu9
994540,http://arctos.database.museum/guid/MSB:Mamm:316053?seid=4016015,MSB,MSB:Mamm:316053,"Mus musculus Linnaeus, 1758",2016,PR,MALE,adult,7.0,ear from notch=7 mm,age class=adult,https://doi.org/10.15468/dl.5wwfu9
994541,http://arctos.database.museum/guid/MSB:Mamm:316063?seid=4016025,MSB,MSB:Mamm:316063,"Mus musculus Linnaeus, 1758",2016,PR,MALE,adult,10.0,ear from notch=10 mm,age class=adult,https://doi.org/10.15468/dl.5wwfu9
994542,http://arctos.database.museum/guid/MSB:Mamm:316084?seid=4016046,MSB,MSB:Mamm:316084,"Mus musculus Linnaeus, 1758",2016,PR,FEMALE,adult,11.0,ear from notch=11 mm,age class=adult,https://doi.org/10.15468/dl.5wwfu9
994543,http://arctos.database.museum/guid/MSB:Mamm:316094?seid=4016056,MSB,MSB:Mamm:316094,"Mus musculus Linnaeus, 1758",2016,PR,MALE,adult,11.0,ear from notch=11 mm,age class=adult,https://doi.org/10.15468/dl.5wwfu9
995736,http://arctos.database.museum/guid/MSB:Mamm:323181?seid=4086463,MSB,MSB:Mamm:323181,"Mus musculus Linnaeus, 1758",2016,US,FEMALE,adult,14.0,ear from notch=14 mm,age class=adult,https://doi.org/10.15468/dl.5wwfu9
995936,http://arctos.database.museum/guid/MSB:Mamm:325608?seid=4194827,MSB,MSB:Mamm:325608,"Mus musculus Linnaeus, 1758",2015,US,FEMALE,adult,12.0,ear from notch=12 mm,age class=adult,https://doi.org/10.15468/dl.5wwfu9
995965,http://arctos.database.museum/guid/MSB:Mamm:326044?seid=4223197,MSB,MSB:Mamm:326044,"Mus musculus Linnaeus, 1758",2013,US,FEMALE,adult,10.0,ear from notch=10 mm,age class=adult,https://doi.org/10.15468/dl.5wwfu9
996696,http://arctos.database.museum/guid/MSB:Mamm:340121?seid=5263611,MSB,MSB:Mamm:340121,"Mus musculus Linnaeus, 1758",2021,US,MALE,adult,14.0,ear from notch=14 mm,age class=adult,https://doi.org/10.15468/dl.5wwfu9
996766,http://arctos.database.museum/guid/MSB:Mamm:341299?seid=5312231,MSB,MSB:Mamm:341299,"Mus musculus Linnaeus, 1758",2021,US,FEMALE,adult,16.0,ear from notch=16 mm,age class=adult,https://doi.org/10.15468/dl.5wwfu9
996781,http://arctos.database.museum/guid/MSB:Mamm:341567?seid=5349530,MSB,MSB:Mamm:341567,"Mus musculus Linnaeus, 1758",2022,US,FEMALE,adult,18.0,ear from notch=18 mm,age class=adult,https://doi.org/10.15468/dl.5wwfu9
996794,http://arctos.database.museum/guid/MSB:Mamm:341784?seid=5376276,MSB,MSB:Mamm:341784,"Mus musculus Linnaeus, 1758",2015,US,MALE,adult,8.0,ear from notch=8 mm,age class=adult,https://doi.org/10.15468/dl.5wwfu9
996801,http://arctos.database.museum/guid/MSB:Mamm:341934?seid=5402363,MSB,MSB:Mamm:341934,"Mus musculus Linnaeus, 1758",2013,AF,MALE,adult,12.0,ear from notch=12 mm,age class=adult,https://doi.org/10.15468/dl.5wwfu9
996803,http://arctos.database.museum/guid/MSB:Mamm:342055?seid=5403343,MSB,MSB:Mamm:342055,"Mus musculus Linnaeus, 1758",2013,AF,MALE,adult,11.0,ear from notch=11 mm,age class=adult,https://doi.org/10.15468/dl.5wwfu9
996809,http://arctos.database.museum/guid/MSB:Mamm:342170?seid=5419797,MSB,MSB:Mamm:342170,"Mus musculus Linnaeus, 1758",2022,US,MALE,adult,14.0,ear from notch=14 mm,age class=adult,https://doi.org/10.15468/dl.5wwfu9
996813,http://arctos.database.museum/guid/MSB:Mamm:342241?seid=5420202,MSB,MSB:Mamm:342241,"Mus musculus Linnaeus, 1758",2022,US,FEMALE,adult,14.0,ear from notch=14 mm,age class=adult,https://doi.org/10.15468/dl.5wwfu9
1001163,http://arctos.database.museum/guid/MSB:Mamm:130044?seid=162363,MSB,MSB:Mamm:130044,"Mus musculus Linnaeus, 1758",2001,PA,MALE,adult,8.0,ear from notch=8 mm,age class=adult,https://doi.org/10.15468/dl.5wwfu9
1003813,http://arctos.database.museum/guid/MSB:Mamm:229935?seid=398605,MSB,MSB:Mamm:229935,"Mus musculus Linnaeus, 1758",1991,US,MALE,adult,16.0,ear from notch=16 mm,age class=adult,https://doi.org/10.15468/dl.5wwfu9
1058757,http://arctos.database.museum/guid/MVZ:Mamm:236512?seid=4042195,MVZ,MVZ:Mamm:236512,"Mus musculus Linnaeus, 1758",2014,US,FEMALE,adult,16.5,ear from notch=16.5 mm,reproductive data=adult,https://doi.org/10.15468/dl.5mbsge
1193722,http://arctos.database.museum/guid/MVZ:Mamm:236467?seid=4042085,MVZ,MVZ:Mamm:236467,"Mus musculus Linnaeus, 1758",2014,US,MALE,adult,14.0,ear from notch=14 mm,reproductive data=adult,https://doi.org/10.15468/dl.5mbsge
1218796,http://arctos.database.museum/guid/MVZ:Mamm:241410?seid=5466218,MVZ,MVZ:Mamm:241410,"Mus musculus Linnaeus, 1758",2014,US,FEMALE,adult,15.0,ear from notch=15 mm,reproductive data=adult,https://doi.org/10.15468/dl.5mbsge
1242928,http://arctos.database.museum/guid/MVZ:Mamm:236469?seid=4042087,MVZ,MVZ:Mamm:236469,"Mus musculus Linnaeus, 1758",2014,US,FEMALE,adult,14.0,ear from notch=14 mm,reproductive data=adult,https://doi.org/10.15468/dl.5mbsge
1243475,http://arctos.database.museum/guid/MVZ:Mamm:241411?seid=5466243,MVZ,MVZ:Mamm:241411,"Mus musculus Linnaeus, 1758",2014,US,MALE,adult,16.0,ear from notch=16 mm,reproductive data=adult,https://doi.org/10.15468/dl.5mbsge
1715528,http://arctos.database.museum/guid/UMNH:Mamm:45155?seid=5711921,UMNH,UMNH:Mamm:45155,"Mus musculus Linnaeus, 1758",2022,US,MALE,adult,14.0,ear from notch=14 mm,age class=adult,https://doi.org/10.15468/dl.2erdam
1715717,http://arctos.database.museum/guid/UMNH:Mamm:45266?seid=5712105,UMNH,UMNH:Mamm:45266,"Mus musculus Linnaeus, 1758",2022,US,MALE,adult,14.0,ear from notch=14 mm,age class=adult,https://doi.org/10.15468/dl.2erdam
1715854,http://arctos.database.museum/guid/UMNH:Mamm:44851?seid=5360278,UMNH,UMNH:Mamm:44851,"Mus musculus Linnaeus, 1758",2020,US,MALE,adult,13.0,ear from notch=13 mm,age class=adult,https://doi.org/10.15468/dl.2erdam
1715858,http://arctos.database.museum/guid/UMNH:Mamm:44901?seid=5360328,UMNH,UMNH:Mamm:44901,"Mus musculus Linnaeus, 1758",2021,US,MALE,adult,14.0,ear from notch=14 mm,age class=adult,https://doi.org/10.15468/dl.2erdam
1715864,http://arctos.database.museum/guid/UMNH:Mamm:44897?seid=5360324,UMNH,UMNH:Mamm:44897,"Mus musculus Linnaeus, 1758",2020,US,FEMALE,adult,13.0,ear from notch=13 mm,age class=adult,https://doi.org/10.15468/dl.2erdam
1715874,http://arctos.database.museum/guid/UMNH:Mamm:44900?seid=5360327,UMNH,UMNH:Mamm:44900,"Mus musculus Linnaeus, 1758",2020,US,MALE,adult,12.0,ear from notch=12 mm,age class=adult,https://doi.org/10.15468/dl.2erdam
1715883,http://arctos.database.museum/guid/UMNH:Mamm:44852?seid=5360279,UMNH,UMNH:Mamm:44852,"Mus musculus Linnaeus, 1758",2020,US,MALE,adult,12.0,ear from notch=12 mm,age class=adult,https://doi.org/10.15468/dl.2erdam
1715897,http://arctos.database.museum/guid/UMNH:Mamm:44893?seid=5360320,UMNH,UMNH:Mamm:44893,"Mus musculus Linnaeus, 1758",2021,US,MALE,adult,12.0,ear from notch=12 mm,age class=adult,https://doi.org/10.15468/dl.2erdam
1715902,http://arctos.database.museum/guid/UMNH:Mamm:44850?seid=5360277,UMNH,UMNH:Mamm:44850,"Mus musculus Linnaeus, 1758",2021,US,MALE,adult,13.0,ear from notch=13 mm,age class=adult,https://doi.org/10.15468/dl.2erdam
1715903,http://arctos.database.museum/guid/UMNH:Mamm:44892?seid=5360319,UMNH,UMNH:Mamm:44892,"Mus musculus Linnaeus, 1758",2021,US,MALE,adult,13.0,ear from notch=13 mm,age class=adult,https://doi.org/10.15468/dl.2erdam
1715918,http://arctos.database.museum/guid/UMNH:Mamm:44891?seid=5360318,UMNH,UMNH:Mamm:44891,"Mus musculus Linnaeus, 1758",2021,US,FEMALE,adult,14.0,ear from notch=14 mm,age class=adult,https://doi.org/10.15468/dl.2erdam
1716828,http://arctos.database.museum/guid/UMNH:Mamm:44018?seid=4456012,UMNH,UMNH:Mamm:44018,"Mus musculus Linnaeus, 1758",2019,US,MALE,adult,13.0,ear from notch=13 mm,age class=adult,https://doi.org/10.15468/dl.2erdam
1716882,http://arctos.database.museum/guid/UMNH:Mamm:43884?seid=4433372,UMNH,UMNH:Mamm:43884,"Mus musculus Linnaeus, 1758",1952,US,MALE,adult,13.0,ear from notch=13 mm,age class=adult,https://doi.org/10.15468/dl.2erdam
1716923,http://arctos.database.museum/guid/UMNH:Mamm:43852?seid=4382346,UMNH,UMNH:Mamm:43852,"Mus musculus Linnaeus, 1758",2019,US,FEMALE,adult,13.0,ear from notch=13 mm,age class=adult,https://doi.org/10.15468/dl.2erdam
1716950,http://arctos.database.museum/guid/UMNH:Mamm:43851?seid=4382345,UMNH,UMNH:Mamm:43851,"Mus musculus Linnaeus, 1758",2019,US,MALE,adult,13.0,ear from notch=13 mm,age class=adult,https://doi.org/10.15468/dl.2erdam
1781351,http://arctos.database.museum/guid/UNR:Mamm:4058?seid=5029944,UNR,UNR:Mamm:4058,"Mus musculus Linnaeus, 1758",2019,US,FEMALE,adult,11.0,ear from notch=11 mm,age class=adult,https://doi.org/10.15468/dl.fbcvye
63090,http://arctos.database.museum/guid/DMNS:Mamm:19004?seid=4070385,DMNS,DMNS:Mamm:19004,"Myotis lucifugus (Le Conte, 1831)",2012,US,MALE,adult,11.0,ear from notch=11 mm,reproductive data=adult,https://doi.org/10.15468/dl.v5y2pr
76447,http://arctos.database.museum/guid/DMNS:Mamm:14984?seid=2665075,DMNS,DMNS:Mamm:14984,"Myotis lucifugus (Le Conte, 1831)",2006,US,MALE,adult,15.0,ear from notch=15 mm,age class=adult,https://doi.org/10.15468/dl.v5y2pr
77074,http://arctos.database.museum/guid/DMNS:Mamm:14477?seid=2441871,DMNS,DMNS:Mamm:14477,"Myotis lucifugus (Le Conte, 1831)",1999,US,FEMALE,adult,10.0,ear from notch=10 mm,age class=adult,https://doi.org/10.15468/dl.v5y2pr
79109,http://arctos.database.museum/guid/DMNS:Mamm:12724?seid=1083936,DMNS,DMNS:Mamm:12724,"Myotis lucifugus (Le Conte, 1831)",2007,US,MALE,adult,13.0,ear from notch=13 mm,age class=adult,https://doi.org/10.15468/dl.v5y2pr
79172,http://arctos.database.museum/guid/DMNS:Mamm:12725?seid=270156,DMNS,DMNS:Mamm:12725,"Myotis lucifugus (Le Conte, 1831)",2007,US,MALE,adult,12.0,ear from notch=12 mm,age class=adult,https://doi.org/10.15468/dl.v5y2pr
79215,http://arctos.database.museum/guid/DMNS:Mamm:12726?seid=569985,DMNS,DMNS:Mamm:12726,"Myotis lucifugus (Le Conte, 1831)",2007,US,FEMALE,adult,14.0,ear from notch=14 mm,age class=adult,https://doi.org/10.15468/dl.v5y2pr
602797,http://arctos.database.museum/guid/MSB:Mamm:326544?seid=4261135,MSB,MSB:Mamm:326544,"Myotis lucifugus (Le Conte, 1831)",2007,US,FEMALE,adult,11.0,ear from notch=11 mm,age class=adult,https://doi.org/10.15468/dl.5wwfu9
714376,http://arctos.database.museum/guid/MSB:Mamm:326543?seid=4261134,MSB,MSB:Mamm:326543,"Myotis lucifugus (Le Conte, 1831)",2007,US,MALE,adult,10.0,ear from notch=10 mm,age class=adult,https://doi.org/10.15468/dl.5wwfu9
886276,http://arctos.database.museum/guid/MSB:Mamm:326546?seid=4261137,MSB,MSB:Mamm:326546,"Myotis lucifugus (Le Conte, 1831)",2005,US,MALE,adult,11.0,ear from notch=11 mm,age class=adult,https://doi.org/10.15468/dl.5wwfu9
954587,http://arctos.database.museum/guid/MSB:Mamm:326545?seid=4261136,MSB,MSB:Mamm:326545,"Myotis lucifugus (Le Conte, 1831)",2005,US,MALE,adult,12.0,ear from notch=12 mm,age class=adult,https://doi.org/10.15468/dl.5wwfu9
1448610,http://arctos.database.museum/guid/UAM:Mamm:63976?seid=1029443,UAM,UAM:Mamm:63976,"Myotis lucifugus (Le Conte, 1831)",2002,US,FEMALE,adult,14.0,ear from notch=14 mm,age class=adult,https://doi.org/10.15468/dl.8c95qk
1451595,http://arctos.database.museum/guid/UAM:Mamm:119937?seid=2343124,UAM,UAM:Mamm:119937,"Myotis lucifugus (Le Conte, 1831)",2012,US,FEMALE,adult,12.0,ear from notch=12.0 mm,age class=adult,https://doi.org/10.15468/dl.8c95qk
1451602,http://arctos.database.museum/guid/UAM:Mamm:119984?seid=2343171,UAM,UAM:Mamm:119984,"Myotis lucifugus (Le Conte, 1831)",2011,US,MALE,adult,13.0,ear from notch=13.0 mm,age class=adult,https://doi.org/10.15468/dl.8c95qk
1451615,http://arctos.database.museum/guid/UAM:Mamm:120074?seid=2343261,UAM,UAM:Mamm:120074,"Myotis lucifugus (Le Conte, 1831)",2012,US,FEMALE,adult,13.0,ear from notch=13.0 mm,age class=adult,https://doi.org/10.15468/dl.8c95qk
1466385,http://arctos.database.museum/guid/UAM:Mamm:119939?seid=2343126,UAM,UAM:Mamm:119939,"Myotis lucifugus (Le Conte, 1831)",2012,US,FEMALE,adult,12.0,ear from notch=12.0 mm,age class=adult,https://doi.org/10.15468/dl.8c95qk
1466386,http://arctos.database.museum/guid/UAM:Mamm:119945?seid=2343132,UAM,UAM:Mamm:119945,"Myotis lucifugus (Le Conte, 1831)",2012,US,FEMALE,adult,10.0,ear from notch=10.0 mm,age class=adult,https://doi.org/10.15468/dl.8c95qk
1466390,http://arctos.database.museum/guid/UAM:Mamm:119986?seid=2343173,UAM,UAM:Mamm:119986,"Myotis lucifugus (Le Conte, 1831)",2011,US,FEMALE,adult,12.0,ear from notch=12.0 mm,age class=adult,https://doi.org/10.15468/dl.8c95qk
1466400,http://arctos.database.museum/guid/UAM:Mamm:120049?seid=2343236,UAM,UAM:Mamm:120049,"Myotis lucifugus (Le Conte, 1831)",2012,US,MALE,adult,10.0,ear from notch=10.0 mm,age class=adult,https://doi.org/10.15468/dl.8c95qk
1466716,http://arctos.database.museum/guid/UAM:Mamm:123308?seid=2585581,UAM,UAM:Mamm:123308,"Myotis lucifugus (Le Conte, 1831)",2014,US,MALE,adult,12.0,ear from notch=12 mm,age class=adult,https://doi.org/10.15468/dl.8c95qk
1475916,http://arctos.database.museum/guid/UAM:Mamm:19758?seid=1176322,UAM,UAM:Mamm:19758,"Myotis lucifugus (Le Conte, 1831)",1991,US,unknown,adult,15.0,ear from notch=15 mm,age class=adult,https://doi.org/10.15468/dl.8c95qk
1495662,http://arctos.database.museum/guid/UAM:Mamm:119938?seid=2343125,UAM,UAM:Mamm:119938,"Myotis lucifugus (Le Conte, 1831)",2012,US,FEMALE,adult,11.0,ear from notch=11.0 mm,age class=adult,https://doi.org/10.15468/dl.8c95qk
1495663,http://arctos.database.museum/guid/UAM:Mamm:119944?seid=2343131,UAM,UAM:Mamm:119944,"Myotis lucifugus (Le Conte, 1831)",2012,US,FEMALE,adult,11.0,ear from notch=11.0 mm,age class=adult,https://doi.org/10.15468/dl.8c95qk
1495680,http://arctos.database.museum/guid/UAM:Mamm:120048?seid=2343235,UAM,UAM:Mamm:120048,"Myotis lucifugus (Le Conte, 1831)",2012,US,FEMALE,adult,11.0,ear from notch=11.0 mm,age class=adult,https://doi.org/10.15468/dl.8c95qk
1510402,http://arctos.database.museum/guid/UAM:Mamm:120072?seid=2343259,UAM,UAM:Mamm:120072,"Myotis lucifugus (Le Conte, 1831)",2012,US,FEMALE,adult,9.0,ear from notch=9.0 mm,age class=adult,https://doi.org/10.15468/dl.8c95qk
1520095,http://arctos.database.museum/guid/UAM:Mamm:18941?seid=1439825,UAM,UAM:Mamm:18941,"Myotis lucifugus (Le Conte, 1831)",1991,US,FEMALE,adult,14.0,ear from notch=14 mm,age class=adult,https://doi.org/10.15468/dl.8c95qk
1525300,http://arctos.database.museum/guid/UAM:Mamm:120103?seid=2343290,UAM,UAM:Mamm:120103,"Myotis lucifugus (Le Conte, 1831)",2012,US,FEMALE,adult,12.0,ear from notch=12.0 mm,age class=adult,https://doi.org/10.15468/dl.8c95qk
1569865,http://arctos.database.museum/guid/UAM:Mamm:119935?seid=2343122,UAM,UAM:Mamm:119935,"Myotis lucifugus (Le Conte, 1831)",2012,US,FEMALE,adult,9.0,ear from notch=9.0 mm,age class=adult,https://doi.org/10.15468/dl.8c95qk
1569879,http://arctos.database.museum/guid/UAM:Mamm:120046?seid=2343233,UAM,UAM:Mamm:120046,"Myotis lucifugus (Le Conte, 1831)",2012,US,MALE,adult,9.0,ear from notch=9.0 mm,age class=adult,https://doi.org/10.15468/dl.8c95qk
1569882,http://arctos.database.museum/guid/UAM:Mamm:120077?seid=2343264,UAM,UAM:Mamm:120077,"Myotis lucifugus (Le Conte, 1831)",2012,US,FEMALE,adult,11.0,ear from notch=11.0 mm,age class=adult,https://doi.org/10.15468/dl.8c95qk
1569884,http://arctos.database.museum/guid/UAM:Mamm:120093?seid=2343280,UAM,UAM:Mamm:120093,"Myotis lucifugus (Le Conte, 1831)",2012,US,FEMALE,adult,10.0,ear from notch=10.0 mm,age class=adult,https://doi.org/10.15468/dl.8c95qk
1584436,http://arctos.database.museum/guid/UAM:Mamm:119940?seid=2343127,UAM,UAM:Mamm:119940,"Myotis lucifugus (Le Conte, 1831)",2012,US,FEMALE,adult,12.0,ear from notch=12.0 mm,age class=adult,https://doi.org/10.15468/dl.8c95qk
1584452,http://arctos.database.museum/guid/UAM:Mamm:120104?seid=2343291,UAM,UAM:Mamm:120104,"Myotis lucifugus (Le Conte, 1831)",2012,US,FEMALE,adult,13.0,ear from notch=13.0 mm,age class=adult,https://doi.org/10.15468/dl.8c95qk
1761668,http://arctos.database.museum/guid/UMZM:Mamm:22860?seid=5986056,UMZM,UMZM:Mamm:22860,"Myotis lucifugus (Le Conte, 1831)",2022,US,MALE,adult,9.55,ear from notch=9.55 mm,age class=adult,https://doi.org/10.15468/dl.jevgd8
76772,http://arctos.database.museum/guid/DMNS:Mamm:14691?seid=2619509,DMNS,DMNS:Mamm:14691,"Rattus norvegicus (Berkenhout, 1769)",2015,US,MALE,adult,15.0,ear from notch=15 mm,reproductive data=Adult,https://doi.org/10.15468/dl.v5y2pr
597395,http://arctos.database.museum/guid/MSB:Mamm:274289?seid=2409304,MSB,MSB:Mamm:274289,"Rattus norvegicus (Berkenhout, 1769)",2002,EC,FEMALE,adult,18.8,ear from notch=18.8 mm,age class=adult,https://doi.org/10.15468/dl.5wwfu9
623624,http://arctos.database.museum/guid/MSB:Mamm:326619?seid=4261301,MSB,MSB:Mamm:326619,"Rattus norvegicus (Berkenhout, 1769)",2003,US,MALE,adult,20.0,ear from notch=20 mm,age class=adult,https://doi.org/10.15468/dl.5wwfu9
638720,http://arctos.database.museum/guid/MSB:Mamm:274294?seid=2409309,MSB,MSB:Mamm:274294,"Rattus norvegicus (Berkenhout, 1769)",2002,EC,FEMALE,adult,18.3,ear from notch=18.3 mm,age class=adult,https://doi.org/10.15468/dl.5wwfu9
639622,http://arctos.database.museum/guid/MSB:Mamm:293975?seid=3221525,MSB,MSB:Mamm:293975,"Rattus norvegicus (Berkenhout, 1769)",2016,MN,MALE,adult,18.0,ear from notch=18 mm,age class=adult,https://doi.org/10.15468/dl.5wwfu9
659404,http://arctos.database.museum/guid/MSB:Mamm:274293?seid=2409308,MSB,MSB:Mamm:274293,"Rattus norvegicus (Berkenhout, 1769)",2000,EC,FEMALE,adult,19.2,ear from notch=19.2 mm,age class=adult,https://doi.org/10.15468/dl.5wwfu9
660285,http://arctos.database.museum/guid/MSB:Mamm:293877?seid=3221427,MSB,MSB:Mamm:293877,"Rattus norvegicus (Berkenhout, 1769)",2016,MN,MALE,adult,18.0,ear from notch=18 mm,age class=adult,https://doi.org/10.15468/dl.5wwfu9
665188,http://arctos.database.museum/guid/MSB:Mamm:326620?seid=4261302,MSB,MSB:Mamm:326620,"Rattus norvegicus (Berkenhout, 1769)",2003,US,FEMALE,adult,18.0,ear from notch=18 mm,age class=adult,https://doi.org/10.15468/dl.5wwfu9
667567,http://arctos.database.museum/guid/MSB:Mamm:274290?seid=2409305,MSB,MSB:Mamm:274290,"Rattus norvegicus (Berkenhout, 1769)",2002,EC,MALE,adult,18.5,ear from notch=18.5 mm,age class=adult,https://doi.org/10.15468/dl.5wwfu9
673952,http://arctos.database.museum/guid/MSB:Mamm:339817?seid=5260106,MSB,MSB:Mamm:339817,"Rattus norvegicus (Berkenhout, 1769)",2006,US,FEMALE,adult,20.0,ear from notch=20 mm,age class=adult,https://doi.org/10.15468/dl.5wwfu9
714386,http://arctos.database.museum/guid/MSB:Mamm:326613?seid=4261295,MSB,MSB:Mamm:326613,"Rattus norvegicus (Berkenhout, 1769)",2003,US,FEMALE,adult,18.0,ear from notch=18 mm,age class=adult,https://doi.org/10.15468/dl.5wwfu9
755470,http://arctos.database.museum/guid/MSB:Mamm:327981?seid=4323080,MSB,MSB:Mamm:327981,"Rattus norvegicus (Berkenhout, 1769)",2012,PA,MALE,adult,19.0,ear from notch=19 mm,age class=adult,https://doi.org/10.15468/dl.5wwfu9
775888,http://arctos.database.museum/guid/MSB:Mamm:326617?seid=4261299,MSB,MSB:Mamm:326617,"Rattus norvegicus (Berkenhout, 1769)",2003,US,FEMALE,adult,19.0,ear from notch=19 mm,age class=adult,https://doi.org/10.15468/dl.5wwfu9
791121,http://arctos.database.museum/guid/MSB:Mamm:274291?seid=2409306,MSB,MSB:Mamm:274291,"Rattus norvegicus (Berkenhout, 1769)",2002,EC,MALE,adult,19.2,ear from notch=19.2 mm,age class=adult,https://doi.org/10.15468/dl.5wwfu9
818284,http://arctos.database.museum/guid/MSB:Mamm:274292?seid=2409307,MSB,MSB:Mamm:274292,"Rattus norvegicus (Berkenhout, 1769)",2002,EC,FEMALE,adult,17.9,ear from notch=17.9 mm,age class=adult,https://doi.org/10.15468/dl.5wwfu9
819181,http://arctos.database.museum/guid/MSB:Mamm:294224?seid=3221774,MSB,MSB:Mamm:294224,"Rattus norvegicus (Berkenhout, 1769)",2016,MN,FEMALE,adult,19.0,ear from notch=19 mm,age class=adult,https://doi.org/10.15468/dl.5wwfu9
839998,http://arctos.database.museum/guid/MSB:Mamm:294040?seid=3221590,MSB,MSB:Mamm:294040,"Rattus norvegicus (Berkenhout, 1769)",2016,MN,FEMALE,adult,17.0,ear from notch=17 mm,age class=adult,https://doi.org/10.15468/dl.5wwfu9
860696,http://arctos.database.museum/guid/MSB:Mamm:293883?seid=3221433,MSB,MSB:Mamm:293883,"Rattus norvegicus (Berkenhout, 1769)",2016,MN,MALE,adult,18.0,ear from notch=18 mm,age class=adult,https://doi.org/10.15468/dl.5wwfu9
886282,http://arctos.database.museum/guid/MSB:Mamm:326616?seid=4261298,MSB,MSB:Mamm:326616,"Rattus norvegicus (Berkenhout, 1769)",2003,US,FEMALE,adult,22.0,ear from notch=22 mm,age class=adult,https://doi.org/10.15468/dl.5wwfu9
969600,http://arctos.database.museum/guid/MSB:Mamm:274439?seid=2409454,MSB,MSB:Mamm:274439,"Rattus norvegicus (Berkenhout, 1769)",2002,EC,FEMALE,adult,18.1,ear from notch=18.1 mm,age class=adult,https://doi.org/10.15468/dl.5wwfu9
976066,http://arctos.database.museum/guid/MSB:Mamm:341816?seid=5376690,MSB,MSB:Mamm:341816,"Rattus norvegicus (Berkenhout, 1769)",2021,US,MALE,adult,21.0,ear from notch=21 mm,age class=adult,https://doi.org/10.15468/dl.5wwfu9
1022405,http://arctos.database.museum/guid/MVZ:Mamm:198468?seid=335735,MVZ,MVZ:Mamm:198468,"Rattus norvegicus (Berkenhout, 1769)",2001,US,MALE,adult,15.0,ear from notch=15.0 mm,age class=adult,https://doi.org/10.15468/dl.5mbsge
1023332,http://arctos.database.museum/guid/MVZ:Mamm:216050?seid=326845,MVZ,MVZ:Mamm:216050,"Rattus norvegicus (Berkenhout, 1769)",2004,US,FEMALE,adult,19.0,ear from notch=19 mm,age class=adult,https://doi.org/10.15468/dl.5mbsge
1445313,http://arctos.database.museum/guid/UAM:Mamm:101011?seid=825045,UAM,UAM:Mamm:101011,"Rattus norvegicus (Berkenhout, 1769)",2005,US,FEMALE,adult,21.0,ear from notch=21 mm,age class=adult,https://doi.org/10.15468/dl.8c95qk
1445314,http://arctos.database.museum/guid/UAM:Mamm:101030?seid=550272,UAM,UAM:Mamm:101030,"Rattus norvegicus (Berkenhout, 1769)",2005,US,MALE,adult,23.0,ear from notch=23 mm,age class=adult,https://doi.org/10.15468/dl.8c95qk
1445315,http://arctos.database.museum/guid/UAM:Mamm:101032?seid=640861,UAM,UAM:Mamm:101032,"Rattus norvegicus (Berkenhout, 1769)",2005,US,FEMALE,adult,23.0,ear from notch=23 mm,age class=adult,https://doi.org/10.15468/dl.8c95qk
1445316,http://arctos.database.museum/guid/UAM:Mamm:101050?seid=790159,UAM,UAM:Mamm:101050,"Rattus norvegicus (Berkenhout, 1769)",2005,US,MALE,adult,23.0,ear from notch=23 mm,age class=adult,https://doi.org/10.15468/dl.8c95qk
1445317,http://arctos.database.museum/guid/UAM:Mamm:101074?seid=570791,UAM,UAM:Mamm:101074,"Rattus norvegicus (Berkenhout, 1769)",2005,US,MALE,adult,20.0,ear from notch=20 mm,age class=adult,https://doi.org/10.15468/dl.8c95qk
1450392,http://arctos.database.museum/guid/UAM:Mamm:101043?seid=1703504,UAM,UAM:Mamm:101043,"Rattus norvegicus (Berkenhout, 1769)",2005,US,FEMALE,adult,20.0,ear from notch=20 mm,age class=adult,https://doi.org/10.15468/dl.8c95qk
1450393,http://arctos.database.museum/guid/UAM:Mamm:101073?seid=1147899,UAM,UAM:Mamm:101073,"Rattus norvegicus (Berkenhout, 1769)",2005,US,FEMALE,adult,20.0,ear from notch=20 mm,age class=adult,https://doi.org/10.15468/dl.8c95qk
1460142,http://arctos.database.museum/guid/UAM:Mamm:101000?seid=558628,UAM,UAM:Mamm:101000,"Rattus norvegicus (Berkenhout, 1769)",2005,US,FEMALE,adult,20.0,ear from notch=20 mm,age class=adult,https://doi.org/10.15468/dl.8c95qk
1460143,http://arctos.database.museum/guid/UAM:Mamm:101003?seid=474299,UAM,UAM:Mamm:101003,"Rattus norvegicus (Berkenhout, 1769)",2005,US,MALE,adult,22.0,ear from notch=22 mm,age class=adult,https://doi.org/10.15468/dl.8c95qk
1460144,http://arctos.database.museum/guid/UAM:Mamm:101037?seid=499677,UAM,UAM:Mamm:101037,"Rattus norvegicus (Berkenhout, 1769)",2005,US,FEMALE,adult,20.0,ear from notch=20 mm,age class=adult,https://doi.org/10.15468/dl.8c95qk
1460147,http://arctos.database.museum/guid/UAM:Mamm:101078?seid=599488,UAM,UAM:Mamm:101078,"Rattus norvegicus (Berkenhout, 1769)",2005,US,FEMALE,adult,21.0,ear from notch=21 mm,age class=adult,https://doi.org/10.15468/dl.8c95qk
1460705,http://arctos.database.museum/guid/UAM:Mamm:111853?seid=164156,UAM,UAM:Mamm:111853,"Rattus norvegicus (Berkenhout, 1769)",2010,US,FEMALE,adult,20.0,ear from notch=20 mm,age class=adult,https://doi.org/10.15468/dl.8c95qk
1465195,http://arctos.database.museum/guid/UAM:Mamm:101034?seid=1817724,UAM,UAM:Mamm:101034,"Rattus norvegicus (Berkenhout, 1769)",2005,US,FEMALE,adult,19.0,ear from notch=19 mm,age class=adult,https://doi.org/10.15468/dl.8c95qk
1465196,http://arctos.database.museum/guid/UAM:Mamm:101042?seid=1127312,UAM,UAM:Mamm:101042,"Rattus norvegicus (Berkenhout, 1769)",2005,US,MALE,adult,21.0,ear from notch=21 mm,age class=adult,https://doi.org/10.15468/dl.8c95qk
1474843,http://arctos.database.museum/guid/UAM:Mamm:101002?seid=849036,UAM,UAM:Mamm:101002,"Rattus norvegicus (Berkenhout, 1769)",2005,US,MALE,adult,22.0,ear from notch=22 mm,age class=adult,https://doi.org/10.15468/dl.8c95qk
1474844,http://arctos.database.museum/guid/UAM:Mamm:101029?seid=926295,UAM,UAM:Mamm:101029,"Rattus norvegicus (Berkenhout, 1769)",2005,US,MALE,adult,23.0,ear from notch=23 mm,age class=adult,https://doi.org/10.15468/dl.8c95qk
1474845,http://arctos.database.museum/guid/UAM:Mamm:101040?seid=285492,UAM,UAM:Mamm:101040,"Rattus norvegicus (Berkenhout, 1769)",2005,US,FEMALE,adult,21.0,ear from notch=21 mm,age class=adult,https://doi.org/10.15468/dl.8c95qk
1474846,http://arctos.database.museum/guid/UAM:Mamm:101052?seid=433171,UAM,UAM:Mamm:101052,"Rattus norvegicus (Berkenhout, 1769)",2005,US,MALE,adult,23.0,ear from notch=23 mm,age class=adult,https://doi.org/10.15468/dl.8c95qk
1474847,http://arctos.database.museum/guid/UAM:Mamm:101069?seid=881204,UAM,UAM:Mamm:101069,"Rattus norvegicus (Berkenhout, 1769)",2005,US,FEMALE,adult,23.0,ear from notch=23 mm,age class=adult,https://doi.org/10.15468/dl.8c95qk
1474848,http://arctos.database.museum/guid/UAM:Mamm:101075?seid=599070,UAM,UAM:Mamm:101075,"Rattus norvegicus (Berkenhout, 1769)",2005,US,FEMALE,adult,21.0,ear from notch=21 mm,age class=adult,https://doi.org/10.15468/dl.8c95qk
1479751,http://arctos.database.museum/guid/UAM:Mamm:101053?seid=1756925,UAM,UAM:Mamm:101053,"Rattus norvegicus (Berkenhout, 1769)",2005,US,MALE,adult,20.0,ear from notch=20 mm,age class=adult,https://doi.org/10.15468/dl.8c95qk
1479752,http://arctos.database.museum/guid/UAM:Mamm:101066?seid=1691752,UAM,UAM:Mamm:101066,"Rattus norvegicus (Berkenhout, 1769)",2005,US,MALE,adult,22.0,ear from notch=22 mm,age class=adult,https://doi.org/10.15468/dl.8c95qk
1489560,http://arctos.database.museum/guid/UAM:Mamm:101039?seid=883939,UAM,UAM:Mamm:101039,"Rattus norvegicus (Berkenhout, 1769)",2005,US,MALE,adult,22.0,ear from notch=22 mm,age class=adult,https://doi.org/10.15468/dl.8c95qk
1489561,http://arctos.database.museum/guid/UAM:Mamm:101041?seid=487749,UAM,UAM:Mamm:101041,"Rattus norvegicus (Berkenhout, 1769)",2005,US,MALE,adult,22.0,ear from notch=22 mm,age class=adult,https://doi.org/10.15468/dl.8c95qk
1489562,http://arctos.database.museum/guid/UAM:Mamm:101064?seid=702083,UAM,UAM:Mamm:101064,"Rattus norvegicus (Berkenhout, 1769)",2005,US,MALE,adult,20.0,ear from notch=20 mm,age class=adult,https://doi.org/10.15468/dl.8c95qk
1494451,http://arctos.database.museum/guid/UAM:Mamm:101027?seid=1543360,UAM,UAM:Mamm:101027,"Rattus norvegicus (Berkenhout, 1769)",2005,US,MALE,adult,21.0,ear from notch=21 mm,age class=adult,https://doi.org/10.15468/dl.8c95qk
1494452,http://arctos.database.museum/guid/UAM:Mamm:101076?seid=1570641,UAM,UAM:Mamm:101076,"Rattus norvegicus (Berkenhout, 1769)",2005,US,MALE,adult,21.0,ear from notch=21 mm,age class=adult,https://doi.org/10.15468/dl.8c95qk
1503450,http://arctos.database.museum/guid/UAM:Mamm:86879?seid=102593,UAM,UAM:Mamm:86879,"Rattus norvegicus (Berkenhout, 1769)",2007,US,MALE,adult,24.0,ear from notch=24 mm,age class=adult,https://doi.org/10.15468/dl.8c95qk
1504211,http://arctos.database.museum/guid/UAM:Mamm:101007?seid=512699,UAM,UAM:Mamm:101007,"Rattus norvegicus (Berkenhout, 1769)",2005,US,FEMALE,adult,21.0,ear from notch=21 mm,age class=adult,https://doi.org/10.15468/dl.8c95qk
1504212,http://arctos.database.museum/guid/UAM:Mamm:101009?seid=954369,UAM,UAM:Mamm:101009,"Rattus norvegicus (Berkenhout, 1769)",2005,US,FEMALE,adult,21.0,ear from notch=21 mm,age class=adult,https://doi.org/10.15468/dl.8c95qk
1504215,http://arctos.database.museum/guid/UAM:Mamm:101047?seid=348322,UAM,UAM:Mamm:101047,"Rattus norvegicus (Berkenhout, 1769)",2005,US,FEMALE,adult,20.0,ear from notch=20 mm,age class=adult,https://doi.org/10.15468/dl.8c95qk
1504216,http://arctos.database.museum/guid/UAM:Mamm:101065?seid=269885,UAM,UAM:Mamm:101065,"Rattus norvegicus (Berkenhout, 1769)",2005,US,MALE,adult,21.0,ear from notch=21 mm,age class=adult,https://doi.org/10.15468/dl.8c95qk
1504217,http://arctos.database.museum/guid/UAM:Mamm:101079?seid=748961,UAM,UAM:Mamm:101079,"Rattus norvegicus (Berkenhout, 1769)",2005,US,MALE,adult,20.0,ear from notch=20 mm,age class=adult,https://doi.org/10.15468/dl.8c95qk
1509219,http://arctos.database.museum/guid/UAM:Mamm:101020?seid=1433436,UAM,UAM:Mamm:101020,"Rattus norvegicus (Berkenhout, 1769)",2005,US,FEMALE,adult,20.0,ear from notch=20 mm,age class=adult,https://doi.org/10.15468/dl.8c95qk
1509220,http://arctos.database.museum/guid/UAM:Mamm:101045?seid=1037776,UAM,UAM:Mamm:101045,"Rattus norvegicus (Berkenhout, 1769)",2005,US,FEMALE,adult,22.0,ear from notch=22 mm,age class=adult,https://doi.org/10.15468/dl.8c95qk
1509221,http://arctos.database.museum/guid/UAM:Mamm:101055?seid=1719019,UAM,UAM:Mamm:101055,"Rattus norvegicus (Berkenhout, 1769)",2005,US,FEMALE,adult,22.0,ear from notch=22 mm,age class=adult,https://doi.org/10.15468/dl.8c95qk
1509222,http://arctos.database.museum/guid/UAM:Mamm:101060?seid=1773912,UAM,UAM:Mamm:101060,"Rattus norvegicus (Berkenhout, 1769)",2005,US,MALE,adult,22.0,ear from notch=22 mm,age class=adult,https://doi.org/10.15468/dl.8c95qk
1509223,http://arctos.database.museum/guid/UAM:Mamm:101072?seid=1414560,UAM,UAM:Mamm:101072,"Rattus norvegicus (Berkenhout, 1769)",2005,US,FEMALE,adult,22.0,ear from notch=22 mm,age class=adult,https://doi.org/10.15468/dl.8c95qk
1513959,http://arctos.database.museum/guid/UAM:Mamm:101033?seid=93860,UAM,UAM:Mamm:101033,"Rattus norvegicus (Berkenhout, 1769)",2005,US,MALE,adult,20.0,ear from notch=20 mm,age class=adult,https://doi.org/10.15468/dl.8c95qk
1519025,http://arctos.database.museum/guid/UAM:Mamm:101017?seid=698844,UAM,UAM:Mamm:101017,"Rattus norvegicus (Berkenhout, 1769)",2005,US,FEMALE,adult,20.0,ear from notch=20 mm,age class=adult,https://doi.org/10.15468/dl.8c95qk
1519026,http://arctos.database.museum/guid/UAM:Mamm:101021?seid=644806,UAM,UAM:Mamm:101021,"Rattus norvegicus (Berkenhout, 1769)",2005,US,MALE,adult,21.0,ear from notch=21 mm,age class=adult,https://doi.org/10.15468/dl.8c95qk
1519027,http://arctos.database.museum/guid/UAM:Mamm:101028?seid=668966,UAM,UAM:Mamm:101028,"Rattus norvegicus (Berkenhout, 1769)",2005,US,MALE,adult,21.0,ear from notch=21 mm,age class=adult,https://doi.org/10.15468/dl.8c95qk
1519028,http://arctos.database.museum/guid/UAM:Mamm:101068?seid=193774,UAM,UAM:Mamm:101068,"Rattus norvegicus (Berkenhout, 1769)",2005,US,FEMALE,adult,20.0,ear from notch=20 mm,age class=adult,https://doi.org/10.15468/dl.8c95qk
1524093,http://arctos.database.museum/guid/UAM:Mamm:101015?seid=1079089,UAM,UAM:Mamm:101015,"Rattus norvegicus (Berkenhout, 1769)",2005,US,FEMALE,adult,22.0,ear from notch=22 mm,age class=adult,https://doi.org/10.15468/dl.8c95qk
1524094,http://arctos.database.museum/guid/UAM:Mamm:101026?seid=1448487,UAM,UAM:Mamm:101026,"Rattus norvegicus (Berkenhout, 1769)",2005,US,MALE,adult,20.0,ear from notch=20 mm,age class=adult,https://doi.org/10.15468/dl.8c95qk
1524095,http://arctos.database.museum/guid/UAM:Mamm:101036?seid=1273103,UAM,UAM:Mamm:101036,"Rattus norvegicus (Berkenhout, 1769)",2005,US,FEMALE,adult,19.0,ear from notch=19 mm,age class=adult,https://doi.org/10.15468/dl.8c95qk
1534027,http://arctos.database.museum/guid/UAM:Mamm:101008?seid=577466,UAM,UAM:Mamm:101008,"Rattus norvegicus (Berkenhout, 1769)",2005,US,FEMALE,adult,20.0,ear from notch=20 mm,age class=adult,https://doi.org/10.15468/dl.8c95qk
1534028,http://arctos.database.museum/guid/UAM:Mamm:101013?seid=619852,UAM,UAM:Mamm:101013,"Rattus norvegicus (Berkenhout, 1769)",2005,US,FEMALE,adult,20.0,ear from notch=20 mm,age class=adult,https://doi.org/10.15468/dl.8c95qk
1534030,http://arctos.database.museum/guid/UAM:Mamm:101024?seid=520587,UAM,UAM:Mamm:101024,"Rattus norvegicus (Berkenhout, 1769)",2005,US,FEMALE,adult,22.0,ear from notch=22 mm,age class=adult,https://doi.org/10.15468/dl.8c95qk
1534031,http://arctos.database.museum/guid/UAM:Mamm:101058?seid=577731,UAM,UAM:Mamm:101058,"Rattus norvegicus (Berkenhout, 1769)",2005,US,MALE,adult,20.0,ear from notch=20 mm,age class=adult,https://doi.org/10.15468/dl.8c95qk
1538911,http://arctos.database.museum/guid/UAM:Mamm:101025?seid=1100986,UAM,UAM:Mamm:101025,"Rattus norvegicus (Berkenhout, 1769)",2005,US,MALE,adult,21.0,ear from notch=21 mm,age class=adult,https://doi.org/10.15468/dl.8c95qk
1548723,http://arctos.database.museum/guid/UAM:Mamm:100999?seid=522068,UAM,UAM:Mamm:100999,"Rattus norvegicus (Berkenhout, 1769)",2005,US,MALE,adult,24.0,ear from notch=24 mm,age class=adult,https://doi.org/10.15468/dl.8c95qk
1548724,http://arctos.database.museum/guid/UAM:Mamm:101006?seid=153086,UAM,UAM:Mamm:101006,"Rattus norvegicus (Berkenhout, 1769)",2005,US,MALE,adult,21.0,ear from notch=21 mm,age class=adult,https://doi.org/10.15468/dl.8c95qk
1548725,http://arctos.database.museum/guid/UAM:Mamm:101019?seid=982956,UAM,UAM:Mamm:101019,"Rattus norvegicus (Berkenhout, 1769)",2005,US,FEMALE,adult,23.0,ear from notch=23 mm,age class=adult,https://doi.org/10.15468/dl.8c95qk
1548726,http://arctos.database.museum/guid/UAM:Mamm:101077?seid=207448,UAM,UAM:Mamm:101077,"Rattus norvegicus (Berkenhout, 1769)",2005,US,MALE,adult,20.0,ear from notch=20 mm,age class=adult,https://doi.org/10.15468/dl.8c95qk
1553738,http://arctos.database.museum/guid/UAM:Mamm:101016?seid=1494296,UAM,UAM:Mamm:101016,"Rattus norvegicus (Berkenhout, 1769)",2005,US,MALE,adult,21.0,ear from notch=21 mm,age class=adult,https://doi.org/10.15468/dl.8c95qk
1553739,http://arctos.database.museum/guid/UAM:Mamm:101044?seid=1112054,UAM,UAM:Mamm:101044,"Rattus norvegicus (Berkenhout, 1769)",2005,US,MALE,adult,17.0,ear from notch=17 mm,age class=adult,https://doi.org/10.15468/dl.8c95qk
1553740,http://arctos.database.museum/guid/UAM:Mamm:101046?seid=1602005,UAM,UAM:Mamm:101046,"Rattus norvegicus (Berkenhout, 1769)",2005,US,FEMALE,adult,21.0,ear from notch=21 mm,age class=adult,https://doi.org/10.15468/dl.8c95qk
1553741,http://arctos.database.museum/guid/UAM:Mamm:101049?seid=1245728,UAM,UAM:Mamm:101049,"Rattus norvegicus (Berkenhout, 1769)",2005,US,FEMALE,adult,21.0,ear from notch=21 mm,age class=adult,https://doi.org/10.15468/dl.8c95qk
1553742,http://arctos.database.museum/guid/UAM:Mamm:101061?seid=1695525,UAM,UAM:Mamm:101061,"Rattus norvegicus (Berkenhout, 1769)",2005,US,MALE,adult,24.0,ear from notch=24 mm,age class=adult,https://doi.org/10.15468/dl.8c95qk
1553743,http://arctos.database.museum/guid/UAM:Mamm:101067?seid=1515302,UAM,UAM:Mamm:101067,"Rattus norvegicus (Berkenhout, 1769)",2005,US,FEMALE,adult,22.0,ear from notch=22 mm,age class=adult,https://doi.org/10.15468/dl.8c95qk
1557426,http://arctos.database.museum/guid/UAM:Mamm:144140?seid=5294770,UAM,UAM:Mamm:144140,"Rattus norvegicus (Berkenhout, 1769)",2021,US,MALE,adult,21.0,ear from notch=21 mm,age class=adult,https://doi.org/10.15468/dl.8c95qk
1563726,http://arctos.database.museum/guid/UAM:Mamm:101022?seid=985402,UAM,UAM:Mamm:101022,"Rattus norvegicus (Berkenhout, 1769)",2005,US,FEMALE,adult,20.0,ear from notch=20 mm,age class=adult,https://doi.org/10.15468/dl.8c95qk
1563727,http://arctos.database.museum/guid/UAM:Mamm:101031?seid=882954,UAM,UAM:Mamm:101031,"Rattus norvegicus (Berkenhout, 1769)",2005,US,MALE,adult,23.0,ear from notch=23 mm,age class=adult,https://doi.org/10.15468/dl.8c95qk
1563728,http://arctos.database.museum/guid/UAM:Mamm:101048?seid=803397,UAM,UAM:Mamm:101048,"Rattus norvegicus (Berkenhout, 1769)",2005,US,MALE,adult,21.0,ear from notch=21 mm,age class=adult,https://doi.org/10.15468/dl.8c95qk
1563729,http://arctos.database.museum/guid/UAM:Mamm:101054?seid=643635,UAM,UAM:Mamm:101054,"Rattus norvegicus (Berkenhout, 1769)",2005,US,MALE,adult,21.0,ear from notch=21 mm,age class=adult,https://doi.org/10.15468/dl.8c95qk
1568684,http://arctos.database.museum/guid/UAM:Mamm:101001?seid=1799745,UAM,UAM:Mamm:101001,"Rattus norvegicus (Berkenhout, 1769)",2005,US,FEMALE,adult,22.0,ear from notch=22 mm,age class=adult,https://doi.org/10.15468/dl.8c95qk
1568685,http://arctos.database.museum/guid/UAM:Mamm:101005?seid=1396201,UAM,UAM:Mamm:101005,"Rattus norvegicus (Berkenhout, 1769)",2005,US,MALE,adult,22.0,ear from notch=22 mm,age class=adult,https://doi.org/10.15468/dl.8c95qk
1568686,http://arctos.database.museum/guid/UAM:Mamm:101012?seid=1044131,UAM,UAM:Mamm:101012,"Rattus norvegicus (Berkenhout, 1769)",2005,US,MALE,adult,21.0,ear from notch=21 mm,age class=adult,https://doi.org/10.15468/dl.8c95qk
1568687,http://arctos.database.museum/guid/UAM:Mamm:101038?seid=1035629,UAM,UAM:Mamm:101038,"Rattus norvegicus (Berkenhout, 1769)",2005,US,FEMALE,adult,22.0,ear from notch=22 mm,age class=adult,https://doi.org/10.15468/dl.8c95qk
1568688,http://arctos.database.museum/guid/UAM:Mamm:101051?seid=1838955,UAM,UAM:Mamm:101051,"Rattus norvegicus (Berkenhout, 1769)",2005,US,FEMALE,adult,21.0,ear from notch=21 mm,age class=adult,https://doi.org/10.15468/dl.8c95qk
1573416,http://arctos.database.museum/guid/UAM:Mamm:101004?seid=79486,UAM,UAM:Mamm:101004,"Rattus norvegicus (Berkenhout, 1769)",2005,US,FEMALE,adult,20.0,ear from notch=20 mm,age class=adult,https://doi.org/10.15468/dl.8c95qk
1578521,http://arctos.database.museum/guid/UAM:Mamm:101014?seid=398361,UAM,UAM:Mamm:101014,"Rattus norvegicus (Berkenhout, 1769)",2005,US,MALE,adult,21.0,ear from notch=21 mm,age class=adult,https://doi.org/10.15468/dl.8c95qk
1578522,http://arctos.database.museum/guid/UAM:Mamm:101023?seid=148609,UAM,UAM:Mamm:101023,"Rattus norvegicus (Berkenhout, 1769)",2005,US,FEMALE,adult,21.0,ear from notch=21 mm,age class=adult,https://doi.org/10.15468/dl.8c95qk
1578523,http://arctos.database.museum/guid/UAM:Mamm:101063?seid=486271,UAM,UAM:Mamm:101063,"Rattus norvegicus (Berkenhout, 1769)",2005,US,FEMALE,adult,20.0,ear from notch=20 mm,age class=adult,https://doi.org/10.15468/dl.8c95qk
1578524,http://arctos.database.museum/guid/UAM:Mamm:101070?seid=614731,UAM,UAM:Mamm:101070,"Rattus norvegicus (Berkenhout, 1769)",2005,US,FEMALE,adult,20.0,ear from notch=20 mm,age class=adult,https://doi.org/10.15468/dl.8c95qk
1578525,http://arctos.database.museum/guid/UAM:Mamm:101071?seid=142831,UAM,UAM:Mamm:101071,"Rattus norvegicus (Berkenhout, 1769)",2005,US,FEMALE,adult,18.0,ear from notch=18 mm,age class=adult,https://doi.org/10.15468/dl.8c95qk
1583256,http://arctos.database.museum/guid/UAM:Mamm:101035?seid=1473621,UAM,UAM:Mamm:101035,"Rattus norvegicus (Berkenhout, 1769)",2005,US,MALE,adult,23.0,ear from notch=23 mm,age class=adult,https://doi.org/10.15468/dl.8c95qk
1583257,http://arctos.database.museum/guid/UAM:Mamm:101057?seid=1013434,UAM,UAM:Mamm:101057,"Rattus norvegicus (Berkenhout, 1769)",2005,US,FEMALE,adult,21.0,ear from notch=21 mm,age class=adult,https://doi.org/10.15468/dl.8c95qk
1583258,http://arctos.database.museum/guid/UAM:Mamm:101059?seid=1661057,UAM,UAM:Mamm:101059,"Rattus norvegicus (Berkenhout, 1769)",2005,US,FEMALE,adult,20.0,ear from notch=20 mm,age class=adult,https://doi.org/10.15468/dl.8c95qk
1583259,http://arctos.database.museum/guid/UAM:Mamm:101062?seid=1222399,UAM,UAM:Mamm:101062,"Rattus norvegicus (Berkenhout, 1769)",2005,US,MALE,adult,21.0,ear from notch=21 mm,age class=adult,https://doi.org/10.15468/dl.8c95qk
1715759,http://arctos.database.museum/guid/UMNH:Mamm:44924?seid=5398264,UMNH,UMNH:Mamm:44924,"Rattus norvegicus (Berkenhout, 1769)",2021,US,MALE,adult,20.0,ear from notch=20 mm,age class=adult,https://doi.org/10.15468/dl.2erdam
1715923,http://arctos.database.museum/guid/UMNH:Mamm:44845?seid=5286718,UMNH,UMNH:Mamm:44845,"Rattus norvegicus (Berkenhout, 1769)",2021,US,FEMALE,adult,18.0,ear from notch=18 mm,age class=adult,https://doi.org/10.15468/dl.2erdam
1715924,http://arctos.database.museum/guid/UMNH:Mamm:44842?seid=5286715,UMNH,UMNH:Mamm:44842,"Rattus norvegicus (Berkenhout, 1769)",2021,US,FEMALE,adult,19.0,ear from notch=19 mm,age class=adult,https://doi.org/10.15468/dl.2erdam
1716141,http://arctos.database.museum/guid/UMNH:Mamm:44757?seid=5264772,UMNH,UMNH:Mamm:44757,"Rattus norvegicus (Berkenhout, 1769)",2021,US,MALE,adult,20.0,ear from notch=20 mm,age class=adult,https://doi.org/10.15468/dl.2erdam
1717399,http://arctos.database.museum/guid/UMNH:Mamm:43374?seid=4279541,UMNH,UMNH:Mamm:43374,"Rattus norvegicus (Berkenhout, 1769)",2019,US,MALE,adult,18.0,ear from notch=18 mm,age class=adult,https://doi.org/10.15468/dl.2erdam
596835,http://arctos.database.museum/guid/MSB:Mamm:262742?seid=1921220,MSB,MSB:Mamm:262742,"Didelphis marsupialis Linnaeus, 1758",2011,PA,MALE,adult,55.0,ear from notch=55 mm,age class=adult,https://doi.org/10.15468/dl.5wwfu9
602876,http://arctos.database.museum/guid/MSB:Mamm:327974?seid=4323073,MSB,MSB:Mamm:327974,"Didelphis marsupialis Linnaeus, 1758",2012,PA,FEMALE,adult,48.0,ear from notch=48 mm,age class=adult,https://doi.org/10.15468/dl.5wwfu9
603671,http://arctos.database.museum/guid/MSB:Mamm:342522?seid=5596755,MSB,MSB:Mamm:342522,"Didelphis marsupialis Linnaeus, 1758",2014,PA,MALE,adult,54.0,ear from notch=54 mm,age class=adult,https://doi.org/10.15468/dl.5wwfu9
605104,http://arctos.database.museum/guid/MSB:Mamm:223831?seid=72280,MSB,MSB:Mamm:223831,"Didelphis marsupialis Linnaeus, 1758",2009,PA,FEMALE,adult,54.0,ear from notch=54 mm,reproductive data=adult,https://doi.org/10.15468/dl.5wwfu9
610513,http://arctos.database.museum/guid/MSB:Mamm:223909?seid=841166,MSB,MSB:Mamm:223909,"Didelphis marsupialis Linnaeus, 1758",2010,PA,FEMALE,adult,42.0,ear from notch=42 mm,age class=adult,https://doi.org/10.15468/dl.5wwfu9
611268,http://arctos.database.museum/guid/MSB:Mamm:248194?seid=712623,MSB,MSB:Mamm:248194,"Didelphis marsupialis Linnaeus, 1758",2010,PA,MALE,adult,55.0,ear from notch=55 mm,age class=adult,https://doi.org/10.15468/dl.5wwfu9
616985,http://arctos.database.museum/guid/MSB:Mamm:248201?seid=1274579,MSB,MSB:Mamm:248201,"Didelphis marsupialis Linnaeus, 1758",2010,PA,FEMALE,adult,51.0,ear from notch=51 mm,age class=adult,https://doi.org/10.15468/dl.5wwfu9
623710,http://arctos.database.museum/guid/MSB:Mamm:328282?seid=4323397,MSB,MSB:Mamm:328282,"Didelphis marsupialis Linnaeus, 1758",2012,PA,MALE,adult,50.0,ear from notch=50 mm,age class=adult,https://doi.org/10.15468/dl.5wwfu9
623719,http://arctos.database.museum/guid/MSB:Mamm:328551?seid=4332475,MSB,MSB:Mamm:328551,"Didelphis marsupialis Linnaeus, 1758",2010,PA,MALE,adult,55.0,ear from notch=55 mm,age class=adult,https://doi.org/10.15468/dl.5wwfu9
631177,http://arctos.database.museum/guid/MSB:Mamm:223805?seid=592367,MSB,MSB:Mamm:223805,"Didelphis marsupialis Linnaeus, 1758",2009,PA,MALE,adult,50.0,ear from notch=50 mm,age class=adult,https://doi.org/10.15468/dl.5wwfu9
631178,http://arctos.database.museum/guid/MSB:Mamm:223835?seid=235322,MSB,MSB:Mamm:223835,"Didelphis marsupialis Linnaeus, 1758",2009,PA,MALE,adult,55.0,ear from notch=55 mm,age class=adult,https://doi.org/10.15468/dl.5wwfu9
631182,http://arctos.database.museum/guid/MSB:Mamm:223911?seid=892089,MSB,MSB:Mamm:223911,"Didelphis marsupialis Linnaeus, 1758",2009,PA,MALE,adult,56.0,ear from notch=56 mm,age class=adult,https://doi.org/10.15468/dl.5wwfu9
637127,http://arctos.database.museum/guid/MSB:Mamm:223828?seid=1109816,MSB,MSB:Mamm:223828,"Didelphis marsupialis Linnaeus, 1758",2009,PA,FEMALE,adult,49.0,ear from notch=49 mm,age class=adult,https://doi.org/10.15468/dl.5wwfu9
637128,http://arctos.database.museum/guid/MSB:Mamm:223913?seid=1035198,MSB,MSB:Mamm:223913,"Didelphis marsupialis Linnaeus, 1758",2010,PA,MALE,adult,52.0,ear from notch=52 mm,age class=adult,https://doi.org/10.15468/dl.5wwfu9
637757,http://arctos.database.museum/guid/MSB:Mamm:248215?seid=1822963,MSB,MSB:Mamm:248215,"Didelphis marsupialis Linnaeus, 1758",2010,PA,MALE,adult,55.0,ear from notch=55 mm,age class=adult,https://doi.org/10.15468/dl.5wwfu9
637758,http://arctos.database.museum/guid/MSB:Mamm:248251?seid=1258997,MSB,MSB:Mamm:248251,"Didelphis marsupialis Linnaeus, 1758",2010,PA,FEMALE,adult,60.0,ear from notch=60 mm,age class=adult,https://doi.org/10.15468/dl.5wwfu9
638139,http://arctos.database.museum/guid/MSB:Mamm:262633?seid=1921095,MSB,MSB:Mamm:262633,"Didelphis marsupialis Linnaeus, 1758",2011,PA,FEMALE,adult,51.0,ear from notch=51 mm,age class=adult,https://doi.org/10.15468/dl.5wwfu9
638143,http://arctos.database.museum/guid/MSB:Mamm:262741?seid=1921219,MSB,MSB:Mamm:262741,"Didelphis marsupialis Linnaeus, 1758",2011,PA,unknown,adult,53.0,ear from notch=53 mm,age class=adult,https://doi.org/10.15468/dl.5wwfu9
638145,http://arctos.database.museum/guid/MSB:Mamm:262810?seid=1921618,MSB,MSB:Mamm:262810,"Didelphis marsupialis Linnaeus, 1758",2011,PA,FEMALE,adult,55.0,ear from notch=55 mm,age class=adult,https://doi.org/10.15468/dl.5wwfu9
638181,http://arctos.database.museum/guid/MSB:Mamm:263545?seid=1928815,MSB,MSB:Mamm:263545,"Didelphis marsupialis Linnaeus, 1758",2011,PA,FEMALE,adult,53.0,ear from notch=53 mm,reproductive data=Adult,https://doi.org/10.15468/dl.5wwfu9
638182,http://arctos.database.museum/guid/MSB:Mamm:263556?seid=1928826,MSB,MSB:Mamm:263556,"Didelphis marsupialis Linnaeus, 1758",2011,PA,FEMALE,adult,43.0,ear from notch=43 mm,age class=adult,https://doi.org/10.15468/dl.5wwfu9
644574,http://arctos.database.museum/guid/MSB:Mamm:328454?seid=4323577,MSB,MSB:Mamm:328454,"Didelphis marsupialis Linnaeus, 1758",2012,PA,FEMALE,adult,47.0,ear from notch=47 mm,age class=adult,https://doi.org/10.15468/dl.5wwfu9
644643,http://arctos.database.museum/guid/MSB:Mamm:329867?seid=4492441,MSB,MSB:Mamm:329867,"Didelphis marsupialis Linnaeus, 1758",2014,PA,FEMALE,adult,55.0,ear from notch=55 mm,age class=adult,https://doi.org/10.15468/dl.5wwfu9
651948,http://arctos.database.museum/guid/MSB:Mamm:223889?seid=428716,MSB,MSB:Mamm:223889,"Didelphis marsupialis Linnaeus, 1758",2010,PA,MALE,adult,50.0,ear from notch=50 mm,age class=adult,https://doi.org/10.15468/dl.5wwfu9
658444,http://arctos.database.museum/guid/MSB:Mamm:248224?seid=1548120,MSB,MSB:Mamm:248224,"Didelphis marsupialis Linnaeus, 1758",2010,PA,FEMALE,adult,48.0,ear from notch=48 mm,age class=adult,https://doi.org/10.15468/dl.5wwfu9
658820,http://arctos.database.museum/guid/MSB:Mamm:262751?seid=1921229,MSB,MSB:Mamm:262751,"Didelphis marsupialis Linnaeus, 1758",2011,PA,MALE,adult,54.0,ear from notch=54 mm,age class=adult,https://doi.org/10.15468/dl.5wwfu9
658862,http://arctos.database.museum/guid/MSB:Mamm:263544?seid=1928814,MSB,MSB:Mamm:263544,"Didelphis marsupialis Linnaeus, 1758",2011,PA,FEMALE,adult,54.0,ear from notch=54 mm,age class=adult,https://doi.org/10.15468/dl.5wwfu9
666599,http://arctos.database.museum/guid/MSB:Mamm:248231?seid=1414474,MSB,MSB:Mamm:248231,"Didelphis marsupialis Linnaeus, 1758",2010,PA,FEMALE,adult,50.0,ear from notch=50 mm,age class=adult,https://doi.org/10.15468/dl.5wwfu9
666602,http://arctos.database.museum/guid/MSB:Mamm:248289?seid=1469330,MSB,MSB:Mamm:248289,"Didelphis marsupialis Linnaeus, 1758",2010,PA,MALE,adult,50.0,ear from notch=50 mm,age class=adult,https://doi.org/10.15468/dl.5wwfu9
673395,http://arctos.database.museum/guid/MSB:Mamm:328670?seid=4333051,MSB,MSB:Mamm:328670,"Didelphis marsupialis Linnaeus, 1758",2012,PA,FEMALE,adult,46.0,ear from notch=46 mm,age class=adult,https://doi.org/10.15468/dl.5wwfu9
674082,http://arctos.database.museum/guid/MSB:Mamm:342539?seid=5596772,MSB,MSB:Mamm:342539,"Didelphis marsupialis Linnaeus, 1758",2014,PA,FEMALE,adult,48.0,ear from notch=48 mm,age class=adult,https://doi.org/10.15468/dl.5wwfu9
680729,http://arctos.database.museum/guid/MSB:Mamm:223964?seid=185029,MSB,MSB:Mamm:223964,"Didelphis marsupialis Linnaeus, 1758",2010,PA,MALE,adult,56.0,ear from notch=56 mm,age class=adult,https://doi.org/10.15468/dl.5wwfu9
686476,http://arctos.database.museum/guid/MSB:Mamm:223891?seid=1360924,MSB,MSB:Mamm:223891,"Didelphis marsupialis Linnaeus, 1758",2010,PA,MALE,adult,47.0,ear from notch=47 mm,age class=adult,https://doi.org/10.15468/dl.5wwfu9
687155,http://arctos.database.museum/guid/MSB:Mamm:248244?seid=1843819,MSB,MSB:Mamm:248244,"Didelphis marsupialis Linnaeus, 1758",2010,PA,FEMALE,adult,49.0,ear from notch=49 mm,age class=adult,https://doi.org/10.15468/dl.5wwfu9
694615,http://arctos.database.museum/guid/MSB:Mamm:342645?seid=5596878,MSB,MSB:Mamm:342645,"Didelphis marsupialis Linnaeus, 1758",2014,PA,MALE,adult,50.0,ear from notch=50 mm,age class=adult,https://doi.org/10.15468/dl.5wwfu9
701321,http://arctos.database.museum/guid/MSB:Mamm:223912?seid=899134,MSB,MSB:Mamm:223912,"Didelphis marsupialis Linnaeus, 1758",2010,PA,MALE,adult,56.0,ear from notch=56 mm,age class=adult,https://doi.org/10.15468/dl.5wwfu9
708174,http://arctos.database.museum/guid/MSB:Mamm:263512?seid=1928782,MSB,MSB:Mamm:263512,"Didelphis marsupialis Linnaeus, 1758",2011,PA,MALE,adult,60.0,ear from notch=60 mm,age class=adult,https://doi.org/10.15468/dl.5wwfu9
714466,http://arctos.database.museum/guid/MSB:Mamm:328172?seid=4323287,MSB,MSB:Mamm:328172,"Didelphis marsupialis Linnaeus, 1758",2012,PA,FEMALE,adult,50.0,ear from notch=50 mm,age class=adult,https://doi.org/10.15468/dl.5wwfu9
714476,http://arctos.database.museum/guid/MSB:Mamm:328394?seid=4323517,MSB,MSB:Mamm:328394,"Didelphis marsupialis Linnaeus, 1758",2013,PA,MALE,adult,52.0,ear from notch=52 mm,age class=adult,https://doi.org/10.15468/dl.5wwfu9
715242,http://arctos.database.museum/guid/MSB:Mamm:342562?seid=5596795,MSB,MSB:Mamm:342562,"Didelphis marsupialis Linnaeus, 1758",2016,PA,MALE,adult,53.0,ear from notch=53 mm,age class=adult,https://doi.org/10.15468/dl.5wwfu9
722637,http://arctos.database.museum/guid/MSB:Mamm:248250?seid=506115,MSB,MSB:Mamm:248250,"Didelphis marsupialis Linnaeus, 1758",2010,PA,MALE,adult,45.0,ear from notch=45 mm,age class=adult,https://doi.org/10.15468/dl.5wwfu9
728401,http://arctos.database.museum/guid/MSB:Mamm:248202?seid=1697393,MSB,MSB:Mamm:248202,"Didelphis marsupialis Linnaeus, 1758",2010,PA,FEMALE,adult,55.0,ear from notch=55 mm,age class=adult,https://doi.org/10.15468/dl.5wwfu9
735041,http://arctos.database.museum/guid/MSB:Mamm:328174?seid=4323289,MSB,MSB:Mamm:328174,"Didelphis marsupialis Linnaeus, 1758",2012,PA,MALE,adult,52.0,ear from notch=52 mm,age class=adult,https://doi.org/10.15468/dl.5wwfu9
735839,http://arctos.database.museum/guid/MSB:Mamm:342650?seid=5596883,MSB,MSB:Mamm:342650,"Didelphis marsupialis Linnaeus, 1758",2014,PA,FEMALE,adult,50.0,ear from notch=50 mm,age class=adult,https://doi.org/10.15468/dl.5wwfu9
742458,http://arctos.database.museum/guid/MSB:Mamm:223765?seid=720546,MSB,MSB:Mamm:223765,"Didelphis marsupialis Linnaeus, 1758",2009,PA,MALE,adult,50.0,ear from notch=50 mm,reproductive data=adult,https://doi.org/10.15468/dl.5wwfu9
743166,http://arctos.database.museum/guid/MSB:Mamm:248193?seid=240525,MSB,MSB:Mamm:248193,"Didelphis marsupialis Linnaeus, 1758",2010,PA,MALE,adult,55.0,ear from notch=55 mm,age class=adult,https://doi.org/10.15468/dl.5wwfu9
748195,http://arctos.database.museum/guid/MSB:Mamm:223883?seid=1471807,MSB,MSB:Mamm:223883,"Didelphis marsupialis Linnaeus, 1758",2010,PA,MALE,adult,54.0,ear from notch=54 mm,age class=adult,https://doi.org/10.15468/dl.5wwfu9
748197,http://arctos.database.museum/guid/MSB:Mamm:223945?seid=1561552,MSB,MSB:Mamm:223945,"Didelphis marsupialis Linnaeus, 1758",2010,PA,MALE,adult,55.0,ear from notch=55 mm,age class=adult,https://doi.org/10.15468/dl.5wwfu9
749294,http://arctos.database.museum/guid/MSB:Mamm:263031?seid=1921839,MSB,MSB:Mamm:263031,"Didelphis marsupialis Linnaeus, 1758",2011,PA,FEMALE,adult,48.0,ear from notch=48 mm,age class=adult,https://doi.org/10.15468/dl.5wwfu9
755489,http://arctos.database.museum/guid/MSB:Mamm:328382?seid=4323505,MSB,MSB:Mamm:328382,"Didelphis marsupialis Linnaeus, 1758",2013,PA,MALE,adult,43.0,ear from notch=43 mm,age class=adult,https://doi.org/10.15468/dl.5wwfu9
755492,http://arctos.database.museum/guid/MSB:Mamm:328549?seid=4332472,MSB,MSB:Mamm:328549,"Didelphis marsupialis Linnaeus, 1758",2010,PA,FEMALE,adult,55.0,ear from notch=55 mm,age class=adult,https://doi.org/10.15468/dl.5wwfu9
755570,http://arctos.database.museum/guid/MSB:Mamm:329973?seid=4584680,MSB,MSB:Mamm:329973,"Didelphis marsupialis Linnaeus, 1758",2016,PA,FEMALE,adult,42.0,ear from notch=42 mm,age class=adult,https://doi.org/10.15468/dl.5wwfu9
763726,http://arctos.database.museum/guid/MSB:Mamm:248262?seid=919592,MSB,MSB:Mamm:248262,"Didelphis marsupialis Linnaeus, 1758",2010,PA,MALE,adult,55.0,ear from notch=55 mm,age class=adult,https://doi.org/10.15468/dl.5wwfu9
769419,http://arctos.database.museum/guid/MSB:Mamm:248247?seid=1198673,MSB,MSB:Mamm:248247,"Didelphis marsupialis Linnaeus, 1758",2010,PA,FEMALE,adult,50.0,ear from notch=50 mm,age class=adult,https://doi.org/10.15468/dl.5wwfu9
769799,http://arctos.database.museum/guid/MSB:Mamm:262729?seid=1921203,MSB,MSB:Mamm:262729,"Didelphis marsupialis Linnaeus, 1758",2011,PA,unknown,adult,50.0,ear from notch=50 mm,age class=adult,https://doi.org/10.15468/dl.5wwfu9
775971,http://arctos.database.museum/guid/MSB:Mamm:328283?seid=4323398,MSB,MSB:Mamm:328283,"Didelphis marsupialis Linnaeus, 1758",2012,PA,MALE,adult,56.0,ear from notch=56 mm,age class=adult,https://doi.org/10.15468/dl.5wwfu9
776054,http://arctos.database.museum/guid/MSB:Mamm:329870?seid=4492444,MSB,MSB:Mamm:329870,"Didelphis marsupialis Linnaeus, 1758",2014,PA,FEMALE,adult,52.0,ear from notch=52 mm,age class=adult,https://doi.org/10.15468/dl.5wwfu9
776756,http://arctos.database.museum/guid/MSB:Mamm:342632?seid=5596865,MSB,MSB:Mamm:342632,"Didelphis marsupialis Linnaeus, 1758",2015,PA,FEMALE,adult,45.0,ear from notch=45 mm,age class=adult,https://doi.org/10.15468/dl.5wwfu9
783560,http://arctos.database.museum/guid/MSB:Mamm:223936?seid=628506,MSB,MSB:Mamm:223936,"Didelphis marsupialis Linnaeus, 1758",2010,PA,MALE,adult,55.0,ear from notch=55 mm,age class=adult,https://doi.org/10.15468/dl.5wwfu9
790554,http://arctos.database.museum/guid/MSB:Mamm:262723?seid=1921196,MSB,MSB:Mamm:262723,"Didelphis marsupialis Linnaeus, 1758",2011,PA,FEMALE,adult,51.0,ear from notch=51 mm,age class=adult,https://doi.org/10.15468/dl.5wwfu9
790592,http://arctos.database.museum/guid/MSB:Mamm:263557?seid=1928827,MSB,MSB:Mamm:263557,"Didelphis marsupialis Linnaeus, 1758",2011,PA,MALE,adult,42.0,ear from notch=42 mm,age class=adult,https://doi.org/10.15468/dl.5wwfu9
796932,http://arctos.database.museum/guid/MSB:Mamm:328053?seid=4323161,MSB,MSB:Mamm:328053,"Didelphis marsupialis Linnaeus, 1758",2012,PA,MALE,adult,50.0,ear from notch=50 mm,age class=adult,https://doi.org/10.15468/dl.5wwfu9
797031,http://arctos.database.museum/guid/MSB:Mamm:329972?seid=4584679,MSB,MSB:Mamm:329972,"Didelphis marsupialis Linnaeus, 1758",2013,PA,MALE,adult,92.0,ear from notch=92 mm,age class=adult,https://doi.org/10.15468/dl.5wwfu9
797664,http://arctos.database.museum/guid/MSB:Mamm:342647?seid=5596880,MSB,MSB:Mamm:342647,"Didelphis marsupialis Linnaeus, 1758",2014,PA,FEMALE,adult,52.0,ear from notch=52 mm,age class=adult,https://doi.org/10.15468/dl.5wwfu9
799123,http://arctos.database.museum/guid/MSB:Mamm:223731?seid=39875,MSB,MSB:Mamm:223731,"Didelphis marsupialis Linnaeus, 1758",2009,PA,MALE,adult,50.0,ear from notch=50 mm,age class=adult,https://doi.org/10.15468/dl.5wwfu9
804355,http://arctos.database.museum/guid/MSB:Mamm:223716?seid=549684,MSB,MSB:Mamm:223716,"Didelphis marsupialis Linnaeus, 1758",2009,PA,MALE,adult,54.0,ear from notch=54 mm,reproductive data=adult,https://doi.org/10.15468/dl.5wwfu9
824155,http://arctos.database.museum/guid/MSB:Mamm:328550?seid=4332473,MSB,MSB:Mamm:328550,"Didelphis marsupialis Linnaeus, 1758",2010,PA,FEMALE,adult,57.0,ear from notch=57 mm,age class=adult,https://doi.org/10.15468/dl.5wwfu9
824214,http://arctos.database.museum/guid/MSB:Mamm:329869?seid=4492443,MSB,MSB:Mamm:329869,"Didelphis marsupialis Linnaeus, 1758",2014,PA,MALE,adult,58.0,ear from notch=58 mm,age class=adult,https://doi.org/10.15468/dl.5wwfu9
824880,http://arctos.database.museum/guid/MSB:Mamm:342648?seid=5596881,MSB,MSB:Mamm:342648,"Didelphis marsupialis Linnaeus, 1758",2016,PA,FEMALE,adult,49.0,ear from notch=49 mm,age class=adult,https://doi.org/10.15468/dl.5wwfu9
831558,http://arctos.database.museum/guid/MSB:Mamm:223882?seid=783692,MSB,MSB:Mamm:223882,"Didelphis marsupialis Linnaeus, 1758",2010,PA,MALE,adult,47.0,ear from notch=47 mm,age class=adult,https://doi.org/10.15468/dl.5wwfu9
838550,http://arctos.database.museum/guid/MSB:Mamm:263481?seid=1928751,MSB,MSB:Mamm:263481,"Didelphis marsupialis Linnaeus, 1758",2011,PA,unknown,adult,46.0,ear from notch=46 mm,age class=adult,https://doi.org/10.15468/dl.5wwfu9
844980,http://arctos.database.museum/guid/MSB:Mamm:328175?seid=4323290,MSB,MSB:Mamm:328175,"Didelphis marsupialis Linnaeus, 1758",2012,PA,FEMALE,adult,52.0,ear from notch=52 mm,age class=adult,https://doi.org/10.15468/dl.5wwfu9
845068,http://arctos.database.museum/guid/MSB:Mamm:329971?seid=4584678,MSB,MSB:Mamm:329971,"Didelphis marsupialis Linnaeus, 1758",2013,PA,FEMALE,adult,48.0,ear from notch=48 mm,age class=adult,https://doi.org/10.15468/dl.5wwfu9
845679,http://arctos.database.museum/guid/MSB:Mamm:342649?seid=5596882,MSB,MSB:Mamm:342649,"Didelphis marsupialis Linnaeus, 1758",2015,PA,FEMALE,adult,48.0,ear from notch=48 mm,age class=adult,https://doi.org/10.15468/dl.5wwfu9
858212,http://arctos.database.museum/guid/MSB:Mamm:223833?seid=1579352,MSB,MSB:Mamm:223833,"Didelphis marsupialis Linnaeus, 1758",2009,PA,MALE,adult,54.0,ear from notch=54 mm,reproductive data=adult,https://doi.org/10.15468/dl.5wwfu9
858858,http://arctos.database.museum/guid/MSB:Mamm:248239?seid=1134459,MSB,MSB:Mamm:248239,"Didelphis marsupialis Linnaeus, 1758",2010,PA,MALE,adult,49.0,ear from notch=49 mm,age class=adult,https://doi.org/10.15468/dl.5wwfu9
858860,http://arctos.database.museum/guid/MSB:Mamm:248267?seid=1449819,MSB,MSB:Mamm:248267,"Didelphis marsupialis Linnaeus, 1758",2010,PA,FEMALE,adult,51.0,ear from notch=51 mm,age class=adult,https://doi.org/10.15468/dl.5wwfu9
859238,http://arctos.database.museum/guid/MSB:Mamm:262820?seid=1921628,MSB,MSB:Mamm:262820,"Didelphis marsupialis Linnaeus, 1758",2011,PA,MALE,adult,46.0,ear from notch=46 mm,age class=adult,https://doi.org/10.15468/dl.5wwfu9
865706,http://arctos.database.museum/guid/MSB:Mamm:329876?seid=4492450,MSB,MSB:Mamm:329876,"Didelphis marsupialis Linnaeus, 1758",2015,PA,FEMALE,adult,49.0,ear from notch=49 mm,age class=adult,https://doi.org/10.15468/dl.5wwfu9
866386,http://arctos.database.museum/guid/MSB:Mamm:342527?seid=5596760,MSB,MSB:Mamm:342527,"Didelphis marsupialis Linnaeus, 1758",2015,PA,MALE,adult,63.0,ear from notch=63 mm,age class=adult,https://doi.org/10.15468/dl.5wwfu9
879711,http://arctos.database.museum/guid/MSB:Mamm:248213?seid=1092040,MSB,MSB:Mamm:248213,"Didelphis marsupialis Linnaeus, 1758",2010,PA,FEMALE,adult,50.0,ear from notch=50 mm,age class=adult,https://doi.org/10.15468/dl.5wwfu9
880092,http://arctos.database.museum/guid/MSB:Mamm:262728?seid=1921202,MSB,MSB:Mamm:262728,"Didelphis marsupialis Linnaeus, 1758",2011,PA,FEMALE,adult,54.0,ear from notch=54 mm,age class=adult,https://doi.org/10.15468/dl.5wwfu9
880117,http://arctos.database.museum/guid/MSB:Mamm:263201?seid=1923856,MSB,MSB:Mamm:263201,"Didelphis marsupialis Linnaeus, 1758",2011,PA,FEMALE,adult,52.0,ear from notch=52 mm,age class=adult,https://doi.org/10.15468/dl.5wwfu9
886461,http://arctos.database.museum/guid/MSB:Mamm:329974?seid=4584681,MSB,MSB:Mamm:329974,"Didelphis marsupialis Linnaeus, 1758",2016,PA,MALE,adult,45.0,ear from notch=45 mm,age class=adult,https://doi.org/10.15468/dl.5wwfu9
887152,http://arctos.database.museum/guid/MSB:Mamm:342530?seid=5596763,MSB,MSB:Mamm:342530,"Didelphis marsupialis Linnaeus, 1758",2014,PA,MALE,adult,38.0,ear from notch=38 mm,age class=adult,https://doi.org/10.15468/dl.5wwfu9
887154,http://arctos.database.museum/guid/MSB:Mamm:342551?seid=5596784,MSB,MSB:Mamm:342551,"Didelphis marsupialis Linnaeus, 1758",2014,PA,FEMALE,adult,46.0,ear from notch=46 mm,age class=adult,https://doi.org/10.15468/dl.5wwfu9
887162,http://arctos.database.museum/guid/MSB:Mamm:342646?seid=5596879,MSB,MSB:Mamm:342646,"Didelphis marsupialis Linnaeus, 1758",2014,PA,MALE,adult,57.0,ear from notch=57 mm,age class=adult,https://doi.org/10.15468/dl.5wwfu9
893945,http://arctos.database.museum/guid/MSB:Mamm:223944?seid=876895,MSB,MSB:Mamm:223944,"Didelphis marsupialis Linnaeus, 1758",2010,PA,FEMALE,adult,47.0,ear from notch=47 mm,age class=adult,https://doi.org/10.15468/dl.5wwfu9
899812,http://arctos.database.museum/guid/MSB:Mamm:223901?seid=1332211,MSB,MSB:Mamm:223901,"Didelphis marsupialis Linnaeus, 1758",2009,PA,MALE,adult,52.0,ear from notch=52 mm,age class=adult,https://doi.org/10.15468/dl.5wwfu9
900441,http://arctos.database.museum/guid/MSB:Mamm:248214?seid=1743260,MSB,MSB:Mamm:248214,"Didelphis marsupialis Linnaeus, 1758",2010,PA,FEMALE,adult,47.0,ear from notch=47 mm,age class=adult,https://doi.org/10.15468/dl.5wwfu9
907848,http://arctos.database.museum/guid/MSB:Mamm:342469?seid=5596702,MSB,MSB:Mamm:342469,"Didelphis marsupialis Linnaeus, 1758",2014,PA,FEMALE,adult,50.0,ear from notch=50 mm,age class=adult,https://doi.org/10.15468/dl.5wwfu9
928018,http://arctos.database.museum/guid/MSB:Mamm:328456?seid=4323579,MSB,MSB:Mamm:328456,"Didelphis marsupialis Linnaeus, 1758",2012,PA,FEMALE,adult,44.0,ear from notch=44 mm,age class=adult,https://doi.org/10.15468/dl.5wwfu9
928031,http://arctos.database.museum/guid/MSB:Mamm:328638?seid=4333019,MSB,MSB:Mamm:328638,"Didelphis marsupialis Linnaeus, 1758",2012,PA,MALE,adult,46.0,ear from notch=46 mm,age class=adult,https://doi.org/10.15468/dl.5wwfu9
928709,http://arctos.database.museum/guid/MSB:Mamm:342291?seid=5596524,MSB,MSB:Mamm:342291,"Didelphis marsupialis Linnaeus, 1758",2015,PA,FEMALE,adult,45.0,ear from notch=45 mm,age class=adult,https://doi.org/10.15468/dl.5wwfu9
928719,http://arctos.database.museum/guid/MSB:Mamm:342492?seid=5596725,MSB,MSB:Mamm:342492,"Didelphis marsupialis Linnaeus, 1758",2015,PA,FEMALE,adult,46.0,ear from notch=46 mm,age class=adult,https://doi.org/10.15468/dl.5wwfu9
930153,http://arctos.database.museum/guid/MSB:Mamm:223730?seid=62466,MSB,MSB:Mamm:223730,"Didelphis marsupialis Linnaeus, 1758",2009,PA,FEMALE,adult,50.0,ear from notch=50 mm,reproductive data=adult,https://doi.org/10.15468/dl.5wwfu9
936054,http://arctos.database.museum/guid/MSB:Mamm:248229?seid=638480,MSB,MSB:Mamm:248229,"Didelphis marsupialis Linnaeus, 1758",2010,PA,FEMALE,adult,48.0,ear from notch=48 mm,age class=adult,https://doi.org/10.15468/dl.5wwfu9
936056,http://arctos.database.museum/guid/MSB:Mamm:248282?seid=644677,MSB,MSB:Mamm:248282,"Didelphis marsupialis Linnaeus, 1758",2010,PA,MALE,adult,54.0,ear from notch=54 mm,age class=adult,https://doi.org/10.15468/dl.5wwfu9
941214,http://arctos.database.museum/guid/MSB:Mamm:223894?seid=1361763,MSB,MSB:Mamm:223894,"Didelphis marsupialis Linnaeus, 1758",2010,PA,FEMALE,adult,54.0,ear from notch=54 mm,age class=adult,https://doi.org/10.15468/dl.5wwfu9
947350,http://arctos.database.museum/guid/MSB:Mamm:223843?seid=1232987,MSB,MSB:Mamm:223843,"Didelphis marsupialis Linnaeus, 1758",2009,PA,MALE,adult,54.0,ear from notch=54 mm,reproductive data=adult,https://doi.org/10.15468/dl.5wwfu9
948395,http://arctos.database.museum/guid/MSB:Mamm:262812?seid=1921620,MSB,MSB:Mamm:262812,"Didelphis marsupialis Linnaeus, 1758",2011,PA,FEMALE,adult,42.0,ear from notch=42 mm,age class=adult,https://doi.org/10.15468/dl.5wwfu9
948433,http://arctos.database.museum/guid/MSB:Mamm:263508?seid=1928778,MSB,MSB:Mamm:263508,"Didelphis marsupialis Linnaeus, 1758",2011,PA,MALE,adult,48.0,ear from notch=48 mm,age class=adult,https://doi.org/10.15468/dl.5wwfu9
962136,http://arctos.database.museum/guid/MSB:Mamm:223836?seid=353793,MSB,MSB:Mamm:223836,"Didelphis marsupialis Linnaeus, 1758",2009,PA,FEMALE,adult,54.0,ear from notch=54 mm,reproductive data=adult,https://doi.org/10.15468/dl.5wwfu9
962138,http://arctos.database.museum/guid/MSB:Mamm:223920?seid=634980,MSB,MSB:Mamm:223920,"Didelphis marsupialis Linnaeus, 1758",2010,PA,MALE,adult,57.0,ear from notch=57 mm,age class=adult,https://doi.org/10.15468/dl.5wwfu9
962805,http://arctos.database.museum/guid/MSB:Mamm:248165?seid=962647,MSB,MSB:Mamm:248165,"Didelphis marsupialis Linnaeus, 1758",2010,PA,FEMALE,adult,47.0,ear from notch=47 mm,age class=adult,https://doi.org/10.15468/dl.5wwfu9
962806,http://arctos.database.museum/guid/MSB:Mamm:248210?seid=789377,MSB,MSB:Mamm:248210,"Didelphis marsupialis Linnaeus, 1758",2010,PA,MALE,adult,49.0,ear from notch=49 mm,age class=adult,https://doi.org/10.15468/dl.5wwfu9
962807,http://arctos.database.museum/guid/MSB:Mamm:248230?seid=342255,MSB,MSB:Mamm:248230,"Didelphis marsupialis Linnaeus, 1758",2010,PA,FEMALE,adult,45.0,ear from notch=45 mm,age class=adult,https://doi.org/10.15468/dl.5wwfu9
967969,http://arctos.database.museum/guid/MSB:Mamm:223887?seid=1044529,MSB,MSB:Mamm:223887,"Didelphis marsupialis Linnaeus, 1758",2010,PA,MALE,adult,48.0,ear from notch=48 mm,age class=adult,https://doi.org/10.15468/dl.5wwfu9
967970,http://arctos.database.museum/guid/MSB:Mamm:223895?seid=1468607,MSB,MSB:Mamm:223895,"Didelphis marsupialis Linnaeus, 1758",2010,PA,MALE,adult,50.0,ear from notch=50 mm,age class=adult,https://doi.org/10.15468/dl.5wwfu9
968621,http://arctos.database.museum/guid/MSB:Mamm:248245?seid=1449486,MSB,MSB:Mamm:248245,"Didelphis marsupialis Linnaeus, 1758",2010,PA,FEMALE,adult,50.0,ear from notch=50 mm,age class=adult,https://doi.org/10.15468/dl.5wwfu9
969030,http://arctos.database.museum/guid/MSB:Mamm:262811?seid=1921619,MSB,MSB:Mamm:262811,"Didelphis marsupialis Linnaeus, 1758",2011,PA,MALE,adult,47.0,ear from notch=47 mm,age class=adult,https://doi.org/10.15468/dl.5wwfu9
969035,http://arctos.database.museum/guid/MSB:Mamm:263032?seid=1921840,MSB,MSB:Mamm:263032,"Didelphis marsupialis Linnaeus, 1758",2011,PA,FEMALE,adult,56.0,ear from notch=56 mm,age class=adult,https://doi.org/10.15468/dl.5wwfu9
975394,http://arctos.database.museum/guid/MSB:Mamm:328455?seid=4323578,MSB,MSB:Mamm:328455,"Didelphis marsupialis Linnaeus, 1758",2012,PA,MALE,adult,53.0,ear from notch=53 mm,age class=adult,https://doi.org/10.15468/dl.5wwfu9
976088,http://arctos.database.museum/guid/MSB:Mamm:342290?seid=5596523,MSB,MSB:Mamm:342290,"Didelphis marsupialis Linnaeus, 1758",2014,PA,MALE,adult,43.0,ear from notch=43 mm,age class=adult,https://doi.org/10.15468/dl.5wwfu9
976103,http://arctos.database.museum/guid/MSB:Mamm:342586?seid=5596819,MSB,MSB:Mamm:342586,"Didelphis marsupialis Linnaeus, 1758",2015,PA,MALE,adult,52.0,ear from notch=52 mm,age class=adult,https://doi.org/10.15468/dl.5wwfu9
982809,http://arctos.database.museum/guid/MSB:Mamm:223839?seid=678011,MSB,MSB:Mamm:223839,"Didelphis marsupialis Linnaeus, 1758",2009,PA,MALE,adult,49.0,ear from notch=49 mm,reproductive data=adult,https://doi.org/10.15468/dl.5wwfu9
983498,http://arctos.database.museum/guid/MSB:Mamm:248223?seid=475328,MSB,MSB:Mamm:248223,"Didelphis marsupialis Linnaeus, 1758",2010,PA,MALE,adult,47.0,ear from notch=47 mm,age class=adult,https://doi.org/10.15468/dl.5wwfu9
989666,http://arctos.database.museum/guid/MSB:Mamm:263291?seid=1923955,MSB,MSB:Mamm:263291,"Didelphis marsupialis Linnaeus, 1758",2011,PA,MALE,adult,45.0,ear from notch=45 mm,age class=adult,https://doi.org/10.15468/dl.5wwfu9
989685,http://arctos.database.museum/guid/MSB:Mamm:263579?seid=1928849,MSB,MSB:Mamm:263579,"Didelphis marsupialis Linnaeus, 1758",2011,PA,FEMALE,adult,35.0,ear from notch=35 mm,reproductive data=Adult,https://doi.org/10.15468/dl.5wwfu9
996088,http://arctos.database.museum/guid/MSB:Mamm:328320?seid=4323443,MSB,MSB:Mamm:328320,"Didelphis marsupialis Linnaeus, 1758",2013,PA,FEMALE,adult,53.0,ear from notch=53 mm,age class=adult,https://doi.org/10.15468/dl.5wwfu9
1003598,http://arctos.database.museum/guid/MSB:Mamm:223787?seid=449810,MSB,MSB:Mamm:223787,"Didelphis marsupialis Linnaeus, 1758",2009,PA,MALE,adult,49.0,ear from notch=49 mm,reproductive data=adult,https://doi.org/10.15468/dl.5wwfu9
1004315,http://arctos.database.museum/guid/MSB:Mamm:248263?seid=397553,MSB,MSB:Mamm:248263,"Didelphis marsupialis Linnaeus, 1758",2010,PA,MALE,adult,50.0,ear from notch=50 mm,age class=adult,https://doi.org/10.15468/dl.5wwfu9
1142634,http://arctos.database.museum/guid/MVZ:Mamm:200356?seid=1758386,MVZ,MVZ:Mamm:200356,"Didelphis marsupialis Linnaeus, 1758",1992,BR,MALE,adult,45.0,ear from notch=45.0 mm,age class=adult,https://doi.org/10.15468/dl.5mbsge
1191518,http://arctos.database.museum/guid/MVZ:Mamm:200354?seid=1626961,MVZ,MVZ:Mamm:200354,"Didelphis marsupialis Linnaeus, 1758",1992,BR,FEMALE,adult,43.0,ear from notch=43.0 mm,age class=adult,https://doi.org/10.15468/dl.5mbsge
1215992,http://arctos.database.museum/guid/MVZ:Mamm:200355?seid=1321378,MVZ,MVZ:Mamm:200355,"Didelphis marsupialis Linnaeus, 1758",1992,BR,MALE,adult,44.0,ear from notch=44.0 mm,age class=adult,https://doi.org/10.15468/dl.5mbsge
1230919,http://arctos.database.museum/guid/MVZ:Mamm:200353?seid=640568,MVZ,MVZ:Mamm:200353,"Didelphis marsupialis Linnaeus, 1758",1992,BR,MALE,adult,40.0,ear from notch=40.0 mm,age class=adult,https://doi.org/10.15468/dl.5mbsge
