id,bucket,high_label,low_label,interest,status,source_ids,source_urls,coverage,evidence_gate,manual_decision,game_approved,recommendation,recommendation_reason,interest_score,interest_scale,existing_local_concept,local_observation_animals,evidence_readiness,verified_new_numeric_rows,verified_new_taxon_labels,verified_group_counts,verified_geography,source_assessment,discovery_evidence
mass,Size,Heaviest,Lightest,intuitive,downloaded_source_requires_endpoint_audit,catalogs,data/animalstats/research/trait-screen-summary.json,"Extracted source labels, not unique specimens or globally balanced coverage. Units: (high)  kg; g; g AnAge; kg","Adult mass; sex, mean vs maximum and wild/captive consistent BLOCKED: account-level summary; trace primary citation and preserve average versus record, wild versus captive, sex and taxonomy. No prose copied into ranking data.",awaiting_user_review,False,keep,"Strong intuitive concept; retain for review, subject to the evidence gate.",5,"Editorial 1–5; 5 immediately understandable, 2 specialist. Not player-tested.",yes,137,Numeric candidates extracted; no certified fair-board pool yet.,62,55,,"Not established for this endpoint; source coverage below is descriptive, not a validated distribution.","BLOCKED: account-level summary; trace primary citation and preserve average versus record, wild versus captive, sex and taxonomy. No prose copied into ranking data.",
length,Size,Longest,Shortest,intuitive,downloaded_source_requires_endpoint_audit,catalogs,data/animalstats/research/trait-screen-summary.json,"Extracted source labels, not unique specimens or globally balanced coverage. Units: (high)  cm; (high)  m; (high)  mm; cm; m; mm","Same anatomical endpoints; no snout-vent to total length substitution BLOCKED: account-level summary; trace primary citation and preserve average versus record, wild versus captive, sex and taxonomy. No prose copied into ranking data.; BLOCKED: literature and expert knowledge mixed without per-cell method/source in archive; CC-BY-NC license. Body-size anatomical definition, fecundity time basis and development versus maturity need verification. Thermal niche and dispersal score excluded.",awaiting_user_review,False,keep,"Strong intuitive concept; retain for review, subject to the evidence gate.",5,"Editorial 1–5; 5 immediately understandable, 2 specialist. Not player-tested.",yes,16,Numeric candidates extracted; no certified fair-board pool yet.,4932,4922,,"Not established for this endpoint; source coverage below is descriptive, not a validated distribution.","BLOCKED: account-level summary; trace primary citation and preserve average versus record, wild versus captive, sex and taxonomy. No prose copied into ranking data.; BLOCKED: literature and expert knowledge mixed without per-cell method/source in archive; CC-BY-NC license. Body-size anatomical definition, fecundity time basis and development versus maturity need verification. Thermal niche and dispersal score excluded.",
height,Size,Tallest,Shortest in height,intuitive,downloaded_source_requires_endpoint_audit,catalogs,data/animalstats/research/trait-screen-summary.json,Mixed worldwide animal groups; per-field coverage required,True overall standing height; no shoulder height relabeling,awaiting_user_review,False,keep,"Strong intuitive concept; retain for review, subject to the evidence gate.",5,"Editorial 1–5; 5 immediately understandable, 2 specialist. Not player-tested.",no,0,acquired but endpoint audit incomplete,,,,"Not established for this endpoint; source coverage below is descriptive, not a validated distribution.","Comparative catalog/research source located; author, method, original references and measurement provenance must be checked per endpoint. Credibility does not certify comparability.",
wingspan,Size,Widest wingspan,Narrowest wingspan,intuitive,downloaded_source_requires_endpoint_audit,catalogs;hostplants,data/animalstats/research/trait-screen-summary.json;https://github.com/RiesLabGU/LepTraits/tree/f73317d28b38f80923ad8e02cc06d35f5c16ed1f,Mixed worldwide animal groups; per-field coverage required; Butterflies and moths; hostplant discovery and study effort bias,Fully extended tip-to-tip span; wing length is not wingspan,awaiting_user_review,False,keep,"Strong intuitive concept; retain for review, subject to the evidence gate.",5,"Editorial 1–5; 5 immediately understandable, 2 specialist. Not player-tested.",yes,15,acquired but endpoint audit incomplete,,,,"Not established for this endpoint; source coverage below is descriptive, not a validated distribution.","Comparative catalog/research source located; author, method, original references and measurement provenance must be checked per endpoint. Credibility does not certify comparability.",
tail-length,Size,Longest tail,Shortest tail,intuitive,downloaded_source_requires_endpoint_audit,catalogs,data/animalstats/research/trait-screen-summary.json,Mixed worldwide animal groups; per-field coverage required,Same sex and adult life stage; unknown is not zero,awaiting_user_review,False,keep,"Strong intuitive concept; retain for review, subject to the evidence gate.",5,"Editorial 1–5; 5 immediately understandable, 2 specialist. Not player-tested.",yes,52,acquired but endpoint audit incomplete,,,,"Not established for this endpoint; source coverage below is descriptive, not a validated distribution.","Comparative catalog/research source located; author, method, original references and measurement provenance must be checked per endpoint. Credibility does not certify comparability.",
newborn-mass,Size,Heaviest newborn,Lightest newborn,intuitive,downloaded_source_requires_endpoint_audit,catalogs,data/animalstats/research/trait-screen-summary.json,"Extracted source labels, not unique specimens or globally balanced coverage. Units: UNVERIFIED","Mass at birth; hatchling mass separate if endpoint differs Compiled averages; verify original source values, sex/stage and units. AnnualFecundity and TeatRatio excluded as derived endpoints.",awaiting_user_review,False,keep,"Strong intuitive concept; retain for review, subject to the evidence gate.",5,"Editorial 1–5; 5 immediately understandable, 2 specialist. Not player-tested.",yes,36,Numeric candidates extracted; no certified fair-board pool yet.,294,294,,"Not established for this endpoint; source coverage below is descriptive, not a validated distribution.","Compiled averages; verify original source values, sex/stage and units. AnnualFecundity and TeatRatio excluded as derived endpoints.",
egg-mass,Size,Heaviest egg,Lightest egg,intuitive,downloaded_source_requires_endpoint_audit,catalogs,data/animalstats/research/trait-screen-summary.json,Mixed worldwide animal groups; per-field coverage required,"Fresh egg mass, not clutch mass",awaiting_user_review,False,keep,"Strong intuitive concept; retain for review, subject to the evidence gate.",5,"Editorial 1–5; 5 immediately understandable, 2 specialist. Not player-tested.",yes,58,acquired but endpoint audit incomplete,,,,"Not established for this endpoint; source coverage below is descriptive, not a validated distribution.","Comparative catalog/research source located; author, method, original references and measurement provenance must be checked per endpoint. Credibility does not certify comparability.",
egg-length,Size,Longest egg,Shortest egg,specialist,downloaded_source_requires_endpoint_audit,catalogs,data/animalstats/research/trait-screen-summary.json,"Extracted source labels, not unique specimens or globally balanced coverage. Units: mm",Egg long-axis length; avoid duplicating egg size as many near-identical prizes BLOCKED: offspring size mixes eggs and live young; identify anatomy before ranking.,awaiting_user_review,False,hold,Optional specialist concept or insufficiently defined broad comparison; defer pending better evidence.,2,"Editorial 1–5; 5 immediately understandable, 2 specialist. Not player-tested.",no,0,Numeric candidates extracted; no certified fair-board pool yet.,261,261,,"Not established for this endpoint; source coverage below is descriptive, not a validated distribution.",BLOCKED: offspring size mixes eggs and live young; identify anatomy before ranking.,
maximum-speed,Movement,Fastest,Slowest,intuitive,evidence_lead,locomotion,https://doi.org/10.1002/ecy.3114,884 organisms; exclude non-animals; locomotion modes kept separate,"Measured maximum speed; running, swimming, level flight and diving context explicit",awaiting_user_review,False,keep,"Strong intuitive concept; retain for review, subject to the evidence gate.",5,"Editorial 1–5; 5 immediately understandable, 2 specialist. Not player-tested.",no,0,source located; comparable data not acquired,,,,"Not established for this endpoint; source coverage below is descriptive, not a validated distribution.","Comparative catalog/research source located; author, method, original references and measurement provenance must be checked per endpoint. Credibility does not certify comparability.",
travel-speed,Movement,Fastest traveler,Slowest traveler,intuitive,downloaded_source_requires_endpoint_audit,travel,https://doi.org/10.5281/zenodo.7554842,Eight animal groups; different sampling protocols and some unidentified taxa,Sustained measured travel speed; mean and median kept distinct,awaiting_user_review,False,keep,"Strong intuitive concept; retain for review, subject to the evidence gate.",5,"Editorial 1–5; 5 immediately understandable, 2 specialist. Not player-tested.",no,0,acquired but endpoint audit incomplete,,,,"Not established for this endpoint; source coverage below is descriptive, not a validated distribution.","Comparative catalog/research source located; author, method, original references and measurement provenance must be checked per endpoint. Credibility does not certify comparability.",
acceleration,Movement,Fastest acceleration,Slowest acceleration,intuitive,evidence_lead,locomotion,https://doi.org/10.1002/ecy.3114,884 organisms; exclude non-animals; locomotion modes kept separate,"Observed acceleration with compatible time scale, not speed proxy",awaiting_user_review,False,keep,"Strong intuitive concept; retain for review, subject to the evidence gate.",5,"Editorial 1–5; 5 immediately understandable, 2 specialist. Not player-tested.",no,0,source located; comparable data not acquired,,,,"Not established for this endpoint; source coverage below is descriptive, not a validated distribution.","Comparative catalog/research source located; author, method, original references and measurement provenance must be checked per endpoint. Credibility does not certify comparability.",
jump-height,Movement,Highest jump,Lowest jump,intuitive,evidence_lead,jump;jump-direct,https://academic.oup.com/icb/article/59/6/1609/5545545;https://doi.org/10.5061/dryad.hdr7sqvqd,Comparative jump paper mixes calculated heights and reported measurements; primary endpoints need verification; Gerbils only; not enough for broad mixed-animal boards,Measured vertical displacement; ballistic prediction alone held,awaiting_user_review,False,keep,"Strong intuitive concept; retain for review, subject to the evidence gate.",5,"Editorial 1–5; 5 immediately understandable, 2 specialist. Not player-tested.",no,0,source located; comparable data not acquired,,,,"Not established for this endpoint; source coverage below is descriptive, not a validated distribution.","Comparative catalog/research source located; author, method, original references and measurement provenance must be checked per endpoint. Credibility does not certify comparability.",
jump-distance,Movement,Longest jump,Shortest jump,intuitive,evidence_lead,jump-direct,https://doi.org/10.5061/dryad.hdr7sqvqd,Gerbils only; not enough for broad mixed-animal boards,Measured horizontal distance; context and voluntary maximum recorded,awaiting_user_review,False,keep,"Strong intuitive concept; retain for review, subject to the evidence gate.",5,"Editorial 1–5; 5 immediately understandable, 2 specialist. Not player-tested.",no,0,source located; comparable data not acquired,,,,"Not established for this endpoint; source coverage below is descriptive, not a validated distribution.","Comparative catalog/research source located; author, method, original references and measurement provenance must be checked per endpoint. Credibility does not certify comparability.",
relative-jump,Movement,Longest jump for body size,Shortest jump for body size,specialist,evidence_lead,jump-direct,https://doi.org/10.5061/dryad.hdr7sqvqd,Gerbils only; not enough for broad mixed-animal boards,Measured displacement divided by measured same-individual body length,awaiting_user_review,False,hold,Optional specialist concept or insufficiently defined broad comparison; defer pending better evidence.,2,"Editorial 1–5; 5 immediately understandable, 2 specialist. Not player-tested.",no,0,source located; comparable data not acquired,,,,"Not established for this endpoint; source coverage below is descriptive, not a validated distribution.","Comparative catalog/research source located; author, method, original references and measurement provenance must be checked per endpoint. Credibility does not certify comparability.",
migration-distance,Movement,Longest migration,Shortest migration,intuitive,evidence_lead,movement,https://www.movebank.mpg.de/cms/movebank-content/data-repository,Multiple groups and continents; public studies only; unequal deployment durations,"One defined seasonal journey, track coverage complete; residents not assigned zero",awaiting_user_review,False,keep,"Strong intuitive concept; retain for review, subject to the evidence gate.",5,"Editorial 1–5; 5 immediately understandable, 2 specialist. Not player-tested.",no,0,source located; comparable data not acquired,,,,"Not established for this endpoint; source coverage below is descriptive, not a validated distribution.","Comparative catalog/research source located; author, method, original references and measurement provenance must be checked per endpoint. Credibility does not certify comparability.",
nonstop-journey,Movement,Longest nonstop journey,Shortest nonstop journey,intuitive,evidence_lead,movement,https://www.movebank.mpg.de/cms/movebank-content/data-repository,Multiple groups and continents; public studies only; unequal deployment durations,Continuous tracked journey; define allowable stops and sampling interval,awaiting_user_review,False,keep,"Strong intuitive concept; retain for review, subject to the evidence gate.",5,"Editorial 1–5; 5 immediately understandable, 2 specialist. Not player-tested.",no,0,source located; comparable data not acquired,,,,"Not established for this endpoint; source coverage below is descriptive, not a validated distribution.","Comparative catalog/research source located; author, method, original references and measurement provenance must be checked per endpoint. Credibility does not certify comparability.",
daily-distance,Movement,Most distance in a day,Least distance in a day,intuitive,evidence_lead,movement,https://www.movebank.mpg.de/cms/movebank-content/data-repository,Multiple groups and continents; public studies only; unequal deployment durations,Complete 24-hour tracks at comparable resolution; not displacement between two fixes,awaiting_user_review,False,keep,"Strong intuitive concept; retain for review, subject to the evidence gate.",5,"Editorial 1–5; 5 immediately understandable, 2 specialist. Not player-tested.",no,0,source located; comparable data not acquired,,,,"Not established for this endpoint; source coverage below is descriptive, not a validated distribution.","Comparative catalog/research source located; author, method, original references and measurement provenance must be checked per endpoint. Credibility does not certify comparability.",
lifetime-distance,Movement,Most lifetime travel,Least lifetime travel,intuitive,no_comparable_source_yet,,,,Need complete lifetime tracking; daily distance multiplied by lifespan rejected,awaiting_user_review,False,hold,Optional specialist concept or insufficiently defined broad comparison; defer pending better evidence.,5,"Editorial 1–5; 5 immediately understandable, 2 specialist. Not player-tested.",no,0,insufficient comparable evidence,,,,"Not established for this endpoint; source coverage below is descriptive, not a validated distribution.","Comparative catalog/research source located; author, method, original references and measurement provenance must be checked per endpoint. Credibility does not certify comparability.",
flight-altitude,Movement,Highest flight,Lowest flight,intuitive,evidence_lead,movement,https://www.movebank.mpg.de/cms/movebank-content/data-repository,Multiple groups and continents; public studies only; unequal deployment durations,Measured flight altitude; above sea level and ground kept separate,awaiting_user_review,False,keep,"Strong intuitive concept; retain for review, subject to the evidence gate.",5,"Editorial 1–5; 5 immediately understandable, 2 specialist. Not player-tested.",no,0,source located; comparable data not acquired,,,,"Not established for this endpoint; source coverage below is descriptive, not a validated distribution.","Comparative catalog/research source located; author, method, original references and measurement provenance must be checked per endpoint. Credibility does not certify comparability.",
turn-radius,Movement,Tightest turn,Widest turn,specialist,evidence_lead,locomotion,https://doi.org/10.1002/ecy.3114,884 organisms; exclude non-animals; locomotion modes kept separate,Powered minimum turn radius; same speed context; prevent agility relabeling,awaiting_user_review,False,hold,Optional specialist concept or insufficiently defined broad comparison; defer pending better evidence.,2,"Editorial 1–5; 5 immediately understandable, 2 specialist. Not player-tested.",no,0,source located; comparable data not acquired,,,,"Not established for this endpoint; source coverage below is descriptive, not a validated distribution.","Comparative catalog/research source located; author, method, original references and measurement provenance must be checked per endpoint. Credibility does not certify comparability.",
turn-speed,Movement,Fastest turn,Slowest turn,specialist,evidence_lead,locomotion,https://doi.org/10.1002/ecy.3114,884 organisms; exclude non-animals; locomotion modes kept separate,Measured angular speed; not a general agility score,awaiting_user_review,False,hold,Optional specialist concept or insufficiently defined broad comparison; defer pending better evidence.,2,"Editorial 1–5; 5 immediately understandable, 2 specialist. Not player-tested.",no,0,source located; comparable data not acquired,,,,"Not established for this endpoint; source coverage below is descriptive, not a validated distribution.","Comparative catalog/research source located; author, method, original references and measurement provenance must be checked per endpoint. Credibility does not certify comparability.",
dive-depth,Diving,Deepest dive,Shallowest dive,intuitive,evidence_lead,bird-diving;movement,https://doi.org/10.5061/dryad.z612jm6rq;https://www.movebank.mpg.de/cms/movebank-content/data-repository,"Birds only; global literature, measured logger and stopwatch protocols; Multiple groups and continents; public studies only; unequal deployment durations",Observed maximum dive depth; habitat depth is a different trait,awaiting_user_review,False,keep,"Strong intuitive concept; retain for review, subject to the evidence gate.",5,"Editorial 1–5; 5 immediately understandable, 2 specialist. Not player-tested.",no,0,source located; comparable data not acquired,,,,"Not established for this endpoint; source coverage below is descriptive, not a validated distribution.","Comparative catalog/research source located; author, method, original references and measurement provenance must be checked per endpoint. Credibility does not certify comparability.",
dive-duration,Diving,Longest dive,Shortest dive,intuitive,downloaded_source_requires_endpoint_audit,diving,https://doi.org/10.5061/dryad.tqjq2bvv9,"Insects, amphibians, reptiles, birds and mammals; literature with study context",Reported observed maximum; do not call oxygen limitation or generic breath-hold,awaiting_user_review,False,keep,"Strong intuitive concept; retain for review, subject to the evidence gate.",5,"Editorial 1–5; 5 immediately understandable, 2 specialist. Not player-tested.",yes,11,Traceable numeric candidates extracted; protocol and uncertainty audit pending.,1248,255,,"Not established for this endpoint; source coverage below is descriptive, not a validated distribution.","Source observations kept separately with row locations, original references and conditions. No species aggregation, inferred values or gameplay approval.",
breath-hold,Diving,Longest breath hold,Shortest breath hold,intuitive,no_comparable_source_yet,,,,Respiration measured directly; diving duration and cutaneous respiration not equivalent,awaiting_user_review,False,hold,Optional specialist concept or insufficiently defined broad comparison; defer pending better evidence.,5,"Editorial 1–5; 5 immediately understandable, 2 specialist. Not player-tested.",no,0,insufficient comparable evidence,,,,"Not established for this endpoint; source coverage below is descriptive, not a validated distribution.","Comparative catalog/research source located; author, method, original references and measurement provenance must be checked per endpoint. Credibility does not certify comparability.",
bite-force,Strength,Strongest bite,Weakest bite,intuitive,downloaded_source_requires_endpoint_audit,bite;bite-vertebrate,https://doi.org/10.1038/s41597-023-02731-w;https://doi.org/10.1242/jeb.106385,"654 insect species, 13 orders, four continents; independent specimen gates; Vertebrate literature; gape, biting point and substrate matter","Measured force in newtons; voluntary bite point, gape and substrate compatible",awaiting_user_review,False,keep,"Strong intuitive concept; retain for review, subject to the evidence gate.",5,"Editorial 1–5; 5 immediately understandable, 2 specialist. Not player-tested.",no,0,acquired but endpoint audit incomplete,,,,"Not established for this endpoint; source coverage below is descriptive, not a validated distribution.","Comparative catalog/research source located; author, method, original references and measurement provenance must be checked per endpoint. Credibility does not certify comparability.",
relative-bite,Strength,Strongest bite for body weight,Weakest bite for body weight,specialist,downloaded_source_requires_endpoint_audit,bite,https://doi.org/10.1038/s41597-023-02731-w,"654 insect species, 13 orders, four continents; independent specimen gates",Force/body weight from same measured specimens; no allometric residuals,awaiting_user_review,False,hold,Optional specialist concept or insufficiently defined broad comparison; defer pending better evidence.,2,"Editorial 1–5; 5 immediately understandable, 2 specialist. Not player-tested.",no,0,acquired but endpoint audit incomplete,,,,"Not established for this endpoint; source coverage below is descriptive, not a validated distribution.","Comparative catalog/research source located; author, method, original references and measurement provenance must be checked per endpoint. Credibility does not certify comparability.",
pull-force,Strength,Strongest pull,Weakest pull,intuitive,limited_or_context_only_source,pull,https://pmc.ncbi.nlm.nih.gov/articles/PMC4011365/,"One beetle species; method lead, not a cross-species table","Instrumented pulling test; clinging, pushing and lifting are separate",awaiting_user_review,False,hold,Optional specialist concept or insufficiently defined broad comparison; defer pending better evidence.,5,"Editorial 1–5; 5 immediately understandable, 2 specialist. Not player-tested.",no,0,insufficient comparable evidence,,,,"Not established for this endpoint; source coverage below is descriptive, not a validated distribution.","Comparative catalog/research source located; author, method, original references and measurement provenance must be checked per endpoint. Credibility does not certify comparability.",
relative-pull,Strength,Strongest pull for body weight,Weakest pull for body weight,specialist,limited_or_context_only_source,pull,https://pmc.ncbi.nlm.nih.gov/articles/PMC4011365/,"One beetle species; method lead, not a cross-species table",Direct measured pulling force divided by same specimen weight,awaiting_user_review,False,reject,Relative pulling performance is too niche and current evidence is single-species.,2,"Editorial 1–5; 5 immediately understandable, 2 specialist. Not player-tested.",no,0,insufficient comparable evidence,,,,"Not established for this endpoint; source coverage below is descriptive, not a validated distribution.","Comparative catalog/research source located; author, method, original references and measurement provenance must be checked per endpoint. Credibility does not certify comparability.",
carrying-load,Strength,Heaviest load carried,Lightest load carried,intuitive,no_comparable_source_yet,,,,Compatible carried-load task; anecdotal carrying claims not approved,awaiting_user_review,False,hold,Optional specialist concept or insufficiently defined broad comparison; defer pending better evidence.,5,"Editorial 1–5; 5 immediately understandable, 2 specialist. Not player-tested.",no,0,insufficient comparable evidence,,,,"Not established for this endpoint; source coverage below is descriptive, not a validated distribution.","Comparative catalog/research source located; author, method, original references and measurement provenance must be checked per endpoint. Credibility does not certify comparability.",
lifting-load,Strength,Heaviest lift,Lightest lift,intuitive,no_comparable_source_yet,,,,Direct lifted load; reject muscle mass as strength proxy,awaiting_user_review,False,hold,Optional specialist concept or insufficiently defined broad comparison; defer pending better evidence.,5,"Editorial 1–5; 5 immediately understandable, 2 specialist. Not player-tested.",no,0,insufficient comparable evidence,,,,"Not established for this endpoint; source coverage below is descriptive, not a validated distribution.","Comparative catalog/research source located; author, method, original references and measurement provenance must be checked per endpoint. Credibility does not certify comparability.",
visual-acuity,Senses,Sharpest vision,Least sharp vision,intuitive,evidence_lead,vision,https://doi.org/10.1016/j.tree.2018.03.001,Hundreds of animals; anatomical estimates and behavioral tests mixed,Shared acuity protocol and cycles/degree; estimated retinal acuity separate,awaiting_user_review,False,hold,Optional specialist concept or insufficiently defined broad comparison; defer pending better evidence.,5,"Editorial 1–5; 5 immediately understandable, 2 specialist. Not player-tested.",no,0,source located; comparable data not acquired,,,,"Not established for this endpoint; source coverage below is descriptive, not a validated distribution.","Comparative catalog/research source located; author, method, original references and measurement provenance must be checked per endpoint. Credibility does not certify comparability.",
highest-audible-frequency,Senses,Hears highest pitch,Lowest upper hearing limit,specialist,evidence_lead,hearing,https://www.animalaudiograms.org/apidoc,"Multiple animal groups; air/water, age, method, threshold and frequency required",Same SPL criterion and medium; highest tested frequency not assumed true limit,awaiting_user_review,False,hold,Optional specialist concept or insufficiently defined broad comparison; defer pending better evidence.,2,"Editorial 1–5; 5 immediately understandable, 2 specialist. Not player-tested.",no,0,source located; comparable data not acquired,,,,"Not established for this endpoint; source coverage below is descriptive, not a validated distribution.","Comparative catalog/research source located; author, method, original references and measurement provenance must be checked per endpoint. Credibility does not certify comparability.",
lowest-audible-frequency,Senses,Hears lowest pitch,Highest lower hearing limit,specialist,evidence_lead,hearing,https://www.animalaudiograms.org/apidoc,"Multiple animal groups; air/water, age, method, threshold and frequency required",Measured boundary at same SPL; no extrapolation beyond audiogram,awaiting_user_review,False,hold,Optional specialist concept or insufficiently defined broad comparison; defer pending better evidence.,2,"Editorial 1–5; 5 immediately understandable, 2 specialist. Not player-tested.",no,0,source located; comparable data not acquired,,,,"Not established for this endpoint; source coverage below is descriptive, not a validated distribution.","Comparative catalog/research source located; author, method, original references and measurement provenance must be checked per endpoint. Credibility does not certify comparability.",
hearing-threshold,Senses,Hears quietest sound,Needs loudest sound to hear,specialist,evidence_lead,hearing,https://www.animalaudiograms.org/apidoc,"Multiple animal groups; air/water, age, method, threshold and frequency required","Threshold at shared frequency, same air/water reference and test method",awaiting_user_review,False,hold,Optional specialist concept or insufficiently defined broad comparison; defer pending better evidence.,2,"Editorial 1–5; 5 immediately understandable, 2 specialist. Not player-tested.",no,0,source located; comparable data not acquired,,,,"Not established for this endpoint; source coverage below is descriptive, not a validated distribution.","Comparative catalog/research source located; author, method, original references and measurement provenance must be checked per endpoint. Credibility does not certify comparability.",
odor-detection,Senses,Detects faintest smell,Needs strongest smell,specialist,downloaded_source_requires_endpoint_audit,smell,https://doi.org/10.5061/dryad.73n5tb33v,20 mammal species; individual odors and identical discrimination tasks,Same odor compound and units; no universal best-smell claim,awaiting_user_review,False,hold,Optional specialist concept or insufficiently defined broad comparison; defer pending better evidence.,2,"Editorial 1–5; 5 immediately understandable, 2 specialist. Not player-tested.",no,0,acquired but endpoint audit incomplete,,,,"Not established for this endpoint; source coverage below is descriptive, not a validated distribution.","Comparative catalog/research source located; author, method, original references and measurement provenance must be checked per endpoint. Credibility does not certify comparability.",
odor-discrimination,Senses,Best at telling smells apart,Worst at telling smells apart,specialist,downloaded_source_requires_endpoint_audit,smell,https://doi.org/10.5061/dryad.73n5tb33v,20 mammal species; individual odors and identical discrimination tasks,"Identical odor-pair task, protocol and success endpoint",awaiting_user_review,False,hold,Optional specialist concept or insufficiently defined broad comparison; defer pending better evidence.,2,"Editorial 1–5; 5 immediately understandable, 2 specialist. Not player-tested.",no,0,acquired but endpoint audit incomplete,,,,"Not established for this endpoint; source coverage below is descriptive, not a validated distribution.","Comparative catalog/research source located; author, method, original references and measurement provenance must be checked per endpoint. Credibility does not certify comparability.",
call-loudness,Sound,Loudest call,Quietest call,intuitive,evidence_lead,sound;sound-review,https://doi.org/10.5061/dryad.cnp5hqchb;https://doi.org/10.3389/fevo.2021.657254,17 European songbird species; context and corrected distance recorded; Air and underwater measurements; different reference pressures,Calibrated source level at stated distance; air/water and weighting separated,awaiting_user_review,False,keep,"Strong intuitive concept; retain for review, subject to the evidence gate.",5,"Editorial 1–5; 5 immediately understandable, 2 specialist. Not player-tested.",no,0,source located; comparable data not acquired,,,,"Not established for this endpoint; source coverage below is descriptive, not a validated distribution.","Comparative catalog/research source located; author, method, original references and measurement provenance must be checked per endpoint. Credibility does not certify comparability.",
call-pitch,Sound,Highest-pitched call,Lowest-pitched call,intuitive,evidence_lead,sound-review,https://doi.org/10.3389/fevo.2021.657254,Air and underwater measurements; different reference pressures,Same fundamental/peak-frequency endpoint; harmonics not mixed,awaiting_user_review,False,hold,Optional specialist concept or insufficiently defined broad comparison; defer pending better evidence.,5,"Editorial 1–5; 5 immediately understandable, 2 specialist. Not player-tested.",no,0,source located; comparable data not acquired,,,,"Not established for this endpoint; source coverage below is descriptive, not a validated distribution.","Comparative catalog/research source located; author, method, original references and measurement provenance must be checked per endpoint. Credibility does not certify comparability.",
food-class-breadth,Feeding,Most varied food types,Fewest food types,intuitive,downloaded_source_requires_endpoint_audit,food-types;catalogs,https://doi.org/10.5061/dryad.83bk3j9vk;data/animalstats/research/trait-screen-summary.json,"1437 terrestrial mammals; four explicit food classes, not prey-species counts; Mixed worldwide animal groups; per-field coverage required",Fixed documented food-class scheme; not number of prey species,awaiting_user_review,False,keep,"Strong intuitive concept; retain for review, subject to the evidence gate.",5,"Editorial 1–5; 5 immediately understandable, 2 specialist. Not player-tested.",no,0,acquired but endpoint audit incomplete,,,,"Not established for this endpoint; source coverage below is descriptive, not a validated distribution.","Comparative catalog/research source located; author, method, original references and measurement provenance must be checked per endpoint. Credibility does not certify comparability.",
prey-species-breadth,Feeding,Most prey species,Fewest prey species,intuitive,downloaded_source_requires_endpoint_audit,diet,https://doi.org/10.5061/dryad.2v6wwpzmr,103 terrestrial carnivorous mammals; study/site/time and diet methods retained,Matched study effort and taxonomic resolution; unknown prey not separate species,awaiting_user_review,False,keep,"Strong intuitive concept; retain for review, subject to the evidence gate.",5,"Editorial 1–5; 5 immediately understandable, 2 specialist. Not player-tested.",no,0,acquired but endpoint audit incomplete,,,,"Not established for this endpoint; source coverage below is descriptive, not a validated distribution.","Comparative catalog/research source located; author, method, original references and measurement provenance must be checked per endpoint. Credibility does not certify comparability.",
hostplant-breadth,Feeding,Most food plants,Fewest food plants,intuitive,downloaded_source_requires_endpoint_audit,hostplants,https://github.com/RiesLabGU/LepTraits/tree/f73317d28b38f80923ad8e02cc06d35f5c16ed1f,Butterflies and moths; hostplant discovery and study effort bias,Observed unique hostplant species; study coverage and larval life stage explicit,awaiting_user_review,False,keep,"Strong intuitive concept; retain for review, subject to the evidence gate.",5,"Editorial 1–5; 5 immediately understandable, 2 specialist. Not player-tested.",no,0,acquired but endpoint audit incomplete,,,,"Not established for this endpoint; source coverage below is descriptive, not a validated distribution.","Comparative catalog/research source located; author, method, original references and measurement provenance must be checked per endpoint. Credibility does not certify comparability.",
daily-food-mass,Feeding,Eats most per day,Eats least per day,intuitive,limited_or_context_only_source,food-intake,https://doi.org/10.5061/dryad.857dd,One mammal species; daily food measurements; no cross-species database yet,"Direct daily mass consumed; wet/dry, age, activity and captivity standardized",awaiting_user_review,False,keep,"Strong intuitive concept; retain for review, subject to the evidence gate.",5,"Editorial 1–5; 5 immediately understandable, 2 specialist. Not player-tested.",no,0,insufficient comparable evidence,,,,"Not established for this endpoint; source coverage below is descriptive, not a validated distribution.","Comparative catalog/research source located; author, method, original references and measurement provenance must be checked per endpoint. Credibility does not certify comparability.",
relative-food-intake,Feeding,Eats most for body weight,Eats least for body weight,specialist,limited_or_context_only_source,food-intake,https://doi.org/10.5061/dryad.857dd,One mammal species; daily food measurements; no cross-species database yet,Daily measured intake divided by same-specimen mass; no metabolic-model conversion,awaiting_user_review,False,hold,Optional specialist concept or insufficiently defined broad comparison; defer pending better evidence.,2,"Editorial 1–5; 5 immediately understandable, 2 specialist. Not player-tested.",no,0,insufficient comparable evidence,,,,"Not established for this endpoint; source coverage below is descriptive, not a validated distribution.","Comparative catalog/research source located; author, method, original references and measurement provenance must be checked per endpoint. Credibility does not certify comparability.",
fasting-duration,Feeding,Longest without food,Shortest without food,intuitive,limited_or_context_only_source,fasting,https://doi.org/10.1086/504614,Sand gazelles only; imposed restriction is not maximum endurance,Observed natural fasting duration; restriction study length is not maximum survival,awaiting_user_review,False,keep,"Strong intuitive concept; retain for review, subject to the evidence gate.",5,"Editorial 1–5; 5 immediately understandable, 2 specialist. Not player-tested.",no,0,insufficient comparable evidence,,,,"Not established for this endpoint; source coverage below is descriptive, not a validated distribution.","Comparative catalog/research source located; author, method, original references and measurement provenance must be checked per endpoint. Credibility does not certify comparability.",
feeding-time,Feeding,Most time eating,Least time eating,intuitive,no_comparable_source_yet,,,,Shared complete-day behavioral sampling; no categorical diet score conversion,awaiting_user_review,False,hold,Optional specialist concept or insufficiently defined broad comparison; defer pending better evidence.,5,"Editorial 1–5; 5 immediately understandable, 2 specialist. Not player-tested.",no,0,insufficient comparable evidence,,,,"Not established for this endpoint; source coverage below is descriptive, not a validated distribution.","Comparative catalog/research source located; author, method, original references and measurement provenance must be checked per endpoint. Credibility does not certify comparability.",
water-independence,Survival,Longest without drinking,Shortest without drinking,intuitive,limited_or_context_only_source,fasting,https://doi.org/10.1086/504614,Sand gazelles only; imposed restriction is not maximum endurance,Measured interval and diet water explicit; restriction not maximum capacity,awaiting_user_review,False,keep,"Strong intuitive concept; retain for review, subject to the evidence gate.",5,"Editorial 1–5; 5 immediately understandable, 2 specialist. Not player-tested.",no,0,insufficient comparable evidence,,,,"Not established for this endpoint; source coverage below is descriptive, not a validated distribution.","Comparative catalog/research source located; author, method, original references and measurement provenance must be checked per endpoint. Credibility does not certify comparability.",
heat-tolerance,Survival,Tolerates highest temperature,Lowest upper temperature limit,intuitive,downloaded_source_requires_endpoint_audit,thermal,https://doi.org/10.1038/sdata.2018.22,Multiple groups; remove non-animals; critical vs lethal endpoints separate,Same critical/lethal endpoint and acclimation/ramp protocol,awaiting_user_review,False,keep,"Strong intuitive concept; retain for review, subject to the evidence gate.",5,"Editorial 1–5; 5 immediately understandable, 2 specialist. Not player-tested.",no,0,acquired but endpoint audit incomplete,,,,"Not established for this endpoint; source coverage below is descriptive, not a validated distribution.","Comparative catalog/research source located; author, method, original references and measurement provenance must be checked per endpoint. Credibility does not certify comparability.",
cold-tolerance,Survival,Tolerates lowest temperature,Highest lower temperature limit,intuitive,downloaded_source_requires_endpoint_audit,thermal,https://doi.org/10.1038/sdata.2018.22,Multiple groups; remove non-animals; critical vs lethal endpoints separate,Same endpoint; body temperature minima not environmental tolerance,awaiting_user_review,False,keep,"Strong intuitive concept; retain for review, subject to the evidence gate.",5,"Editorial 1–5; 5 immediately understandable, 2 specialist. Not player-tested.",no,0,acquired but endpoint audit incomplete,,,,"Not established for this endpoint; source coverage below is descriptive, not a validated distribution.","Comparative catalog/research source located; author, method, original references and measurement provenance must be checked per endpoint. Credibility does not certify comparability.",
social-group-size,Social life,Largest social group,Smallest social group,intuitive,downloaded_source_requires_endpoint_audit,social,data/animalstats/research/gap-source-manifest.json,Mammals worldwide; reported fields may still contain underlying estimates,"Stable observed group size; aggregation, family and feeding flock kept distinct",awaiting_user_review,False,keep,"Strong intuitive concept; retain for review, subject to the evidence gate.",5,"Editorial 1–5; 5 immediately understandable, 2 specialist. Not player-tested.",no,0,acquired but endpoint audit incomplete,,,,"Not established for this endpoint; source coverage below is descriptive, not a validated distribution.","Comparative catalog/research source located; author, method, original references and measurement provenance must be checked per endpoint. Credibility does not certify comparability.",
colony-size,Social life,Largest colony,Smallest colony,intuitive,no_comparable_source_yet,,,,Measured natural colony population; workers vs all members explicit; mature stage,awaiting_user_review,False,keep,"Strong intuitive concept; retain for review, subject to the evidence gate.",5,"Editorial 1–5; 5 immediately understandable, 2 specialist. Not player-tested.",no,0,insufficient comparable evidence,,,,"Not established for this endpoint; source coverage below is descriptive, not a validated distribution.","Comparative catalog/research source located; author, method, original references and measurement provenance must be checked per endpoint. Credibility does not certify comparability.",
solitary-time,Social life,Most time alone,Least time alone,intuitive,no_comparable_source_yet,,,,Numerical observation time; solitary/social binary not continuous solitude ranking,awaiting_user_review,False,hold,Optional specialist concept or insufficiently defined broad comparison; defer pending better evidence.,5,"Editorial 1–5; 5 immediately understandable, 2 specialist. Not player-tested.",no,0,insufficient comparable evidence,,,,"Not established for this endpoint; source coverage below is descriptive, not a validated distribution.","Comparative catalog/research source located; author, method, original references and measurement provenance must be checked per endpoint. Credibility does not certify comparability.",
nest-width,Construction,Widest nest,Narrowest nest,intuitive,downloaded_source_requires_endpoint_audit,nests;nest-Dataset-S1.csv,https://github.com/catherinesheard/global-nest-data,Birds only; global compilation. Construction-time subset geography not yet verified.,"Size is prose; diameter, height, length and volume must be extracted separately. Same external axis and individual nest vs communal colony structure",awaiting_user_review,False,keep,"Strong intuitive concept; retain for review, subject to the evidence gate.",5,"Editorial 1–5; 5 immediately understandable, 2 specialist. Not player-tested.",no,0,acquired; original-reference/definition audit required,0,0,{},"Not established for this endpoint; source coverage below is descriptive, not a validated distribution.","Comparative catalog/research source located; author, method, original references and measurement provenance must be checked per endpoint. Credibility does not certify comparability.",
nest-mass,Construction,Heaviest nest,Lightest nest,intuitive,no_comparable_source_yet,,,,Actual nest mass; no volume-density conversion,awaiting_user_review,False,keep,"Strong intuitive concept; retain for review, subject to the evidence gate.",5,"Editorial 1–5; 5 immediately understandable, 2 specialist. Not player-tested.",no,0,insufficient comparable evidence,,,,"Not established for this endpoint; source coverage below is descriptive, not a validated distribution.","Comparative catalog/research source located; author, method, original references and measurement provenance must be checked per endpoint. Credibility does not certify comparability.",
building-time,Construction,Longest to build a nest,Quickest to build a nest,intuitive,downloaded_source_requires_endpoint_audit,nests;nest-Dataset-S1.csv,https://github.com/catherinesheard/global-nest-data,Birds only; global compilation. Construction-time subset geography not yet verified.,"Average nest construction time (days), kept separate from bounds. Completed construction days; shared vs individual labor recorded",awaiting_user_review,False,keep,"Strong intuitive concept; retain for review, subject to the evidence gate.",5,"Editorial 1–5; 5 immediately understandable, 2 specialist. Not player-tested.",no,0,acquired; original-reference/definition audit required,310,300,"{""birds"": 310}","Not established for this endpoint; source coverage below is descriptive, not a validated distribution.","Comparative catalog/research source located; author, method, original references and measurement provenance must be checked per endpoint. Credibility does not certify comparability.",
nest-height,Construction,Highest nest above ground,Lowest nest above ground,intuitive,evidence_lead,nests,https://doi.org/10.1111/geb.13783,Birds globally; numerical building time and dimensions alongside nominal types,Observed placement height; not physical nest height,awaiting_user_review,False,reject,Placement height is not nest height or nest size; remove ambiguous prize wording.,5,"Editorial 1–5; 5 immediately understandable, 2 specialist. Not player-tested.",no,0,source located; comparable data not acquired,,,,"Not established for this endpoint; source coverage below is descriptive, not a validated distribution.","Comparative catalog/research source located; author, method, original references and measurement provenance must be checked per endpoint. Credibility does not certify comparability.",
burrow-length,Construction,Longest burrow,Shortest burrow,intuitive,limited_or_context_only_source,burrows,https://pmc.ncbi.nlm.nih.gov/articles/PMC10744952/,"One vole species; local surveyed burrows, not mammal-wide records",Measured complete tunnel system; occupied shared system vs individual explicit,awaiting_user_review,False,keep,"Strong intuitive concept; retain for review, subject to the evidence gate.",5,"Editorial 1–5; 5 immediately understandable, 2 specialist. Not player-tested.",no,0,insufficient comparable evidence,,,,"Not established for this endpoint; source coverage below is descriptive, not a validated distribution.","Comparative catalog/research source located; author, method, original references and measurement provenance must be checked per endpoint. Credibility does not certify comparability.",
burrow-depth,Construction,Deepest burrow,Shallowest burrow,intuitive,limited_or_context_only_source,burrows,https://pmc.ncbi.nlm.nih.gov/articles/PMC10744952/,"One vole species; local surveyed burrows, not mammal-wide records",Maximum depth from surface with surveyed extent known,awaiting_user_review,False,keep,"Strong intuitive concept; retain for review, subject to the evidence gate.",5,"Editorial 1–5; 5 immediately understandable, 2 specialist. Not player-tested.",no,0,insufficient comparable evidence,,,,"Not established for this endpoint; source coverage below is descriptive, not a validated distribution.","Comparative catalog/research source located; author, method, original references and measurement provenance must be checked per endpoint. Credibility does not certify comparability.",
mound-height,Construction,Tallest mound,Shortest mound,intuitive,no_comparable_source_yet,,,,Measured built structure; species attribution and colony age required,awaiting_user_review,False,keep,"Strong intuitive concept; retain for review, subject to the evidence gate.",5,"Editorial 1–5; 5 immediately understandable, 2 specialist. Not player-tested.",no,0,insufficient comparable evidence,,,,"Not established for this endpoint; source coverage below is descriptive, not a validated distribution.","Comparative catalog/research source located; author, method, original references and measurement provenance must be checked per endpoint. Credibility does not certify comparability.",
dam-length,Construction,Longest dam,Shortest dam,intuitive,no_comparable_source_yet,,,,"Mapped dam length; limited species diversity, likely hold",awaiting_user_review,False,keep,"Strong intuitive concept; retain for review, subject to the evidence gate.",5,"Editorial 1–5; 5 immediately understandable, 2 specialist. Not player-tested.",no,0,insufficient comparable evidence,,,,"Not established for this endpoint; source coverage below is descriptive, not a validated distribution.","Comparative catalog/research source located; author, method, original references and measurement provenance must be checked per endpoint. Credibility does not certify comparability.",
global-abundance,Population,Most animals worldwide,Fewest animals worldwide,intuitive,evidence_lead,iucn,https://www.iucnredlist.org/,"Global assessed animals; date, population intervals and DD/NE must be retained","Comparable dated global counts; preserve intervals, wild/domestic and life stage",awaiting_user_review,False,keep,"Strong intuitive concept; retain for review, subject to the evidence gate.",5,"Editorial 1–5; 5 immediately understandable, 2 specialist. Not player-tested.",no,0,source located; comparable data not acquired,,,,"Not established for this endpoint; source coverage below is descriptive, not a validated distribution.","Comparative catalog/research source located; author, method, original references and measurement provenance must be checked per endpoint. Credibility does not certify comparability.",
local-density,Population,Most crowded population,Least crowded population,specialist,downloaded_source_requires_endpoint_audit,social;population,data/animalstats/research/gap-source-manifest.json;https://www.livingplanetindex.org/data_portal,"Mammals worldwide; reported fields may still contain underlying estimates; Monitored vertebrate populations; local counts, densities and abundance proxies mixed",Observed local individuals per area; not global abundance or modeled density,awaiting_user_review,False,hold,Optional specialist concept or insufficiently defined broad comparison; defer pending better evidence.,2,"Editorial 1–5; 5 immediately understandable, 2 specialist. Not player-tested.",no,0,acquired but endpoint audit incomplete,,,,"Not established for this endpoint; source coverage below is descriptive, not a validated distribution.","Comparative catalog/research source located; author, method, original references and measurement provenance must be checked per endpoint. Credibility does not certify comparability.",
population-change,Population,Biggest population increase,Biggest population decline,intuitive,evidence_lead,population,https://www.livingplanetindex.org/data_portal,"Monitored vertebrate populations; local counts, densities and abundance proxies mixed","Same fixed period, same local count endpoint and complete series; no mixed proxies",awaiting_user_review,False,keep,"Strong intuitive concept; retain for review, subject to the evidence gate.",5,"Editorial 1–5; 5 immediately understandable, 2 specialist. Not player-tested.",no,0,source located; comparable data not acquired,,,,"Not established for this endpoint; source coverage below is descriptive, not a validated distribution.","Comparative catalog/research source located; author, method, original references and measurement provenance must be checked per endpoint. Credibility does not certify comparability.",
threat-category,Conservation,Most endangered,Least endangered,intuitive,evidence_lead,iucn,https://www.iucnredlist.org/,"Global assessed animals; date, population intervals and DD/NE must be retained",Ordered threat categories with ties; DD/NE not least threatened,awaiting_user_review,False,keep,"Strong intuitive concept; retain for review, subject to the evidence gate.",5,"Editorial 1–5; 5 immediately understandable, 2 specialist. Not player-tested.",no,0,source located; comparable data not acquired,,,,"Not established for this endpoint; source coverage below is descriptive, not a validated distribution.","Comparative catalog/research source located; author, method, original references and measurement provenance must be checked per endpoint. Credibility does not certify comparability.",
range-loss,Conservation,Most range lost,Least range lost,intuitive,evidence_lead,iucn,https://www.iucnredlist.org/,"Global assessed animals; date, population intervals and DD/NE must be retained",Comparable historical/current maps and baseline dates; occurrence gaps not absence,awaiting_user_review,False,keep,"Strong intuitive concept; retain for review, subject to the evidence gate.",5,"Editorial 1–5; 5 immediately understandable, 2 specialist. Not player-tested.",no,0,source located; comparable data not acquired,,,,"Not established for this endpoint; source coverage below is descriptive, not a validated distribution.","Comparative catalog/research source located; author, method, original references and measurement provenance must be checked per endpoint. Credibility does not certify comparability.",
tooth-count,Anatomy,Most teeth,Fewest teeth,intuitive,no_comparable_source_yet,,,,Adult functional tooth count; replacement teeth and sexes separated,awaiting_user_review,False,keep,"Strong intuitive concept; retain for review, subject to the evidence gate.",5,"Editorial 1–5; 5 immediately understandable, 2 specialist. Not player-tested.",no,0,insufficient comparable evidence,,,,"Not established for this endpoint; source coverage below is descriptive, not a validated distribution.","Comparative catalog/research source located; author, method, original references and measurement provenance must be checked per endpoint. Credibility does not certify comparability.",
leg-count,Anatomy,Most legs,Fewest legs,intuitive,no_comparable_source_yet,,,,"Adult anatomical definition; normal development, many ties; fins not legs",awaiting_user_review,False,keep,"Strong intuitive concept; retain for review, subject to the evidence gate.",5,"Editorial 1–5; 5 immediately understandable, 2 specialist. Not player-tested.",no,0,insufficient comparable evidence,,,,"Not established for this endpoint; source coverage below is descriptive, not a validated distribution.","Comparative catalog/research source located; author, method, original references and measurement provenance must be checked per endpoint. Credibility does not certify comparability.",
ear-length,Anatomy,Longest ears,Shortest ears,intuitive,downloaded_source_requires_endpoint_audit,anatomy;FRUGINT,https://zenodo.org/records/18016801,16 mammal rows from Spain; six ear-length cells; inadequate varied board coverage alone.,"Only six source rows; mixed units and aggregation require original-reference audit. Same anatomical axis, sex and adult age; internal ear not comparable",awaiting_user_review,False,keep,"Strong intuitive concept; retain for review, subject to the evidence gate.",5,"Editorial 1–5; 5 immediately understandable, 2 specialist. Not player-tested.",no,0,acquired; original-reference/definition audit required,,,,Spain / Doñana compilation; not global.,"Comparative catalog/research source located; author, method, original references and measurement provenance must be checked per endpoint. Credibility does not certify comparability.",
horn-length,Anatomy,Longest horns,Shortest horns,intuitive,evidence_lead,horns,https://doi.org/10.5061/dryad.fxpnvx16w,"115 bovids, 80 female horned; sex-specific published maxima",Sex-specific same curve measurement; hornless zero only documented explicitly,awaiting_user_review,False,keep,"Strong intuitive concept; retain for review, subject to the evidence gate.",5,"Editorial 1–5; 5 immediately understandable, 2 specialist. Not player-tested.",no,0,source located; comparable data not acquired,,,,"Not established for this endpoint; source coverage below is descriptive, not a validated distribution.","Comparative catalog/research source located; author, method, original references and measurement provenance must be checked per endpoint. Credibility does not certify comparability.",
antler-length,Anatomy,Longest antlers,Shortest antlers,intuitive,evidence_lead,antlers,https://pmc.ncbi.nlm.nih.gov/articles/PMC3982432/,31 male cervid species lengths; 20 antler weights; seasonal development,Mature antlers same sex/season and measurement; horns not antlers,awaiting_user_review,False,keep,"Strong intuitive concept; retain for review, subject to the evidence gate.",5,"Editorial 1–5; 5 immediately understandable, 2 specialist. Not player-tested.",no,0,source located; comparable data not acquired,,,,"Not established for this endpoint; source coverage below is descriptive, not a validated distribution.","Comparative catalog/research source located; author, method, original references and measurement provenance must be checked per endpoint. Credibility does not certify comparability.",
eye-diameter,Anatomy,Largest eyes,Smallest eyes,intuitive,downloaded_source_requires_endpoint_audit,;eyes-vertebrates.csv,https://github.com/knthomas/anuran-eye-size,Measured axial-diameter subset across vertebrate groups; counts verified below.,"Eye axial diameter (mm), kept separate from corneal/transverse diameter; no predictions. Measured whole-eye diameter; cornea length and compound eye span separate",awaiting_user_review,False,keep,"Strong intuitive concept; retain for review, subject to the evidence gate.",5,"Editorial 1–5; 5 immediately understandable, 2 specialist. Not player-tested.",no,0,Traceable numeric candidates extracted; protocol and uncertainty audit pending.,918,826,"{""Birds (Aves)"": 157, ""Fishes (Actinopterygii)"": 321, ""Fishes (Cephalaspidormophi)"": 1, ""Mammals (Mammalia)"": 261, ""Reptiles (Squamata)"": 125, ""Sharks/rays (Elasmobranchii)"": 53}","Not established for this endpoint; source coverage below is descriptive, not a validated distribution.","Source observations kept separately with row locations, original references and conditions. No species aggregation, inferred values or gameplay approval.",
fur-length,Anatomy,Longest fur,Shortest fur,intuitive,no_comparable_source_yet,,,,Bee hair length is not mammal fur length; units and method unresolved. No substitution. Same hair type and body location; seasonal coat recorded,awaiting_user_review,False,keep,"Strong intuitive concept; retain for review, subject to the evidence gate.",5,"Editorial 1–5; 5 immediately understandable, 2 specialist. Not player-tested.",no,0,insufficient comparable evidence,288,288,"{""bees"": 288}","Not established for this endpoint; source coverage below is descriptive, not a validated distribution.","Comparative catalog/research source located; author, method, original references and measurement provenance must be checked per endpoint. Credibility does not certify comparability.",
body-fat,Anatomy,Most body fat,Least body fat,intuitive,limited_or_context_only_source,seasonal,https://doi.org/10.1007/s00360-022-01466-1,Alpine marmots; one species; body mass variation is not fat percentage,Direct comparable body-composition measurement; mass variation not fat proxy,awaiting_user_review,False,hold,Optional specialist concept or insufficiently defined broad comparison; defer pending better evidence.,5,"Editorial 1–5; 5 immediately understandable, 2 specialist. Not player-tested.",no,0,insufficient comparable evidence,,,,"Not established for this endpoint; source coverage below is descriptive, not a validated distribution.","Comparative catalog/research source located; author, method, original references and measurement provenance must be checked per endpoint. Credibility does not certify comparability.",
brain-mass,Anatomy,Heaviest brain,Lightest brain,specialist,downloaded_source_requires_endpoint_audit,catalogs,data/animalstats/research/trait-screen-summary.json,Mixed worldwide animal groups; per-field coverage required,Measured wet brain mass; never an intelligence ranking,awaiting_user_review,False,reject,Too specialist for the main pool and cannot serve as an intelligence ranking.,2,"Editorial 1–5; 5 immediately understandable, 2 specialist. Not player-tested.",no,0,acquired but endpoint audit incomplete,,,,"Not established for this endpoint; source coverage below is descriptive, not a validated distribution.","Comparative catalog/research source located; author, method, original references and measurement provenance must be checked per endpoint. Credibility does not certify comparability.",
beak-length,Anatomy,Longest beak,Shortest beak,specialist,downloaded_source_requires_endpoint_audit,catalogs,data/animalstats/research/trait-screen-summary.json,Mixed worldwide animal groups; per-field coverage required,Shared culmen measurement; full bill length and culmen not automatically equivalent,awaiting_user_review,False,hold,Optional specialist concept or insufficiently defined broad comparison; defer pending better evidence.,2,"Editorial 1–5; 5 immediately understandable, 2 specialist. Not player-tested.",yes,44,acquired but endpoint audit incomplete,,,,"Not established for this endpoint; source coverage below is descriptive, not a validated distribution.","Comparative catalog/research source located; author, method, original references and measurement provenance must be checked per endpoint. Credibility does not certify comparability.",
sleep-duration,Routines,Sleeps most,Sleeps least,intuitive,evidence_lead,sleep,https://pmc.ncbi.nlm.nih.gov/articles/PMC2576738/,"Mammals; recording duration, EEG vs behavior, captivity and feeding documented",Measured sleep over comparable full-day recordings; captivity and detection method explicit,awaiting_user_review,False,keep,"Strong intuitive concept; retain for review, subject to the evidence gate.",5,"Editorial 1–5; 5 immediately understandable, 2 specialist. Not player-tested.",yes,6,source located; comparable data not acquired,,,,"Not established for this endpoint; source coverage below is descriptive, not a validated distribution.","Comparative catalog/research source located; author, method, original references and measurement provenance must be checked per endpoint. Credibility does not certify comparability.",
sleep-bout,Routines,Longest sleep stretch,Shortest sleep stretch,intuitive,evidence_lead,sleep,https://pmc.ncbi.nlm.nih.gov/articles/PMC2576738/,"Mammals; recording duration, EEG vs behavior, captivity and feeding documented",Same wake-interruption definition; longest vs average bout separated,awaiting_user_review,False,hold,Optional specialist concept or insufficiently defined broad comparison; defer pending better evidence.,5,"Editorial 1–5; 5 immediately understandable, 2 specialist. Not player-tested.",no,0,source located; comparable data not acquired,,,,"Not established for this endpoint; source coverage below is descriptive, not a validated distribution.","Comparative catalog/research source located; author, method, original references and measurement provenance must be checked per endpoint. Credibility does not certify comparability.",
torpor-duration,Routines,Longest torpor spell,Shortest torpor spell,specialist,downloaded_source_requires_endpoint_audit,torpor,https://doi.org/10.1111/brv.12137,"214 bird/mammal species; numerical table downloaded; duration, temperature and metabolism endpoints",Actual bout hours/days; phenotype labels excluded; torpor is not sleep,awaiting_user_review,False,hold,Optional specialist concept or insufficiently defined broad comparison; defer pending better evidence.,2,"Editorial 1–5; 5 immediately understandable, 2 specialist. Not player-tested.",no,0,Traceable numeric candidates extracted; protocol and uncertainty audit pending.,159,159,,"Not established for this endpoint; source coverage below is descriptive, not a validated distribution.","Source observations kept separately with row locations, original references and conditions. No species aggregation, inferred values or gameplay approval.",
hibernation-season,Routines,Longest hibernation season,Shortest hibernation season,intuitive,no_comparable_source_yet,,,,"Observed seasonal start/end, including arousals; not single torpor bout length",awaiting_user_review,False,hold,Optional specialist concept or insufficiently defined broad comparison; defer pending better evidence.,5,"Editorial 1–5; 5 immediately understandable, 2 specialist. Not player-tested.",no,0,insufficient comparable evidence,,,,"Not established for this endpoint; source coverage below is descriptive, not a validated distribution.","Comparative catalog/research source located; author, method, original references and measurement provenance must be checked per endpoint. Credibility does not certify comparability.",
daytime-activity,Routines,Most active in daytime,Least active in daytime,intuitive,no_comparable_source_yet,,,,Measured fraction of comparable full-day activity; nocturnal/diurnal codes insufficient,awaiting_user_review,False,hold,Optional specialist concept or insufficiently defined broad comparison; defer pending better evidence.,5,"Editorial 1–5; 5 immediately understandable, 2 specialist. Not player-tested.",no,0,insufficient comparable evidence,,,,"Not established for this endpoint; source coverage below is descriptive, not a validated distribution.","Comparative catalog/research source located; author, method, original references and measurement provenance must be checked per endpoint. Credibility does not certify comparability.",
lifespan,Development,Longest lived,Shortest lived,intuitive,downloaded_source_requires_endpoint_audit,catalogs,data/animalstats/research/trait-screen-summary.json,"Extracted source labels, not unique specimens or globally balanced coverage. Units: (high)  days; (high)  hours; (high)  months; (high)  years; (high)  years AnAge; (low)  years AnAge; + (high)  months; + (high)  years; days; months; months Bird Banding Laboratory; years; years AnAge; years Max Planck Institute for Demographic Research","Observed records separated from typical life expectancy; wild/captive consistency BLOCKED: account-level summary; trace primary citation and preserve average versus record, wild versus captive, sex and taxonomy. No prose copied into ranking data.; BLOCKED: literature and expert knowledge mixed without per-cell method/source in archive; CC-BY-NC license. Body-size anatomical definition, fecundity time basis and development versus maturity need verification. Thermal niche and dispersal score excluded.",awaiting_user_review,False,keep,"Strong intuitive concept; retain for review, subject to the evidence gate.",5,"Editorial 1–5; 5 immediately understandable, 2 specialist. Not player-tested.",yes,143,Numeric candidates extracted; no certified fair-board pool yet.,538,332,,"Not established for this endpoint; source coverage below is descriptive, not a validated distribution.","BLOCKED: account-level summary; trace primary citation and preserve average versus record, wild versus captive, sex and taxonomy. No prose copied into ranking data.; BLOCKED: literature and expert knowledge mixed without per-cell method/source in archive; CC-BY-NC license. Body-size anatomical definition, fecundity time basis and development versus maturity need verification. Thermal niche and dispersal score excluded.",
maturity-age,Development,Latest adulthood,Earliest adulthood,intuitive,downloaded_source_requires_endpoint_audit,catalogs,data/animalstats/research/trait-screen-summary.json,"Extracted source labels, not unique specimens or globally balanced coverage. Units: (low)  months; (low)  years; days; days AnAge; months; weeks; years","Sexual maturity measured; not full adult body size BLOCKED: account-level summary; trace primary citation and preserve average versus record, wild versus captive, sex and taxonomy. No prose copied into ranking data.; BLOCKED: literature and expert knowledge mixed without per-cell method/source in archive; CC-BY-NC license. Body-size anatomical definition, fecundity time basis and development versus maturity need verification. Thermal niche and dispersal score excluded.",awaiting_user_review,False,keep,"Strong intuitive concept; retain for review, subject to the evidence gate.",5,"Editorial 1–5; 5 immediately understandable, 2 specialist. Not player-tested.",yes,110,Numeric candidates extracted; no certified fair-board pool yet.,786,662,,"Not established for this endpoint; source coverage below is descriptive, not a validated distribution.","BLOCKED: account-level summary; trace primary citation and preserve average versus record, wild versus captive, sex and taxonomy. No prose copied into ranking data.; BLOCKED: literature and expert knowledge mixed without per-cell method/source in archive; CC-BY-NC license. Body-size anatomical definition, fecundity time basis and development versus maturity need verification. Thermal niche and dispersal score excluded.",
growth-rate,Development,Fastest growth,Slowest growth,intuitive,evidence_lead,growth,https://doi.org/10.5061/dryad.7187d,Comparative growth data; fitted growth coefficients are not raw growth rates,Direct comparable mass/time stage; fitted coefficients not raw growth,awaiting_user_review,False,keep,"Strong intuitive concept; retain for review, subject to the evidence gate.",5,"Editorial 1–5; 5 immediately understandable, 2 specialist. Not player-tested.",no,0,source located; comparable data not acquired,,,,"Not established for this endpoint; source coverage below is descriptive, not a validated distribution.","Comparative catalog/research source located; author, method, original references and measurement provenance must be checked per endpoint. Credibility does not certify comparability.",
relative-growth,Development,Most growth from birth,Least growth from birth,specialist,downloaded_source_requires_endpoint_audit,catalogs,data/animalstats/research/trait-screen-summary.json,Mixed worldwide animal groups; per-field coverage required,Measured birth/adult mass ratio with compatible sex/context; ratio not daily growth,awaiting_user_review,False,reject,A normalized growth metric is too abstract for the main prize pool; absolute growth remains a candidate.,2,"Editorial 1–5; 5 immediately understandable, 2 specialist. Not player-tested.",no,0,acquired but endpoint audit incomplete,,,,"Not established for this endpoint; source coverage below is descriptive, not a validated distribution.","Comparative catalog/research source located; author, method, original references and measurement provenance must be checked per endpoint. Credibility does not certify comparability.",
larval-duration,Development,Longest larval stage,Shortest larval stage,specialist,evidence_lead,development,https://doi.org/10.5061/dryad.vx0k6djrp,Multiple larval-stage animals including crustaceans and insects,Observed duration under same temperature; stage identity and natural/captive explicit,awaiting_user_review,False,hold,Optional specialist concept or insufficiently defined broad comparison; defer pending better evidence.,2,"Editorial 1–5; 5 immediately understandable, 2 specialist. Not player-tested.",no,0,source located; comparable data not acquired,,,,"Not established for this endpoint; source coverage below is descriptive, not a validated distribution.","Comparative catalog/research source located; author, method, original references and measurement provenance must be checked per endpoint. Credibility does not certify comparability.",
metamorphosis-duration,Development,Longest transformation,Quickest transformation,intuitive,evidence_lead,development,https://doi.org/10.5061/dryad.vx0k6djrp,Multiple larval-stage animals including crustaceans and insects,Defined transition start/end; total childhood is separate,awaiting_user_review,False,keep,"Strong intuitive concept; retain for review, subject to the evidence gate.",5,"Editorial 1–5; 5 immediately understandable, 2 specialist. Not player-tested.",no,0,source located; comparable data not acquired,,,,"Not established for this endpoint; source coverage below is descriptive, not a validated distribution.","Comparative catalog/research source located; author, method, original references and measurement provenance must be checked per endpoint. Credibility does not certify comparability.",
pregnancy-duration,Parenting,Longest pregnancy,Shortest pregnancy,intuitive,downloaded_source_requires_endpoint_audit,catalogs,data/animalstats/research/trait-screen-summary.json,"Extracted source labels, not unique specimens or globally balanced coverage. Units: (high)  days; days; days AnAge; months","Same conception-to-birth endpoint; delayed implantation kept explicit BLOCKED: account-level summary; trace primary citation and preserve average versus record, wild versus captive, sex and taxonomy. No prose copied into ranking data.",awaiting_user_review,False,keep,"Strong intuitive concept; retain for review, subject to the evidence gate.",5,"Editorial 1–5; 5 immediately understandable, 2 specialist. Not player-tested.",yes,39,Numeric candidates extracted; no certified fair-board pool yet.,49,40,,"Not established for this endpoint; source coverage below is descriptive, not a validated distribution.","BLOCKED: account-level summary; trace primary citation and preserve average versus record, wild versus captive, sex and taxonomy. No prose copied into ranking data.",
incubation-duration,Parenting,Slowest eggs to hatch,Quickest eggs to hatch,intuitive,downloaded_source_requires_endpoint_audit,catalogs,data/animalstats/research/trait-screen-summary.json,Mixed worldwide animal groups; per-field coverage required,Same incubation onset definition and environmental temperature,awaiting_user_review,False,keep,"Strong intuitive concept; retain for review, subject to the evidence gate.",5,"Editorial 1–5; 5 immediately understandable, 2 specialist. Not player-tested.",yes,58,acquired but endpoint audit incomplete,,,,"Not established for this endpoint; source coverage below is descriptive, not a validated distribution.","Comparative catalog/research source located; author, method, original references and measurement provenance must be checked per endpoint. Credibility does not certify comparability.",
offspring-count,Parenting,Most babies at once,Fewest babies at once,intuitive,downloaded_source_requires_endpoint_audit,catalogs,data/animalstats/research/trait-screen-summary.json,"Extracted source labels, not unique specimens or globally balanced coverage. Units: (high); (in <<B.c. occidentalis>>); (low); AnAge; UNVERIFIED; eggs; million; million (high); offspring/litter; reported fecundity","Clutch/litter per event; annual fecundity not brood size BLOCKED: account-level summary; trace primary citation and preserve average versus record, wild versus captive, sex and taxonomy. No prose copied into ranking data.; BLOCKED: literature and expert knowledge mixed without per-cell method/source in archive; CC-BY-NC license. Body-size anatomical definition, fecundity time basis and development versus maturity need verification. Thermal niche and dispersal score excluded.; BLOCKED: metadata mixes eggs per year and one ovarian batch; cannot treat as babies at once. Original references required.; Compiled averages; verify original source values, sex/stage and units. AnnualFecundity and TeatRatio excluded as derived endpoints.",awaiting_user_review,False,keep,"Strong intuitive concept; retain for review, subject to the evidence gate.",5,"Editorial 1–5; 5 immediately understandable, 2 specialist. Not player-tested.",yes,98,Numeric candidates extracted; no certified fair-board pool yet.,1197,1153,,"Not established for this endpoint; source coverage below is descriptive, not a validated distribution.","BLOCKED: account-level summary; trace primary citation and preserve average versus record, wild versus captive, sex and taxonomy. No prose copied into ranking data.; BLOCKED: literature and expert knowledge mixed without per-cell method/source in archive; CC-BY-NC license. Body-size anatomical definition, fecundity time basis and development versus maturity need verification. Thermal niche and dispersal score excluded.; BLOCKED: metadata mixes eggs per year and one ovarian batch; cannot treat as babies at once. Original references required.; Compiled averages; verify original source values, sex/stage and units. AnnualFecundity and TeatRatio excluded as derived endpoints.",
milk-duration,Parenting,Longest nursing,Shortest nursing,intuitive,downloaded_source_requires_endpoint_audit,catalogs,data/animalstats/research/trait-screen-summary.json,"Extracted source labels, not unique specimens or globally balanced coverage. Units: days; months; weeks","Age at complete weaning; nursing frequency not duration BLOCKED: account-level summary; trace primary citation and preserve average versus record, wild versus captive, sex and taxonomy. No prose copied into ranking data.",awaiting_user_review,False,keep,"Strong intuitive concept; retain for review, subject to the evidence gate.",5,"Editorial 1–5; 5 immediately understandable, 2 specialist. Not player-tested.",yes,36,Numeric candidates extracted; no certified fair-board pool yet.,24,20,,"Not established for this endpoint; source coverage below is descriptive, not a validated distribution.","BLOCKED: account-level summary; trace primary citation and preserve average versus record, wild versus captive, sex and taxonomy. No prose copied into ranking data.",
care-duration,Parenting,Longest parental care,Shortest parental care,intuitive,limited_or_context_only_source,care,https://doi.org/10.5061/dryad.5d4fh,Care type/presence is categorical; does not support longest-care duration,Actual duration to independence; paternal-care presence does not measure time,awaiting_user_review,False,keep,"Strong intuitive concept; retain for review, subject to the evidence gate.",5,"Editorial 1–5; 5 immediately understandable, 2 specialist. Not player-tested.",no,0,insufficient comparable evidence,,,,"Not established for this endpoint; source coverage below is descriptive, not a validated distribution.","Comparative catalog/research source located; author, method, original references and measurement provenance must be checked per endpoint. Credibility does not certify comparability.",
reproduction-frequency,Parenting,Most litters per year,Fewest litters per year,intuitive,downloaded_source_requires_endpoint_audit,catalogs,data/animalstats/research/trait-screen-summary.json,"Extracted source labels, not unique specimens or globally balanced coverage. Units: litters/year","Observed annual frequency; theoretical capacity not normal production Compiled averages; verify original source values, sex/stage and units. AnnualFecundity and TeatRatio excluded as derived endpoints.",awaiting_user_review,False,keep,"Strong intuitive concept; retain for review, subject to the evidence gate.",5,"Editorial 1–5; 5 immediately understandable, 2 specialist. Not player-tested.",yes,88,Numeric candidates extracted; no certified fair-board pool yet.,228,228,,"Not established for this endpoint; source coverage below is descriptive, not a validated distribution.","Compiled averages; verify original source values, sex/stage and units. AnnualFecundity and TeatRatio excluded as derived endpoints.",
wound-closure,Healing,Fastest wound healing,Slowest wound healing,specialist,evidence_lead,healing,https://doi.org/10.5061/dryad.6hdr7srbs,"Primates and rodents; different injuries, uncertain ordering among nonhuman species",Same injury/site/size and treatment; uncertainty must permit a defensible order,awaiting_user_review,False,hold,Optional specialist concept or insufficiently defined broad comparison; defer pending better evidence.,2,"Editorial 1–5; 5 immediately understandable, 2 specialist. Not player-tested.",no,0,source located; comparable data not acquired,,,,"Not established for this endpoint; source coverage below is descriptive, not a validated distribution.","Comparative catalog/research source located; author, method, original references and measurement provenance must be checked per endpoint. Credibility does not certify comparability.",
tail-regrowth,Healing,Fastest tail regrowth,Slowest tail regrowth,specialist,evidence_lead,regrowth,https://doi.org/10.5061/dryad.f7m0cfxv9,Five wall lizard species; narrow specialist comparison only,"Measured elongation at compatible injury, temperature and age; narrow lizard coverage",awaiting_user_review,False,hold,Optional specialist concept or insufficiently defined broad comparison; defer pending better evidence.,2,"Editorial 1–5; 5 immediately understandable, 2 specialist. Not player-tested.",no,0,source located; comparable data not acquired,,,,"Not established for this endpoint; source coverage below is descriptive, not a validated distribution.","Comparative catalog/research source located; author, method, original references and measurement provenance must be checked per endpoint. Credibility does not certify comparability.",
regeneration-time,Healing,Quickest limb regrowth,Slowest limb regrowth,intuitive,limited_or_context_only_source,regeneration,https://doi.org/10.1146/annurev.cellbio.24.110707.175336,Qualitative capabilities; no common whole-animal regeneration score,Same appendage and completion endpoint; capability binary not a speed,awaiting_user_review,False,hold,Optional specialist concept or insufficiently defined broad comparison; defer pending better evidence.,5,"Editorial 1–5; 5 immediately understandable, 2 specialist. Not player-tested.",no,0,insufficient comparable evidence,,,,"Not established for this endpoint; source coverage below is descriptive, not a validated distribution.","Comparative catalog/research source located; author, method, original references and measurement provenance must be checked per endpoint. Credibility does not certify comparability.",
seasonal-weight-change,Seasons,Biggest seasonal weight change,Smallest seasonal weight change,intuitive,limited_or_context_only_source,seasonal,https://doi.org/10.1007/s00360-022-01466-1,Alpine marmots; one species; body mass variation is not fat percentage,Repeated direct same-individual mass; one species source insufficient,awaiting_user_review,False,keep,"Strong intuitive concept; retain for review, subject to the evidence gate.",5,"Editorial 1–5; 5 immediately understandable, 2 specialist. Not player-tested.",no,0,insufficient comparable evidence,,,,"Not established for this endpoint; source coverage below is descriptive, not a validated distribution.","Comparative catalog/research source located; author, method, original references and measurement provenance must be checked per endpoint. Credibility does not certify comparability.",
breeding-season,Seasons,Longest breeding season,Shortest breeding season,intuitive,no_comparable_source_yet,,,,"Defined local population season, same hemisphere protocol; global span not local duration",awaiting_user_review,False,hold,Optional specialist concept or insufficiently defined broad comparison; defer pending better evidence.,5,"Editorial 1–5; 5 immediately understandable, 2 specialist. Not player-tested.",no,0,insufficient comparable evidence,,,,"Not established for this endpoint; source coverage below is descriptive, not a validated distribution.","Comparative catalog/research source located; author, method, original references and measurement provenance must be checked per endpoint. Credibility does not certify comparability.",
range-area,Geography,Largest range,Smallest range,intuitive,downloaded_source_requires_endpoint_audit,catalogs;iucn,data/animalstats/research/trait-screen-summary.json;https://www.iucnredlist.org/,"Mixed worldwide animal groups; per-field coverage required; Global assessed animals; date, population intervals and DD/NE must be retained",Same mapped native range definition; EOO and occupied area separate,awaiting_user_review,False,keep,"Strong intuitive concept; retain for review, subject to the evidence gate.",5,"Editorial 1–5; 5 immediately understandable, 2 specialist. Not player-tested.",yes,74,acquired but endpoint audit incomplete,,,,"Not established for this endpoint; source coverage below is descriptive, not a validated distribution.","Comparative catalog/research source located; author, method, original references and measurement provenance must be checked per endpoint. Credibility does not certify comparability.",
country-count,Geography,Most native countries,Fewest native countries,intuitive,evidence_lead,iucn,https://www.iucnredlist.org/,"Global assessed animals; date, population intervals and DD/NE must be retained","Explicit native country list; vagrants, introduced and disputed territory policy",awaiting_user_review,False,keep,"Strong intuitive concept; retain for review, subject to the evidence gate.",5,"Editorial 1–5; 5 immediately understandable, 2 specialist. Not player-tested.",no,0,source located; comparable data not acquired,,,,"Not established for this endpoint; source coverage below is descriptive, not a validated distribution.","Comparative catalog/research source located; author, method, original references and measurement provenance must be checked per endpoint. Credibility does not certify comparability.",
continent-count,Geography,Most native continents,Fewest native continents,intuitive,evidence_lead,iucn,https://www.iucnredlist.org/,"Global assessed animals; date, population intervals and DD/NE must be retained",Fixed continent convention and native presence; ties expected,awaiting_user_review,False,keep,"Strong intuitive concept; retain for review, subject to the evidence gate.",5,"Editorial 1–5; 5 immediately understandable, 2 specialist. Not player-tested.",no,0,source located; comparable data not acquired,,,,"Not established for this endpoint; source coverage below is descriptive, not a validated distribution.","Comparative catalog/research source located; author, method, original references and measurement provenance must be checked per endpoint. Credibility does not certify comparability.",
maximum-elevation,Geography,Lives highest up,Lowest upper elevation,specialist,downloaded_source_requires_endpoint_audit,catalogs;iucn,data/animalstats/research/trait-screen-summary.json;https://www.iucnredlist.org/,"Mixed worldwide animal groups; per-field coverage required; Global assessed animals; date, population intervals and DD/NE must be retained",Observed habitat upper limit; aircraft/flight records excluded,awaiting_user_review,False,hold,Optional specialist concept or insufficiently defined broad comparison; defer pending better evidence.,2,"Editorial 1–5; 5 immediately understandable, 2 specialist. Not player-tested.",no,0,acquired but endpoint audit incomplete,,,,"Not established for this endpoint; source coverage below is descriptive, not a validated distribution.","Comparative catalog/research source located; author, method, original references and measurement provenance must be checked per endpoint. Credibility does not certify comparability.",
habitat-depth,Geography,Lives deepest,Shallowest lower habitat limit,specialist,downloaded_source_requires_endpoint_audit,catalogs,data/animalstats/research/trait-screen-summary.json,Mixed worldwide animal groups; per-field coverage required,Recorded habitat range; no dive-performance relabeling,awaiting_user_review,False,hold,Optional specialist concept or insufficiently defined broad comparison; defer pending better evidence.,2,"Editorial 1–5; 5 immediately understandable, 2 specialist. Not player-tested.",no,0,acquired but endpoint audit incomplete,,,,"Not established for this endpoint; source coverage below is descriptive, not a validated distribution.","Comparative catalog/research source located; author, method, original references and measurement provenance must be checked per endpoint. Credibility does not certify comparability.",
home-range,Geography,Largest home territory,Smallest home territory,intuitive,downloaded_source_requires_endpoint_audit,social,data/animalstats/research/gap-source-manifest.json,Mammals worldwide; reported fields may still contain underlying estimates,Observed home-range area with shared estimator/context; not species geographic range,awaiting_user_review,False,keep,"Strong intuitive concept; retain for review, subject to the evidence gate.",5,"Editorial 1–5; 5 immediately understandable, 2 specialist. Not player-tested.",yes,5,acquired but endpoint audit incomplete,,,,"Not established for this endpoint; source coverage below is descriptive, not a validated distribution.","Comparative catalog/research source located; author, method, original references and measurement provenance must be checked per endpoint. Credibility does not certify comparability.",
cylinder-task,Cognition,Best at the cylinder puzzle,Worst at the cylinder puzzle,specialist,downloaded_source_requires_endpoint_audit,cognition,https://figshare.com/articles/dataset/MacLean_et_al_PNAS_2014_Self_Control_Data/5579335,Birds/mammals; shared A-not-B and cylinder tests; no general IQ ranking,Same trials and apparatus; percent correct only; no IQ or smartest claim,awaiting_user_review,False,hold,Optional specialist concept or insufficiently defined broad comparison; defer pending better evidence.,2,"Editorial 1–5; 5 immediately understandable, 2 specialist. Not player-tested.",no,0,Traceable numeric candidates extracted; protocol and uncertainty audit pending.,439,32,,"Not established for this endpoint; source coverage below is descriptive, not a validated distribution.","Source observations kept separately with row locations, original references and conditions. No species aggregation, inferred values or gameplay approval.",
a-not-b-task,Cognition,Best at the hidden-food test,Worst at the hidden-food test,specialist,downloaded_source_requires_endpoint_audit,cognition,https://figshare.com/articles/dataset/MacLean_et_al_PNAS_2014_Self_Control_Data/5579335,Birds/mammals; shared A-not-B and cylinder tests; no general IQ ranking,Same A-not-B protocol; uncertainty and chance performance retained,awaiting_user_review,False,hold,Optional specialist concept or insufficiently defined broad comparison; defer pending better evidence.,2,"Editorial 1–5; 5 immediately understandable, 2 specialist. Not player-tested.",no,0,Traceable numeric candidates extracted; protocol and uncertainty audit pending.,345,27,,"Not established for this endpoint; source coverage below is descriptive, not a validated distribution.","Source observations kept separately with row locations, original references and conditions. No species aggregation, inferred values or gameplay approval.",
learning-trials,Cognition,Learns a shared task quickest,Learns a shared task slowest,specialist,downloaded_source_requires_endpoint_audit,cognition,https://figshare.com/articles/dataset/MacLean_et_al_PNAS_2014_Self_Control_Data/5579335,Birds/mammals; shared A-not-B and cylinder tests; no general IQ ranking,Same criterion/warmup protocol; censoring of failures retained,awaiting_user_review,False,reject,No acquired standardized learning dataset supports this label; A-not-B training trials are not interchangeable learning ability.,2,"Editorial 1–5; 5 immediately understandable, 2 specialist. Not player-tested.",no,0,acquired but endpoint audit incomplete,,,,"Not established for this endpoint; source coverage below is descriptive, not a validated distribution.","Comparative catalog/research source located; author, method, original references and measurement provenance must be checked per endpoint. Credibility does not certify comparability.",
memory-retention,Cognition,Longest memory in a shared test,Shortest memory in a shared test,specialist,no_comparable_source_yet,,,,Same task/delay/success criterion; anecdotes not comparable,awaiting_user_review,False,hold,Optional specialist concept or insufficiently defined broad comparison; defer pending better evidence.,2,"Editorial 1–5; 5 immediately understandable, 2 specialist. Not player-tested.",no,0,insufficient comparable evidence,,,,"Not established for this endpoint; source coverage below is descriptive, not a validated distribution.","Comparative catalog/research source located; author, method, original references and measurement provenance must be checked per endpoint. Credibility does not certify comparability.",
fossil-first-occurrence,History,Oldest known fossils,Youngest known fossils,intuitive,evidence_lead,fossils,https://doi.org/10.1017/PAB.2015.39,Global fossil taxa; species/genus/clade ranks and geological intervals separate,Same taxonomic rank; interval bounds retained; oldest known fossil not true origin,awaiting_user_review,False,keep,"Strong intuitive concept; retain for review, subject to the evidence gate.",5,"Editorial 1–5; 5 immediately understandable, 2 specialist. Not player-tested.",no,0,source located; comparable data not acquired,,,,"Not established for this endpoint; source coverage below is descriptive, not a validated distribution.","Comparative catalog/research source located; author, method, original references and measurement provenance must be checked per endpoint. Credibility does not certify comparability.",
description-year,History,Named by science longest ago,Named by science most recently,intuitive,evidence_lead,description,https://www.catalogueoflife.org/howto/access,Global taxa; authorship year can refer to a later combination; verify original description,"Verify original formal description, accepted species and synonym history",awaiting_user_review,False,keep,"Strong intuitive concept; retain for review, subject to the evidence gate.",5,"Editorial 1–5; 5 immediately understandable, 2 specialist. Not player-tested.",no,0,source located; comparable data not acquired,,,,"Not established for this endpoint; source coverage below is descriptive, not a validated distribution.","Comparative catalog/research source located; author, method, original references and measurement provenance must be checked per endpoint. Credibility does not certify comparability.",
domestication-date,History,Domesticated longest ago,Domesticated most recently,intuitive,evidence_lead,domestication,https://doi.org/10.1146/annurev-animal-022516-022747,Domestic lineages; archaeological bounds and competing origins retained,Archaeological evidence ranges; domestic lineage scope and independent events explicit,awaiting_user_review,False,keep,"Strong intuitive concept; retain for review, subject to the evidence gate.",5,"Editorial 1–5; 5 immediately understandable, 2 specialist. Not player-tested.",no,0,source located; comparable data not acquired,,,,"Not established for this endpoint; source coverage below is descriptive, not a validated distribution.","Comparative catalog/research source located; author, method, original references and measurement provenance must be checked per endpoint. Credibility does not certify comparability.",
extinction-date,History,Extinct longest ago,Extinct most recently,intuitive,evidence_lead,iucn,https://www.iucnredlist.org/,"Global assessed animals; date, population intervals and DD/NE must be retained",Verified extinction year/range; last sighting not declared extinction date,awaiting_user_review,False,keep,"Strong intuitive concept; retain for review, subject to the evidence gate.",5,"Editorial 1–5; 5 immediately understandable, 2 specialist. Not player-tested.",no,0,source located; comparable data not acquired,,,,"Not established for this endpoint; source coverage below is descriptive, not a validated distribution.","Comparative catalog/research source located; author, method, original references and measurement provenance must be checked per endpoint. Credibility does not certify comparability.",
rediscovery-gap,History,Longest gap before rediscovery,Shortest gap before rediscovery,intuitive,evidence_lead,translocation,https://www.iucn-ctsg.org/resources/ctsg-books/,Selected global case studies; national reintroduction is not global species rediscovery,Confirmed last/rediscovery records of same species; local recovery not rediscovery,awaiting_user_review,False,hold,Optional specialist concept or insufficiently defined broad comparison; defer pending better evidence.,5,"Editorial 1–5; 5 immediately understandable, 2 specialist. Not player-tested.",no,0,source located; comparable data not acquired,,,,"Not established for this endpoint; source coverage below is descriptive, not a validated distribution.","Comparative catalog/research source located; author, method, original references and measurement provenance must be checked per endpoint. Credibility does not certify comparability.",
reintroduction-date,History,Reintroduced longest ago,Reintroduced most recently,intuitive,evidence_lead,translocation,https://www.iucn-ctsg.org/resources/ctsg-books/,Selected global case studies; national reintroduction is not global species rediscovery,Specify region and verified released population; introduction not reintroduction,awaiting_user_review,False,hold,Optional specialist concept or insufficiently defined broad comparison; defer pending better evidence.,5,"Editorial 1–5; 5 immediately understandable, 2 specialist. Not player-tested.",no,0,source located; comparable data not acquired,,,,"Not established for this endpoint; source coverage below is descriptive, not a validated distribution.","Comparative catalog/research source located; author, method, original references and measurement provenance must be checked per endpoint. Credibility does not certify comparability.",
heart-rate,Routines,Fastest resting heartbeat,Slowest resting heartbeat,intuitive,downloaded_source_requires_endpoint_audit,discovery-heart-rate,https://github.com/stacyderuiter/mammal-allometry,"Extracted source labels, not unique specimens or globally balanced coverage. Units: beats/min","Beats/min; adult, awake, resting and unsedated flags required. Do not use predicted equations. Primary measurement, uncertainty and comparability audit required.",awaiting_user_review,False,keep,Distinct understandable comparison worth pursuing; source-level eligibility still required.,5,"Editorial 1–5; 5 immediately understandable, 2 specialist. Not player-tested.",no,0,Numeric candidates extracted; no certified fair-board pool yet.,32,31,Mammals; adult/resting/unsedated filter only.,Study sites not yet consolidated; aquatic versus terrestrial is not geographic spread.,"Primary measurement, uncertainty and comparability audit required.",acquired
breathing-rate,Routines,Fastest resting breathing,Slowest resting breathing,intuitive,downloaded_source_requires_endpoint_audit,discovery-breathing-rate,https://github.com/stacyderuiter/mammal-allometry,"Extracted source labels, not unique specimens or globally balanced coverage. Units: breaths/min","Breaths/min; inactive awake adults, at surface or ashore for aquatic mammals; no breath-hold substitution. Primary measurement, uncertainty and comparability audit required.",awaiting_user_review,False,keep,Distinct understandable comparison worth pursuing; source-level eligibility still required.,5,"Editorial 1–5; 5 immediately understandable, 2 specialist. Not player-tested.",no,0,Numeric candidates extracted; no certified fair-board pool yet.,76,76,Mammals; adult/resting/unsedated filter only.,Study sites not yet consolidated; aquatic versus terrestrial is not geographic spread.,"Primary measurement, uncertainty and comparability audit required.",acquired
breath-volume,Anatomy,Largest breath,Smallest breath,intuitive,downloaded_source_requires_endpoint_audit,discovery-breath-volume,https://github.com/stacyderuiter/mammal-allometry,"Extracted source labels, not unique specimens or globally balanced coverage. Units: mL/breath","Measured tidal volume in mL per breath; not lung capacity. Conditions and explicit units required. Primary measurement, uncertainty and comparability audit required.",awaiting_user_review,False,keep,Distinct understandable comparison worth pursuing; source-level eligibility still required.,5,"Editorial 1–5; 5 immediately understandable, 2 specialist. Not player-tested.",no,0,Numeric candidates extracted; no certified fair-board pool yet.,24,24,,Study sites not yet consolidated; aquatic versus terrestrial is not geographic spread.,"Primary measurement, uncertainty and comparability audit required.",acquired
heart-stroke-volume,Anatomy,Most blood pumped per heartbeat,Least blood pumped per heartbeat,specialist,downloaded_source_requires_endpoint_audit,discovery-heart-stroke-volume,https://github.com/stacyderuiter/mammal-allometry,"Extracted source labels, not unique specimens or globally balanced coverage. Units: mL/beat","Direct measured stroke volume only. Exclude model-derived cardiac output and calculated values lacking actual observations. Primary measurement, uncertainty and comparability audit required.",awaiting_user_review,False,hold,Optional specialist comparison; keep out of main boards unless mixed with intuitive prizes.,2,"Editorial 1–5; 5 immediately understandable, 2 specialist. Not player-tested.",no,0,Numeric candidates extracted; no certified fair-board pool yet.,11,11,,Study sites not yet consolidated; aquatic versus terrestrial is not geographic spread.,"Primary measurement, uncertainty and comparability audit required.",acquired
field-energy,Feeding,Most daily energy burned in the wild,Least daily energy burned in the wild,intuitive,downloaded_source_requires_endpoint_audit,discovery-field-energy,https://zenodo.org/records/16894769,"Extracted source labels, not unique specimens or globally balanced coverage. Units: kJ/day","Study-reported field energy expenditure; common time/energy units, comparable age and activity. Reject predictions and imputation. BLOCKED: source methods include range midpoints and estimated mass conversions; original-reference audit required. Routine laboratory oxygen measurements and field measurements must be separated.",awaiting_user_review,False,keep,Distinct understandable comparison worth pursuing; source-level eligibility still required.,5,"Editorial 1–5; 5 immediately understandable, 2 specialist. Not player-tested.",no,0,Numeric candidates extracted; no certified fair-board pool yet.,3991,586,,"Not established for this endpoint; source coverage below is descriptive, not a validated distribution.",BLOCKED: source methods include range midpoints and estimated mass conversions; original-reference audit required. Routine laboratory oxygen measurements and field measurements must be separated.,acquired
resting-energy,Routines,Most energy burned at rest,Least energy burned at rest,specialist,downloaded_source_requires_endpoint_audit,discovery-resting-energy,https://github.com/stacyderuiter/mammal-allometry,"Extracted source labels, not unique specimens or globally balanced coverage. Units: W AnAge","Basal versus resting metabolic rate separate; strict condition flags and unit conversion only. No allometric estimates. BLOCKED: account-level summary; trace primary citation and preserve average versus record, wild versus captive, sex and taxonomy. No prose copied into ranking data.",awaiting_user_review,False,hold,Optional specialist comparison; keep out of main boards unless mixed with intuitive prizes.,2,"Editorial 1–5; 5 immediately understandable, 2 specialist. Not player-tested.",no,0,Numeric candidates extracted; no certified fair-board pool yet.,46,44,,Study sites not yet consolidated; aquatic versus terrestrial is not geographic spread.,"BLOCKED: account-level summary; trace primary citation and preserve average versus record, wild versus captive, sex and taxonomy. No prose copied into ranking data.",acquired
chewing-rate,Feeding,Fastest chewer,Slowest chewer,intuitive,evidence_lead,discovery-chewing-rate,https://doi.org/10.1644/07-MAMM-A-188.1,See source-specific audit; no globally balanced coverage claimed.,"132-species table located; cycle duration measured/compiled, food type and chewing versus incising separate. No predicted rates.",awaiting_user_review,False,keep,Distinct understandable comparison worth pursuing; source-level eligibility still required.,5,"Editorial 1–5; 5 immediately understandable, 2 specialist. Not player-tested.",no,0,Traceable numeric candidates extracted; protocol and uncertainty audit pending.,127,127,,"Not established for this endpoint; source coverage below is descriptive, not a validated distribution.","Source observations kept separately with row locations, original references and conditions. No species aggregation, inferred values or gameplay approval.",paper_table_lead
food-retention,Feeding,Longest food passage time,Shortest food passage time,intuitive,evidence_lead,discovery-food-retention,https://pubmed.ncbi.nlm.nih.gov/39653272/,See source-specific audit; no globally balanced coverage claimed.,"149 mammal and 33 bird species reported. Match marker, food and particle versus fluid; not a generic digestion time.",awaiting_user_review,False,keep,Distinct understandable comparison worth pursuing; source-level eligibility still required.,5,"Editorial 1–5; 5 immediately understandable, 2 specialist. Not player-tested.",no,0,source located; comparable data not acquired,,,,"Not established for this endpoint; source coverage below is descriptive, not a validated distribution.","Comparative catalog/research source located; author, method, original references and measurement provenance must be checked per endpoint. Credibility does not certify comparability.",paper_lead
intestine-length,Anatomy,Longest intestines,Shortest intestines,intuitive,evidence_lead,discovery-intestine-length,https://doi.org/10.5061/dryad.z8w9ghxb8,See source-specific audit; no globally balanced coverage claimed.,"Whole intestinal length only, same preservation and stretching methods. Do not split each gut section into more prizes.",awaiting_user_review,False,keep,Distinct understandable comparison worth pursuing; source-level eligibility still required.,5,"Editorial 1–5; 5 immediately understandable, 2 specialist. Not player-tested.",no,0,source located; comparable data not acquired,,,,"Not established for this endpoint; source coverage below is descriptive, not a validated distribution.","Comparative catalog/research source located; author, method, original references and measurement provenance must be checked per endpoint. Credibility does not certify comparability.",dataset_lead
milk-fat,Parenting,Fattiest milk,Least fatty milk,intuitive,downloaded_source_requires_endpoint_audit,discovery-milk-fat,https://doi.org/10.7717/peerj.8085/supp-1,See source-specific audit; no globally balanced coverage claimed.,"Review original assay citations, sample sizes, lactation stages, species/subspecies taxonomy and uncertainty before rankings. Measured g fat per 100g milk at comparable lactation stage. Corrected 2019 table has model imputations; exclude those cells.",awaiting_user_review,False,keep,Distinct understandable comparison worth pursuing; source-level eligibility still required.,5,"Editorial 1–5; 5 immediately understandable, 2 specialist. Not player-tested.",no,0,Official supplement validated; measured concentrations extracted. Original assays and lactation stages pending.,124,124,"Mammals; 124 source species/subspecies labels, taxonomy pending.","Not established for this endpoint; source coverage below is descriptive, not a validated distribution.",Blomquist 2019 PeerJ open-access supplement; measured g/100 g concentrations only. Fifteen missing sugar cells excluded; model-imputed output and transformed life-history columns excluded.,paper_lead
milk-protein,Parenting,Most protein-rich milk,Least protein-rich milk,intuitive,downloaded_source_requires_endpoint_audit,discovery-milk-protein,https://doi.org/10.7717/peerj.8085/supp-1,See source-specific audit; no globally balanced coverage claimed.,"Review original assay citations, sample sizes, lactation stages, species/subspecies taxonomy and uncertainty before rankings. Measured protein g/100g milk, same lactation stage and assay basis. Not grams per day.",awaiting_user_review,False,keep,Distinct understandable comparison worth pursuing; source-level eligibility still required.,5,"Editorial 1–5; 5 immediately understandable, 2 specialist. Not player-tested.",no,0,Official supplement validated; measured concentrations extracted. Original assays and lactation stages pending.,124,124,"Mammals; 124 source species/subspecies labels, taxonomy pending.","Not established for this endpoint; source coverage below is descriptive, not a validated distribution.",Blomquist 2019 PeerJ open-access supplement; measured g/100 g concentrations only. Fifteen missing sugar cells excluded; model-imputed output and transformed life-history columns excluded.,paper_lead
milk-sugar,Parenting,Most sugar-rich milk,Least sugar-rich milk,intuitive,downloaded_source_requires_endpoint_audit,discovery-milk-sugar,https://doi.org/10.7717/peerj.8085/supp-1,See source-specific audit; no globally balanced coverage claimed.,"Review original assay citations, sample sizes, lactation stages, species/subspecies taxonomy and uncertainty before rankings. Total measured sugar; not lactose alone. Fifteen imputed sugar cells in later analyses must be excluded.",awaiting_user_review,False,keep,Distinct understandable comparison worth pursuing; source-level eligibility still required.,5,"Editorial 1–5; 5 immediately understandable, 2 specialist. Not player-tested.",no,0,Official supplement validated; measured concentrations extracted. Original assays and lactation stages pending.,109,109,"Mammals; 124 source species/subspecies labels, taxonomy pending.","Not established for this endpoint; source coverage below is descriptive, not a validated distribution.",Blomquist 2019 PeerJ open-access supplement; measured g/100 g concentrations only. Fifteen missing sugar cells excluded; model-imputed output and transformed life-history columns excluded.,paper_lead
milk-energy,Parenting,Most energy-rich milk,Least energy-rich milk,intuitive,evidence_lead,discovery-milk-energy,https://doi.org/10.1111/1365-2656.12095,See source-specific audit; no globally balanced coverage claimed.,Energy per gram; require measured calorimetry or explicit source basis. No energy computed by us from guessed composition.,awaiting_user_review,False,keep,Distinct understandable comparison worth pursuing; source-level eligibility still required.,5,"Editorial 1–5; 5 immediately understandable, 2 specialist. Not player-tested.",no,0,source located; comparable data not acquired,,,,"Not established for this endpoint; source coverage below is descriptive, not a validated distribution.","Comparative catalog/research source located; author, method, original references and measurement provenance must be checked per endpoint. Credibility does not certify comparability.",paper_lead
wingbeat-frequency,Movement,Fastest wingbeats,Slowest wingbeats,intuitive,evidence_lead,discovery-wingbeat-frequency,https://doi.org/10.1242/jeb.199.7.1613;https://doi.org/10.1242/jeb.060855,See source-specific audit; no globally balanced coverage claimed.,Measured cruising/hovering protocols separated. Birds and bats offer independent coverage; predictions excluded.,awaiting_user_review,False,keep,Distinct understandable comparison worth pursuing; source-level eligibility still required.,5,"Editorial 1–5; 5 immediately understandable, 2 specialist. Not player-tested.",no,0,source located; comparable data not acquired,,,,"Not established for this endpoint; source coverage below is descriptive, not a validated distribution.","Comparative catalog/research source located; author, method, original references and measurement provenance must be checked per endpoint. Credibility does not certify comparability.",paper_lead
shake-frequency,Routines,Fastest shake to dry off,Slowest shake to dry off,intuitive,evidence_lead,discovery-shake-frequency,https://pmc.ncbi.nlm.nih.gov/articles/PMC3481573/,See source-specific audit; no globally balanced coverage claimed.,"Measured wet-mammal oscillations per second, not predicted mass scaling or tremor frequency. Small samples must remain explicit.",awaiting_user_review,False,keep,Distinct understandable comparison worth pursuing; source-level eligibility still required.,5,"Editorial 1–5; 5 immediately understandable, 2 specialist. Not player-tested.",no,0,source located; comparable data not acquired,,,,"Not established for this endpoint; source coverage below is descriptive, not a validated distribution.","Comparative catalog/research source located; author, method, original references and measurement provenance must be checked per endpoint. Credibility does not certify comparability.",paper_table_lead
whisker-length,Anatomy,Longest whiskers,Shortest whiskers,intuitive,downloaded_source_requires_endpoint_audit,discovery-whisker-length,https://zenodo.org/records/4942927,"Extracted source labels, not unique specimens or globally balanced coverage. Units: UNVERIFIED","11-species experiment; whisker length is not whisker span. Preserve whisker identity, intact versus cut and source units. BLOCKED: unit and whether repeated clips reuse specimen measurements require verification; do not aggregate clips as independent animals.",awaiting_user_review,False,keep,Distinct understandable comparison worth pursuing; source-level eligibility still required.,5,"Editorial 1–5; 5 immediately understandable, 2 specialist. Not player-tested.",no,0,Numeric candidates extracted; no certified fair-board pool yet.,55,7,,"Not established for this endpoint; source coverage below is descriptive, not a validated distribution.",BLOCKED: unit and whether repeated clips reuse specimen measurements require verification; do not aggregate clips as independent animals.,acquired
grip-force,Strength,Strongest climbing grip,Weakest climbing grip,intuitive,downloaded_source_requires_endpoint_audit,discovery-grip-force,https://zenodo.org/records/4951666,See source-specific audit; no globally balanced coverage claimed.,"Measured maximum adhesive force in N; source specimen IDs require species key. Surface, pull direction and pad contact matched.",awaiting_user_review,False,keep,Distinct understandable comparison worth pursuing; source-level eligibility still required.,5,"Editorial 1–5; 5 immediately understandable, 2 specialist. Not player-tested.",no,0,acquired but endpoint audit incomplete,,,,"Not established for this endpoint; source coverage below is descriptive, not a validated distribution.","Comparative catalog/research source located; author, method, original references and measurement provenance must be checked per endpoint. Credibility does not certify comparability.",acquired
venom-yield,Survival,Most venom produced,Least venom produced,intuitive,evidence_lead,discovery-venom-yield,https://pmc.ncbi.nlm.nih.gov/articles/PMC12092123/,See source-specific audit; no globally balanced coverage claimed.,75-spider compilation; missing S1 from latest repository record. Dry mass versus wet volume kept separate; milking is not venom injected in a bite.,awaiting_user_review,False,keep,Distinct understandable comparison worth pursuing; source-level eligibility still required.,5,"Editorial 1–5; 5 immediately understandable, 2 specialist. Not player-tested.",no,0,source located; comparable data not acquired,,,,"Not established for this endpoint; source coverage below is descriptive, not a validated distribution.","Comparative catalog/research source located; author, method, original references and measurement provenance must be checked per endpoint. Credibility does not certify comparability.",paper_lead
venom-potency,Survival,Most potent venom in a shared test,Least potent venom in a shared test,specialist,evidence_lead,discovery-venom-potency,https://pmc.ncbi.nlm.nih.gov/articles/PMC12092123/,See source-specific audit; no globally balanced coverage claimed.,"Compare the same test organism, route and LD50 units. No deadliest-to-human claim; no combining prey-specific assays.",awaiting_user_review,False,hold,Optional specialist comparison; keep out of main boards unless mixed with intuitive prizes.,2,"Editorial 1–5; 5 immediately understandable, 2 specialist. Not player-tested.",no,0,source located; comparable data not acquired,,,,"Not established for this endpoint; source coverage below is descriptive, not a validated distribution.","Comparative catalog/research source located; author, method, original references and measurement provenance must be checked per endpoint. Credibility does not certify comparability.",paper_lead
shell-strength,Strength,Hardest shell to crack,Easiest shell to crack,intuitive,evidence_lead,discovery-shell-strength,https://doi.org/10.31931/FMBC-D-21-00001,See source-specific audit; no globally balanced coverage claimed.,"Eight-bivalve study; force to fracture versus material stress are distinct. Match loading geometry, size context and shell condition.",awaiting_user_review,False,keep,Distinct understandable comparison worth pursuing; source-level eligibility still required.,5,"Editorial 1–5; 5 immediately understandable, 2 specialist. Not player-tested.",no,0,source located; comparable data not acquired,,,,"Not established for this endpoint; source coverage below is descriptive, not a validated distribution.","Comparative catalog/research source located; author, method, original references and measurement provenance must be checked per endpoint. Credibility does not certify comparability.",paper_lead
shell-thickness,Anatomy,Thickest shell,Thinnest shell,intuitive,evidence_lead,discovery-shell-thickness,https://doi.org/10.31931/FMBC-D-21-00001,See source-specific audit; no globally balanced coverage claimed.,"Whole animal shell, same location and adult stage; not eggshell or proxy thickness index.",awaiting_user_review,False,keep,Distinct understandable comparison worth pursuing; source-level eligibility still required.,5,"Editorial 1–5; 5 immediately understandable, 2 specialist. Not player-tested.",no,0,source located; comparable data not acquired,,,,"Not established for this endpoint; source coverage below is descriptive, not a validated distribution.","Comparative catalog/research source located; author, method, original references and measurement provenance must be checked per endpoint. Credibility does not certify comparability.",paper_lead
skin-thickness,Anatomy,Thickest skin,Thinnest skin,intuitive,evidence_lead,discovery-skin-thickness,https://doi.org/10.1111/ahe.12967,See source-specific audit; no globally balanced coverage claimed.,"Total skin thickness, same body region and adult stage. Epidermis alone is not skin; access/embargo must be checked.",awaiting_user_review,False,keep,Distinct understandable comparison worth pursuing; source-level eligibility still required.,5,"Editorial 1–5; 5 immediately understandable, 2 specialist. Not player-tested.",no,0,source located; comparable data not acquired,,,,"Not established for this endpoint; source coverage below is descriptive, not a validated distribution.","Comparative catalog/research source located; author, method, original references and measurement provenance must be checked per endpoint. Credibility does not certify comparability.",paper_lead
visual-field,Senses,Widest field of view,Narrowest field of view,intuitive,evidence_lead,discovery-visual-field,https://pubmed.ncbi.nlm.nih.gov/18245624/;https://pmc.ncbi.nlm.nih.gov/articles/PMC12629130/,See source-specific audit; no globally balanced coverage claimed.,"Measured horizontal cyclopean field at resting eye position, degrees; not binocular overlap or orbit orientation proxy.",awaiting_user_review,False,keep,Distinct understandable comparison worth pursuing; source-level eligibility still required.,5,"Editorial 1–5; 5 immediately understandable, 2 specialist. Not player-tested.",no,0,source located; comparable data not acquired,,,,"Not established for this endpoint; source coverage below is descriptive, not a validated distribution.","Comparative catalog/research source located; author, method, original references and measurement provenance must be checked per endpoint. Credibility does not certify comparability.",paper_lead
visual-temporal-resolution,Senses,Detects the fastest flicker,Detects the slowest flicker,specialist,evidence_lead,discovery-visual-temporal-resolution,https://pmc.ncbi.nlm.nih.gov/articles/PMC4798572/,See source-specific audit; no globally balanced coverage claimed.,"Critical flicker fusion threshold, common light level and behavioral/retinal method separate. No subjective slow-motion vision label.",awaiting_user_review,False,hold,Optional specialist comparison; keep out of main boards unless mixed with intuitive prizes.,2,"Editorial 1–5; 5 immediately understandable, 2 specialist. Not player-tested.",no,0,source located; comparable data not acquired,,,,"Not established for this endpoint; source coverage below is descriptive, not a validated distribution.","Comparative catalog/research source located; author, method, original references and measurement provenance must be checked per endpoint. Credibility does not certify comparability.",paper_lead
vocal-repertoire,Sound,Most distinct call types,Fewest distinct call types,intuitive,downloaded_source_requires_endpoint_audit,discovery-vocal-repertoire,https://zenodo.org/records/5016383;https://zenodo.org/records/20616324,"Extracted source labels, not unique specimens or globally balanced coverage. Units: adult call types",Adult repertoire definitions and effort vary. 253-bird and 42-primate source datasets; no counting dialects or recording clips as call types. Adult repertoire definitions and observation effort require audit; no ancestor/model values extracted.,awaiting_user_review,False,keep,Distinct understandable comparison worth pursuing; source-level eligibility still required.,5,"Editorial 1–5; 5 immediately understandable, 2 specialist. Not player-tested.",no,0,Numeric candidates extracted; no certified fair-board pool yet.,42,42,,"Not established for this endpoint; source coverage below is descriptive, not a validated distribution.",Adult repertoire definitions and observation effort require audit; no ancestor/model values extracted.,acquired
prey-mass,Feeding,Largest recorded prey taken,,intuitive,downloaded_source_requires_endpoint_audit,discovery-prey-mass,https://doi.org/10.1371/journal.pone.0106402,"108 mammalian carnivores reported in source; PDF table acquired, values not extracted yet.",108 carnivores; use one common endpoint such as largest documented prey mass reversed. Do not reverse maximum for one prize and minimum for another. Distinguish predation from scavenging.,awaiting_user_review,False,keep,Distinct understandable comparison worth pursuing; source-level eligibility still required.,5,"Editorial 1–5; 5 immediately understandable, 2 specialist. Not player-tested.",no,0,acquired but endpoint audit incomplete,,,,"Not established for this endpoint; source coverage below is descriptive, not a validated distribution.","Comparative catalog/research source located; author, method, original references and measurement provenance must be checked per endpoint. Credibility does not certify comparability.",acquired_pdf
kill-frequency,Feeding,Most frequent prey kills,Least frequent prey kills,specialist,evidence_lead,discovery-kill-frequency,https://doi.org/10.5061/dryad.n23q7q1,See source-specific audit; no globally balanced coverage claimed.,Measured kills per day under comparable field definitions; group versus individual rates and inferred rates excluded.,awaiting_user_review,False,hold,Optional specialist comparison; keep out of main boards unless mixed with intuitive prizes.,2,"Editorial 1–5; 5 immediately understandable, 2 specialist. Not player-tested.",no,0,source located; comparable data not acquired,,,,"Not established for this endpoint; source coverage below is descriptive, not a validated distribution.","Comparative catalog/research source located; author, method, original references and measurement provenance must be checked per endpoint. Credibility does not certify comparability.",dataset_lead
low-oxygen-tolerance,Survival,Needs the least oxygen in water,Needs the most oxygen in water,intuitive,evidence_lead,discovery-low-oxygen-tolerance,https://doi.org/10.14466/CefasDataHub.121,See source-specific audit; no globally balanced coverage claimed.,"331 measurements/151 fish reported. Pcrit is a metabolic threshold, not lethal survival; temperature, salinity, respirometry and units must match.",awaiting_user_review,False,keep,Distinct understandable comparison worth pursuing; source-level eligibility still required.,5,"Editorial 1–5; 5 immediately understandable, 2 specialist. Not player-tested.",no,0,source located; comparable data not acquired,,,,"Not established for this endpoint; source coverage below is descriptive, not a validated distribution.","Comparative catalog/research source located; author, method, original references and measurement provenance must be checked per endpoint. Credibility does not certify comparability.",dataset_lead
claw-length,Anatomy,Longest claws,Shortest claws,intuitive,evidence_lead,discovery-claw-length,https://doi.org/10.1002/jmor.21317,See source-specific audit; no globally balanced coverage claimed.,"80 claw specimens reported across birds/mammals/reptile; curved outer length versus chord distinguished, same digit and sheath versus bone.",awaiting_user_review,False,keep,Distinct understandable comparison worth pursuing; source-level eligibility still required.,5,"Editorial 1–5; 5 immediately understandable, 2 specialist. Not player-tested.",no,0,source located; comparable data not acquired,,,,"Not established for this endpoint; source coverage below is descriptive, not a validated distribution.","Comparative catalog/research source located; author, method, original references and measurement provenance must be checked per endpoint. Credibility does not certify comparability.",paper_lead
fang-length,Anatomy,Longest fangs,Shortest fangs,intuitive,evidence_lead,discovery-fang-length,https://doi.org/10.6078/D17M5J,See source-specific audit; no globally balanced coverage claimed.,"Measured exposed fang length, not maxilla length or proxy fang-size score. Rear-fanged snake coverage alone is narrow.",awaiting_user_review,False,keep,Distinct understandable comparison worth pursuing; source-level eligibility still required.,5,"Editorial 1–5; 5 immediately understandable, 2 specialist. Not player-tested.",no,0,source located; comparable data not acquired,,,,"Not established for this endpoint; source coverage below is descriptive, not a validated distribution.","Comparative catalog/research source located; author, method, original references and measurement provenance must be checked per endpoint. Credibility does not certify comparability.",dataset_lead
eye-opening-age,Development,Latest eyes open after birth,Earliest eyes open after birth,intuitive,downloaded_source_requires_endpoint_audit,discovery-eye-opening-age,https://doi.org/10.1890/08-1494.1,Worldwide mammal catalog already acquired; valid reported observations must be separated from estimates and missing values.,PanTHERIA age-at-eye-opening days; original measured records and uncertainty required. Missing -999 excluded; not maturity age.,awaiting_user_review,False,keep,Distinct understandable comparison worth pursuing; source-level eligibility still required.,5,"Editorial 1–5; 5 immediately understandable, 2 specialist. Not player-tested.",no,0,acquired but endpoint audit incomplete,,,,"Not established for this endpoint; source coverage below is descriptive, not a validated distribution.","Comparative catalog/research source located; author, method, original references and measurement provenance must be checked per endpoint. Credibility does not certify comparability.",existing_catalog
teat-count,Anatomy,Most nipples,Fewest nipples,intuitive,downloaded_source_requires_endpoint_audit,discovery-teat-count,https://doi.org/10.1890/08-1494.1,Worldwide mammal catalog already acquired; valid reported observations must be separated from estimates and missing values.,"PanTHERIA teat count; counts versus pairs explicit, species exceptions/source verification. No inferred count from litter size.",awaiting_user_review,False,keep,Distinct understandable comparison worth pursuing; source-level eligibility still required.,5,"Editorial 1–5; 5 immediately understandable, 2 specialist. Not player-tested.",no,0,acquired but endpoint audit incomplete,,,,"Not established for this endpoint; source coverage below is descriptive, not a validated distribution.","Comparative catalog/research source located; author, method, original references and measurement provenance must be checked per endpoint. Credibility does not certify comparability.",existing_catalog
dispersal-age,Development,Latest leaves its birth group,Earliest leaves its birth group,intuitive,downloaded_source_requires_endpoint_audit,discovery-dispersal-age,https://doi.org/10.1890/08-1494.1,Worldwide mammal catalog already acquired; valid reported observations must be separated from estimates and missing values.,"Natal dispersal age in days; sex and social context matched. Not weaning, maturity or independence age.",awaiting_user_review,False,keep,Distinct understandable comparison worth pursuing; source-level eligibility still required.,5,"Editorial 1–5; 5 immediately understandable, 2 specialist. Not player-tested.",no,0,acquired but endpoint audit incomplete,,,,"Not established for this endpoint; source coverage below is descriptive, not a validated distribution.","Comparative catalog/research source located; author, method, original references and measurement provenance must be checked per endpoint. Credibility does not certify comparability.",existing_catalog
newborn-length,Size,Longest newborn,Shortest newborn,intuitive,downloaded_source_requires_endpoint_audit,discovery-newborn-length,https://doi.org/10.1890/08-1494.1,Worldwide mammal catalog already acquired; valid reported observations must be separated from estimates and missing values.,"Neonate head-body length in mm; anatomical endpoints and neonatal timing consistent, exclude estimates.",awaiting_user_review,False,keep,Distinct understandable comparison worth pursuing; source-level eligibility still required.,5,"Editorial 1–5; 5 immediately understandable, 2 specialist. Not player-tested.",no,0,acquired but endpoint audit incomplete,,,,"Not established for this endpoint; source coverage below is descriptive, not a validated distribution.","Comparative catalog/research source located; author, method, original references and measurement provenance must be checked per endpoint. Credibility does not certify comparability.",existing_catalog
silk-strength,Strength,Strongest silk,Weakest silk,intuitive,evidence_lead,discovery-silk-strength,https://academic.oup.com/evolut/article/78/12/2032/7758014,See source-specific audit; no globally balanced coverage claimed.,164-spider comparative analysis; measured same silk type/tensile protocol. Tensile strength is not force to break a whole web.,awaiting_user_review,False,keep,Distinct understandable comparison worth pursuing; source-level eligibility still required.,5,"Editorial 1–5; 5 immediately understandable, 2 specialist. Not player-tested.",no,0,source located; comparable data not acquired,,,,"Not established for this endpoint; source coverage below is descriptive, not a validated distribution.","Comparative catalog/research source located; author, method, original references and measurement provenance must be checked per endpoint. Credibility does not certify comparability.",paper_lead
silk-stretch,Strength,Most stretchable silk,Least stretchable silk,intuitive,evidence_lead,discovery-silk-stretch,https://doi.org/10.5061/dryad.7n38s11,See source-specific audit; no globally balanced coverage claimed.,"Measured strain at rupture, same silk type and extraction speed; not toughness or modulus.",awaiting_user_review,False,keep,Distinct understandable comparison worth pursuing; source-level eligibility still required.,5,"Editorial 1–5; 5 immediately understandable, 2 specialist. Not player-tested.",no,0,source located; comparable data not acquired,,,,"Not established for this endpoint; source coverage below is descriptive, not a validated distribution.","Comparative catalog/research source located; author, method, original references and measurement provenance must be checked per endpoint. Credibility does not certify comparability.",dataset_lead
arm-count,Anatomy,Most arms and tentacles,Fewest arms and tentacles,intuitive,evidence_lead,discovery-arm-count,https://ocean.si.edu/ocean-life/invertebrates/octopuses-squids-and-relatives,See source-specific audit; no globally balanced coverage claimed.,"Species-level anatomical count, distinguish arms/tentacles and damaged individuals. Many ties; needs diverse species and board eligibility.",awaiting_user_review,False,keep,Distinct understandable comparison worth pursuing; source-level eligibility still required.,5,"Editorial 1–5; 5 immediately understandable, 2 specialist. Not player-tested.",no,0,source located; comparable data not acquired,,,,"Not established for this endpoint; source coverage below is descriptive, not a validated distribution.","Comparative catalog/research source located; author, method, original references and measurement provenance must be checked per endpoint. Credibility does not certify comparability.",account_lead
eye-count,Anatomy,Most eyes,Fewest eyes,intuitive,evidence_lead,discovery-eye-count,https://doi.org/10.1146/annurev-vision-121820-074736,See source-specific audit; no globally balanced coverage claimed.,Define functional eyes versus ocelli/photoreceptive patches; species-specific measured counts and ties. No counting compound-eye facets as separate eyes.,awaiting_user_review,False,keep,Distinct understandable comparison worth pursuing; source-level eligibility still required.,5,"Editorial 1–5; 5 immediately understandable, 2 specialist. Not player-tested.",no,0,source located; comparable data not acquired,,,,"Not established for this endpoint; source coverage below is descriptive, not a validated distribution.","Comparative catalog/research source located; author, method, original references and measurement provenance must be checked per endpoint. Credibility does not certify comparability.",review_lead
reaction-latency,Movement,Fastest escape reaction,Slowest escape reaction,intuitive,evidence_lead,discovery-reaction-latency,https://pubmed.ncbi.nlm.nih.gov/33431597/;https://pmc.ncbi.nlm.nih.gov/articles/PMC11413494/,See source-specific audit; no globally balanced coverage claimed.,Time from common stimulus to first visible movement. Not take-off duration; limited fish/rodent studies cannot be pooled blindly.,awaiting_user_review,False,keep,Distinct understandable comparison worth pursuing; source-level eligibility still required.,5,"Editorial 1–5; 5 immediately understandable, 2 specialist. Not player-tested.",no,0,source located; comparable data not acquired,,,,"Not established for this endpoint; source coverage below is descriptive, not a validated distribution.","Comparative catalog/research source located; author, method, original references and measurement provenance must be checked per endpoint. Credibility does not certify comparability.",paper_lead
strike-speed,Movement,Fastest prey-catching strike,Slowest prey-catching strike,intuitive,evidence_lead,discovery-strike-speed,https://doi.org/10.5061/dryad.gf1vhhn1t,See source-specific audit; no globally balanced coverage claimed.,Comparative soft-tissue capture kinematics; speed endpoint and body part must be comparable. Not whole-animal travel speed.,awaiting_user_review,False,keep,Distinct understandable comparison worth pursuing; source-level eligibility still required.,5,"Editorial 1–5; 5 immediately understandable, 2 specialist. Not player-tested.",no,0,source located; comparable data not acquired,,,,"Not established for this endpoint; source coverage below is descriptive, not a validated distribution.","Comparative catalog/research source located; author, method, original references and measurement provenance must be checked per endpoint. Credibility does not certify comparability.",dataset_lead
documented-tool-use,Cognition,Documented tool user,,intuitive,downloaded_source_requires_endpoint_audit,discovery-documented-tool-use,https://github.com/datadiversitylab/ACDB,See source-specific audit; no globally balanced coverage claimed.,"One-sided factual attribute. Culture records are observation-biased, so absence is not inability. Not a scalar rank; requires separate game eligibility decision.",awaiting_user_review,False,hold,Distinct understandable comparison worth pursuing; source-level eligibility still required.,5,"Editorial 1–5; 5 immediately understandable, 2 specialist. Not player-tested.",no,0,acquired but endpoint audit incomplete,,,,"Not established for this endpoint; source coverage below is descriptive, not a validated distribution.","Comparative catalog/research source located; author, method, original references and measurement provenance must be checked per endpoint. Credibility does not certify comparability.",acquired
tongue-length,Anatomy,Longest tongue,Shortest tongue,intuitive,evidence_lead,discovery-tongue-length,https://doi.org/10.1002/jmor.20501,See source-specific audit; no globally balanced coverage claimed.,"65 ruminant species reported; measured total tongue length only, preservation and extension standardized. Operational protrusion from seven callitrichids is a separate endpoint, not interchangeable.",awaiting_user_review,False,keep,Distinct understandable comparison worth pursuing; source-level eligibility still required.,5,"Editorial 1–5; 5 immediately understandable, 2 specialist. Not player-tested.",no,0,source located; comparable data not acquired,,,,"Not established for this endpoint; source coverage below is descriptive, not a validated distribution.","Comparative catalog/research source located; author, method, original references and measurement provenance must be checked per endpoint. Credibility does not certify comparability.",paper_lead
licking-frequency,Feeding,Fastest licker,Slowest licker,intuitive,evidence_lead,discovery-licking-frequency,https://academic.oup.com/icb/article/63/1/48/7190627;https://pmc.ncbi.nlm.nih.gov/articles/PMC13006519/,See source-specific audit; no globally balanced coverage claimed.,Direct licks per second in nectar feeding; bat and bird experiments located. Separate nectar feeding from drinking water and self-grooming; pooled cross-study comparability not established.,awaiting_user_review,False,keep,Distinct understandable comparison worth pursuing; source-level eligibility still required.,5,"Editorial 1–5; 5 immediately understandable, 2 specialist. Not player-tested.",no,0,source located; comparable data not acquired,,,,"Not established for this endpoint; source coverage below is descriptive, not a validated distribution.","Comparative catalog/research source located; author, method, original references and measurement provenance must be checked per endpoint. Credibility does not certify comparability.",paper_lead
social-grooming-time,Social life,Most time grooming friends,Least time grooming friends,intuitive,evidence_lead,discovery-social-grooming-time,https://doi.org/10.1002/ajpa.23164,See source-specific audit; no globally balanced coverage claimed.,"69-primate comparative source reported. Use observed allogrooming proportion of observation time, not predicted human values or self-grooming. Match wild/captive and sampling windows.",awaiting_user_review,False,keep,Distinct understandable comparison worth pursuing; source-level eligibility still required.,5,"Editorial 1–5; 5 immediately understandable, 2 specialist. Not player-tested.",no,0,source located; comparable data not acquired,,,,"Not established for this endpoint; source coverage below is descriptive, not a validated distribution.","Comparative catalog/research source located; author, method, original references and measurement provenance must be checked per endpoint. Credibility does not certify comparability.",paper_lead
male-female-mass-ratio,Size,Males largest compared with females,Females largest compared with males,intuitive,evidence_lead,discovery-male-female-mass-ratio,https://doi.org/10.5061/dryad.280gb5mx0;https://doi.org/10.1038/s41467-024-45739-5,See source-specific audit; no globally balanced coverage claimed.,"Reverse one adult male/female mass ratio using measured means from the same population. 429 species in paper final sample; original source uncertainty and exceptions need review. Ratio is transparent arithmetic, not an estimated biological measurement. Zenodo mirror contains code only, not the data table.",awaiting_user_review,False,keep,Distinct understandable comparison worth pursuing; source-level eligibility still required.,5,"Editorial 1–5; 5 immediately understandable, 2 specialist. Not player-tested.",no,0,source located; comparable data not acquired,,,,"Not established for this endpoint; source coverage below is descriptive, not a validated distribution.","Comparative catalog/research source located; author, method, original references and measurement provenance must be checked per endpoint. Credibility does not certify comparability.",dataset_lead
first-birth-age,Development,Latest first baby,Earliest first baby,intuitive,downloaded_source_requires_endpoint_audit,discovery-first-birth-age,https://doi.org/10.1890/08-1494.1,See source-specific audit; no globally balanced coverage claimed.,"PanTHERIA AgeatFirstBirth_d is actual first reproduction, distinct from sexual maturity. Exclude extrapolation and missing -999; sex, captive versus wild and original source methods required.",awaiting_user_review,False,keep,Distinct understandable comparison worth pursuing; source-level eligibility still required.,5,"Editorial 1–5; 5 immediately understandable, 2 specialist. Not player-tested.",no,0,acquired but endpoint audit incomplete,,,,"Not established for this endpoint; source coverage below is descriptive, not a validated distribution.","Comparative catalog/research source located; author, method, original references and measurement provenance must be checked per endpoint. Credibility does not certify comparability.",existing_catalog
urine-concentration,Survival,Most concentrated urine,Least concentrated urine,specialist,evidence_lead,discovery-urine-concentration,https://doi.org/10.1111/mam.12244;https://doi.org/10.1152/ajpregu.1990.258.2.R298,See source-specific audit; no globally balanced coverage claimed.,"Maximum measured urine osmolality under comparable conditions, 245-species older compilation reported. No model predictions or renal morphology proxy. Not a renamed longest-without-drinking prize.",awaiting_user_review,False,hold,Optional specialist comparison; keep out of main boards unless mixed with intuitive prizes.,2,"Editorial 1–5; 5 immediately understandable, 2 specialist. Not player-tested.",no,0,source located; comparable data not acquired,,,,"Not established for this endpoint; source coverage below is descriptive, not a validated distribution.","Comparative catalog/research source located; author, method, original references and measurement provenance must be checked per endpoint. Credibility does not certify comparability.",paper_lead
urination-duration,Routines,Longest pee,Shortest pee,intuitive,evidence_lead,discovery-urination-duration,https://pmc.ncbi.nlm.nih.gov/articles/PMC4143032/,See source-specific audit; no globally balanced coverage claimed.,"Direct video timings only; paper also contains modeled times, excluded. Large mammals have similar durations and high variance, so hold pending proof that boards have distinguishable answers; droplet and continuous-jet protocols separated.",awaiting_user_review,False,hold,"Hold: fun wording, but observed durations may be too similar and variable for fair rankings.",5,"Editorial 1–5; 5 immediately understandable, 2 specialist. Not player-tested.",no,0,source located; comparable data not acquired,,,,"Not established for this endpoint; source coverage below is descriptive, not a validated distribution.","Comparative catalog/research source located; author, method, original references and measurement provenance must be checked per endpoint. Credibility does not certify comparability.",paper_lead
sound-localization,Senses,Best at locating a sound,Worst at locating a sound,intuitive,evidence_lead,discovery-sound-localization,https://doi.org/10.1002/ar.a.20117,See source-specific audit; no globally balanced coverage claimed.,Behavioral minimum audible angle under shared broadband duration and presentation protocol. Lower angle is better. Keep underwater and airborne experiments separate; not hearing threshold.,awaiting_user_review,False,keep,Distinct understandable comparison worth pursuing; source-level eligibility still required.,5,"Editorial 1–5; 5 immediately understandable, 2 specialist. Not player-tested.",no,0,source located; comparable data not acquired,,,,"Not established for this endpoint; source coverage below is descriptive, not a validated distribution.","Comparative catalog/research source located; author, method, original references and measurement provenance must be checked per endpoint. Credibility does not certify comparability.",paper_table_lead
feeding-suction,Feeding,Strongest feeding suction,Weakest feeding suction,specialist,evidence_lead,discovery-feeding-suction,https://pubmed.ncbi.nlm.nih.gov/16916963/,See source-specific audit; no globally balanced coverage claimed.,"Direct measured peak buccal pressure in kPa, comparable strike and transducer protocols. Exclude morphology-derived suction indices and modeled flow speeds. Primarily fish; no global coverage claim.",awaiting_user_review,False,hold,Optional specialist comparison; keep out of main boards unless mixed with intuitive prizes.,2,"Editorial 1–5; 5 immediately understandable, 2 specialist. Not player-tested.",no,0,source located; comparable data not acquired,,,,"Not established for this endpoint; source coverage below is descriptive, not a validated distribution.","Comparative catalog/research source located; author, method, original references and measurement provenance must be checked per endpoint. Credibility does not certify comparability.",paper_lead
