animalId,animal,traitId,prize,status,value,sourceId
enhydra_lutris,Sea otter,bird_beak_length,Longest beak,no-approved-comparable-record,,
enhydra_lutris,Sea otter,bird_beak_length__low,Shortest beak,no-approved-comparable-record,,
enhydra_lutris,Sea otter,weighed_brain_mass,Largest measured brain,no-approved-comparable-record,,
enhydra_lutris,Sea otter,weighed_brain_mass__low,Smallest measured brain,no-approved-comparable-record,,
enhydra_lutris,Sea otter,resting_breathing_frequency,Fastest breathing at rest,no-approved-comparable-record,,
enhydra_lutris,Sea otter,resting_breathing_frequency__low,Slowest breathing at rest,no-approved-comparable-record,,
enhydra_lutris,Sea otter,interbirth_interval,Longest gap between births,included,548,anage-15
enhydra_lutris,Sea otter,litters_per_year,Most litters per year,included,0.8,anage-15
enhydra_lutris,Sea otter,litters_per_year__low,Fewest litters per year,included,0.8,anage-15
enhydra_lutris,Sea otter,interbirth_interval__low,Shortest gap between births,included,548,anage-15
enhydra_lutris,Sea otter,recorded_chewing_rate,Fastest recorded chewing,no-approved-comparable-record,,
enhydra_lutris,Sea otter,recorded_chewing_rate__low,Slowest recorded chewing,no-approved-comparable-record,,
enhydra_lutris,Sea otter,iucn_extinction_risk,Most threatened,included,4,iucn-gbif-20260728
enhydra_lutris,Sea otter,iucn_extinction_risk__low,Least threatened,included,4,iucn-gbif-20260728
enhydra_lutris,Sea otter,habitat_depth_ceiling,Deepest water habitat,included,45,adw-endpoints-2026
enhydra_lutris,Sea otter,habitat_depth_ceiling__low,Shallowest water limit,included,45,adw-endpoints-2026
enhydra_lutris,Sea otter,diet_food_group_count,Most food groups,no-approved-comparable-record,,
enhydra_lutris,Sea otter,diet_food_group_count__low,Fewest food groups,no-approved-comparable-record,,
enhydra_lutris,Sea otter,raw_egg_length,Longest egg,no-approved-comparable-record,,
enhydra_lutris,Sea otter,raw_egg_length__low,Shortest egg,no-approved-comparable-record,,
enhydra_lutris,Sea otter,habitat_elevation_ceiling,Highest mountain habitat,no-approved-comparable-record,,
enhydra_lutris,Sea otter,habitat_elevation_ceiling__low,Lowest mountain ceiling,no-approved-comparable-record,,
enhydra_lutris,Sea otter,measured_eye_length,Largest eyes,included,14.0,veilleux-kirk-2014
enhydra_lutris,Sea otter,measured_eye_length__low,Smallest eyes,included,14.0,veilleux-kirk-2014
enhydra_lutris,Sea otter,cruising_flight_speed,Fastest cruising flight,no-approved-comparable-record,,
enhydra_lutris,Sea otter,cruising_flight_speed__low,Slowest cruising flight,no-approved-comparable-record,,
enhydra_lutris,Sea otter,raw_hatching_mass,Heaviest hatchling,no-approved-comparable-record,,
enhydra_lutris,Sea otter,hatching_mass,Heaviest hatchling,no-approved-comparable-record,,
enhydra_lutris,Sea otter,raw_hatching_mass__low,Lightest hatchling,no-approved-comparable-record,,
enhydra_lutris,Sea otter,hatching_mass__low,Lightest hatchling,no-approved-comparable-record,,
enhydra_lutris,Sea otter,raw_incubation,Longest wait to hatch,no-approved-comparable-record,,
enhydra_lutris,Sea otter,incubation,Longest wait to hatch,no-approved-comparable-record,,
enhydra_lutris,Sea otter,raw_incubation__low,Shortest wait to hatch,no-approved-comparable-record,,
enhydra_lutris,Sea otter,incubation__low,Shortest wait to hatch,no-approved-comparable-record,,
enhydra_lutris,Sea otter,adult_intestine_length,Longest intestine,included,1223.25,duque-correa-2021-intestine
enhydra_lutris,Sea otter,adult_intestine_length__low,Shortest intestine,included,1223.25,duque-correa-2021-intestine
enhydra_lutris,Sea otter,mapped_latitude_span,Widest north–south range,no-approved-comparable-record,,
enhydra_lutris,Sea otter,mapped_latitude_span__low,Narrowest north–south range,no-approved-comparable-record,,
enhydra_lutris,Sea otter,aquatic_length_upper,Longest aquatic body,no-approved-comparable-record,,
enhydra_lutris,Sea otter,aquatic_length_upper__low,Shortest aquatic body,no-approved-comparable-record,,
enhydra_lutris,Sea otter,wild_recorded_lifespan,Longest recorded wild life,no-approved-comparable-record,,
enhydra_lutris,Sea otter,maximum_documented_lifespan,Longest documented lifespan,included,27,anage-15
enhydra_lutris,Sea otter,ringing_longevity,Longest recorded wild life,no-approved-comparable-record,,
enhydra_lutris,Sea otter,wild_recorded_lifespan__low,Shortest recorded wild life,no-approved-comparable-record,,
enhydra_lutris,Sea otter,maximum_documented_lifespan__low,Shortest documented lifespan,included,27,anage-15
enhydra_lutris,Sea otter,ringing_longevity__low,Shortest recorded wild life,no-approved-comparable-record,,
enhydra_lutris,Sea otter,bird_mass,Heaviest adult,no-approved-comparable-record,,
enhydra_lutris,Sea otter,adult_body_mass,Heaviest adult,included,25850,anage-15
enhydra_lutris,Sea otter,bird_mass__low,Lightest adult,no-approved-comparable-record,,
enhydra_lutris,Sea otter,adult_body_mass__low,Lightest adult,included,25850,anage-15
enhydra_lutris,Sea otter,male_maturity,Latest male maturity,included,1369,anage-15
enhydra_lutris,Sea otter,female_maturity,Latest female maturity,included,974,anage-15
enhydra_lutris,Sea otter,female_maturity__low,Earliest female maturity,included,974,anage-15
enhydra_lutris,Sea otter,male_maturity__low,Earliest male maturity,included,1369,anage-15
enhydra_lutris,Sea otter,basal_energy,Most resting energy use,included,98.479,anage-15
enhydra_lutris,Sea otter,mass_specific_basal_energy,Most resting energy per gram,included,0.0036700977907635434,anage-15
enhydra_lutris,Sea otter,mass_specific_basal_energy__low,Least resting energy per gram,included,0.0036700977907635434,anage-15
enhydra_lutris,Sea otter,basal_energy__low,Least resting energy use,included,98.479,anage-15
enhydra_lutris,Sea otter,milk_fat_concentration,Fattiest milk,no-approved-comparable-record,,
enhydra_lutris,Sea otter,milk_fat_concentration__low,Least fat in milk,no-approved-comparable-record,,
enhydra_lutris,Sea otter,milk_protein_concentration,Most protein in milk,no-approved-comparable-record,,
enhydra_lutris,Sea otter,milk_protein_concentration__low,Least protein in milk,no-approved-comparable-record,,
enhydra_lutris,Sea otter,milk_sugar_concentration,Most sugar in milk,no-approved-comparable-record,,
enhydra_lutris,Sea otter,milk_sugar_concentration__low,Least sugar in milk,no-approved-comparable-record,,
enhydra_lutris,Sea otter,field_swim_speed,Fastest measured swimming,no-approved-comparable-record,,
enhydra_lutris,Sea otter,field_swim_speed__low,Slowest measured swimming,no-approved-comparable-record,,
enhydra_lutris,Sea otter,raw_birth_mass,Heaviest newborn,included,1909.17,amniote-raw-2015
enhydra_lutris,Sea otter,birth_weight,Heaviest newborn,included,1868,anage-15
enhydra_lutris,Sea otter,raw_birth_mass__low,Lightest newborn,included,1909.17,amniote-raw-2015
enhydra_lutris,Sea otter,birth_weight__low,Lightest newborn,included,1868,anage-15
enhydra_lutris,Sea otter,mapped_north_pole_distance,Farthest from North Pole,no-approved-comparable-record,,
enhydra_lutris,Sea otter,mapped_north_pole_distance__low,Closest to North Pole,no-approved-comparable-record,,
enhydra_lutris,Sea otter,raw_clutch_size,Most eggs per clutch,no-approved-comparable-record,,
enhydra_lutris,Sea otter,litter_size,Most young per birth,included,1,anage-15
enhydra_lutris,Sea otter,litter_size__low,Fewest young per birth,included,1,anage-15
enhydra_lutris,Sea otter,raw_clutch_size__low,Fewest eggs per clutch,no-approved-comparable-record,,
enhydra_lutris,Sea otter,gestation,Longest pregnancy,included,140,anage-15
enhydra_lutris,Sea otter,raw_gestation,Longest pregnancy,included,216.0956,amniote-raw-2015
enhydra_lutris,Sea otter,gestation__low,Shortest pregnancy,included,140,anage-15
enhydra_lutris,Sea otter,raw_gestation__low,Shortest pregnancy,included,216.0956,amniote-raw-2015
enhydra_lutris,Sea otter,diet_largest_prey,Largest prey in published diet,included,11.99999999868408,tucker-rogers-2014-diet
enhydra_lutris,Sea otter,diet_smallest_prey,Smallest prey in published diet,included,0.0027299999997438063,tucker-rogers-2014-diet
enhydra_lutris,Sea otter,diet_prey_mass_span,Widest prey-size range,included,11.997270005177976,tucker-rogers-2014-diet
enhydra_lutris,Sea otter,diet_prey_mass_span__low,Narrowest prey-size range,included,11.997270005177976,tucker-rogers-2014-diet
enhydra_lutris,Sea otter,bird_range_area,Largest breeding range,no-approved-comparable-record,,
enhydra_lutris,Sea otter,mammal_range_area,Largest mapped range,no-approved-comparable-record,,
enhydra_lutris,Sea otter,mammal_range_area__low,Smallest mapped range,no-approved-comparable-record,,
enhydra_lutris,Sea otter,bird_range_area__low,Smallest breeding range,no-approved-comparable-record,,
enhydra_lutris,Sea otter,raw_egg_mass,Heaviest egg,no-approved-comparable-record,,
enhydra_lutris,Sea otter,raw_egg_mass__low,Lightest egg,no-approved-comparable-record,,
enhydra_lutris,Sea otter,scientific_description_age,Oldest scientific description,included,268,gbif-authorship-20261004
enhydra_lutris,Sea otter,scientific_description_age__low,Newest scientific description,included,268,gbif-authorship-20261004
enhydra_lutris,Sea otter,daily_rem_sleep,Most REM sleep,no-approved-comparable-record,,
enhydra_lutris,Sea otter,daily_sleep,Most time asleep,no-approved-comparable-record,,
enhydra_lutris,Sea otter,daily_rem_sleep__low,Least REM sleep,no-approved-comparable-record,,
enhydra_lutris,Sea otter,daily_sleep__low,Least time asleep,no-approved-comparable-record,,
enhydra_lutris,Sea otter,mapped_south_pole_distance,Farthest from South Pole,no-approved-comparable-record,,
enhydra_lutris,Sea otter,mapped_south_pole_distance__low,Closest to South Pole,no-approved-comparable-record,,
enhydra_lutris,Sea otter,mammal_tail_length_upper,Longest mammal tail,no-approved-comparable-record,,
enhydra_lutris,Sea otter,bird_tail_length,Longest tail feathers,no-approved-comparable-record,,
enhydra_lutris,Sea otter,mammal_tail_length_upper__low,Shortest mammal tail,no-approved-comparable-record,,
enhydra_lutris,Sea otter,bird_tail_length__low,Shortest tail feathers,no-approved-comparable-record,,
enhydra_lutris,Sea otter,adult_tooth_count,Most adult teeth,no-approved-comparable-record,,
enhydra_lutris,Sea otter,adult_tooth_count__low,Fewest adult teeth,no-approved-comparable-record,,
enhydra_lutris,Sea otter,behavioral_visual_acuity,Sharpest measured vision,no-approved-comparable-record,,
enhydra_lutris,Sea otter,behavioral_visual_acuity__low,Least sharp measured vision,no-approved-comparable-record,,
enhydra_lutris,Sea otter,weaning_mass,Heaviest at weaning,included,13425,anage-15
enhydra_lutris,Sea otter,raw_weaning_age,Longest time on milk,included,175.30786,amniote-raw-2015
enhydra_lutris,Sea otter,weaning_age,Longest time on milk,included,175,anage-15
enhydra_lutris,Sea otter,raw_weaning_age__low,Shortest time on milk,included,175.30786,amniote-raw-2015
enhydra_lutris,Sea otter,weaning_mass__low,Lightest at weaning,included,13425,anage-15
enhydra_lutris,Sea otter,weaning_age__low,Shortest time on milk,included,175,anage-15
enhydra_lutris,Sea otter,measured_wingspan,Largest wingspan,no-approved-comparable-record,,
enhydra_lutris,Sea otter,measured_wingspan__low,Smallest wingspan,no-approved-comparable-record,,
capra_hircus,Domestic goat,bird_beak_length,Longest beak,no-approved-comparable-record,,
capra_hircus,Domestic goat,bird_beak_length__low,Shortest beak,no-approved-comparable-record,,
capra_hircus,Domestic goat,weighed_brain_mass,Largest measured brain,no-approved-comparable-record,,
capra_hircus,Domestic goat,weighed_brain_mass__low,Smallest measured brain,no-approved-comparable-record,,
capra_hircus,Domestic goat,resting_breathing_frequency,Fastest breathing at rest,no-approved-comparable-record,,
capra_hircus,Domestic goat,resting_breathing_frequency__low,Slowest breathing at rest,no-approved-comparable-record,,
capra_hircus,Domestic goat,interbirth_interval,Longest gap between births,included,451,anage-15
capra_hircus,Domestic goat,litters_per_year,Most litters per year,included,1,anage-15
capra_hircus,Domestic goat,litters_per_year__low,Fewest litters per year,included,1,anage-15
capra_hircus,Domestic goat,interbirth_interval__low,Shortest gap between births,included,451,anage-15
capra_hircus,Domestic goat,recorded_chewing_rate,Fastest recorded chewing,included,100.0,gerstner-gerstein-2008
capra_hircus,Domestic goat,recorded_chewing_rate__low,Slowest recorded chewing,included,100.0,gerstner-gerstein-2008
capra_hircus,Domestic goat,iucn_extinction_risk,Most threatened,no-approved-comparable-record,,
capra_hircus,Domestic goat,iucn_extinction_risk__low,Least threatened,no-approved-comparable-record,,
capra_hircus,Domestic goat,habitat_depth_ceiling,Deepest water habitat,no-approved-comparable-record,,
capra_hircus,Domestic goat,habitat_depth_ceiling__low,Shallowest water limit,no-approved-comparable-record,,
capra_hircus,Domestic goat,diet_food_group_count,Most food groups,no-approved-comparable-record,,
capra_hircus,Domestic goat,diet_food_group_count__low,Fewest food groups,no-approved-comparable-record,,
capra_hircus,Domestic goat,raw_egg_length,Longest egg,no-approved-comparable-record,,
capra_hircus,Domestic goat,raw_egg_length__low,Shortest egg,no-approved-comparable-record,,
capra_hircus,Domestic goat,habitat_elevation_ceiling,Highest mountain habitat,no-approved-comparable-record,,
capra_hircus,Domestic goat,habitat_elevation_ceiling__low,Lowest mountain ceiling,no-approved-comparable-record,,
capra_hircus,Domestic goat,measured_eye_length,Largest eyes,included,25.84,veilleux-kirk-2014
capra_hircus,Domestic goat,measured_eye_length__low,Smallest eyes,included,25.84,veilleux-kirk-2014
capra_hircus,Domestic goat,cruising_flight_speed,Fastest cruising flight,no-approved-comparable-record,,
capra_hircus,Domestic goat,cruising_flight_speed__low,Slowest cruising flight,no-approved-comparable-record,,
capra_hircus,Domestic goat,raw_hatching_mass,Heaviest hatchling,no-approved-comparable-record,,
capra_hircus,Domestic goat,hatching_mass,Heaviest hatchling,no-approved-comparable-record,,
capra_hircus,Domestic goat,raw_hatching_mass__low,Lightest hatchling,no-approved-comparable-record,,
capra_hircus,Domestic goat,hatching_mass__low,Lightest hatchling,no-approved-comparable-record,,
capra_hircus,Domestic goat,raw_incubation,Longest wait to hatch,no-approved-comparable-record,,
capra_hircus,Domestic goat,incubation,Longest wait to hatch,no-approved-comparable-record,,
capra_hircus,Domestic goat,raw_incubation__low,Shortest wait to hatch,no-approved-comparable-record,,
capra_hircus,Domestic goat,incubation__low,Shortest wait to hatch,no-approved-comparable-record,,
capra_hircus,Domestic goat,adult_intestine_length,Longest intestine,no-approved-comparable-record,,
capra_hircus,Domestic goat,adult_intestine_length__low,Shortest intestine,no-approved-comparable-record,,
capra_hircus,Domestic goat,mapped_latitude_span,Widest north–south range,no-approved-comparable-record,,
capra_hircus,Domestic goat,mapped_latitude_span__low,Narrowest north–south range,no-approved-comparable-record,,
capra_hircus,Domestic goat,aquatic_length_upper,Longest aquatic body,no-approved-comparable-record,,
capra_hircus,Domestic goat,aquatic_length_upper__low,Shortest aquatic body,no-approved-comparable-record,,
capra_hircus,Domestic goat,wild_recorded_lifespan,Longest recorded wild life,no-approved-comparable-record,,
capra_hircus,Domestic goat,maximum_documented_lifespan,Longest documented lifespan,included,20.8,anage-15
capra_hircus,Domestic goat,ringing_longevity,Longest recorded wild life,no-approved-comparable-record,,
capra_hircus,Domestic goat,wild_recorded_lifespan__low,Shortest recorded wild life,no-approved-comparable-record,,
capra_hircus,Domestic goat,maximum_documented_lifespan__low,Shortest documented lifespan,included,20.8,anage-15
capra_hircus,Domestic goat,ringing_longevity__low,Shortest recorded wild life,no-approved-comparable-record,,
capra_hircus,Domestic goat,bird_mass,Heaviest adult,no-approved-comparable-record,,
capra_hircus,Domestic goat,adult_body_mass,Heaviest adult,included,61000,anage-15
capra_hircus,Domestic goat,bird_mass__low,Lightest adult,no-approved-comparable-record,,
capra_hircus,Domestic goat,adult_body_mass__low,Lightest adult,included,61000,anage-15
capra_hircus,Domestic goat,male_maturity,Latest male maturity,included,685,anage-15
capra_hircus,Domestic goat,female_maturity,Latest female maturity,included,406,anage-15
capra_hircus,Domestic goat,female_maturity__low,Earliest female maturity,included,406,anage-15
capra_hircus,Domestic goat,male_maturity__low,Earliest male maturity,included,685,anage-15
capra_hircus,Domestic goat,basal_energy,Most resting energy use,no-approved-comparable-record,,
capra_hircus,Domestic goat,mass_specific_basal_energy,Most resting energy per gram,no-approved-comparable-record,,
capra_hircus,Domestic goat,mass_specific_basal_energy__low,Least resting energy per gram,no-approved-comparable-record,,
capra_hircus,Domestic goat,basal_energy__low,Least resting energy use,no-approved-comparable-record,,
capra_hircus,Domestic goat,milk_fat_concentration,Fattiest milk,no-approved-comparable-record,,
capra_hircus,Domestic goat,milk_fat_concentration__low,Least fat in milk,no-approved-comparable-record,,
capra_hircus,Domestic goat,milk_protein_concentration,Most protein in milk,no-approved-comparable-record,,
capra_hircus,Domestic goat,milk_protein_concentration__low,Least protein in milk,no-approved-comparable-record,,
capra_hircus,Domestic goat,milk_sugar_concentration,Most sugar in milk,no-approved-comparable-record,,
capra_hircus,Domestic goat,milk_sugar_concentration__low,Least sugar in milk,no-approved-comparable-record,,
capra_hircus,Domestic goat,field_swim_speed,Fastest measured swimming,no-approved-comparable-record,,
capra_hircus,Domestic goat,field_swim_speed__low,Slowest measured swimming,no-approved-comparable-record,,
capra_hircus,Domestic goat,raw_birth_mass,Heaviest newborn,no-approved-comparable-record,,
capra_hircus,Domestic goat,birth_weight,Heaviest newborn,included,2250,anage-15
capra_hircus,Domestic goat,raw_birth_mass__low,Lightest newborn,no-approved-comparable-record,,
capra_hircus,Domestic goat,birth_weight__low,Lightest newborn,included,2250,anage-15
capra_hircus,Domestic goat,mapped_north_pole_distance,Farthest from North Pole,no-approved-comparable-record,,
capra_hircus,Domestic goat,mapped_north_pole_distance__low,Closest to North Pole,no-approved-comparable-record,,
capra_hircus,Domestic goat,raw_clutch_size,Most eggs per clutch,no-approved-comparable-record,,
capra_hircus,Domestic goat,litter_size,Most young per birth,included,1.5,anage-15
capra_hircus,Domestic goat,litter_size__low,Fewest young per birth,included,1.5,anage-15
capra_hircus,Domestic goat,raw_clutch_size__low,Fewest eggs per clutch,no-approved-comparable-record,,
capra_hircus,Domestic goat,gestation,Longest pregnancy,included,155,anage-15
capra_hircus,Domestic goat,raw_gestation,Longest pregnancy,no-approved-comparable-record,,
capra_hircus,Domestic goat,gestation__low,Shortest pregnancy,included,155,anage-15
capra_hircus,Domestic goat,raw_gestation__low,Shortest pregnancy,no-approved-comparable-record,,
capra_hircus,Domestic goat,diet_largest_prey,Largest prey in published diet,no-approved-comparable-record,,
capra_hircus,Domestic goat,diet_smallest_prey,Smallest prey in published diet,no-approved-comparable-record,,
capra_hircus,Domestic goat,diet_prey_mass_span,Widest prey-size range,no-approved-comparable-record,,
capra_hircus,Domestic goat,diet_prey_mass_span__low,Narrowest prey-size range,no-approved-comparable-record,,
capra_hircus,Domestic goat,bird_range_area,Largest breeding range,no-approved-comparable-record,,
capra_hircus,Domestic goat,mammal_range_area,Largest mapped range,no-approved-comparable-record,,
capra_hircus,Domestic goat,mammal_range_area__low,Smallest mapped range,no-approved-comparable-record,,
capra_hircus,Domestic goat,bird_range_area__low,Smallest breeding range,no-approved-comparable-record,,
capra_hircus,Domestic goat,raw_egg_mass,Heaviest egg,no-approved-comparable-record,,
capra_hircus,Domestic goat,raw_egg_mass__low,Lightest egg,no-approved-comparable-record,,
capra_hircus,Domestic goat,scientific_description_age,Oldest scientific description,included,268,gbif-authorship-20261004
capra_hircus,Domestic goat,scientific_description_age__low,Newest scientific description,included,268,gbif-authorship-20261004
capra_hircus,Domestic goat,daily_rem_sleep,Most REM sleep,no-approved-comparable-record,,
capra_hircus,Domestic goat,daily_sleep,Most time asleep,no-approved-comparable-record,,
capra_hircus,Domestic goat,daily_rem_sleep__low,Least REM sleep,no-approved-comparable-record,,
capra_hircus,Domestic goat,daily_sleep__low,Least time asleep,no-approved-comparable-record,,
capra_hircus,Domestic goat,mapped_south_pole_distance,Farthest from South Pole,no-approved-comparable-record,,
capra_hircus,Domestic goat,mapped_south_pole_distance__low,Closest to South Pole,no-approved-comparable-record,,
capra_hircus,Domestic goat,mammal_tail_length_upper,Longest mammal tail,no-approved-comparable-record,,
capra_hircus,Domestic goat,bird_tail_length,Longest tail feathers,no-approved-comparable-record,,
capra_hircus,Domestic goat,mammal_tail_length_upper__low,Shortest mammal tail,no-approved-comparable-record,,
capra_hircus,Domestic goat,bird_tail_length__low,Shortest tail feathers,no-approved-comparable-record,,
capra_hircus,Domestic goat,adult_tooth_count,Most adult teeth,no-approved-comparable-record,,
capra_hircus,Domestic goat,adult_tooth_count__low,Fewest adult teeth,no-approved-comparable-record,,
capra_hircus,Domestic goat,behavioral_visual_acuity,Sharpest measured vision,no-approved-comparable-record,,
capra_hircus,Domestic goat,behavioral_visual_acuity__low,Least sharp measured vision,no-approved-comparable-record,,
capra_hircus,Domestic goat,weaning_mass,Heaviest at weaning,no-approved-comparable-record,,
capra_hircus,Domestic goat,raw_weaning_age,Longest time on milk,no-approved-comparable-record,,
capra_hircus,Domestic goat,weaning_age,Longest time on milk,no-approved-comparable-record,,
capra_hircus,Domestic goat,raw_weaning_age__low,Shortest time on milk,no-approved-comparable-record,,
capra_hircus,Domestic goat,weaning_mass__low,Lightest at weaning,no-approved-comparable-record,,
capra_hircus,Domestic goat,weaning_age__low,Shortest time on milk,no-approved-comparable-record,,
capra_hircus,Domestic goat,measured_wingspan,Largest wingspan,no-approved-comparable-record,,
capra_hircus,Domestic goat,measured_wingspan__low,Smallest wingspan,no-approved-comparable-record,,
sus_scrofa,Wild boar,bird_beak_length,Longest beak,no-approved-comparable-record,,
sus_scrofa,Wild boar,bird_beak_length__low,Shortest beak,no-approved-comparable-record,,
sus_scrofa,Wild boar,weighed_brain_mass,Largest measured brain,no-approved-comparable-record,,
sus_scrofa,Wild boar,weighed_brain_mass__low,Smallest measured brain,no-approved-comparable-record,,
sus_scrofa,Wild boar,resting_breathing_frequency,Fastest breathing at rest,no-approved-comparable-record,,
sus_scrofa,Wild boar,resting_breathing_frequency__low,Slowest breathing at rest,no-approved-comparable-record,,
sus_scrofa,Wild boar,interbirth_interval,Longest gap between births,included,230,anage-15
sus_scrofa,Wild boar,litters_per_year,Most litters per year,included,1.5,anage-15
sus_scrofa,Wild boar,litters_per_year__low,Fewest litters per year,included,1.5,anage-15
sus_scrofa,Wild boar,interbirth_interval__low,Shortest gap between births,included,230,anage-15
sus_scrofa,Wild boar,recorded_chewing_rate,Fastest recorded chewing,included,181.8181818181818,gerstner-gerstein-2008
sus_scrofa,Wild boar,recorded_chewing_rate__low,Slowest recorded chewing,included,181.8181818181818,gerstner-gerstein-2008
sus_scrofa,Wild boar,iucn_extinction_risk,Most threatened,included,1,iucn-gbif-20260728
sus_scrofa,Wild boar,iucn_extinction_risk__low,Least threatened,included,1,iucn-gbif-20260728
sus_scrofa,Wild boar,habitat_depth_ceiling,Deepest water habitat,no-approved-comparable-record,,
sus_scrofa,Wild boar,habitat_depth_ceiling__low,Shallowest water limit,no-approved-comparable-record,,
sus_scrofa,Wild boar,diet_food_group_count,Most food groups,included,4,reuter-2023-observed-food-groups
sus_scrofa,Wild boar,diet_food_group_count__low,Fewest food groups,included,4,reuter-2023-observed-food-groups
sus_scrofa,Wild boar,raw_egg_length,Longest egg,no-approved-comparable-record,,
sus_scrofa,Wild boar,raw_egg_length__low,Shortest egg,no-approved-comparable-record,,
sus_scrofa,Wild boar,habitat_elevation_ceiling,Highest mountain habitat,no-approved-comparable-record,,
sus_scrofa,Wild boar,habitat_elevation_ceiling__low,Lowest mountain ceiling,no-approved-comparable-record,,
sus_scrofa,Wild boar,measured_eye_length,Largest eyes,included,24.8,veilleux-kirk-2014
sus_scrofa,Wild boar,measured_eye_length__low,Smallest eyes,included,24.8,veilleux-kirk-2014
sus_scrofa,Wild boar,cruising_flight_speed,Fastest cruising flight,no-approved-comparable-record,,
sus_scrofa,Wild boar,cruising_flight_speed__low,Slowest cruising flight,no-approved-comparable-record,,
sus_scrofa,Wild boar,raw_hatching_mass,Heaviest hatchling,no-approved-comparable-record,,
sus_scrofa,Wild boar,hatching_mass,Heaviest hatchling,no-approved-comparable-record,,
sus_scrofa,Wild boar,raw_hatching_mass__low,Lightest hatchling,no-approved-comparable-record,,
sus_scrofa,Wild boar,hatching_mass__low,Lightest hatchling,no-approved-comparable-record,,
sus_scrofa,Wild boar,raw_incubation,Longest wait to hatch,no-approved-comparable-record,,
sus_scrofa,Wild boar,incubation,Longest wait to hatch,no-approved-comparable-record,,
sus_scrofa,Wild boar,raw_incubation__low,Shortest wait to hatch,no-approved-comparable-record,,
sus_scrofa,Wild boar,incubation__low,Shortest wait to hatch,no-approved-comparable-record,,
sus_scrofa,Wild boar,adult_intestine_length,Longest intestine,no-approved-comparable-record,,
sus_scrofa,Wild boar,adult_intestine_length__low,Shortest intestine,no-approved-comparable-record,,
sus_scrofa,Wild boar,mapped_latitude_span,Widest north–south range,included,68.77,pantheria-range-maps
sus_scrofa,Wild boar,mapped_latitude_span__low,Narrowest north–south range,included,68.77,pantheria-range-maps
sus_scrofa,Wild boar,aquatic_length_upper,Longest aquatic body,no-approved-comparable-record,,
sus_scrofa,Wild boar,aquatic_length_upper__low,Shortest aquatic body,no-approved-comparable-record,,
sus_scrofa,Wild boar,wild_recorded_lifespan,Longest recorded wild life,no-approved-comparable-record,,
sus_scrofa,Wild boar,maximum_documented_lifespan,Longest documented lifespan,included,27,anage-15
sus_scrofa,Wild boar,ringing_longevity,Longest recorded wild life,no-approved-comparable-record,,
sus_scrofa,Wild boar,wild_recorded_lifespan__low,Shortest recorded wild life,no-approved-comparable-record,,
sus_scrofa,Wild boar,maximum_documented_lifespan__low,Shortest documented lifespan,included,27,anage-15
sus_scrofa,Wild boar,ringing_longevity__low,Shortest recorded wild life,no-approved-comparable-record,,
sus_scrofa,Wild boar,bird_mass,Heaviest adult,no-approved-comparable-record,,
sus_scrofa,Wild boar,adult_body_mass,Heaviest adult,included,130000,anage-15
sus_scrofa,Wild boar,bird_mass__low,Lightest adult,no-approved-comparable-record,,
sus_scrofa,Wild boar,adult_body_mass__low,Lightest adult,included,130000,anage-15
sus_scrofa,Wild boar,male_maturity,Latest male maturity,included,768,anage-15
sus_scrofa,Wild boar,female_maturity,Latest female maturity,included,334,anage-15
sus_scrofa,Wild boar,female_maturity__low,Earliest female maturity,included,334,anage-15
sus_scrofa,Wild boar,male_maturity__low,Earliest male maturity,included,768,anage-15
sus_scrofa,Wild boar,basal_energy,Most resting energy use,no-approved-comparable-record,,
sus_scrofa,Wild boar,mass_specific_basal_energy,Most resting energy per gram,no-approved-comparable-record,,
sus_scrofa,Wild boar,mass_specific_basal_energy__low,Least resting energy per gram,no-approved-comparable-record,,
sus_scrofa,Wild boar,basal_energy__low,Least resting energy use,no-approved-comparable-record,,
sus_scrofa,Wild boar,milk_fat_concentration,Fattiest milk,no-approved-comparable-record,,
sus_scrofa,Wild boar,milk_fat_concentration__low,Least fat in milk,no-approved-comparable-record,,
sus_scrofa,Wild boar,milk_protein_concentration,Most protein in milk,no-approved-comparable-record,,
sus_scrofa,Wild boar,milk_protein_concentration__low,Least protein in milk,no-approved-comparable-record,,
sus_scrofa,Wild boar,milk_sugar_concentration,Most sugar in milk,no-approved-comparable-record,,
sus_scrofa,Wild boar,milk_sugar_concentration__low,Least sugar in milk,no-approved-comparable-record,,
sus_scrofa,Wild boar,field_swim_speed,Fastest measured swimming,no-approved-comparable-record,,
sus_scrofa,Wild boar,field_swim_speed__low,Slowest measured swimming,no-approved-comparable-record,,
sus_scrofa,Wild boar,raw_birth_mass,Heaviest newborn,no-approved-comparable-record,,
sus_scrofa,Wild boar,birth_weight,Heaviest newborn,included,960,anage-15
sus_scrofa,Wild boar,raw_birth_mass__low,Lightest newborn,no-approved-comparable-record,,
sus_scrofa,Wild boar,birth_weight__low,Lightest newborn,included,960,anage-15
sus_scrofa,Wild boar,mapped_north_pole_distance,Farthest from North Pole,included,30.01,pantheria-range-maps
sus_scrofa,Wild boar,mapped_north_pole_distance__low,Closest to North Pole,included,30.01,pantheria-range-maps
sus_scrofa,Wild boar,raw_clutch_size,Most eggs per clutch,no-approved-comparable-record,,
sus_scrofa,Wild boar,litter_size,Most young per birth,included,7,anage-15
sus_scrofa,Wild boar,litter_size__low,Fewest young per birth,included,7,anage-15
sus_scrofa,Wild boar,raw_clutch_size__low,Fewest eggs per clutch,no-approved-comparable-record,,
sus_scrofa,Wild boar,gestation,Longest pregnancy,included,115,anage-15
sus_scrofa,Wild boar,raw_gestation,Longest pregnancy,no-approved-comparable-record,,
sus_scrofa,Wild boar,gestation__low,Shortest pregnancy,included,115,anage-15
sus_scrofa,Wild boar,raw_gestation__low,Shortest pregnancy,no-approved-comparable-record,,
sus_scrofa,Wild boar,diet_largest_prey,Largest prey in published diet,no-approved-comparable-record,,
sus_scrofa,Wild boar,diet_smallest_prey,Smallest prey in published diet,no-approved-comparable-record,,
sus_scrofa,Wild boar,diet_prey_mass_span,Widest prey-size range,no-approved-comparable-record,,
sus_scrofa,Wild boar,diet_prey_mass_span__low,Narrowest prey-size range,no-approved-comparable-record,,
sus_scrofa,Wild boar,bird_range_area,Largest breeding range,no-approved-comparable-record,,
sus_scrofa,Wild boar,mammal_range_area,Largest mapped range,included,25951693.02,pantheria-range-maps
sus_scrofa,Wild boar,mammal_range_area__low,Smallest mapped range,included,25951693.02,pantheria-range-maps
sus_scrofa,Wild boar,bird_range_area__low,Smallest breeding range,no-approved-comparable-record,,
sus_scrofa,Wild boar,raw_egg_mass,Heaviest egg,no-approved-comparable-record,,
sus_scrofa,Wild boar,raw_egg_mass__low,Lightest egg,no-approved-comparable-record,,
sus_scrofa,Wild boar,scientific_description_age,Oldest scientific description,included,268,gbif-authorship-20261004
sus_scrofa,Wild boar,scientific_description_age__low,Newest scientific description,included,268,gbif-authorship-20261004
sus_scrofa,Wild boar,daily_rem_sleep,Most REM sleep,no-approved-comparable-record,,
sus_scrofa,Wild boar,daily_sleep,Most time asleep,no-approved-comparable-record,,
sus_scrofa,Wild boar,daily_rem_sleep__low,Least REM sleep,no-approved-comparable-record,,
sus_scrofa,Wild boar,daily_sleep__low,Least time asleep,no-approved-comparable-record,,
sus_scrofa,Wild boar,mapped_south_pole_distance,Farthest from South Pole,included,81.22,pantheria-range-maps
sus_scrofa,Wild boar,mapped_south_pole_distance__low,Closest to South Pole,included,81.22,pantheria-range-maps
sus_scrofa,Wild boar,mammal_tail_length_upper,Longest mammal tail,no-approved-comparable-record,,
sus_scrofa,Wild boar,bird_tail_length,Longest tail feathers,no-approved-comparable-record,,
sus_scrofa,Wild boar,mammal_tail_length_upper__low,Shortest mammal tail,no-approved-comparable-record,,
sus_scrofa,Wild boar,bird_tail_length__low,Shortest tail feathers,no-approved-comparable-record,,
sus_scrofa,Wild boar,adult_tooth_count,Most adult teeth,no-approved-comparable-record,,
sus_scrofa,Wild boar,adult_tooth_count__low,Fewest adult teeth,no-approved-comparable-record,,
sus_scrofa,Wild boar,behavioral_visual_acuity,Sharpest measured vision,no-approved-comparable-record,,
sus_scrofa,Wild boar,behavioral_visual_acuity__low,Least sharp measured vision,no-approved-comparable-record,,
sus_scrofa,Wild boar,weaning_mass,Heaviest at weaning,no-approved-comparable-record,,
sus_scrofa,Wild boar,raw_weaning_age,Longest time on milk,no-approved-comparable-record,,
sus_scrofa,Wild boar,weaning_age,Longest time on milk,no-approved-comparable-record,,
sus_scrofa,Wild boar,raw_weaning_age__low,Shortest time on milk,no-approved-comparable-record,,
sus_scrofa,Wild boar,weaning_mass__low,Lightest at weaning,no-approved-comparable-record,,
sus_scrofa,Wild boar,weaning_age__low,Shortest time on milk,no-approved-comparable-record,,
sus_scrofa,Wild boar,measured_wingspan,Largest wingspan,no-approved-comparable-record,,
sus_scrofa,Wild boar,measured_wingspan__low,Smallest wingspan,no-approved-comparable-record,,
procyon_lotor,Raccoon,bird_beak_length,Longest beak,no-approved-comparable-record,,
procyon_lotor,Raccoon,bird_beak_length__low,Shortest beak,no-approved-comparable-record,,
procyon_lotor,Raccoon,weighed_brain_mass,Largest measured brain,included,40.25,animaltraits-2022
procyon_lotor,Raccoon,weighed_brain_mass__low,Smallest measured brain,included,40.25,animaltraits-2022
procyon_lotor,Raccoon,resting_breathing_frequency,Fastest breathing at rest,no-approved-comparable-record,,
procyon_lotor,Raccoon,resting_breathing_frequency__low,Slowest breathing at rest,no-approved-comparable-record,,
procyon_lotor,Raccoon,interbirth_interval,Longest gap between births,included,365,anage-15
procyon_lotor,Raccoon,litters_per_year,Most litters per year,included,1,anage-15
procyon_lotor,Raccoon,litters_per_year__low,Fewest litters per year,included,1,anage-15
procyon_lotor,Raccoon,interbirth_interval__low,Shortest gap between births,included,365,anage-15
procyon_lotor,Raccoon,recorded_chewing_rate,Fastest recorded chewing,included,205.4794520547945,gerstner-gerstein-2008
procyon_lotor,Raccoon,recorded_chewing_rate__low,Slowest recorded chewing,included,205.4794520547945,gerstner-gerstein-2008
procyon_lotor,Raccoon,iucn_extinction_risk,Most threatened,included,1,iucn-gbif-20260728
procyon_lotor,Raccoon,iucn_extinction_risk__low,Least threatened,included,1,iucn-gbif-20260728
procyon_lotor,Raccoon,habitat_depth_ceiling,Deepest water habitat,no-approved-comparable-record,,
procyon_lotor,Raccoon,habitat_depth_ceiling__low,Shallowest water limit,no-approved-comparable-record,,
procyon_lotor,Raccoon,diet_food_group_count,Most food groups,included,3,reuter-2023-observed-food-groups
procyon_lotor,Raccoon,diet_food_group_count__low,Fewest food groups,included,3,reuter-2023-observed-food-groups
procyon_lotor,Raccoon,raw_egg_length,Longest egg,no-approved-comparable-record,,
procyon_lotor,Raccoon,raw_egg_length__low,Shortest egg,no-approved-comparable-record,,
procyon_lotor,Raccoon,habitat_elevation_ceiling,Highest mountain habitat,no-approved-comparable-record,,
procyon_lotor,Raccoon,habitat_elevation_ceiling__low,Lowest mountain ceiling,no-approved-comparable-record,,
procyon_lotor,Raccoon,measured_eye_length,Largest eyes,no-approved-comparable-record,,
procyon_lotor,Raccoon,measured_eye_length__low,Smallest eyes,no-approved-comparable-record,,
procyon_lotor,Raccoon,cruising_flight_speed,Fastest cruising flight,no-approved-comparable-record,,
procyon_lotor,Raccoon,cruising_flight_speed__low,Slowest cruising flight,no-approved-comparable-record,,
procyon_lotor,Raccoon,raw_hatching_mass,Heaviest hatchling,no-approved-comparable-record,,
procyon_lotor,Raccoon,hatching_mass,Heaviest hatchling,no-approved-comparable-record,,
procyon_lotor,Raccoon,raw_hatching_mass__low,Lightest hatchling,no-approved-comparable-record,,
procyon_lotor,Raccoon,hatching_mass__low,Lightest hatchling,no-approved-comparable-record,,
procyon_lotor,Raccoon,raw_incubation,Longest wait to hatch,no-approved-comparable-record,,
procyon_lotor,Raccoon,incubation,Longest wait to hatch,no-approved-comparable-record,,
procyon_lotor,Raccoon,raw_incubation__low,Shortest wait to hatch,no-approved-comparable-record,,
procyon_lotor,Raccoon,incubation__low,Shortest wait to hatch,no-approved-comparable-record,,
procyon_lotor,Raccoon,adult_intestine_length,Longest intestine,no-approved-comparable-record,,
procyon_lotor,Raccoon,adult_intestine_length__low,Shortest intestine,no-approved-comparable-record,,
procyon_lotor,Raccoon,mapped_latitude_span,Widest north–south range,included,51.59,pantheria-range-maps
procyon_lotor,Raccoon,mapped_latitude_span__low,Narrowest north–south range,included,51.59,pantheria-range-maps
procyon_lotor,Raccoon,aquatic_length_upper,Longest aquatic body,no-approved-comparable-record,,
procyon_lotor,Raccoon,aquatic_length_upper__low,Shortest aquatic body,no-approved-comparable-record,,
procyon_lotor,Raccoon,wild_recorded_lifespan,Longest recorded wild life,no-approved-comparable-record,,
procyon_lotor,Raccoon,maximum_documented_lifespan,Longest documented lifespan,included,21,anage-15
procyon_lotor,Raccoon,ringing_longevity,Longest recorded wild life,no-approved-comparable-record,,
procyon_lotor,Raccoon,wild_recorded_lifespan__low,Shortest recorded wild life,no-approved-comparable-record,,
procyon_lotor,Raccoon,maximum_documented_lifespan__low,Shortest documented lifespan,included,21,anage-15
procyon_lotor,Raccoon,ringing_longevity__low,Shortest recorded wild life,no-approved-comparable-record,,
procyon_lotor,Raccoon,bird_mass,Heaviest adult,no-approved-comparable-record,,
procyon_lotor,Raccoon,adult_body_mass,Heaviest adult,included,6000,anage-15
procyon_lotor,Raccoon,bird_mass__low,Lightest adult,no-approved-comparable-record,,
procyon_lotor,Raccoon,adult_body_mass__low,Lightest adult,included,6000,anage-15
procyon_lotor,Raccoon,male_maturity,Latest male maturity,included,365,anage-15
procyon_lotor,Raccoon,female_maturity,Latest female maturity,included,365,anage-15
procyon_lotor,Raccoon,female_maturity__low,Earliest female maturity,included,365,anage-15
procyon_lotor,Raccoon,male_maturity__low,Earliest male maturity,included,365,anage-15
procyon_lotor,Raccoon,basal_energy,Most resting energy use,no-approved-comparable-record,,
procyon_lotor,Raccoon,mass_specific_basal_energy,Most resting energy per gram,no-approved-comparable-record,,
procyon_lotor,Raccoon,mass_specific_basal_energy__low,Least resting energy per gram,no-approved-comparable-record,,
procyon_lotor,Raccoon,basal_energy__low,Least resting energy use,no-approved-comparable-record,,
procyon_lotor,Raccoon,milk_fat_concentration,Fattiest milk,no-approved-comparable-record,,
procyon_lotor,Raccoon,milk_fat_concentration__low,Least fat in milk,no-approved-comparable-record,,
procyon_lotor,Raccoon,milk_protein_concentration,Most protein in milk,no-approved-comparable-record,,
procyon_lotor,Raccoon,milk_protein_concentration__low,Least protein in milk,no-approved-comparable-record,,
procyon_lotor,Raccoon,milk_sugar_concentration,Most sugar in milk,no-approved-comparable-record,,
procyon_lotor,Raccoon,milk_sugar_concentration__low,Least sugar in milk,no-approved-comparable-record,,
procyon_lotor,Raccoon,field_swim_speed,Fastest measured swimming,no-approved-comparable-record,,
procyon_lotor,Raccoon,field_swim_speed__low,Slowest measured swimming,no-approved-comparable-record,,
procyon_lotor,Raccoon,raw_birth_mass,Heaviest newborn,no-approved-comparable-record,,
procyon_lotor,Raccoon,birth_weight,Heaviest newborn,included,80,anage-15
procyon_lotor,Raccoon,raw_birth_mass__low,Lightest newborn,no-approved-comparable-record,,
procyon_lotor,Raccoon,birth_weight__low,Lightest newborn,included,80,anage-15
procyon_lotor,Raccoon,mapped_north_pole_distance,Farthest from North Pole,included,31.22,pantheria-range-maps
procyon_lotor,Raccoon,mapped_north_pole_distance__low,Closest to North Pole,included,31.22,pantheria-range-maps
procyon_lotor,Raccoon,raw_clutch_size,Most eggs per clutch,no-approved-comparable-record,,
procyon_lotor,Raccoon,litter_size,Most young per birth,included,4,anage-15
procyon_lotor,Raccoon,litter_size__low,Fewest young per birth,included,4,anage-15
procyon_lotor,Raccoon,raw_clutch_size__low,Fewest eggs per clutch,no-approved-comparable-record,,
procyon_lotor,Raccoon,gestation,Longest pregnancy,included,63,anage-15
procyon_lotor,Raccoon,raw_gestation,Longest pregnancy,no-approved-comparable-record,,
procyon_lotor,Raccoon,gestation__low,Shortest pregnancy,included,63,anage-15
procyon_lotor,Raccoon,raw_gestation__low,Shortest pregnancy,no-approved-comparable-record,,
procyon_lotor,Raccoon,diet_largest_prey,Largest prey in published diet,included,4.500000002327806,tucker-rogers-2014-diet
procyon_lotor,Raccoon,diet_smallest_prey,Smallest prey in published diet,included,0.00013100000010383487,tucker-rogers-2014-diet
procyon_lotor,Raccoon,diet_prey_mass_span,Widest prey-size range,included,4.4998690021095715,tucker-rogers-2014-diet
procyon_lotor,Raccoon,diet_prey_mass_span__low,Narrowest prey-size range,included,4.4998690021095715,tucker-rogers-2014-diet
procyon_lotor,Raccoon,bird_range_area,Largest breeding range,no-approved-comparable-record,,
procyon_lotor,Raccoon,mammal_range_area,Largest mapped range,included,11703644.72,pantheria-range-maps
procyon_lotor,Raccoon,mammal_range_area__low,Smallest mapped range,included,11703644.72,pantheria-range-maps
procyon_lotor,Raccoon,bird_range_area__low,Smallest breeding range,no-approved-comparable-record,,
procyon_lotor,Raccoon,raw_egg_mass,Heaviest egg,no-approved-comparable-record,,
procyon_lotor,Raccoon,raw_egg_mass__low,Lightest egg,no-approved-comparable-record,,
procyon_lotor,Raccoon,scientific_description_age,Oldest scientific description,included,268,gbif-authorship-20261004
procyon_lotor,Raccoon,scientific_description_age__low,Newest scientific description,included,268,gbif-authorship-20261004
procyon_lotor,Raccoon,daily_rem_sleep,Most REM sleep,no-approved-comparable-record,,
procyon_lotor,Raccoon,daily_sleep,Most time asleep,no-approved-comparable-record,,
procyon_lotor,Raccoon,daily_rem_sleep__low,Least REM sleep,no-approved-comparable-record,,
procyon_lotor,Raccoon,daily_sleep__low,Least time asleep,no-approved-comparable-record,,
procyon_lotor,Raccoon,mapped_south_pole_distance,Farthest from South Pole,included,97.19,pantheria-range-maps
procyon_lotor,Raccoon,mapped_south_pole_distance__low,Closest to South Pole,included,97.19,pantheria-range-maps
procyon_lotor,Raccoon,mammal_tail_length_upper,Longest mammal tail,no-approved-comparable-record,,
procyon_lotor,Raccoon,bird_tail_length,Longest tail feathers,no-approved-comparable-record,,
procyon_lotor,Raccoon,mammal_tail_length_upper__low,Shortest mammal tail,no-approved-comparable-record,,
procyon_lotor,Raccoon,bird_tail_length__low,Shortest tail feathers,no-approved-comparable-record,,
procyon_lotor,Raccoon,adult_tooth_count,Most adult teeth,no-approved-comparable-record,,
procyon_lotor,Raccoon,adult_tooth_count__low,Fewest adult teeth,no-approved-comparable-record,,
procyon_lotor,Raccoon,behavioral_visual_acuity,Sharpest measured vision,no-approved-comparable-record,,
procyon_lotor,Raccoon,behavioral_visual_acuity__low,Least sharp measured vision,no-approved-comparable-record,,
procyon_lotor,Raccoon,weaning_mass,Heaviest at weaning,included,1175,anage-15
procyon_lotor,Raccoon,raw_weaning_age,Longest time on milk,no-approved-comparable-record,,
procyon_lotor,Raccoon,weaning_age,Longest time on milk,included,91,anage-15
procyon_lotor,Raccoon,raw_weaning_age__low,Shortest time on milk,no-approved-comparable-record,,
procyon_lotor,Raccoon,weaning_mass__low,Lightest at weaning,included,1175,anage-15
procyon_lotor,Raccoon,weaning_age__low,Shortest time on milk,included,91,anage-15
procyon_lotor,Raccoon,measured_wingspan,Largest wingspan,no-approved-comparable-record,,
procyon_lotor,Raccoon,measured_wingspan__low,Smallest wingspan,no-approved-comparable-record,,
meles_meles,European badger,bird_beak_length,Longest beak,no-approved-comparable-record,,
meles_meles,European badger,bird_beak_length__low,Shortest beak,no-approved-comparable-record,,
meles_meles,European badger,weighed_brain_mass,Largest measured brain,no-approved-comparable-record,,
meles_meles,European badger,weighed_brain_mass__low,Smallest measured brain,no-approved-comparable-record,,
meles_meles,European badger,resting_breathing_frequency,Fastest breathing at rest,no-approved-comparable-record,,
meles_meles,European badger,resting_breathing_frequency__low,Slowest breathing at rest,no-approved-comparable-record,,
meles_meles,European badger,interbirth_interval,Longest gap between births,included,365,anage-15
meles_meles,European badger,litters_per_year,Most litters per year,included,1,anage-15
meles_meles,European badger,litters_per_year__low,Fewest litters per year,included,1,anage-15
meles_meles,European badger,interbirth_interval__low,Shortest gap between births,included,365,anage-15
meles_meles,European badger,recorded_chewing_rate,Fastest recorded chewing,no-approved-comparable-record,,
meles_meles,European badger,recorded_chewing_rate__low,Slowest recorded chewing,no-approved-comparable-record,,
meles_meles,European badger,iucn_extinction_risk,Most threatened,included,1,iucn-gbif-20260728
meles_meles,European badger,iucn_extinction_risk__low,Least threatened,included,1,iucn-gbif-20260728
meles_meles,European badger,habitat_depth_ceiling,Deepest water habitat,no-approved-comparable-record,,
meles_meles,European badger,habitat_depth_ceiling__low,Shallowest water limit,no-approved-comparable-record,,
meles_meles,European badger,diet_food_group_count,Most food groups,included,4,reuter-2023-observed-food-groups
meles_meles,European badger,diet_food_group_count__low,Fewest food groups,included,4,reuter-2023-observed-food-groups
meles_meles,European badger,raw_egg_length,Longest egg,no-approved-comparable-record,,
meles_meles,European badger,raw_egg_length__low,Shortest egg,no-approved-comparable-record,,
meles_meles,European badger,habitat_elevation_ceiling,Highest mountain habitat,no-approved-comparable-record,,
meles_meles,European badger,habitat_elevation_ceiling__low,Lowest mountain ceiling,no-approved-comparable-record,,
meles_meles,European badger,measured_eye_length,Largest eyes,no-approved-comparable-record,,
meles_meles,European badger,measured_eye_length__low,Smallest eyes,no-approved-comparable-record,,
meles_meles,European badger,cruising_flight_speed,Fastest cruising flight,no-approved-comparable-record,,
meles_meles,European badger,cruising_flight_speed__low,Slowest cruising flight,no-approved-comparable-record,,
meles_meles,European badger,raw_hatching_mass,Heaviest hatchling,no-approved-comparable-record,,
meles_meles,European badger,hatching_mass,Heaviest hatchling,no-approved-comparable-record,,
meles_meles,European badger,raw_hatching_mass__low,Lightest hatchling,no-approved-comparable-record,,
meles_meles,European badger,hatching_mass__low,Lightest hatchling,no-approved-comparable-record,,
meles_meles,European badger,raw_incubation,Longest wait to hatch,no-approved-comparable-record,,
meles_meles,European badger,incubation,Longest wait to hatch,no-approved-comparable-record,,
meles_meles,European badger,raw_incubation__low,Shortest wait to hatch,no-approved-comparable-record,,
meles_meles,European badger,incubation__low,Shortest wait to hatch,no-approved-comparable-record,,
meles_meles,European badger,adult_intestine_length,Longest intestine,no-approved-comparable-record,,
meles_meles,European badger,adult_intestine_length__low,Shortest intestine,no-approved-comparable-record,,
meles_meles,European badger,mapped_latitude_span,Widest north–south range,no-approved-comparable-record,,
meles_meles,European badger,mapped_latitude_span__low,Narrowest north–south range,no-approved-comparable-record,,
meles_meles,European badger,aquatic_length_upper,Longest aquatic body,no-approved-comparable-record,,
meles_meles,European badger,aquatic_length_upper__low,Shortest aquatic body,no-approved-comparable-record,,
meles_meles,European badger,wild_recorded_lifespan,Longest recorded wild life,no-approved-comparable-record,,
meles_meles,European badger,maximum_documented_lifespan,Longest documented lifespan,included,18.6,anage-15
meles_meles,European badger,ringing_longevity,Longest recorded wild life,no-approved-comparable-record,,
meles_meles,European badger,wild_recorded_lifespan__low,Shortest recorded wild life,no-approved-comparable-record,,
meles_meles,European badger,maximum_documented_lifespan__low,Shortest documented lifespan,included,18.6,anage-15
meles_meles,European badger,ringing_longevity__low,Shortest recorded wild life,no-approved-comparable-record,,
meles_meles,European badger,bird_mass,Heaviest adult,no-approved-comparable-record,,
meles_meles,European badger,adult_body_mass,Heaviest adult,included,13000,anage-15
meles_meles,European badger,bird_mass__low,Lightest adult,no-approved-comparable-record,,
meles_meles,European badger,adult_body_mass__low,Lightest adult,included,13000,anage-15
meles_meles,European badger,male_maturity,Latest male maturity,included,365,anage-15
meles_meles,European badger,female_maturity,Latest female maturity,included,365,anage-15
meles_meles,European badger,female_maturity__low,Earliest female maturity,included,365,anage-15
meles_meles,European badger,male_maturity__low,Earliest male maturity,included,365,anage-15
meles_meles,European badger,basal_energy,Most resting energy use,no-approved-comparable-record,,
meles_meles,European badger,mass_specific_basal_energy,Most resting energy per gram,no-approved-comparable-record,,
meles_meles,European badger,mass_specific_basal_energy__low,Least resting energy per gram,no-approved-comparable-record,,
meles_meles,European badger,basal_energy__low,Least resting energy use,no-approved-comparable-record,,
meles_meles,European badger,milk_fat_concentration,Fattiest milk,no-approved-comparable-record,,
meles_meles,European badger,milk_fat_concentration__low,Least fat in milk,no-approved-comparable-record,,
meles_meles,European badger,milk_protein_concentration,Most protein in milk,no-approved-comparable-record,,
meles_meles,European badger,milk_protein_concentration__low,Least protein in milk,no-approved-comparable-record,,
meles_meles,European badger,milk_sugar_concentration,Most sugar in milk,no-approved-comparable-record,,
meles_meles,European badger,milk_sugar_concentration__low,Least sugar in milk,no-approved-comparable-record,,
meles_meles,European badger,field_swim_speed,Fastest measured swimming,no-approved-comparable-record,,
meles_meles,European badger,field_swim_speed__low,Slowest measured swimming,no-approved-comparable-record,,
meles_meles,European badger,raw_birth_mass,Heaviest newborn,no-approved-comparable-record,,
meles_meles,European badger,birth_weight,Heaviest newborn,included,80,anage-15
meles_meles,European badger,raw_birth_mass__low,Lightest newborn,no-approved-comparable-record,,
meles_meles,European badger,birth_weight__low,Lightest newborn,included,80,anage-15
meles_meles,European badger,mapped_north_pole_distance,Farthest from North Pole,no-approved-comparable-record,,
meles_meles,European badger,mapped_north_pole_distance__low,Closest to North Pole,no-approved-comparable-record,,
meles_meles,European badger,raw_clutch_size,Most eggs per clutch,no-approved-comparable-record,,
meles_meles,European badger,litter_size,Most young per birth,included,3,anage-15
meles_meles,European badger,litter_size__low,Fewest young per birth,included,3,anage-15
meles_meles,European badger,raw_clutch_size__low,Fewest eggs per clutch,no-approved-comparable-record,,
meles_meles,European badger,gestation,Longest pregnancy,included,49,anage-15
meles_meles,European badger,raw_gestation,Longest pregnancy,no-approved-comparable-record,,
meles_meles,European badger,gestation__low,Shortest pregnancy,included,49,anage-15
meles_meles,European badger,raw_gestation__low,Shortest pregnancy,no-approved-comparable-record,,
meles_meles,European badger,diet_largest_prey,Largest prey in published diet,included,0.0875299999057795,tucker-rogers-2014-diet
meles_meles,European badger,diet_smallest_prey,Smallest prey in published diet,included,0.001874999999724823,tucker-rogers-2014-diet
meles_meles,European badger,diet_prey_mass_span,Widest prey-size range,included,0.08565499991697356,tucker-rogers-2014-diet
meles_meles,European badger,diet_prey_mass_span__low,Narrowest prey-size range,included,0.08565499991697356,tucker-rogers-2014-diet
meles_meles,European badger,bird_range_area,Largest breeding range,no-approved-comparable-record,,
meles_meles,European badger,mammal_range_area,Largest mapped range,no-approved-comparable-record,,
meles_meles,European badger,mammal_range_area__low,Smallest mapped range,no-approved-comparable-record,,
meles_meles,European badger,bird_range_area__low,Smallest breeding range,no-approved-comparable-record,,
meles_meles,European badger,raw_egg_mass,Heaviest egg,no-approved-comparable-record,,
meles_meles,European badger,raw_egg_mass__low,Lightest egg,no-approved-comparable-record,,
meles_meles,European badger,scientific_description_age,Oldest scientific description,included,268,gbif-authorship-20261004
meles_meles,European badger,scientific_description_age__low,Newest scientific description,included,268,gbif-authorship-20261004
meles_meles,European badger,daily_rem_sleep,Most REM sleep,no-approved-comparable-record,,
meles_meles,European badger,daily_sleep,Most time asleep,no-approved-comparable-record,,
meles_meles,European badger,daily_rem_sleep__low,Least REM sleep,no-approved-comparable-record,,
meles_meles,European badger,daily_sleep__low,Least time asleep,no-approved-comparable-record,,
meles_meles,European badger,mapped_south_pole_distance,Farthest from South Pole,no-approved-comparable-record,,
meles_meles,European badger,mapped_south_pole_distance__low,Closest to South Pole,no-approved-comparable-record,,
meles_meles,European badger,mammal_tail_length_upper,Longest mammal tail,no-approved-comparable-record,,
meles_meles,European badger,bird_tail_length,Longest tail feathers,no-approved-comparable-record,,
meles_meles,European badger,mammal_tail_length_upper__low,Shortest mammal tail,no-approved-comparable-record,,
meles_meles,European badger,bird_tail_length__low,Shortest tail feathers,no-approved-comparable-record,,
meles_meles,European badger,adult_tooth_count,Most adult teeth,no-approved-comparable-record,,
meles_meles,European badger,adult_tooth_count__low,Fewest adult teeth,no-approved-comparable-record,,
meles_meles,European badger,behavioral_visual_acuity,Sharpest measured vision,no-approved-comparable-record,,
meles_meles,European badger,behavioral_visual_acuity__low,Least sharp measured vision,no-approved-comparable-record,,
meles_meles,European badger,weaning_mass,Heaviest at weaning,no-approved-comparable-record,,
meles_meles,European badger,raw_weaning_age,Longest time on milk,no-approved-comparable-record,,
meles_meles,European badger,weaning_age,Longest time on milk,included,90,anage-15
meles_meles,European badger,raw_weaning_age__low,Shortest time on milk,no-approved-comparable-record,,
meles_meles,European badger,weaning_mass__low,Lightest at weaning,no-approved-comparable-record,,
meles_meles,European badger,weaning_age__low,Shortest time on milk,included,90,anage-15
meles_meles,European badger,measured_wingspan,Largest wingspan,no-approved-comparable-record,,
meles_meles,European badger,measured_wingspan__low,Smallest wingspan,no-approved-comparable-record,,
panthera_onca,Jaguar,bird_beak_length,Longest beak,no-approved-comparable-record,,
panthera_onca,Jaguar,bird_beak_length__low,Shortest beak,no-approved-comparable-record,,
panthera_onca,Jaguar,weighed_brain_mass,Largest measured brain,included,147.0,animaltraits-2022
panthera_onca,Jaguar,weighed_brain_mass__low,Smallest measured brain,included,147.0,animaltraits-2022
panthera_onca,Jaguar,resting_breathing_frequency,Fastest breathing at rest,no-approved-comparable-record,,
panthera_onca,Jaguar,resting_breathing_frequency__low,Slowest breathing at rest,no-approved-comparable-record,,
panthera_onca,Jaguar,interbirth_interval,Longest gap between births,included,365,anage-15
panthera_onca,Jaguar,litters_per_year,Most litters per year,included,0.5,anage-15
panthera_onca,Jaguar,litters_per_year__low,Fewest litters per year,included,0.5,anage-15
panthera_onca,Jaguar,interbirth_interval__low,Shortest gap between births,included,365,anage-15
panthera_onca,Jaguar,recorded_chewing_rate,Fastest recorded chewing,no-approved-comparable-record,,
panthera_onca,Jaguar,recorded_chewing_rate__low,Slowest recorded chewing,no-approved-comparable-record,,
panthera_onca,Jaguar,iucn_extinction_risk,Most threatened,included,2,iucn-gbif-20260728
panthera_onca,Jaguar,iucn_extinction_risk__low,Least threatened,included,2,iucn-gbif-20260728
panthera_onca,Jaguar,habitat_depth_ceiling,Deepest water habitat,no-approved-comparable-record,,
panthera_onca,Jaguar,habitat_depth_ceiling__low,Shallowest water limit,no-approved-comparable-record,,
panthera_onca,Jaguar,diet_food_group_count,Most food groups,included,1,reuter-2023-observed-food-groups
panthera_onca,Jaguar,diet_food_group_count__low,Fewest food groups,included,1,reuter-2023-observed-food-groups
panthera_onca,Jaguar,raw_egg_length,Longest egg,no-approved-comparable-record,,
panthera_onca,Jaguar,raw_egg_length__low,Shortest egg,no-approved-comparable-record,,
panthera_onca,Jaguar,habitat_elevation_ceiling,Highest mountain habitat,no-approved-comparable-record,,
panthera_onca,Jaguar,habitat_elevation_ceiling__low,Lowest mountain ceiling,no-approved-comparable-record,,
panthera_onca,Jaguar,measured_eye_length,Largest eyes,no-approved-comparable-record,,
panthera_onca,Jaguar,measured_eye_length__low,Smallest eyes,no-approved-comparable-record,,
panthera_onca,Jaguar,cruising_flight_speed,Fastest cruising flight,no-approved-comparable-record,,
panthera_onca,Jaguar,cruising_flight_speed__low,Slowest cruising flight,no-approved-comparable-record,,
panthera_onca,Jaguar,raw_hatching_mass,Heaviest hatchling,no-approved-comparable-record,,
panthera_onca,Jaguar,hatching_mass,Heaviest hatchling,no-approved-comparable-record,,
panthera_onca,Jaguar,raw_hatching_mass__low,Lightest hatchling,no-approved-comparable-record,,
panthera_onca,Jaguar,hatching_mass__low,Lightest hatchling,no-approved-comparable-record,,
panthera_onca,Jaguar,raw_incubation,Longest wait to hatch,no-approved-comparable-record,,
panthera_onca,Jaguar,incubation,Longest wait to hatch,no-approved-comparable-record,,
panthera_onca,Jaguar,raw_incubation__low,Shortest wait to hatch,no-approved-comparable-record,,
panthera_onca,Jaguar,incubation__low,Shortest wait to hatch,no-approved-comparable-record,,
panthera_onca,Jaguar,adult_intestine_length,Longest intestine,no-approved-comparable-record,,
panthera_onca,Jaguar,adult_intestine_length__low,Shortest intestine,no-approved-comparable-record,,
panthera_onca,Jaguar,mapped_latitude_span,Widest north–south range,included,52.08,pantheria-range-maps
panthera_onca,Jaguar,mapped_latitude_span__low,Narrowest north–south range,included,52.08,pantheria-range-maps
panthera_onca,Jaguar,aquatic_length_upper,Longest aquatic body,no-approved-comparable-record,,
panthera_onca,Jaguar,aquatic_length_upper__low,Shortest aquatic body,no-approved-comparable-record,,
panthera_onca,Jaguar,wild_recorded_lifespan,Longest recorded wild life,no-approved-comparable-record,,
panthera_onca,Jaguar,maximum_documented_lifespan,Longest documented lifespan,included,28,anage-15
panthera_onca,Jaguar,ringing_longevity,Longest recorded wild life,no-approved-comparable-record,,
panthera_onca,Jaguar,wild_recorded_lifespan__low,Shortest recorded wild life,no-approved-comparable-record,,
panthera_onca,Jaguar,maximum_documented_lifespan__low,Shortest documented lifespan,included,28,anage-15
panthera_onca,Jaguar,ringing_longevity__low,Shortest recorded wild life,no-approved-comparable-record,,
panthera_onca,Jaguar,bird_mass,Heaviest adult,no-approved-comparable-record,,
panthera_onca,Jaguar,adult_body_mass,Heaviest adult,included,81150,anage-15
panthera_onca,Jaguar,bird_mass__low,Lightest adult,no-approved-comparable-record,,
panthera_onca,Jaguar,adult_body_mass__low,Lightest adult,included,81150,anage-15
panthera_onca,Jaguar,male_maturity,Latest male maturity,included,730,anage-15
panthera_onca,Jaguar,female_maturity,Latest female maturity,included,730,anage-15
panthera_onca,Jaguar,female_maturity__low,Earliest female maturity,included,730,anage-15
panthera_onca,Jaguar,male_maturity__low,Earliest male maturity,included,730,anage-15
panthera_onca,Jaguar,basal_energy,Most resting energy use,no-approved-comparable-record,,
panthera_onca,Jaguar,mass_specific_basal_energy,Most resting energy per gram,no-approved-comparable-record,,
panthera_onca,Jaguar,mass_specific_basal_energy__low,Least resting energy per gram,no-approved-comparable-record,,
panthera_onca,Jaguar,basal_energy__low,Least resting energy use,no-approved-comparable-record,,
panthera_onca,Jaguar,milk_fat_concentration,Fattiest milk,no-approved-comparable-record,,
panthera_onca,Jaguar,milk_fat_concentration__low,Least fat in milk,no-approved-comparable-record,,
panthera_onca,Jaguar,milk_protein_concentration,Most protein in milk,no-approved-comparable-record,,
panthera_onca,Jaguar,milk_protein_concentration__low,Least protein in milk,no-approved-comparable-record,,
panthera_onca,Jaguar,milk_sugar_concentration,Most sugar in milk,no-approved-comparable-record,,
panthera_onca,Jaguar,milk_sugar_concentration__low,Least sugar in milk,no-approved-comparable-record,,
panthera_onca,Jaguar,field_swim_speed,Fastest measured swimming,no-approved-comparable-record,,
panthera_onca,Jaguar,field_swim_speed__low,Slowest measured swimming,no-approved-comparable-record,,
panthera_onca,Jaguar,raw_birth_mass,Heaviest newborn,no-approved-comparable-record,,
panthera_onca,Jaguar,birth_weight,Heaviest newborn,included,820,anage-15
panthera_onca,Jaguar,raw_birth_mass__low,Lightest newborn,no-approved-comparable-record,,
panthera_onca,Jaguar,birth_weight__low,Lightest newborn,included,820,anage-15
panthera_onca,Jaguar,mapped_north_pole_distance,Farthest from North Pole,included,65.72,pantheria-range-maps
panthera_onca,Jaguar,mapped_north_pole_distance__low,Closest to North Pole,included,65.72,pantheria-range-maps
panthera_onca,Jaguar,raw_clutch_size,Most eggs per clutch,no-approved-comparable-record,,
panthera_onca,Jaguar,litter_size,Most young per birth,included,2,anage-15
panthera_onca,Jaguar,litter_size__low,Fewest young per birth,included,2,anage-15
panthera_onca,Jaguar,raw_clutch_size__low,Fewest eggs per clutch,no-approved-comparable-record,,
panthera_onca,Jaguar,gestation,Longest pregnancy,included,99,anage-15
panthera_onca,Jaguar,raw_gestation,Longest pregnancy,no-approved-comparable-record,,
panthera_onca,Jaguar,gestation__low,Shortest pregnancy,included,99,anage-15
panthera_onca,Jaguar,raw_gestation__low,Shortest pregnancy,no-approved-comparable-record,,
panthera_onca,Jaguar,diet_largest_prey,Largest prey in published diet,included,291.0000000094429,tucker-rogers-2014-diet
panthera_onca,Jaguar,diet_smallest_prey,Smallest prey in published diet,included,2.0199999979226537,tucker-rogers-2014-diet
panthera_onca,Jaguar,diet_prey_mass_span,Widest prey-size range,included,288.9800001762725,tucker-rogers-2014-diet
panthera_onca,Jaguar,diet_prey_mass_span__low,Narrowest prey-size range,included,288.9800001762725,tucker-rogers-2014-diet
panthera_onca,Jaguar,bird_range_area,Largest breeding range,no-approved-comparable-record,,
panthera_onca,Jaguar,mammal_range_area,Largest mapped range,included,10500825.25,pantheria-range-maps
panthera_onca,Jaguar,mammal_range_area__low,Smallest mapped range,included,10500825.25,pantheria-range-maps
panthera_onca,Jaguar,bird_range_area__low,Smallest breeding range,no-approved-comparable-record,,
panthera_onca,Jaguar,raw_egg_mass,Heaviest egg,no-approved-comparable-record,,
panthera_onca,Jaguar,raw_egg_mass__low,Lightest egg,no-approved-comparable-record,,
panthera_onca,Jaguar,scientific_description_age,Oldest scientific description,included,268,gbif-authorship-20261004
panthera_onca,Jaguar,scientific_description_age__low,Newest scientific description,included,268,gbif-authorship-20261004
panthera_onca,Jaguar,daily_rem_sleep,Most REM sleep,no-approved-comparable-record,,
panthera_onca,Jaguar,daily_sleep,Most time asleep,no-approved-comparable-record,,
panthera_onca,Jaguar,daily_rem_sleep__low,Least REM sleep,no-approved-comparable-record,,
panthera_onca,Jaguar,daily_sleep__low,Least time asleep,no-approved-comparable-record,,
panthera_onca,Jaguar,mapped_south_pole_distance,Farthest from South Pole,included,62.2,pantheria-range-maps
panthera_onca,Jaguar,mapped_south_pole_distance__low,Closest to South Pole,included,62.2,pantheria-range-maps
panthera_onca,Jaguar,mammal_tail_length_upper,Longest mammal tail,no-approved-comparable-record,,
panthera_onca,Jaguar,bird_tail_length,Longest tail feathers,no-approved-comparable-record,,
panthera_onca,Jaguar,mammal_tail_length_upper__low,Shortest mammal tail,no-approved-comparable-record,,
panthera_onca,Jaguar,bird_tail_length__low,Shortest tail feathers,no-approved-comparable-record,,
panthera_onca,Jaguar,adult_tooth_count,Most adult teeth,no-approved-comparable-record,,
panthera_onca,Jaguar,adult_tooth_count__low,Fewest adult teeth,no-approved-comparable-record,,
panthera_onca,Jaguar,behavioral_visual_acuity,Sharpest measured vision,no-approved-comparable-record,,
panthera_onca,Jaguar,behavioral_visual_acuity__low,Least sharp measured vision,no-approved-comparable-record,,
panthera_onca,Jaguar,weaning_mass,Heaviest at weaning,included,5033.5,anage-15
panthera_onca,Jaguar,raw_weaning_age,Longest time on milk,no-approved-comparable-record,,
panthera_onca,Jaguar,weaning_age,Longest time on milk,included,126,anage-15
panthera_onca,Jaguar,raw_weaning_age__low,Shortest time on milk,no-approved-comparable-record,,
panthera_onca,Jaguar,weaning_mass__low,Lightest at weaning,included,5033.5,anage-15
panthera_onca,Jaguar,weaning_age__low,Shortest time on milk,included,126,anage-15
panthera_onca,Jaguar,measured_wingspan,Largest wingspan,no-approved-comparable-record,,
panthera_onca,Jaguar,measured_wingspan__low,Smallest wingspan,no-approved-comparable-record,,
puma_concolor,Cougar,bird_beak_length,Longest beak,no-approved-comparable-record,,
puma_concolor,Cougar,bird_beak_length__low,Shortest beak,no-approved-comparable-record,,
puma_concolor,Cougar,weighed_brain_mass,Largest measured brain,included,106.7,animaltraits-2022
puma_concolor,Cougar,weighed_brain_mass__low,Smallest measured brain,included,106.7,animaltraits-2022
puma_concolor,Cougar,resting_breathing_frequency,Fastest breathing at rest,no-approved-comparable-record,,
puma_concolor,Cougar,resting_breathing_frequency__low,Slowest breathing at rest,no-approved-comparable-record,,
puma_concolor,Cougar,interbirth_interval,Longest gap between births,included,786,anage-15
puma_concolor,Cougar,litters_per_year,Most litters per year,included,0.45,anage-15
puma_concolor,Cougar,litters_per_year__low,Fewest litters per year,included,0.45,anage-15
puma_concolor,Cougar,interbirth_interval__low,Shortest gap between births,included,786,anage-15
puma_concolor,Cougar,recorded_chewing_rate,Fastest recorded chewing,no-approved-comparable-record,,
puma_concolor,Cougar,recorded_chewing_rate__low,Slowest recorded chewing,no-approved-comparable-record,,
puma_concolor,Cougar,iucn_extinction_risk,Most threatened,included,1,iucn-gbif-20260728
puma_concolor,Cougar,iucn_extinction_risk__low,Least threatened,included,1,iucn-gbif-20260728
puma_concolor,Cougar,habitat_depth_ceiling,Deepest water habitat,no-approved-comparable-record,,
puma_concolor,Cougar,habitat_depth_ceiling__low,Shallowest water limit,no-approved-comparable-record,,
puma_concolor,Cougar,diet_food_group_count,Most food groups,no-approved-comparable-record,,
puma_concolor,Cougar,diet_food_group_count__low,Fewest food groups,no-approved-comparable-record,,
puma_concolor,Cougar,raw_egg_length,Longest egg,no-approved-comparable-record,,
puma_concolor,Cougar,raw_egg_length__low,Shortest egg,no-approved-comparable-record,,
puma_concolor,Cougar,habitat_elevation_ceiling,Highest mountain habitat,no-approved-comparable-record,,
puma_concolor,Cougar,habitat_elevation_ceiling__low,Lowest mountain ceiling,no-approved-comparable-record,,
puma_concolor,Cougar,measured_eye_length,Largest eyes,no-approved-comparable-record,,
puma_concolor,Cougar,measured_eye_length__low,Smallest eyes,no-approved-comparable-record,,
puma_concolor,Cougar,cruising_flight_speed,Fastest cruising flight,no-approved-comparable-record,,
puma_concolor,Cougar,cruising_flight_speed__low,Slowest cruising flight,no-approved-comparable-record,,
puma_concolor,Cougar,raw_hatching_mass,Heaviest hatchling,no-approved-comparable-record,,
puma_concolor,Cougar,hatching_mass,Heaviest hatchling,no-approved-comparable-record,,
puma_concolor,Cougar,raw_hatching_mass__low,Lightest hatchling,no-approved-comparable-record,,
puma_concolor,Cougar,hatching_mass__low,Lightest hatchling,no-approved-comparable-record,,
puma_concolor,Cougar,raw_incubation,Longest wait to hatch,no-approved-comparable-record,,
puma_concolor,Cougar,incubation,Longest wait to hatch,no-approved-comparable-record,,
puma_concolor,Cougar,raw_incubation__low,Shortest wait to hatch,no-approved-comparable-record,,
puma_concolor,Cougar,incubation__low,Shortest wait to hatch,no-approved-comparable-record,,
puma_concolor,Cougar,adult_intestine_length,Longest intestine,no-approved-comparable-record,,
puma_concolor,Cougar,adult_intestine_length__low,Shortest intestine,no-approved-comparable-record,,
puma_concolor,Cougar,mapped_latitude_span,Widest north–south range,included,112.76,pantheria-range-maps
puma_concolor,Cougar,mapped_latitude_span__low,Narrowest north–south range,included,112.76,pantheria-range-maps
puma_concolor,Cougar,aquatic_length_upper,Longest aquatic body,no-approved-comparable-record,,
puma_concolor,Cougar,aquatic_length_upper__low,Shortest aquatic body,no-approved-comparable-record,,
puma_concolor,Cougar,wild_recorded_lifespan,Longest recorded wild life,no-approved-comparable-record,,
puma_concolor,Cougar,maximum_documented_lifespan,Longest documented lifespan,included,27,anage-15
puma_concolor,Cougar,ringing_longevity,Longest recorded wild life,no-approved-comparable-record,,
puma_concolor,Cougar,wild_recorded_lifespan__low,Shortest recorded wild life,no-approved-comparable-record,,
puma_concolor,Cougar,maximum_documented_lifespan__low,Shortest documented lifespan,included,27,anage-15
puma_concolor,Cougar,ringing_longevity__low,Shortest recorded wild life,no-approved-comparable-record,,
puma_concolor,Cougar,bird_mass,Heaviest adult,no-approved-comparable-record,,
puma_concolor,Cougar,adult_body_mass,Heaviest adult,included,63000,anage-15
puma_concolor,Cougar,bird_mass__low,Lightest adult,no-approved-comparable-record,,
puma_concolor,Cougar,adult_body_mass__low,Lightest adult,included,63000,anage-15
puma_concolor,Cougar,male_maturity,Latest male maturity,included,912,anage-15
puma_concolor,Cougar,female_maturity,Latest female maturity,included,912,anage-15
puma_concolor,Cougar,female_maturity__low,Earliest female maturity,included,912,anage-15
puma_concolor,Cougar,male_maturity__low,Earliest male maturity,included,912,anage-15
puma_concolor,Cougar,basal_energy,Most resting energy use,no-approved-comparable-record,,
puma_concolor,Cougar,mass_specific_basal_energy,Most resting energy per gram,no-approved-comparable-record,,
puma_concolor,Cougar,mass_specific_basal_energy__low,Least resting energy per gram,no-approved-comparable-record,,
puma_concolor,Cougar,basal_energy__low,Least resting energy use,no-approved-comparable-record,,
puma_concolor,Cougar,milk_fat_concentration,Fattiest milk,no-approved-comparable-record,,
puma_concolor,Cougar,milk_fat_concentration__low,Least fat in milk,no-approved-comparable-record,,
puma_concolor,Cougar,milk_protein_concentration,Most protein in milk,no-approved-comparable-record,,
puma_concolor,Cougar,milk_protein_concentration__low,Least protein in milk,no-approved-comparable-record,,
puma_concolor,Cougar,milk_sugar_concentration,Most sugar in milk,no-approved-comparable-record,,
puma_concolor,Cougar,milk_sugar_concentration__low,Least sugar in milk,no-approved-comparable-record,,
puma_concolor,Cougar,field_swim_speed,Fastest measured swimming,no-approved-comparable-record,,
puma_concolor,Cougar,field_swim_speed__low,Slowest measured swimming,no-approved-comparable-record,,
puma_concolor,Cougar,raw_birth_mass,Heaviest newborn,no-approved-comparable-record,,
puma_concolor,Cougar,birth_weight,Heaviest newborn,included,400,anage-15
puma_concolor,Cougar,raw_birth_mass__low,Lightest newborn,no-approved-comparable-record,,
puma_concolor,Cougar,birth_weight__low,Lightest newborn,included,400,anage-15
puma_concolor,Cougar,mapped_north_pole_distance,Farthest from North Pole,included,30.34,pantheria-range-maps
puma_concolor,Cougar,mapped_north_pole_distance__low,Closest to North Pole,included,30.34,pantheria-range-maps
puma_concolor,Cougar,raw_clutch_size,Most eggs per clutch,no-approved-comparable-record,,
puma_concolor,Cougar,litter_size,Most young per birth,included,2.5,anage-15
puma_concolor,Cougar,litter_size__low,Fewest young per birth,included,2.5,anage-15
puma_concolor,Cougar,raw_clutch_size__low,Fewest eggs per clutch,no-approved-comparable-record,,
puma_concolor,Cougar,gestation,Longest pregnancy,included,92,anage-15
puma_concolor,Cougar,raw_gestation,Longest pregnancy,no-approved-comparable-record,,
puma_concolor,Cougar,gestation__low,Shortest pregnancy,included,92,anage-15
puma_concolor,Cougar,raw_gestation__low,Shortest pregnancy,no-approved-comparable-record,,
puma_concolor,Cougar,diet_largest_prey,Largest prey in published diet,included,21.13299999818231,tucker-rogers-2014-diet
puma_concolor,Cougar,diet_smallest_prey,Smallest prey in published diet,included,0.3590000003485732,tucker-rogers-2014-diet
puma_concolor,Cougar,diet_prey_mass_span,Widest prey-size range,included,20.773999986376463,tucker-rogers-2014-diet
puma_concolor,Cougar,diet_prey_mass_span__low,Narrowest prey-size range,included,20.773999986376463,tucker-rogers-2014-diet
puma_concolor,Cougar,bird_range_area,Largest breeding range,no-approved-comparable-record,,
puma_concolor,Cougar,mammal_range_area,Largest mapped range,included,22350859.07,pantheria-range-maps
puma_concolor,Cougar,mammal_range_area__low,Smallest mapped range,included,22350859.07,pantheria-range-maps
puma_concolor,Cougar,bird_range_area__low,Smallest breeding range,no-approved-comparable-record,,
puma_concolor,Cougar,raw_egg_mass,Heaviest egg,no-approved-comparable-record,,
puma_concolor,Cougar,raw_egg_mass__low,Lightest egg,no-approved-comparable-record,,
puma_concolor,Cougar,scientific_description_age,Oldest scientific description,included,255,gbif-authorship-20261004
puma_concolor,Cougar,scientific_description_age__low,Newest scientific description,included,255,gbif-authorship-20261004
puma_concolor,Cougar,daily_rem_sleep,Most REM sleep,no-approved-comparable-record,,
puma_concolor,Cougar,daily_sleep,Most time asleep,no-approved-comparable-record,,
puma_concolor,Cougar,daily_rem_sleep__low,Least REM sleep,no-approved-comparable-record,,
puma_concolor,Cougar,daily_sleep__low,Least time asleep,no-approved-comparable-record,,
puma_concolor,Cougar,mapped_south_pole_distance,Farthest from South Pole,included,36.9,pantheria-range-maps
puma_concolor,Cougar,mapped_south_pole_distance__low,Closest to South Pole,included,36.9,pantheria-range-maps
puma_concolor,Cougar,mammal_tail_length_upper,Longest mammal tail,no-approved-comparable-record,,
puma_concolor,Cougar,bird_tail_length,Longest tail feathers,no-approved-comparable-record,,
puma_concolor,Cougar,mammal_tail_length_upper__low,Shortest mammal tail,no-approved-comparable-record,,
puma_concolor,Cougar,bird_tail_length__low,Shortest tail feathers,no-approved-comparable-record,,
puma_concolor,Cougar,adult_tooth_count,Most adult teeth,no-approved-comparable-record,,
puma_concolor,Cougar,adult_tooth_count__low,Fewest adult teeth,no-approved-comparable-record,,
puma_concolor,Cougar,behavioral_visual_acuity,Sharpest measured vision,no-approved-comparable-record,,
puma_concolor,Cougar,behavioral_visual_acuity__low,Least sharp measured vision,no-approved-comparable-record,,
puma_concolor,Cougar,weaning_mass,Heaviest at weaning,included,3500,anage-15
puma_concolor,Cougar,raw_weaning_age,Longest time on milk,no-approved-comparable-record,,
puma_concolor,Cougar,weaning_age,Longest time on milk,included,90,anage-15
puma_concolor,Cougar,raw_weaning_age__low,Shortest time on milk,no-approved-comparable-record,,
puma_concolor,Cougar,weaning_mass__low,Lightest at weaning,included,3500,anage-15
puma_concolor,Cougar,weaning_age__low,Shortest time on milk,included,90,anage-15
puma_concolor,Cougar,measured_wingspan,Largest wingspan,no-approved-comparable-record,,
puma_concolor,Cougar,measured_wingspan__low,Smallest wingspan,no-approved-comparable-record,,
phoca_vitulina,Harbor seal,bird_beak_length,Longest beak,no-approved-comparable-record,,
phoca_vitulina,Harbor seal,bird_beak_length__low,Shortest beak,no-approved-comparable-record,,
phoca_vitulina,Harbor seal,weighed_brain_mass,Largest measured brain,no-approved-comparable-record,,
phoca_vitulina,Harbor seal,weighed_brain_mass__low,Smallest measured brain,no-approved-comparable-record,,
phoca_vitulina,Harbor seal,resting_breathing_frequency,Fastest breathing at rest,no-approved-comparable-record,,
phoca_vitulina,Harbor seal,resting_breathing_frequency__low,Slowest breathing at rest,no-approved-comparable-record,,
phoca_vitulina,Harbor seal,interbirth_interval,Longest gap between births,included,365,anage-15
phoca_vitulina,Harbor seal,litters_per_year,Most litters per year,included,1,anage-15
phoca_vitulina,Harbor seal,litters_per_year__low,Fewest litters per year,included,1,anage-15
phoca_vitulina,Harbor seal,interbirth_interval__low,Shortest gap between births,included,365,anage-15
phoca_vitulina,Harbor seal,recorded_chewing_rate,Fastest recorded chewing,no-approved-comparable-record,,
phoca_vitulina,Harbor seal,recorded_chewing_rate__low,Slowest recorded chewing,no-approved-comparable-record,,
phoca_vitulina,Harbor seal,iucn_extinction_risk,Most threatened,included,1,iucn-gbif-20260728
phoca_vitulina,Harbor seal,iucn_extinction_risk__low,Least threatened,included,1,iucn-gbif-20260728
phoca_vitulina,Harbor seal,habitat_depth_ceiling,Deepest water habitat,no-approved-comparable-record,,
phoca_vitulina,Harbor seal,habitat_depth_ceiling__low,Shallowest water limit,no-approved-comparable-record,,
phoca_vitulina,Harbor seal,diet_food_group_count,Most food groups,no-approved-comparable-record,,
phoca_vitulina,Harbor seal,diet_food_group_count__low,Fewest food groups,no-approved-comparable-record,,
phoca_vitulina,Harbor seal,raw_egg_length,Longest egg,no-approved-comparable-record,,
phoca_vitulina,Harbor seal,raw_egg_length__low,Shortest egg,no-approved-comparable-record,,
phoca_vitulina,Harbor seal,habitat_elevation_ceiling,Highest mountain habitat,no-approved-comparable-record,,
phoca_vitulina,Harbor seal,habitat_elevation_ceiling__low,Lowest mountain ceiling,no-approved-comparable-record,,
phoca_vitulina,Harbor seal,measured_eye_length,Largest eyes,no-approved-comparable-record,,
phoca_vitulina,Harbor seal,measured_eye_length__low,Smallest eyes,no-approved-comparable-record,,
phoca_vitulina,Harbor seal,cruising_flight_speed,Fastest cruising flight,no-approved-comparable-record,,
phoca_vitulina,Harbor seal,cruising_flight_speed__low,Slowest cruising flight,no-approved-comparable-record,,
phoca_vitulina,Harbor seal,raw_hatching_mass,Heaviest hatchling,no-approved-comparable-record,,
phoca_vitulina,Harbor seal,hatching_mass,Heaviest hatchling,no-approved-comparable-record,,
phoca_vitulina,Harbor seal,raw_hatching_mass__low,Lightest hatchling,no-approved-comparable-record,,
phoca_vitulina,Harbor seal,hatching_mass__low,Lightest hatchling,no-approved-comparable-record,,
phoca_vitulina,Harbor seal,raw_incubation,Longest wait to hatch,no-approved-comparable-record,,
phoca_vitulina,Harbor seal,incubation,Longest wait to hatch,no-approved-comparable-record,,
phoca_vitulina,Harbor seal,raw_incubation__low,Shortest wait to hatch,no-approved-comparable-record,,
phoca_vitulina,Harbor seal,incubation__low,Shortest wait to hatch,no-approved-comparable-record,,
phoca_vitulina,Harbor seal,adult_intestine_length,Longest intestine,no-approved-comparable-record,,
phoca_vitulina,Harbor seal,adult_intestine_length__low,Shortest intestine,no-approved-comparable-record,,
phoca_vitulina,Harbor seal,mapped_latitude_span,Widest north–south range,no-approved-comparable-record,,
phoca_vitulina,Harbor seal,mapped_latitude_span__low,Narrowest north–south range,no-approved-comparable-record,,
phoca_vitulina,Harbor seal,aquatic_length_upper,Longest aquatic body,no-approved-comparable-record,,
phoca_vitulina,Harbor seal,aquatic_length_upper__low,Shortest aquatic body,no-approved-comparable-record,,
phoca_vitulina,Harbor seal,wild_recorded_lifespan,Longest recorded wild life,no-approved-comparable-record,,
phoca_vitulina,Harbor seal,maximum_documented_lifespan,Longest documented lifespan,included,47.6,anage-15
phoca_vitulina,Harbor seal,ringing_longevity,Longest recorded wild life,no-approved-comparable-record,,
phoca_vitulina,Harbor seal,wild_recorded_lifespan__low,Shortest recorded wild life,no-approved-comparable-record,,
phoca_vitulina,Harbor seal,maximum_documented_lifespan__low,Shortest documented lifespan,included,47.6,anage-15
phoca_vitulina,Harbor seal,ringing_longevity__low,Shortest recorded wild life,no-approved-comparable-record,,
phoca_vitulina,Harbor seal,bird_mass,Heaviest adult,no-approved-comparable-record,,
phoca_vitulina,Harbor seal,adult_body_mass,Heaviest adult,included,115000,anage-15
phoca_vitulina,Harbor seal,bird_mass__low,Lightest adult,no-approved-comparable-record,,
phoca_vitulina,Harbor seal,adult_body_mass__low,Lightest adult,included,115000,anage-15
phoca_vitulina,Harbor seal,male_maturity,Latest male maturity,included,1460,anage-15
phoca_vitulina,Harbor seal,female_maturity,Latest female maturity,included,1095,anage-15
phoca_vitulina,Harbor seal,female_maturity__low,Earliest female maturity,included,1095,anage-15
phoca_vitulina,Harbor seal,male_maturity__low,Earliest male maturity,included,1460,anage-15
phoca_vitulina,Harbor seal,basal_energy,Most resting energy use,no-approved-comparable-record,,
phoca_vitulina,Harbor seal,mass_specific_basal_energy,Most resting energy per gram,no-approved-comparable-record,,
phoca_vitulina,Harbor seal,mass_specific_basal_energy__low,Least resting energy per gram,no-approved-comparable-record,,
phoca_vitulina,Harbor seal,basal_energy__low,Least resting energy use,no-approved-comparable-record,,
phoca_vitulina,Harbor seal,milk_fat_concentration,Fattiest milk,no-approved-comparable-record,,
phoca_vitulina,Harbor seal,milk_fat_concentration__low,Least fat in milk,no-approved-comparable-record,,
phoca_vitulina,Harbor seal,milk_protein_concentration,Most protein in milk,no-approved-comparable-record,,
phoca_vitulina,Harbor seal,milk_protein_concentration__low,Least protein in milk,no-approved-comparable-record,,
phoca_vitulina,Harbor seal,milk_sugar_concentration,Most sugar in milk,no-approved-comparable-record,,
phoca_vitulina,Harbor seal,milk_sugar_concentration__low,Least sugar in milk,no-approved-comparable-record,,
phoca_vitulina,Harbor seal,field_swim_speed,Fastest measured swimming,no-approved-comparable-record,,
phoca_vitulina,Harbor seal,field_swim_speed__low,Slowest measured swimming,no-approved-comparable-record,,
phoca_vitulina,Harbor seal,raw_birth_mass,Heaviest newborn,no-approved-comparable-record,,
phoca_vitulina,Harbor seal,birth_weight,Heaviest newborn,included,11000,anage-15
phoca_vitulina,Harbor seal,raw_birth_mass__low,Lightest newborn,no-approved-comparable-record,,
phoca_vitulina,Harbor seal,birth_weight__low,Lightest newborn,included,11000,anage-15
phoca_vitulina,Harbor seal,mapped_north_pole_distance,Farthest from North Pole,no-approved-comparable-record,,
phoca_vitulina,Harbor seal,mapped_north_pole_distance__low,Closest to North Pole,no-approved-comparable-record,,
phoca_vitulina,Harbor seal,raw_clutch_size,Most eggs per clutch,no-approved-comparable-record,,
phoca_vitulina,Harbor seal,litter_size,Most young per birth,included,1,anage-15
phoca_vitulina,Harbor seal,litter_size__low,Fewest young per birth,included,1,anage-15
phoca_vitulina,Harbor seal,raw_clutch_size__low,Fewest eggs per clutch,no-approved-comparable-record,,
phoca_vitulina,Harbor seal,gestation,Longest pregnancy,included,253,anage-15
phoca_vitulina,Harbor seal,raw_gestation,Longest pregnancy,no-approved-comparable-record,,
phoca_vitulina,Harbor seal,gestation__low,Shortest pregnancy,included,253,anage-15
phoca_vitulina,Harbor seal,raw_gestation__low,Shortest pregnancy,no-approved-comparable-record,,
phoca_vitulina,Harbor seal,diet_largest_prey,Largest prey in published diet,included,0.2009999998053895,tucker-rogers-2014-diet
phoca_vitulina,Harbor seal,diet_smallest_prey,Smallest prey in published diet,included,0.0014999999998076842,tucker-rogers-2014-diet
phoca_vitulina,Harbor seal,diet_prey_mass_span,Widest prey-size range,included,0.1994999999895416,tucker-rogers-2014-diet
phoca_vitulina,Harbor seal,diet_prey_mass_span__low,Narrowest prey-size range,included,0.1994999999895416,tucker-rogers-2014-diet
phoca_vitulina,Harbor seal,bird_range_area,Largest breeding range,no-approved-comparable-record,,
phoca_vitulina,Harbor seal,mammal_range_area,Largest mapped range,no-approved-comparable-record,,
phoca_vitulina,Harbor seal,mammal_range_area__low,Smallest mapped range,no-approved-comparable-record,,
phoca_vitulina,Harbor seal,bird_range_area__low,Smallest breeding range,no-approved-comparable-record,,
phoca_vitulina,Harbor seal,raw_egg_mass,Heaviest egg,no-approved-comparable-record,,
phoca_vitulina,Harbor seal,raw_egg_mass__low,Lightest egg,no-approved-comparable-record,,
phoca_vitulina,Harbor seal,scientific_description_age,Oldest scientific description,included,268,gbif-authorship-20261004
phoca_vitulina,Harbor seal,scientific_description_age__low,Newest scientific description,included,268,gbif-authorship-20261004
phoca_vitulina,Harbor seal,daily_rem_sleep,Most REM sleep,no-approved-comparable-record,,
phoca_vitulina,Harbor seal,daily_sleep,Most time asleep,no-approved-comparable-record,,
phoca_vitulina,Harbor seal,daily_rem_sleep__low,Least REM sleep,no-approved-comparable-record,,
phoca_vitulina,Harbor seal,daily_sleep__low,Least time asleep,no-approved-comparable-record,,
phoca_vitulina,Harbor seal,mapped_south_pole_distance,Farthest from South Pole,no-approved-comparable-record,,
phoca_vitulina,Harbor seal,mapped_south_pole_distance__low,Closest to South Pole,no-approved-comparable-record,,
phoca_vitulina,Harbor seal,mammal_tail_length_upper,Longest mammal tail,no-approved-comparable-record,,
phoca_vitulina,Harbor seal,bird_tail_length,Longest tail feathers,no-approved-comparable-record,,
phoca_vitulina,Harbor seal,mammal_tail_length_upper__low,Shortest mammal tail,no-approved-comparable-record,,
phoca_vitulina,Harbor seal,bird_tail_length__low,Shortest tail feathers,no-approved-comparable-record,,
phoca_vitulina,Harbor seal,adult_tooth_count,Most adult teeth,no-approved-comparable-record,,
phoca_vitulina,Harbor seal,adult_tooth_count__low,Fewest adult teeth,no-approved-comparable-record,,
phoca_vitulina,Harbor seal,behavioral_visual_acuity,Sharpest measured vision,no-approved-comparable-record,,
phoca_vitulina,Harbor seal,behavioral_visual_acuity__low,Least sharp measured vision,no-approved-comparable-record,,
phoca_vitulina,Harbor seal,weaning_mass,Heaviest at weaning,included,23945,anage-15
phoca_vitulina,Harbor seal,raw_weaning_age,Longest time on milk,no-approved-comparable-record,,
phoca_vitulina,Harbor seal,weaning_age,Longest time on milk,included,30,anage-15
phoca_vitulina,Harbor seal,raw_weaning_age__low,Shortest time on milk,no-approved-comparable-record,,
phoca_vitulina,Harbor seal,weaning_mass__low,Lightest at weaning,included,23945,anage-15
phoca_vitulina,Harbor seal,weaning_age__low,Shortest time on milk,included,30,anage-15
phoca_vitulina,Harbor seal,measured_wingspan,Largest wingspan,no-approved-comparable-record,,
phoca_vitulina,Harbor seal,measured_wingspan__low,Smallest wingspan,no-approved-comparable-record,,
zalophus_californianus,California sea lion,bird_beak_length,Longest beak,no-approved-comparable-record,,
zalophus_californianus,California sea lion,bird_beak_length__low,Shortest beak,no-approved-comparable-record,,
zalophus_californianus,California sea lion,weighed_brain_mass,Largest measured brain,no-approved-comparable-record,,
zalophus_californianus,California sea lion,weighed_brain_mass__low,Smallest measured brain,no-approved-comparable-record,,
zalophus_californianus,California sea lion,resting_breathing_frequency,Fastest breathing at rest,no-approved-comparable-record,,
zalophus_californianus,California sea lion,resting_breathing_frequency__low,Slowest breathing at rest,no-approved-comparable-record,,
zalophus_californianus,California sea lion,interbirth_interval,Longest gap between births,included,730,anage-15
zalophus_californianus,California sea lion,litters_per_year,Most litters per year,included,0.5,anage-15
zalophus_californianus,California sea lion,litters_per_year__low,Fewest litters per year,included,0.5,anage-15
zalophus_californianus,California sea lion,interbirth_interval__low,Shortest gap between births,included,730,anage-15
zalophus_californianus,California sea lion,recorded_chewing_rate,Fastest recorded chewing,included,193.5483870967742,gerstner-gerstein-2008
zalophus_californianus,California sea lion,recorded_chewing_rate__low,Slowest recorded chewing,included,193.5483870967742,gerstner-gerstein-2008
zalophus_californianus,California sea lion,iucn_extinction_risk,Most threatened,included,1,iucn-gbif-20260728
zalophus_californianus,California sea lion,iucn_extinction_risk__low,Least threatened,included,1,iucn-gbif-20260728
zalophus_californianus,California sea lion,habitat_depth_ceiling,Deepest water habitat,no-approved-comparable-record,,
zalophus_californianus,California sea lion,habitat_depth_ceiling__low,Shallowest water limit,no-approved-comparable-record,,
zalophus_californianus,California sea lion,diet_food_group_count,Most food groups,no-approved-comparable-record,,
zalophus_californianus,California sea lion,diet_food_group_count__low,Fewest food groups,no-approved-comparable-record,,
zalophus_californianus,California sea lion,raw_egg_length,Longest egg,no-approved-comparable-record,,
zalophus_californianus,California sea lion,raw_egg_length__low,Shortest egg,no-approved-comparable-record,,
zalophus_californianus,California sea lion,habitat_elevation_ceiling,Highest mountain habitat,no-approved-comparable-record,,
zalophus_californianus,California sea lion,habitat_elevation_ceiling__low,Lowest mountain ceiling,no-approved-comparable-record,,
zalophus_californianus,California sea lion,measured_eye_length,Largest eyes,no-approved-comparable-record,,
zalophus_californianus,California sea lion,measured_eye_length__low,Smallest eyes,no-approved-comparable-record,,
zalophus_californianus,California sea lion,cruising_flight_speed,Fastest cruising flight,no-approved-comparable-record,,
zalophus_californianus,California sea lion,cruising_flight_speed__low,Slowest cruising flight,no-approved-comparable-record,,
zalophus_californianus,California sea lion,raw_hatching_mass,Heaviest hatchling,no-approved-comparable-record,,
zalophus_californianus,California sea lion,hatching_mass,Heaviest hatchling,no-approved-comparable-record,,
zalophus_californianus,California sea lion,raw_hatching_mass__low,Lightest hatchling,no-approved-comparable-record,,
zalophus_californianus,California sea lion,hatching_mass__low,Lightest hatchling,no-approved-comparable-record,,
zalophus_californianus,California sea lion,raw_incubation,Longest wait to hatch,no-approved-comparable-record,,
zalophus_californianus,California sea lion,incubation,Longest wait to hatch,no-approved-comparable-record,,
zalophus_californianus,California sea lion,raw_incubation__low,Shortest wait to hatch,no-approved-comparable-record,,
zalophus_californianus,California sea lion,incubation__low,Shortest wait to hatch,no-approved-comparable-record,,
zalophus_californianus,California sea lion,adult_intestine_length,Longest intestine,no-approved-comparable-record,,
zalophus_californianus,California sea lion,adult_intestine_length__low,Shortest intestine,no-approved-comparable-record,,
zalophus_californianus,California sea lion,mapped_latitude_span,Widest north–south range,no-approved-comparable-record,,
zalophus_californianus,California sea lion,mapped_latitude_span__low,Narrowest north–south range,no-approved-comparable-record,,
zalophus_californianus,California sea lion,aquatic_length_upper,Longest aquatic body,no-approved-comparable-record,,
zalophus_californianus,California sea lion,aquatic_length_upper__low,Shortest aquatic body,no-approved-comparable-record,,
zalophus_californianus,California sea lion,wild_recorded_lifespan,Longest recorded wild life,no-approved-comparable-record,,
zalophus_californianus,California sea lion,maximum_documented_lifespan,Longest documented lifespan,included,35.7,anage-15
zalophus_californianus,California sea lion,ringing_longevity,Longest recorded wild life,no-approved-comparable-record,,
zalophus_californianus,California sea lion,wild_recorded_lifespan__low,Shortest recorded wild life,no-approved-comparable-record,,
zalophus_californianus,California sea lion,maximum_documented_lifespan__low,Shortest documented lifespan,included,35.7,anage-15
zalophus_californianus,California sea lion,ringing_longevity__low,Shortest recorded wild life,no-approved-comparable-record,,
zalophus_californianus,California sea lion,bird_mass,Heaviest adult,no-approved-comparable-record,,
zalophus_californianus,California sea lion,adult_body_mass,Heaviest adult,included,180000,anage-15
zalophus_californianus,California sea lion,bird_mass__low,Lightest adult,no-approved-comparable-record,,
zalophus_californianus,California sea lion,adult_body_mass__low,Lightest adult,included,180000,anage-15
zalophus_californianus,California sea lion,male_maturity,Latest male maturity,included,1826,anage-15
zalophus_californianus,California sea lion,female_maturity,Latest female maturity,included,1095,anage-15
zalophus_californianus,California sea lion,female_maturity__low,Earliest female maturity,included,1095,anage-15
zalophus_californianus,California sea lion,male_maturity__low,Earliest male maturity,included,1826,anage-15
zalophus_californianus,California sea lion,basal_energy,Most resting energy use,no-approved-comparable-record,,
zalophus_californianus,California sea lion,mass_specific_basal_energy,Most resting energy per gram,no-approved-comparable-record,,
zalophus_californianus,California sea lion,mass_specific_basal_energy__low,Least resting energy per gram,no-approved-comparable-record,,
zalophus_californianus,California sea lion,basal_energy__low,Least resting energy use,no-approved-comparable-record,,
zalophus_californianus,California sea lion,milk_fat_concentration,Fattiest milk,included,31.7,blomquist-2019-measured-milk
zalophus_californianus,California sea lion,milk_fat_concentration__low,Least fat in milk,included,31.7,blomquist-2019-measured-milk
zalophus_californianus,California sea lion,milk_protein_concentration,Most protein in milk,included,8.6,blomquist-2019-measured-milk
zalophus_californianus,California sea lion,milk_protein_concentration__low,Least protein in milk,included,8.6,blomquist-2019-measured-milk
zalophus_californianus,California sea lion,milk_sugar_concentration,Most sugar in milk,included,0.3,blomquist-2019-measured-milk
zalophus_californianus,California sea lion,milk_sugar_concentration__low,Least sugar in milk,included,0.3,blomquist-2019-measured-milk
zalophus_californianus,California sea lion,field_swim_speed,Fastest measured swimming,no-approved-comparable-record,,
zalophus_californianus,California sea lion,field_swim_speed__low,Slowest measured swimming,no-approved-comparable-record,,
zalophus_californianus,California sea lion,raw_birth_mass,Heaviest newborn,no-approved-comparable-record,,
zalophus_californianus,California sea lion,birth_weight,Heaviest newborn,included,7000,anage-15
zalophus_californianus,California sea lion,raw_birth_mass__low,Lightest newborn,no-approved-comparable-record,,
zalophus_californianus,California sea lion,birth_weight__low,Lightest newborn,included,7000,anage-15
zalophus_californianus,California sea lion,mapped_north_pole_distance,Farthest from North Pole,no-approved-comparable-record,,
zalophus_californianus,California sea lion,mapped_north_pole_distance__low,Closest to North Pole,no-approved-comparable-record,,
zalophus_californianus,California sea lion,raw_clutch_size,Most eggs per clutch,no-approved-comparable-record,,
zalophus_californianus,California sea lion,litter_size,Most young per birth,included,1.2,anage-15
zalophus_californianus,California sea lion,litter_size__low,Fewest young per birth,included,1.2,anage-15
zalophus_californianus,California sea lion,raw_clutch_size__low,Fewest eggs per clutch,no-approved-comparable-record,,
zalophus_californianus,California sea lion,gestation,Longest pregnancy,included,259,anage-15
zalophus_californianus,California sea lion,raw_gestation,Longest pregnancy,no-approved-comparable-record,,
zalophus_californianus,California sea lion,gestation__low,Shortest pregnancy,included,259,anage-15
zalophus_californianus,California sea lion,raw_gestation__low,Shortest pregnancy,no-approved-comparable-record,,
zalophus_californianus,California sea lion,diet_largest_prey,Largest prey in published diet,included,54.00000002201201,tucker-rogers-2014-diet
zalophus_californianus,California sea lion,diet_smallest_prey,Smallest prey in published diet,included,0.01799999999571832,tucker-rogers-2014-diet
zalophus_californianus,California sea lion,diet_prey_mass_span,Widest prey-size range,included,53.98200001704957,tucker-rogers-2014-diet
zalophus_californianus,California sea lion,diet_prey_mass_span__low,Narrowest prey-size range,included,53.98200001704957,tucker-rogers-2014-diet
zalophus_californianus,California sea lion,bird_range_area,Largest breeding range,no-approved-comparable-record,,
zalophus_californianus,California sea lion,mammal_range_area,Largest mapped range,no-approved-comparable-record,,
zalophus_californianus,California sea lion,mammal_range_area__low,Smallest mapped range,no-approved-comparable-record,,
zalophus_californianus,California sea lion,bird_range_area__low,Smallest breeding range,no-approved-comparable-record,,
zalophus_californianus,California sea lion,raw_egg_mass,Heaviest egg,no-approved-comparable-record,,
zalophus_californianus,California sea lion,raw_egg_mass__low,Lightest egg,no-approved-comparable-record,,
zalophus_californianus,California sea lion,scientific_description_age,Oldest scientific description,included,198,gbif-authorship-20261004
zalophus_californianus,California sea lion,scientific_description_age__low,Newest scientific description,included,198,gbif-authorship-20261004
zalophus_californianus,California sea lion,daily_rem_sleep,Most REM sleep,no-approved-comparable-record,,
zalophus_californianus,California sea lion,daily_sleep,Most time asleep,no-approved-comparable-record,,
zalophus_californianus,California sea lion,daily_rem_sleep__low,Least REM sleep,no-approved-comparable-record,,
zalophus_californianus,California sea lion,daily_sleep__low,Least time asleep,no-approved-comparable-record,,
zalophus_californianus,California sea lion,mapped_south_pole_distance,Farthest from South Pole,no-approved-comparable-record,,
zalophus_californianus,California sea lion,mapped_south_pole_distance__low,Closest to South Pole,no-approved-comparable-record,,
zalophus_californianus,California sea lion,mammal_tail_length_upper,Longest mammal tail,no-approved-comparable-record,,
zalophus_californianus,California sea lion,bird_tail_length,Longest tail feathers,no-approved-comparable-record,,
zalophus_californianus,California sea lion,mammal_tail_length_upper__low,Shortest mammal tail,no-approved-comparable-record,,
zalophus_californianus,California sea lion,bird_tail_length__low,Shortest tail feathers,no-approved-comparable-record,,
zalophus_californianus,California sea lion,adult_tooth_count,Most adult teeth,no-approved-comparable-record,,
zalophus_californianus,California sea lion,adult_tooth_count__low,Fewest adult teeth,no-approved-comparable-record,,
zalophus_californianus,California sea lion,behavioral_visual_acuity,Sharpest measured vision,no-approved-comparable-record,,
zalophus_californianus,California sea lion,behavioral_visual_acuity__low,Least sharp measured vision,no-approved-comparable-record,,
zalophus_californianus,California sea lion,weaning_mass,Heaviest at weaning,included,25000,anage-15
zalophus_californianus,California sea lion,raw_weaning_age,Longest time on milk,no-approved-comparable-record,,
zalophus_californianus,California sea lion,weaning_age,Longest time on milk,included,315,anage-15
zalophus_californianus,California sea lion,raw_weaning_age__low,Shortest time on milk,no-approved-comparable-record,,
zalophus_californianus,California sea lion,weaning_mass__low,Lightest at weaning,included,25000,anage-15
zalophus_californianus,California sea lion,weaning_age__low,Shortest time on milk,included,315,anage-15
zalophus_californianus,California sea lion,measured_wingspan,Largest wingspan,no-approved-comparable-record,,
zalophus_californianus,California sea lion,measured_wingspan__low,Smallest wingspan,no-approved-comparable-record,,
vombatus_ursinus,Common wombat,bird_beak_length,Longest beak,no-approved-comparable-record,,
vombatus_ursinus,Common wombat,bird_beak_length__low,Shortest beak,no-approved-comparable-record,,
vombatus_ursinus,Common wombat,weighed_brain_mass,Largest measured brain,no-approved-comparable-record,,
vombatus_ursinus,Common wombat,weighed_brain_mass__low,Smallest measured brain,no-approved-comparable-record,,
vombatus_ursinus,Common wombat,resting_breathing_frequency,Fastest breathing at rest,no-approved-comparable-record,,
vombatus_ursinus,Common wombat,resting_breathing_frequency__low,Slowest breathing at rest,no-approved-comparable-record,,
vombatus_ursinus,Common wombat,interbirth_interval,Longest gap between births,included,730,anage-15
vombatus_ursinus,Common wombat,litters_per_year,Most litters per year,no-approved-comparable-record,,
vombatus_ursinus,Common wombat,litters_per_year__low,Fewest litters per year,no-approved-comparable-record,,
vombatus_ursinus,Common wombat,interbirth_interval__low,Shortest gap between births,included,730,anage-15
vombatus_ursinus,Common wombat,recorded_chewing_rate,Fastest recorded chewing,no-approved-comparable-record,,
vombatus_ursinus,Common wombat,recorded_chewing_rate__low,Slowest recorded chewing,no-approved-comparable-record,,
vombatus_ursinus,Common wombat,iucn_extinction_risk,Most threatened,included,1,iucn-gbif-20260728
vombatus_ursinus,Common wombat,iucn_extinction_risk__low,Least threatened,included,1,iucn-gbif-20260728
vombatus_ursinus,Common wombat,habitat_depth_ceiling,Deepest water habitat,no-approved-comparable-record,,
vombatus_ursinus,Common wombat,habitat_depth_ceiling__low,Shallowest water limit,no-approved-comparable-record,,
vombatus_ursinus,Common wombat,diet_food_group_count,Most food groups,included,1,reuter-2023-observed-food-groups
vombatus_ursinus,Common wombat,diet_food_group_count__low,Fewest food groups,included,1,reuter-2023-observed-food-groups
vombatus_ursinus,Common wombat,raw_egg_length,Longest egg,no-approved-comparable-record,,
vombatus_ursinus,Common wombat,raw_egg_length__low,Shortest egg,no-approved-comparable-record,,
vombatus_ursinus,Common wombat,habitat_elevation_ceiling,Highest mountain habitat,no-approved-comparable-record,,
vombatus_ursinus,Common wombat,habitat_elevation_ceiling__low,Lowest mountain ceiling,no-approved-comparable-record,,
vombatus_ursinus,Common wombat,measured_eye_length,Largest eyes,no-approved-comparable-record,,
vombatus_ursinus,Common wombat,measured_eye_length__low,Smallest eyes,no-approved-comparable-record,,
vombatus_ursinus,Common wombat,cruising_flight_speed,Fastest cruising flight,no-approved-comparable-record,,
vombatus_ursinus,Common wombat,cruising_flight_speed__low,Slowest cruising flight,no-approved-comparable-record,,
vombatus_ursinus,Common wombat,raw_hatching_mass,Heaviest hatchling,no-approved-comparable-record,,
vombatus_ursinus,Common wombat,hatching_mass,Heaviest hatchling,no-approved-comparable-record,,
vombatus_ursinus,Common wombat,raw_hatching_mass__low,Lightest hatchling,no-approved-comparable-record,,
vombatus_ursinus,Common wombat,hatching_mass__low,Lightest hatchling,no-approved-comparable-record,,
vombatus_ursinus,Common wombat,raw_incubation,Longest wait to hatch,no-approved-comparable-record,,
vombatus_ursinus,Common wombat,incubation,Longest wait to hatch,no-approved-comparable-record,,
vombatus_ursinus,Common wombat,raw_incubation__low,Shortest wait to hatch,no-approved-comparable-record,,
vombatus_ursinus,Common wombat,incubation__low,Shortest wait to hatch,no-approved-comparable-record,,
vombatus_ursinus,Common wombat,adult_intestine_length,Longest intestine,no-approved-comparable-record,,
vombatus_ursinus,Common wombat,adult_intestine_length__low,Shortest intestine,no-approved-comparable-record,,
vombatus_ursinus,Common wombat,mapped_latitude_span,Widest north–south range,included,15.17,pantheria-range-maps
vombatus_ursinus,Common wombat,mapped_latitude_span__low,Narrowest north–south range,included,15.17,pantheria-range-maps
vombatus_ursinus,Common wombat,aquatic_length_upper,Longest aquatic body,no-approved-comparable-record,,
vombatus_ursinus,Common wombat,aquatic_length_upper__low,Shortest aquatic body,no-approved-comparable-record,,
vombatus_ursinus,Common wombat,wild_recorded_lifespan,Longest recorded wild life,no-approved-comparable-record,,
vombatus_ursinus,Common wombat,maximum_documented_lifespan,Longest documented lifespan,included,30,anage-15
vombatus_ursinus,Common wombat,ringing_longevity,Longest recorded wild life,no-approved-comparable-record,,
vombatus_ursinus,Common wombat,wild_recorded_lifespan__low,Shortest recorded wild life,no-approved-comparable-record,,
vombatus_ursinus,Common wombat,maximum_documented_lifespan__low,Shortest documented lifespan,included,30,anage-15
vombatus_ursinus,Common wombat,ringing_longevity__low,Shortest recorded wild life,no-approved-comparable-record,,
vombatus_ursinus,Common wombat,bird_mass,Heaviest adult,no-approved-comparable-record,,
vombatus_ursinus,Common wombat,adult_body_mass,Heaviest adult,included,25500,anage-15
vombatus_ursinus,Common wombat,bird_mass__low,Lightest adult,no-approved-comparable-record,,
vombatus_ursinus,Common wombat,adult_body_mass__low,Lightest adult,included,25500,anage-15
vombatus_ursinus,Common wombat,male_maturity,Latest male maturity,included,730,anage-15
vombatus_ursinus,Common wombat,female_maturity,Latest female maturity,included,730,anage-15
vombatus_ursinus,Common wombat,female_maturity__low,Earliest female maturity,included,730,anage-15
vombatus_ursinus,Common wombat,male_maturity__low,Earliest male maturity,included,730,anage-15
vombatus_ursinus,Common wombat,basal_energy,Most resting energy use,no-approved-comparable-record,,
vombatus_ursinus,Common wombat,mass_specific_basal_energy,Most resting energy per gram,no-approved-comparable-record,,
vombatus_ursinus,Common wombat,mass_specific_basal_energy__low,Least resting energy per gram,no-approved-comparable-record,,
vombatus_ursinus,Common wombat,basal_energy__low,Least resting energy use,no-approved-comparable-record,,
vombatus_ursinus,Common wombat,milk_fat_concentration,Fattiest milk,no-approved-comparable-record,,
vombatus_ursinus,Common wombat,milk_fat_concentration__low,Least fat in milk,no-approved-comparable-record,,
vombatus_ursinus,Common wombat,milk_protein_concentration,Most protein in milk,no-approved-comparable-record,,
vombatus_ursinus,Common wombat,milk_protein_concentration__low,Least protein in milk,no-approved-comparable-record,,
vombatus_ursinus,Common wombat,milk_sugar_concentration,Most sugar in milk,no-approved-comparable-record,,
vombatus_ursinus,Common wombat,milk_sugar_concentration__low,Least sugar in milk,no-approved-comparable-record,,
vombatus_ursinus,Common wombat,field_swim_speed,Fastest measured swimming,no-approved-comparable-record,,
vombatus_ursinus,Common wombat,field_swim_speed__low,Slowest measured swimming,no-approved-comparable-record,,
vombatus_ursinus,Common wombat,raw_birth_mass,Heaviest newborn,no-approved-comparable-record,,
vombatus_ursinus,Common wombat,birth_weight,Heaviest newborn,included,0.5,anage-15
vombatus_ursinus,Common wombat,raw_birth_mass__low,Lightest newborn,no-approved-comparable-record,,
vombatus_ursinus,Common wombat,birth_weight__low,Lightest newborn,included,0.5,anage-15
vombatus_ursinus,Common wombat,mapped_north_pole_distance,Farthest from North Pole,included,118.47,pantheria-range-maps
vombatus_ursinus,Common wombat,mapped_north_pole_distance__low,Closest to North Pole,included,118.47,pantheria-range-maps
vombatus_ursinus,Common wombat,raw_clutch_size,Most eggs per clutch,no-approved-comparable-record,,
vombatus_ursinus,Common wombat,litter_size,Most young per birth,included,1,anage-15
vombatus_ursinus,Common wombat,litter_size__low,Fewest young per birth,included,1,anage-15
vombatus_ursinus,Common wombat,raw_clutch_size__low,Fewest eggs per clutch,no-approved-comparable-record,,
vombatus_ursinus,Common wombat,gestation,Longest pregnancy,included,27,anage-15
vombatus_ursinus,Common wombat,raw_gestation,Longest pregnancy,no-approved-comparable-record,,
vombatus_ursinus,Common wombat,gestation__low,Shortest pregnancy,included,27,anage-15
vombatus_ursinus,Common wombat,raw_gestation__low,Shortest pregnancy,no-approved-comparable-record,,
vombatus_ursinus,Common wombat,diet_largest_prey,Largest prey in published diet,no-approved-comparable-record,,
vombatus_ursinus,Common wombat,diet_smallest_prey,Smallest prey in published diet,no-approved-comparable-record,,
vombatus_ursinus,Common wombat,diet_prey_mass_span,Widest prey-size range,no-approved-comparable-record,,
vombatus_ursinus,Common wombat,diet_prey_mass_span__low,Narrowest prey-size range,no-approved-comparable-record,,
vombatus_ursinus,Common wombat,bird_range_area,Largest breeding range,no-approved-comparable-record,,
vombatus_ursinus,Common wombat,mammal_range_area,Largest mapped range,included,308388.6,pantheria-range-maps
vombatus_ursinus,Common wombat,mammal_range_area__low,Smallest mapped range,included,308388.6,pantheria-range-maps
vombatus_ursinus,Common wombat,bird_range_area__low,Smallest breeding range,no-approved-comparable-record,,
vombatus_ursinus,Common wombat,raw_egg_mass,Heaviest egg,no-approved-comparable-record,,
vombatus_ursinus,Common wombat,raw_egg_mass__low,Lightest egg,no-approved-comparable-record,,
vombatus_ursinus,Common wombat,scientific_description_age,Oldest scientific description,included,226,gbif-authorship-20261004
vombatus_ursinus,Common wombat,scientific_description_age__low,Newest scientific description,included,226,gbif-authorship-20261004
vombatus_ursinus,Common wombat,daily_rem_sleep,Most REM sleep,no-approved-comparable-record,,
vombatus_ursinus,Common wombat,daily_sleep,Most time asleep,no-approved-comparable-record,,
vombatus_ursinus,Common wombat,daily_rem_sleep__low,Least REM sleep,no-approved-comparable-record,,
vombatus_ursinus,Common wombat,daily_sleep__low,Least time asleep,no-approved-comparable-record,,
vombatus_ursinus,Common wombat,mapped_south_pole_distance,Farthest from South Pole,included,46.36,pantheria-range-maps
vombatus_ursinus,Common wombat,mapped_south_pole_distance__low,Closest to South Pole,included,46.36,pantheria-range-maps
vombatus_ursinus,Common wombat,mammal_tail_length_upper,Longest mammal tail,no-approved-comparable-record,,
vombatus_ursinus,Common wombat,bird_tail_length,Longest tail feathers,no-approved-comparable-record,,
vombatus_ursinus,Common wombat,mammal_tail_length_upper__low,Shortest mammal tail,no-approved-comparable-record,,
vombatus_ursinus,Common wombat,bird_tail_length__low,Shortest tail feathers,no-approved-comparable-record,,
vombatus_ursinus,Common wombat,adult_tooth_count,Most adult teeth,no-approved-comparable-record,,
vombatus_ursinus,Common wombat,adult_tooth_count__low,Fewest adult teeth,no-approved-comparable-record,,
vombatus_ursinus,Common wombat,behavioral_visual_acuity,Sharpest measured vision,no-approved-comparable-record,,
vombatus_ursinus,Common wombat,behavioral_visual_acuity__low,Least sharp measured vision,no-approved-comparable-record,,
vombatus_ursinus,Common wombat,weaning_mass,Heaviest at weaning,included,5700,anage-15
vombatus_ursinus,Common wombat,raw_weaning_age,Longest time on milk,no-approved-comparable-record,,
vombatus_ursinus,Common wombat,weaning_age,Longest time on milk,included,350,anage-15
vombatus_ursinus,Common wombat,raw_weaning_age__low,Shortest time on milk,no-approved-comparable-record,,
vombatus_ursinus,Common wombat,weaning_mass__low,Lightest at weaning,included,5700,anage-15
vombatus_ursinus,Common wombat,weaning_age__low,Shortest time on milk,included,350,anage-15
vombatus_ursinus,Common wombat,measured_wingspan,Largest wingspan,no-approved-comparable-record,,
vombatus_ursinus,Common wombat,measured_wingspan__low,Smallest wingspan,no-approved-comparable-record,,
tachyglossus_aculeatus,Short-beaked echidna,bird_beak_length,Longest beak,no-approved-comparable-record,,
tachyglossus_aculeatus,Short-beaked echidna,bird_beak_length__low,Shortest beak,no-approved-comparable-record,,
tachyglossus_aculeatus,Short-beaked echidna,weighed_brain_mass,Largest measured brain,no-approved-comparable-record,,
tachyglossus_aculeatus,Short-beaked echidna,weighed_brain_mass__low,Smallest measured brain,no-approved-comparable-record,,
tachyglossus_aculeatus,Short-beaked echidna,resting_breathing_frequency,Fastest breathing at rest,no-approved-comparable-record,,
tachyglossus_aculeatus,Short-beaked echidna,resting_breathing_frequency__low,Slowest breathing at rest,no-approved-comparable-record,,
tachyglossus_aculeatus,Short-beaked echidna,interbirth_interval,Longest gap between births,included,730,anage-15
tachyglossus_aculeatus,Short-beaked echidna,litters_per_year,Most litters per year,no-approved-comparable-record,,
tachyglossus_aculeatus,Short-beaked echidna,litters_per_year__low,Fewest litters per year,no-approved-comparable-record,,
tachyglossus_aculeatus,Short-beaked echidna,interbirth_interval__low,Shortest gap between births,included,730,anage-15
tachyglossus_aculeatus,Short-beaked echidna,recorded_chewing_rate,Fastest recorded chewing,no-approved-comparable-record,,
tachyglossus_aculeatus,Short-beaked echidna,recorded_chewing_rate__low,Slowest recorded chewing,no-approved-comparable-record,,
tachyglossus_aculeatus,Short-beaked echidna,iucn_extinction_risk,Most threatened,included,1,iucn-gbif-20260728
tachyglossus_aculeatus,Short-beaked echidna,iucn_extinction_risk__low,Least threatened,included,1,iucn-gbif-20260728
tachyglossus_aculeatus,Short-beaked echidna,habitat_depth_ceiling,Deepest water habitat,no-approved-comparable-record,,
tachyglossus_aculeatus,Short-beaked echidna,habitat_depth_ceiling__low,Shallowest water limit,no-approved-comparable-record,,
tachyglossus_aculeatus,Short-beaked echidna,diet_food_group_count,Most food groups,no-approved-comparable-record,,
tachyglossus_aculeatus,Short-beaked echidna,diet_food_group_count__low,Fewest food groups,no-approved-comparable-record,,
tachyglossus_aculeatus,Short-beaked echidna,raw_egg_length,Longest egg,no-approved-comparable-record,,
tachyglossus_aculeatus,Short-beaked echidna,raw_egg_length__low,Shortest egg,no-approved-comparable-record,,
tachyglossus_aculeatus,Short-beaked echidna,habitat_elevation_ceiling,Highest mountain habitat,no-approved-comparable-record,,
tachyglossus_aculeatus,Short-beaked echidna,habitat_elevation_ceiling__low,Lowest mountain ceiling,no-approved-comparable-record,,
tachyglossus_aculeatus,Short-beaked echidna,measured_eye_length,Largest eyes,included,8.0,veilleux-kirk-2014
tachyglossus_aculeatus,Short-beaked echidna,measured_eye_length__low,Smallest eyes,included,8.0,veilleux-kirk-2014
tachyglossus_aculeatus,Short-beaked echidna,cruising_flight_speed,Fastest cruising flight,no-approved-comparable-record,,
tachyglossus_aculeatus,Short-beaked echidna,cruising_flight_speed__low,Slowest cruising flight,no-approved-comparable-record,,
tachyglossus_aculeatus,Short-beaked echidna,raw_hatching_mass,Heaviest hatchling,no-approved-comparable-record,,
tachyglossus_aculeatus,Short-beaked echidna,hatching_mass,Heaviest hatchling,no-approved-comparable-record,,
tachyglossus_aculeatus,Short-beaked echidna,raw_hatching_mass__low,Lightest hatchling,no-approved-comparable-record,,
tachyglossus_aculeatus,Short-beaked echidna,hatching_mass__low,Lightest hatchling,no-approved-comparable-record,,
tachyglossus_aculeatus,Short-beaked echidna,raw_incubation,Longest wait to hatch,no-approved-comparable-record,,
tachyglossus_aculeatus,Short-beaked echidna,incubation,Longest wait to hatch,no-approved-comparable-record,,
tachyglossus_aculeatus,Short-beaked echidna,raw_incubation__low,Shortest wait to hatch,no-approved-comparable-record,,
tachyglossus_aculeatus,Short-beaked echidna,incubation__low,Shortest wait to hatch,no-approved-comparable-record,,
tachyglossus_aculeatus,Short-beaked echidna,adult_intestine_length,Longest intestine,no-approved-comparable-record,,
tachyglossus_aculeatus,Short-beaked echidna,adult_intestine_length__low,Shortest intestine,no-approved-comparable-record,,
tachyglossus_aculeatus,Short-beaked echidna,mapped_latitude_span,Widest north–south range,included,42.75,pantheria-range-maps
tachyglossus_aculeatus,Short-beaked echidna,mapped_latitude_span__low,Narrowest north–south range,included,42.75,pantheria-range-maps
tachyglossus_aculeatus,Short-beaked echidna,aquatic_length_upper,Longest aquatic body,no-approved-comparable-record,,
tachyglossus_aculeatus,Short-beaked echidna,aquatic_length_upper__low,Shortest aquatic body,no-approved-comparable-record,,
tachyglossus_aculeatus,Short-beaked echidna,wild_recorded_lifespan,Longest recorded wild life,no-approved-comparable-record,,
tachyglossus_aculeatus,Short-beaked echidna,maximum_documented_lifespan,Longest documented lifespan,included,49.5,anage-15
tachyglossus_aculeatus,Short-beaked echidna,ringing_longevity,Longest recorded wild life,no-approved-comparable-record,,
tachyglossus_aculeatus,Short-beaked echidna,wild_recorded_lifespan__low,Shortest recorded wild life,no-approved-comparable-record,,
tachyglossus_aculeatus,Short-beaked echidna,maximum_documented_lifespan__low,Shortest documented lifespan,included,49.5,anage-15
tachyglossus_aculeatus,Short-beaked echidna,ringing_longevity__low,Shortest recorded wild life,no-approved-comparable-record,,
tachyglossus_aculeatus,Short-beaked echidna,bird_mass,Heaviest adult,no-approved-comparable-record,,
tachyglossus_aculeatus,Short-beaked echidna,adult_body_mass,Heaviest adult,included,3500,anage-15
tachyglossus_aculeatus,Short-beaked echidna,bird_mass__low,Lightest adult,no-approved-comparable-record,,
tachyglossus_aculeatus,Short-beaked echidna,adult_body_mass__low,Lightest adult,included,3500,anage-15
tachyglossus_aculeatus,Short-beaked echidna,male_maturity,Latest male maturity,included,548,anage-15
tachyglossus_aculeatus,Short-beaked echidna,female_maturity,Latest female maturity,included,548,anage-15
tachyglossus_aculeatus,Short-beaked echidna,female_maturity__low,Earliest female maturity,included,548,anage-15
tachyglossus_aculeatus,Short-beaked echidna,male_maturity__low,Earliest male maturity,included,548,anage-15
tachyglossus_aculeatus,Short-beaked echidna,basal_energy,Most resting energy use,no-approved-comparable-record,,
tachyglossus_aculeatus,Short-beaked echidna,mass_specific_basal_energy,Most resting energy per gram,no-approved-comparable-record,,
tachyglossus_aculeatus,Short-beaked echidna,mass_specific_basal_energy__low,Least resting energy per gram,no-approved-comparable-record,,
tachyglossus_aculeatus,Short-beaked echidna,basal_energy__low,Least resting energy use,no-approved-comparable-record,,
tachyglossus_aculeatus,Short-beaked echidna,milk_fat_concentration,Fattiest milk,no-approved-comparable-record,,
tachyglossus_aculeatus,Short-beaked echidna,milk_fat_concentration__low,Least fat in milk,no-approved-comparable-record,,
tachyglossus_aculeatus,Short-beaked echidna,milk_protein_concentration,Most protein in milk,no-approved-comparable-record,,
tachyglossus_aculeatus,Short-beaked echidna,milk_protein_concentration__low,Least protein in milk,no-approved-comparable-record,,
tachyglossus_aculeatus,Short-beaked echidna,milk_sugar_concentration,Most sugar in milk,no-approved-comparable-record,,
tachyglossus_aculeatus,Short-beaked echidna,milk_sugar_concentration__low,Least sugar in milk,no-approved-comparable-record,,
tachyglossus_aculeatus,Short-beaked echidna,field_swim_speed,Fastest measured swimming,no-approved-comparable-record,,
tachyglossus_aculeatus,Short-beaked echidna,field_swim_speed__low,Slowest measured swimming,no-approved-comparable-record,,
tachyglossus_aculeatus,Short-beaked echidna,raw_birth_mass,Heaviest newborn,no-approved-comparable-record,,
tachyglossus_aculeatus,Short-beaked echidna,birth_weight,Heaviest newborn,included,0.379,anage-15
tachyglossus_aculeatus,Short-beaked echidna,raw_birth_mass__low,Lightest newborn,no-approved-comparable-record,,
tachyglossus_aculeatus,Short-beaked echidna,birth_weight__low,Lightest newborn,included,0.379,anage-15
tachyglossus_aculeatus,Short-beaked echidna,mapped_north_pole_distance,Farthest from North Pole,included,90.89,pantheria-range-maps
tachyglossus_aculeatus,Short-beaked echidna,mapped_north_pole_distance__low,Closest to North Pole,included,90.89,pantheria-range-maps
tachyglossus_aculeatus,Short-beaked echidna,raw_clutch_size,Most eggs per clutch,no-approved-comparable-record,,
tachyglossus_aculeatus,Short-beaked echidna,litter_size,Most young per birth,included,1,anage-15
tachyglossus_aculeatus,Short-beaked echidna,litter_size__low,Fewest young per birth,included,1,anage-15
tachyglossus_aculeatus,Short-beaked echidna,raw_clutch_size__low,Fewest eggs per clutch,no-approved-comparable-record,,
tachyglossus_aculeatus,Short-beaked echidna,gestation,Longest pregnancy,included,22,anage-15
tachyglossus_aculeatus,Short-beaked echidna,raw_gestation,Longest pregnancy,no-approved-comparable-record,,
tachyglossus_aculeatus,Short-beaked echidna,gestation__low,Shortest pregnancy,included,22,anage-15
tachyglossus_aculeatus,Short-beaked echidna,raw_gestation__low,Shortest pregnancy,no-approved-comparable-record,,
tachyglossus_aculeatus,Short-beaked echidna,diet_largest_prey,Largest prey in published diet,no-approved-comparable-record,,
tachyglossus_aculeatus,Short-beaked echidna,diet_smallest_prey,Smallest prey in published diet,no-approved-comparable-record,,
tachyglossus_aculeatus,Short-beaked echidna,diet_prey_mass_span,Widest prey-size range,no-approved-comparable-record,,
tachyglossus_aculeatus,Short-beaked echidna,diet_prey_mass_span__low,Narrowest prey-size range,no-approved-comparable-record,,
tachyglossus_aculeatus,Short-beaked echidna,bird_range_area,Largest breeding range,no-approved-comparable-record,,
tachyglossus_aculeatus,Short-beaked echidna,mammal_range_area,Largest mapped range,included,7829490.16,pantheria-range-maps
tachyglossus_aculeatus,Short-beaked echidna,mammal_range_area__low,Smallest mapped range,included,7829490.16,pantheria-range-maps
tachyglossus_aculeatus,Short-beaked echidna,bird_range_area__low,Smallest breeding range,no-approved-comparable-record,,
tachyglossus_aculeatus,Short-beaked echidna,raw_egg_mass,Heaviest egg,no-approved-comparable-record,,
tachyglossus_aculeatus,Short-beaked echidna,raw_egg_mass__low,Lightest egg,no-approved-comparable-record,,
tachyglossus_aculeatus,Short-beaked echidna,scientific_description_age,Oldest scientific description,included,234,gbif-authorship-20261004
tachyglossus_aculeatus,Short-beaked echidna,scientific_description_age__low,Newest scientific description,included,234,gbif-authorship-20261004
tachyglossus_aculeatus,Short-beaked echidna,daily_rem_sleep,Most REM sleep,no-approved-comparable-record,,
tachyglossus_aculeatus,Short-beaked echidna,daily_sleep,Most time asleep,no-approved-comparable-record,,
tachyglossus_aculeatus,Short-beaked echidna,daily_rem_sleep__low,Least REM sleep,no-approved-comparable-record,,
tachyglossus_aculeatus,Short-beaked echidna,daily_sleep__low,Least time asleep,no-approved-comparable-record,,
tachyglossus_aculeatus,Short-beaked echidna,mapped_south_pole_distance,Farthest from South Pole,included,46.36,pantheria-range-maps
tachyglossus_aculeatus,Short-beaked echidna,mapped_south_pole_distance__low,Closest to South Pole,included,46.36,pantheria-range-maps
tachyglossus_aculeatus,Short-beaked echidna,mammal_tail_length_upper,Longest mammal tail,no-approved-comparable-record,,
tachyglossus_aculeatus,Short-beaked echidna,bird_tail_length,Longest tail feathers,no-approved-comparable-record,,
tachyglossus_aculeatus,Short-beaked echidna,mammal_tail_length_upper__low,Shortest mammal tail,no-approved-comparable-record,,
tachyglossus_aculeatus,Short-beaked echidna,bird_tail_length__low,Shortest tail feathers,no-approved-comparable-record,,
tachyglossus_aculeatus,Short-beaked echidna,adult_tooth_count,Most adult teeth,no-approved-comparable-record,,
tachyglossus_aculeatus,Short-beaked echidna,adult_tooth_count__low,Fewest adult teeth,no-approved-comparable-record,,
tachyglossus_aculeatus,Short-beaked echidna,behavioral_visual_acuity,Sharpest measured vision,no-approved-comparable-record,,
tachyglossus_aculeatus,Short-beaked echidna,behavioral_visual_acuity__low,Least sharp measured vision,no-approved-comparable-record,,
tachyglossus_aculeatus,Short-beaked echidna,weaning_mass,Heaviest at weaning,included,400,anage-15
tachyglossus_aculeatus,Short-beaked echidna,raw_weaning_age,Longest time on milk,no-approved-comparable-record,,
tachyglossus_aculeatus,Short-beaked echidna,weaning_age,Longest time on milk,included,200,anage-15
tachyglossus_aculeatus,Short-beaked echidna,raw_weaning_age__low,Shortest time on milk,no-approved-comparable-record,,
tachyglossus_aculeatus,Short-beaked echidna,weaning_mass__low,Lightest at weaning,included,400,anage-15
tachyglossus_aculeatus,Short-beaked echidna,weaning_age__low,Shortest time on milk,included,200,anage-15
tachyglossus_aculeatus,Short-beaked echidna,measured_wingspan,Largest wingspan,no-approved-comparable-record,,
tachyglossus_aculeatus,Short-beaked echidna,measured_wingspan__low,Smallest wingspan,no-approved-comparable-record,,
rangifer_tarandus,Reindeer,bird_beak_length,Longest beak,no-approved-comparable-record,,
rangifer_tarandus,Reindeer,bird_beak_length__low,Shortest beak,no-approved-comparable-record,,
rangifer_tarandus,Reindeer,weighed_brain_mass,Largest measured brain,included,285.0,animaltraits-2022
rangifer_tarandus,Reindeer,weighed_brain_mass__low,Smallest measured brain,included,285.0,animaltraits-2022
rangifer_tarandus,Reindeer,resting_breathing_frequency,Fastest breathing at rest,no-approved-comparable-record,,
rangifer_tarandus,Reindeer,resting_breathing_frequency__low,Slowest breathing at rest,no-approved-comparable-record,,
rangifer_tarandus,Reindeer,interbirth_interval,Longest gap between births,included,365,anage-15
rangifer_tarandus,Reindeer,litters_per_year,Most litters per year,included,1,anage-15
rangifer_tarandus,Reindeer,litters_per_year__low,Fewest litters per year,included,1,anage-15
rangifer_tarandus,Reindeer,interbirth_interval__low,Shortest gap between births,included,365,anage-15
rangifer_tarandus,Reindeer,recorded_chewing_rate,Fastest recorded chewing,included,69.44444444444444,gerstner-gerstein-2008
rangifer_tarandus,Reindeer,recorded_chewing_rate__low,Slowest recorded chewing,included,69.44444444444444,gerstner-gerstein-2008
rangifer_tarandus,Reindeer,iucn_extinction_risk,Most threatened,included,3,iucn-gbif-20260728
rangifer_tarandus,Reindeer,iucn_extinction_risk__low,Least threatened,included,3,iucn-gbif-20260728
rangifer_tarandus,Reindeer,habitat_depth_ceiling,Deepest water habitat,no-approved-comparable-record,,
rangifer_tarandus,Reindeer,habitat_depth_ceiling__low,Shallowest water limit,no-approved-comparable-record,,
rangifer_tarandus,Reindeer,diet_food_group_count,Most food groups,included,1,reuter-2023-observed-food-groups
rangifer_tarandus,Reindeer,diet_food_group_count__low,Fewest food groups,included,1,reuter-2023-observed-food-groups
rangifer_tarandus,Reindeer,raw_egg_length,Longest egg,no-approved-comparable-record,,
rangifer_tarandus,Reindeer,raw_egg_length__low,Shortest egg,no-approved-comparable-record,,
rangifer_tarandus,Reindeer,habitat_elevation_ceiling,Highest mountain habitat,no-approved-comparable-record,,
rangifer_tarandus,Reindeer,habitat_elevation_ceiling__low,Lowest mountain ceiling,no-approved-comparable-record,,
rangifer_tarandus,Reindeer,measured_eye_length,Largest eyes,no-approved-comparable-record,,
rangifer_tarandus,Reindeer,measured_eye_length__low,Smallest eyes,no-approved-comparable-record,,
rangifer_tarandus,Reindeer,cruising_flight_speed,Fastest cruising flight,no-approved-comparable-record,,
rangifer_tarandus,Reindeer,cruising_flight_speed__low,Slowest cruising flight,no-approved-comparable-record,,
rangifer_tarandus,Reindeer,raw_hatching_mass,Heaviest hatchling,no-approved-comparable-record,,
rangifer_tarandus,Reindeer,hatching_mass,Heaviest hatchling,no-approved-comparable-record,,
rangifer_tarandus,Reindeer,raw_hatching_mass__low,Lightest hatchling,no-approved-comparable-record,,
rangifer_tarandus,Reindeer,hatching_mass__low,Lightest hatchling,no-approved-comparable-record,,
rangifer_tarandus,Reindeer,raw_incubation,Longest wait to hatch,no-approved-comparable-record,,
rangifer_tarandus,Reindeer,incubation,Longest wait to hatch,no-approved-comparable-record,,
rangifer_tarandus,Reindeer,raw_incubation__low,Shortest wait to hatch,no-approved-comparable-record,,
rangifer_tarandus,Reindeer,incubation__low,Shortest wait to hatch,no-approved-comparable-record,,
rangifer_tarandus,Reindeer,adult_intestine_length,Longest intestine,no-approved-comparable-record,,
rangifer_tarandus,Reindeer,adult_intestine_length__low,Shortest intestine,no-approved-comparable-record,,
rangifer_tarandus,Reindeer,mapped_latitude_span,Widest north–south range,included,38.07,pantheria-range-maps
rangifer_tarandus,Reindeer,mapped_latitude_span__low,Narrowest north–south range,included,38.07,pantheria-range-maps
rangifer_tarandus,Reindeer,aquatic_length_upper,Longest aquatic body,no-approved-comparable-record,,
rangifer_tarandus,Reindeer,aquatic_length_upper__low,Shortest aquatic body,no-approved-comparable-record,,
rangifer_tarandus,Reindeer,wild_recorded_lifespan,Longest recorded wild life,no-approved-comparable-record,,
rangifer_tarandus,Reindeer,maximum_documented_lifespan,Longest documented lifespan,included,21.8,anage-15
rangifer_tarandus,Reindeer,ringing_longevity,Longest recorded wild life,no-approved-comparable-record,,
rangifer_tarandus,Reindeer,wild_recorded_lifespan__low,Shortest recorded wild life,no-approved-comparable-record,,
rangifer_tarandus,Reindeer,maximum_documented_lifespan__low,Shortest documented lifespan,included,21.8,anage-15
rangifer_tarandus,Reindeer,ringing_longevity__low,Shortest recorded wild life,no-approved-comparable-record,,
rangifer_tarandus,Reindeer,bird_mass,Heaviest adult,no-approved-comparable-record,,
rangifer_tarandus,Reindeer,adult_body_mass,Heaviest adult,included,101250,anage-15
rangifer_tarandus,Reindeer,bird_mass__low,Lightest adult,no-approved-comparable-record,,
rangifer_tarandus,Reindeer,adult_body_mass__low,Lightest adult,included,101250,anage-15
rangifer_tarandus,Reindeer,male_maturity,Latest male maturity,included,680,anage-15
rangifer_tarandus,Reindeer,female_maturity,Latest female maturity,included,662,anage-15
rangifer_tarandus,Reindeer,female_maturity__low,Earliest female maturity,included,662,anage-15
rangifer_tarandus,Reindeer,male_maturity__low,Earliest male maturity,included,680,anage-15
rangifer_tarandus,Reindeer,basal_energy,Most resting energy use,no-approved-comparable-record,,
rangifer_tarandus,Reindeer,mass_specific_basal_energy,Most resting energy per gram,no-approved-comparable-record,,
rangifer_tarandus,Reindeer,mass_specific_basal_energy__low,Least resting energy per gram,no-approved-comparable-record,,
rangifer_tarandus,Reindeer,basal_energy__low,Least resting energy use,no-approved-comparable-record,,
rangifer_tarandus,Reindeer,milk_fat_concentration,Fattiest milk,included,10.9,blomquist-2019-measured-milk
rangifer_tarandus,Reindeer,milk_fat_concentration__low,Least fat in milk,included,10.9,blomquist-2019-measured-milk
rangifer_tarandus,Reindeer,milk_protein_concentration,Most protein in milk,included,9.5,blomquist-2019-measured-milk
rangifer_tarandus,Reindeer,milk_protein_concentration__low,Least protein in milk,included,9.5,blomquist-2019-measured-milk
rangifer_tarandus,Reindeer,milk_sugar_concentration,Most sugar in milk,included,3.4,blomquist-2019-measured-milk
rangifer_tarandus,Reindeer,milk_sugar_concentration__low,Least sugar in milk,included,3.4,blomquist-2019-measured-milk
rangifer_tarandus,Reindeer,field_swim_speed,Fastest measured swimming,no-approved-comparable-record,,
rangifer_tarandus,Reindeer,field_swim_speed__low,Slowest measured swimming,no-approved-comparable-record,,
rangifer_tarandus,Reindeer,raw_birth_mass,Heaviest newborn,no-approved-comparable-record,,
rangifer_tarandus,Reindeer,birth_weight,Heaviest newborn,included,6500,anage-15
rangifer_tarandus,Reindeer,raw_birth_mass__low,Lightest newborn,no-approved-comparable-record,,
rangifer_tarandus,Reindeer,birth_weight__low,Lightest newborn,included,6500,anage-15
rangifer_tarandus,Reindeer,mapped_north_pole_distance,Farthest from North Pole,included,6.38,pantheria-range-maps
rangifer_tarandus,Reindeer,mapped_north_pole_distance__low,Closest to North Pole,included,6.38,pantheria-range-maps
rangifer_tarandus,Reindeer,raw_clutch_size,Most eggs per clutch,no-approved-comparable-record,,
rangifer_tarandus,Reindeer,litter_size,Most young per birth,included,1,anage-15
rangifer_tarandus,Reindeer,litter_size__low,Fewest young per birth,included,1,anage-15
rangifer_tarandus,Reindeer,raw_clutch_size__low,Fewest eggs per clutch,no-approved-comparable-record,,
rangifer_tarandus,Reindeer,gestation,Longest pregnancy,included,228,anage-15
rangifer_tarandus,Reindeer,raw_gestation,Longest pregnancy,no-approved-comparable-record,,
rangifer_tarandus,Reindeer,gestation__low,Shortest pregnancy,included,228,anage-15
rangifer_tarandus,Reindeer,raw_gestation__low,Shortest pregnancy,no-approved-comparable-record,,
rangifer_tarandus,Reindeer,diet_largest_prey,Largest prey in published diet,no-approved-comparable-record,,
rangifer_tarandus,Reindeer,diet_smallest_prey,Smallest prey in published diet,no-approved-comparable-record,,
rangifer_tarandus,Reindeer,diet_prey_mass_span,Widest prey-size range,no-approved-comparable-record,,
rangifer_tarandus,Reindeer,diet_prey_mass_span__low,Narrowest prey-size range,no-approved-comparable-record,,
rangifer_tarandus,Reindeer,bird_range_area,Largest breeding range,no-approved-comparable-record,,
rangifer_tarandus,Reindeer,mammal_range_area,Largest mapped range,included,18376464.07,pantheria-range-maps
rangifer_tarandus,Reindeer,mammal_range_area__low,Smallest mapped range,included,18376464.07,pantheria-range-maps
rangifer_tarandus,Reindeer,bird_range_area__low,Smallest breeding range,no-approved-comparable-record,,
rangifer_tarandus,Reindeer,raw_egg_mass,Heaviest egg,no-approved-comparable-record,,
rangifer_tarandus,Reindeer,raw_egg_mass__low,Lightest egg,no-approved-comparable-record,,
rangifer_tarandus,Reindeer,scientific_description_age,Oldest scientific description,included,268,gbif-authorship-20261004
rangifer_tarandus,Reindeer,scientific_description_age__low,Newest scientific description,included,268,gbif-authorship-20261004
rangifer_tarandus,Reindeer,daily_rem_sleep,Most REM sleep,no-approved-comparable-record,,
rangifer_tarandus,Reindeer,daily_sleep,Most time asleep,no-approved-comparable-record,,
rangifer_tarandus,Reindeer,daily_rem_sleep__low,Least REM sleep,no-approved-comparable-record,,
rangifer_tarandus,Reindeer,daily_sleep__low,Least time asleep,no-approved-comparable-record,,
rangifer_tarandus,Reindeer,mapped_south_pole_distance,Farthest from South Pole,included,135.55,pantheria-range-maps
rangifer_tarandus,Reindeer,mapped_south_pole_distance__low,Closest to South Pole,included,135.55,pantheria-range-maps
rangifer_tarandus,Reindeer,mammal_tail_length_upper,Longest mammal tail,no-approved-comparable-record,,
rangifer_tarandus,Reindeer,bird_tail_length,Longest tail feathers,no-approved-comparable-record,,
rangifer_tarandus,Reindeer,mammal_tail_length_upper__low,Shortest mammal tail,no-approved-comparable-record,,
rangifer_tarandus,Reindeer,bird_tail_length__low,Shortest tail feathers,no-approved-comparable-record,,
rangifer_tarandus,Reindeer,adult_tooth_count,Most adult teeth,no-approved-comparable-record,,
rangifer_tarandus,Reindeer,adult_tooth_count__low,Fewest adult teeth,no-approved-comparable-record,,
rangifer_tarandus,Reindeer,behavioral_visual_acuity,Sharpest measured vision,no-approved-comparable-record,,
rangifer_tarandus,Reindeer,behavioral_visual_acuity__low,Least sharp measured vision,no-approved-comparable-record,,
rangifer_tarandus,Reindeer,weaning_mass,Heaviest at weaning,no-approved-comparable-record,,
rangifer_tarandus,Reindeer,raw_weaning_age,Longest time on milk,no-approved-comparable-record,,
rangifer_tarandus,Reindeer,weaning_age,Longest time on milk,no-approved-comparable-record,,
rangifer_tarandus,Reindeer,raw_weaning_age__low,Shortest time on milk,no-approved-comparable-record,,
rangifer_tarandus,Reindeer,weaning_mass__low,Lightest at weaning,no-approved-comparable-record,,
rangifer_tarandus,Reindeer,weaning_age__low,Shortest time on milk,no-approved-comparable-record,,
rangifer_tarandus,Reindeer,measured_wingspan,Largest wingspan,no-approved-comparable-record,,
rangifer_tarandus,Reindeer,measured_wingspan__low,Smallest wingspan,no-approved-comparable-record,,
cervus_elaphus,Red deer,bird_beak_length,Longest beak,no-approved-comparable-record,,
cervus_elaphus,Red deer,bird_beak_length__low,Shortest beak,no-approved-comparable-record,,
cervus_elaphus,Red deer,weighed_brain_mass,Largest measured brain,no-approved-comparable-record,,
cervus_elaphus,Red deer,weighed_brain_mass__low,Smallest measured brain,no-approved-comparable-record,,
cervus_elaphus,Red deer,resting_breathing_frequency,Fastest breathing at rest,no-approved-comparable-record,,
cervus_elaphus,Red deer,resting_breathing_frequency__low,Slowest breathing at rest,no-approved-comparable-record,,
cervus_elaphus,Red deer,interbirth_interval,Longest gap between births,no-approved-comparable-record,,
cervus_elaphus,Red deer,litters_per_year,Most litters per year,included,0.9,anage-15
cervus_elaphus,Red deer,litters_per_year__low,Fewest litters per year,included,0.9,anage-15
cervus_elaphus,Red deer,interbirth_interval__low,Shortest gap between births,no-approved-comparable-record,,
cervus_elaphus,Red deer,recorded_chewing_rate,Fastest recorded chewing,included,111.94029850746269,gerstner-gerstein-2008
cervus_elaphus,Red deer,recorded_chewing_rate__low,Slowest recorded chewing,included,111.94029850746269,gerstner-gerstein-2008
cervus_elaphus,Red deer,iucn_extinction_risk,Most threatened,included,1,iucn-gbif-20260728
cervus_elaphus,Red deer,iucn_extinction_risk__low,Least threatened,included,1,iucn-gbif-20260728
cervus_elaphus,Red deer,habitat_depth_ceiling,Deepest water habitat,no-approved-comparable-record,,
cervus_elaphus,Red deer,habitat_depth_ceiling__low,Shallowest water limit,no-approved-comparable-record,,
cervus_elaphus,Red deer,diet_food_group_count,Most food groups,included,1,reuter-2023-observed-food-groups
cervus_elaphus,Red deer,diet_food_group_count__low,Fewest food groups,included,1,reuter-2023-observed-food-groups
cervus_elaphus,Red deer,raw_egg_length,Longest egg,no-approved-comparable-record,,
cervus_elaphus,Red deer,raw_egg_length__low,Shortest egg,no-approved-comparable-record,,
cervus_elaphus,Red deer,habitat_elevation_ceiling,Highest mountain habitat,no-approved-comparable-record,,
cervus_elaphus,Red deer,habitat_elevation_ceiling__low,Lowest mountain ceiling,no-approved-comparable-record,,
cervus_elaphus,Red deer,measured_eye_length,Largest eyes,no-approved-comparable-record,,
cervus_elaphus,Red deer,measured_eye_length__low,Smallest eyes,no-approved-comparable-record,,
cervus_elaphus,Red deer,cruising_flight_speed,Fastest cruising flight,no-approved-comparable-record,,
cervus_elaphus,Red deer,cruising_flight_speed__low,Slowest cruising flight,no-approved-comparable-record,,
cervus_elaphus,Red deer,raw_hatching_mass,Heaviest hatchling,no-approved-comparable-record,,
cervus_elaphus,Red deer,hatching_mass,Heaviest hatchling,no-approved-comparable-record,,
cervus_elaphus,Red deer,raw_hatching_mass__low,Lightest hatchling,no-approved-comparable-record,,
cervus_elaphus,Red deer,hatching_mass__low,Lightest hatchling,no-approved-comparable-record,,
cervus_elaphus,Red deer,raw_incubation,Longest wait to hatch,no-approved-comparable-record,,
cervus_elaphus,Red deer,incubation,Longest wait to hatch,no-approved-comparable-record,,
cervus_elaphus,Red deer,raw_incubation__low,Shortest wait to hatch,no-approved-comparable-record,,
cervus_elaphus,Red deer,incubation__low,Shortest wait to hatch,no-approved-comparable-record,,
cervus_elaphus,Red deer,adult_intestine_length,Longest intestine,no-approved-comparable-record,,
cervus_elaphus,Red deer,adult_intestine_length__low,Shortest intestine,no-approved-comparable-record,,
cervus_elaphus,Red deer,mapped_latitude_span,Widest north–south range,included,36.36,pantheria-range-maps
cervus_elaphus,Red deer,mapped_latitude_span__low,Narrowest north–south range,included,36.36,pantheria-range-maps
cervus_elaphus,Red deer,aquatic_length_upper,Longest aquatic body,no-approved-comparable-record,,
cervus_elaphus,Red deer,aquatic_length_upper__low,Shortest aquatic body,no-approved-comparable-record,,
cervus_elaphus,Red deer,wild_recorded_lifespan,Longest recorded wild life,no-approved-comparable-record,,
cervus_elaphus,Red deer,maximum_documented_lifespan,Longest documented lifespan,included,31.5,anage-15
cervus_elaphus,Red deer,ringing_longevity,Longest recorded wild life,no-approved-comparable-record,,
cervus_elaphus,Red deer,wild_recorded_lifespan__low,Shortest recorded wild life,no-approved-comparable-record,,
cervus_elaphus,Red deer,maximum_documented_lifespan__low,Shortest documented lifespan,included,31.5,anage-15
cervus_elaphus,Red deer,ringing_longevity__low,Shortest recorded wild life,no-approved-comparable-record,,
cervus_elaphus,Red deer,bird_mass,Heaviest adult,no-approved-comparable-record,,
cervus_elaphus,Red deer,adult_body_mass,Heaviest adult,included,200000,anage-15
cervus_elaphus,Red deer,bird_mass__low,Lightest adult,no-approved-comparable-record,,
cervus_elaphus,Red deer,adult_body_mass__low,Lightest adult,included,200000,anage-15
cervus_elaphus,Red deer,male_maturity,Latest male maturity,included,730,anage-15
cervus_elaphus,Red deer,female_maturity,Latest female maturity,included,852,anage-15
cervus_elaphus,Red deer,female_maturity__low,Earliest female maturity,included,852,anage-15
cervus_elaphus,Red deer,male_maturity__low,Earliest male maturity,included,730,anage-15
cervus_elaphus,Red deer,basal_energy,Most resting energy use,no-approved-comparable-record,,
cervus_elaphus,Red deer,mass_specific_basal_energy,Most resting energy per gram,no-approved-comparable-record,,
cervus_elaphus,Red deer,mass_specific_basal_energy__low,Least resting energy per gram,no-approved-comparable-record,,
cervus_elaphus,Red deer,basal_energy__low,Least resting energy use,no-approved-comparable-record,,
cervus_elaphus,Red deer,milk_fat_concentration,Fattiest milk,no-approved-comparable-record,,
cervus_elaphus,Red deer,milk_fat_concentration__low,Least fat in milk,no-approved-comparable-record,,
cervus_elaphus,Red deer,milk_protein_concentration,Most protein in milk,no-approved-comparable-record,,
cervus_elaphus,Red deer,milk_protein_concentration__low,Least protein in milk,no-approved-comparable-record,,
cervus_elaphus,Red deer,milk_sugar_concentration,Most sugar in milk,no-approved-comparable-record,,
cervus_elaphus,Red deer,milk_sugar_concentration__low,Least sugar in milk,no-approved-comparable-record,,
cervus_elaphus,Red deer,field_swim_speed,Fastest measured swimming,no-approved-comparable-record,,
cervus_elaphus,Red deer,field_swim_speed__low,Slowest measured swimming,no-approved-comparable-record,,
cervus_elaphus,Red deer,raw_birth_mass,Heaviest newborn,no-approved-comparable-record,,
cervus_elaphus,Red deer,birth_weight,Heaviest newborn,included,10100,anage-15
cervus_elaphus,Red deer,raw_birth_mass__low,Lightest newborn,no-approved-comparable-record,,
cervus_elaphus,Red deer,birth_weight__low,Lightest newborn,included,10100,anage-15
cervus_elaphus,Red deer,mapped_north_pole_distance,Farthest from North Pole,included,25.41,pantheria-range-maps
cervus_elaphus,Red deer,mapped_north_pole_distance__low,Closest to North Pole,included,25.41,pantheria-range-maps
cervus_elaphus,Red deer,raw_clutch_size,Most eggs per clutch,no-approved-comparable-record,,
cervus_elaphus,Red deer,litter_size,Most young per birth,included,1,anage-15
cervus_elaphus,Red deer,litter_size__low,Fewest young per birth,included,1,anage-15
cervus_elaphus,Red deer,raw_clutch_size__low,Fewest eggs per clutch,no-approved-comparable-record,,
cervus_elaphus,Red deer,gestation,Longest pregnancy,included,245,anage-15
cervus_elaphus,Red deer,raw_gestation,Longest pregnancy,no-approved-comparable-record,,
cervus_elaphus,Red deer,gestation__low,Shortest pregnancy,included,245,anage-15
cervus_elaphus,Red deer,raw_gestation__low,Shortest pregnancy,no-approved-comparable-record,,
cervus_elaphus,Red deer,diet_largest_prey,Largest prey in published diet,no-approved-comparable-record,,
cervus_elaphus,Red deer,diet_smallest_prey,Smallest prey in published diet,no-approved-comparable-record,,
cervus_elaphus,Red deer,diet_prey_mass_span,Widest prey-size range,no-approved-comparable-record,,
cervus_elaphus,Red deer,diet_prey_mass_span__low,Narrowest prey-size range,no-approved-comparable-record,,
cervus_elaphus,Red deer,bird_range_area,Largest breeding range,no-approved-comparable-record,,
cervus_elaphus,Red deer,mammal_range_area,Largest mapped range,included,14167735.33,pantheria-range-maps
cervus_elaphus,Red deer,mammal_range_area__low,Smallest mapped range,included,14167735.33,pantheria-range-maps
cervus_elaphus,Red deer,bird_range_area__low,Smallest breeding range,no-approved-comparable-record,,
cervus_elaphus,Red deer,raw_egg_mass,Heaviest egg,no-approved-comparable-record,,
cervus_elaphus,Red deer,raw_egg_mass__low,Lightest egg,no-approved-comparable-record,,
cervus_elaphus,Red deer,scientific_description_age,Oldest scientific description,included,268,gbif-authorship-20261004
cervus_elaphus,Red deer,scientific_description_age__low,Newest scientific description,included,268,gbif-authorship-20261004
cervus_elaphus,Red deer,daily_rem_sleep,Most REM sleep,no-approved-comparable-record,,
cervus_elaphus,Red deer,daily_sleep,Most time asleep,no-approved-comparable-record,,
cervus_elaphus,Red deer,daily_rem_sleep__low,Least REM sleep,no-approved-comparable-record,,
cervus_elaphus,Red deer,daily_sleep__low,Least time asleep,no-approved-comparable-record,,
cervus_elaphus,Red deer,mapped_south_pole_distance,Farthest from South Pole,included,118.23,pantheria-range-maps
cervus_elaphus,Red deer,mapped_south_pole_distance__low,Closest to South Pole,included,118.23,pantheria-range-maps
cervus_elaphus,Red deer,mammal_tail_length_upper,Longest mammal tail,no-approved-comparable-record,,
cervus_elaphus,Red deer,bird_tail_length,Longest tail feathers,no-approved-comparable-record,,
cervus_elaphus,Red deer,mammal_tail_length_upper__low,Shortest mammal tail,no-approved-comparable-record,,
cervus_elaphus,Red deer,bird_tail_length__low,Shortest tail feathers,no-approved-comparable-record,,
cervus_elaphus,Red deer,adult_tooth_count,Most adult teeth,no-approved-comparable-record,,
cervus_elaphus,Red deer,adult_tooth_count__low,Fewest adult teeth,no-approved-comparable-record,,
cervus_elaphus,Red deer,behavioral_visual_acuity,Sharpest measured vision,no-approved-comparable-record,,
cervus_elaphus,Red deer,behavioral_visual_acuity__low,Least sharp measured vision,no-approved-comparable-record,,
cervus_elaphus,Red deer,weaning_mass,Heaviest at weaning,no-approved-comparable-record,,
cervus_elaphus,Red deer,raw_weaning_age,Longest time on milk,no-approved-comparable-record,,
cervus_elaphus,Red deer,weaning_age,Longest time on milk,no-approved-comparable-record,,
cervus_elaphus,Red deer,raw_weaning_age__low,Shortest time on milk,no-approved-comparable-record,,
cervus_elaphus,Red deer,weaning_mass__low,Lightest at weaning,no-approved-comparable-record,,
cervus_elaphus,Red deer,weaning_age__low,Shortest time on milk,no-approved-comparable-record,,
cervus_elaphus,Red deer,measured_wingspan,Largest wingspan,no-approved-comparable-record,,
cervus_elaphus,Red deer,measured_wingspan__low,Smallest wingspan,no-approved-comparable-record,,
suricata_suricatta,Meerkat,bird_beak_length,Longest beak,no-approved-comparable-record,,
suricata_suricatta,Meerkat,bird_beak_length__low,Shortest beak,no-approved-comparable-record,,
suricata_suricatta,Meerkat,weighed_brain_mass,Largest measured brain,no-approved-comparable-record,,
suricata_suricatta,Meerkat,weighed_brain_mass__low,Smallest measured brain,no-approved-comparable-record,,
suricata_suricatta,Meerkat,resting_breathing_frequency,Fastest breathing at rest,no-approved-comparable-record,,
suricata_suricatta,Meerkat,resting_breathing_frequency__low,Slowest breathing at rest,no-approved-comparable-record,,
suricata_suricatta,Meerkat,interbirth_interval,Longest gap between births,included,365,anage-15
suricata_suricatta,Meerkat,litters_per_year,Most litters per year,included,1,anage-15
suricata_suricatta,Meerkat,litters_per_year__low,Fewest litters per year,included,1,anage-15
suricata_suricatta,Meerkat,interbirth_interval__low,Shortest gap between births,included,365,anage-15
suricata_suricatta,Meerkat,recorded_chewing_rate,Fastest recorded chewing,included,333.3333333333333,gerstner-gerstein-2008
suricata_suricatta,Meerkat,recorded_chewing_rate__low,Slowest recorded chewing,included,333.3333333333333,gerstner-gerstein-2008
suricata_suricatta,Meerkat,iucn_extinction_risk,Most threatened,included,1,iucn-gbif-20260728
suricata_suricatta,Meerkat,iucn_extinction_risk__low,Least threatened,included,1,iucn-gbif-20260728
suricata_suricatta,Meerkat,habitat_depth_ceiling,Deepest water habitat,no-approved-comparable-record,,
suricata_suricatta,Meerkat,habitat_depth_ceiling__low,Shallowest water limit,no-approved-comparable-record,,
suricata_suricatta,Meerkat,diet_food_group_count,Most food groups,included,2,reuter-2023-observed-food-groups
suricata_suricatta,Meerkat,diet_food_group_count__low,Fewest food groups,included,2,reuter-2023-observed-food-groups
suricata_suricatta,Meerkat,raw_egg_length,Longest egg,no-approved-comparable-record,,
suricata_suricatta,Meerkat,raw_egg_length__low,Shortest egg,no-approved-comparable-record,,
suricata_suricatta,Meerkat,habitat_elevation_ceiling,Highest mountain habitat,no-approved-comparable-record,,
suricata_suricatta,Meerkat,habitat_elevation_ceiling__low,Lowest mountain ceiling,no-approved-comparable-record,,
suricata_suricatta,Meerkat,measured_eye_length,Largest eyes,included,10.5,veilleux-kirk-2014
suricata_suricatta,Meerkat,measured_eye_length__low,Smallest eyes,included,10.5,veilleux-kirk-2014
suricata_suricatta,Meerkat,cruising_flight_speed,Fastest cruising flight,no-approved-comparable-record,,
suricata_suricatta,Meerkat,cruising_flight_speed__low,Slowest cruising flight,no-approved-comparable-record,,
suricata_suricatta,Meerkat,raw_hatching_mass,Heaviest hatchling,no-approved-comparable-record,,
suricata_suricatta,Meerkat,hatching_mass,Heaviest hatchling,no-approved-comparable-record,,
suricata_suricatta,Meerkat,raw_hatching_mass__low,Lightest hatchling,no-approved-comparable-record,,
suricata_suricatta,Meerkat,hatching_mass__low,Lightest hatchling,no-approved-comparable-record,,
suricata_suricatta,Meerkat,raw_incubation,Longest wait to hatch,no-approved-comparable-record,,
suricata_suricatta,Meerkat,incubation,Longest wait to hatch,no-approved-comparable-record,,
suricata_suricatta,Meerkat,raw_incubation__low,Shortest wait to hatch,no-approved-comparable-record,,
suricata_suricatta,Meerkat,incubation__low,Shortest wait to hatch,no-approved-comparable-record,,
suricata_suricatta,Meerkat,adult_intestine_length,Longest intestine,no-approved-comparable-record,,
suricata_suricatta,Meerkat,adult_intestine_length__low,Shortest intestine,no-approved-comparable-record,,
suricata_suricatta,Meerkat,mapped_latitude_span,Widest north–south range,included,18.0,pantheria-range-maps
suricata_suricatta,Meerkat,mapped_latitude_span__low,Narrowest north–south range,included,18.0,pantheria-range-maps
suricata_suricatta,Meerkat,aquatic_length_upper,Longest aquatic body,no-approved-comparable-record,,
suricata_suricatta,Meerkat,aquatic_length_upper__low,Shortest aquatic body,no-approved-comparable-record,,
suricata_suricatta,Meerkat,wild_recorded_lifespan,Longest recorded wild life,no-approved-comparable-record,,
suricata_suricatta,Meerkat,maximum_documented_lifespan,Longest documented lifespan,included,20.6,anage-15
suricata_suricatta,Meerkat,ringing_longevity,Longest recorded wild life,no-approved-comparable-record,,
suricata_suricatta,Meerkat,wild_recorded_lifespan__low,Shortest recorded wild life,no-approved-comparable-record,,
suricata_suricatta,Meerkat,maximum_documented_lifespan__low,Shortest documented lifespan,included,20.6,anage-15
suricata_suricatta,Meerkat,ringing_longevity__low,Shortest recorded wild life,no-approved-comparable-record,,
suricata_suricatta,Meerkat,bird_mass,Heaviest adult,no-approved-comparable-record,,
suricata_suricatta,Meerkat,adult_body_mass,Heaviest adult,included,776,anage-15
suricata_suricatta,Meerkat,bird_mass__low,Lightest adult,no-approved-comparable-record,,
suricata_suricatta,Meerkat,adult_body_mass__low,Lightest adult,included,776,anage-15
suricata_suricatta,Meerkat,male_maturity,Latest male maturity,included,365,anage-15
suricata_suricatta,Meerkat,female_maturity,Latest female maturity,included,365,anage-15
suricata_suricatta,Meerkat,female_maturity__low,Earliest female maturity,included,365,anage-15
suricata_suricatta,Meerkat,male_maturity__low,Earliest male maturity,included,365,anage-15
suricata_suricatta,Meerkat,basal_energy,Most resting energy use,no-approved-comparable-record,,
suricata_suricatta,Meerkat,mass_specific_basal_energy,Most resting energy per gram,no-approved-comparable-record,,
suricata_suricatta,Meerkat,mass_specific_basal_energy__low,Least resting energy per gram,no-approved-comparable-record,,
suricata_suricatta,Meerkat,basal_energy__low,Least resting energy use,no-approved-comparable-record,,
suricata_suricatta,Meerkat,milk_fat_concentration,Fattiest milk,no-approved-comparable-record,,
suricata_suricatta,Meerkat,milk_fat_concentration__low,Least fat in milk,no-approved-comparable-record,,
suricata_suricatta,Meerkat,milk_protein_concentration,Most protein in milk,no-approved-comparable-record,,
suricata_suricatta,Meerkat,milk_protein_concentration__low,Least protein in milk,no-approved-comparable-record,,
suricata_suricatta,Meerkat,milk_sugar_concentration,Most sugar in milk,no-approved-comparable-record,,
suricata_suricatta,Meerkat,milk_sugar_concentration__low,Least sugar in milk,no-approved-comparable-record,,
suricata_suricatta,Meerkat,field_swim_speed,Fastest measured swimming,no-approved-comparable-record,,
suricata_suricatta,Meerkat,field_swim_speed__low,Slowest measured swimming,no-approved-comparable-record,,
suricata_suricatta,Meerkat,raw_birth_mass,Heaviest newborn,no-approved-comparable-record,,
suricata_suricatta,Meerkat,birth_weight,Heaviest newborn,included,29,anage-15
suricata_suricatta,Meerkat,raw_birth_mass__low,Lightest newborn,no-approved-comparable-record,,
suricata_suricatta,Meerkat,birth_weight__low,Lightest newborn,included,29,anage-15
suricata_suricatta,Meerkat,mapped_north_pole_distance,Farthest from North Pole,included,105.77,pantheria-range-maps
suricata_suricatta,Meerkat,mapped_north_pole_distance__low,Closest to North Pole,included,105.77,pantheria-range-maps
suricata_suricatta,Meerkat,raw_clutch_size,Most eggs per clutch,no-approved-comparable-record,,
suricata_suricatta,Meerkat,litter_size,Most young per birth,included,4,anage-15
suricata_suricatta,Meerkat,litter_size__low,Fewest young per birth,included,4,anage-15
suricata_suricatta,Meerkat,raw_clutch_size__low,Fewest eggs per clutch,no-approved-comparable-record,,
suricata_suricatta,Meerkat,gestation,Longest pregnancy,included,77,anage-15
suricata_suricatta,Meerkat,raw_gestation,Longest pregnancy,no-approved-comparable-record,,
suricata_suricatta,Meerkat,gestation__low,Shortest pregnancy,included,77,anage-15
suricata_suricatta,Meerkat,raw_gestation__low,Shortest pregnancy,no-approved-comparable-record,,
suricata_suricatta,Meerkat,diet_largest_prey,Largest prey in published diet,no-approved-comparable-record,,
suricata_suricatta,Meerkat,diet_smallest_prey,Smallest prey in published diet,no-approved-comparable-record,,
suricata_suricatta,Meerkat,diet_prey_mass_span,Widest prey-size range,no-approved-comparable-record,,
suricata_suricatta,Meerkat,diet_prey_mass_span__low,Narrowest prey-size range,no-approved-comparable-record,,
suricata_suricatta,Meerkat,bird_range_area,Largest breeding range,no-approved-comparable-record,,
suricata_suricatta,Meerkat,mammal_range_area,Largest mapped range,included,1720747.74,pantheria-range-maps
suricata_suricatta,Meerkat,mammal_range_area__low,Smallest mapped range,included,1720747.74,pantheria-range-maps
suricata_suricatta,Meerkat,bird_range_area__low,Smallest breeding range,no-approved-comparable-record,,
suricata_suricatta,Meerkat,raw_egg_mass,Heaviest egg,no-approved-comparable-record,,
suricata_suricatta,Meerkat,raw_egg_mass__low,Lightest egg,no-approved-comparable-record,,
suricata_suricatta,Meerkat,scientific_description_age,Oldest scientific description,included,250,gbif-authorship-20261004
suricata_suricatta,Meerkat,scientific_description_age__low,Newest scientific description,included,250,gbif-authorship-20261004
suricata_suricatta,Meerkat,daily_rem_sleep,Most REM sleep,no-approved-comparable-record,,
suricata_suricatta,Meerkat,daily_sleep,Most time asleep,no-approved-comparable-record,,
suricata_suricatta,Meerkat,daily_rem_sleep__low,Least REM sleep,no-approved-comparable-record,,
suricata_suricatta,Meerkat,daily_sleep__low,Least time asleep,no-approved-comparable-record,,
suricata_suricatta,Meerkat,mapped_south_pole_distance,Farthest from South Pole,included,56.23,pantheria-range-maps
suricata_suricatta,Meerkat,mapped_south_pole_distance__low,Closest to South Pole,included,56.23,pantheria-range-maps
suricata_suricatta,Meerkat,mammal_tail_length_upper,Longest mammal tail,no-approved-comparable-record,,
suricata_suricatta,Meerkat,bird_tail_length,Longest tail feathers,no-approved-comparable-record,,
suricata_suricatta,Meerkat,mammal_tail_length_upper__low,Shortest mammal tail,no-approved-comparable-record,,
suricata_suricatta,Meerkat,bird_tail_length__low,Shortest tail feathers,no-approved-comparable-record,,
suricata_suricatta,Meerkat,adult_tooth_count,Most adult teeth,no-approved-comparable-record,,
suricata_suricatta,Meerkat,adult_tooth_count__low,Fewest adult teeth,no-approved-comparable-record,,
suricata_suricatta,Meerkat,behavioral_visual_acuity,Sharpest measured vision,included,6.3,veilleux-kirk-2014
suricata_suricatta,Meerkat,behavioral_visual_acuity__low,Least sharp measured vision,included,6.3,veilleux-kirk-2014
suricata_suricatta,Meerkat,weaning_mass,Heaviest at weaning,no-approved-comparable-record,,
suricata_suricatta,Meerkat,raw_weaning_age,Longest time on milk,no-approved-comparable-record,,
suricata_suricatta,Meerkat,weaning_age,Longest time on milk,no-approved-comparable-record,,
suricata_suricatta,Meerkat,raw_weaning_age__low,Shortest time on milk,no-approved-comparable-record,,
suricata_suricatta,Meerkat,weaning_mass__low,Lightest at weaning,no-approved-comparable-record,,
suricata_suricatta,Meerkat,weaning_age__low,Shortest time on milk,no-approved-comparable-record,,
suricata_suricatta,Meerkat,measured_wingspan,Largest wingspan,no-approved-comparable-record,,
suricata_suricatta,Meerkat,measured_wingspan__low,Smallest wingspan,no-approved-comparable-record,,
rattus_norvegicus,Brown rat,bird_beak_length,Longest beak,no-approved-comparable-record,,
rattus_norvegicus,Brown rat,bird_beak_length__low,Shortest beak,no-approved-comparable-record,,
rattus_norvegicus,Brown rat,weighed_brain_mass,Largest measured brain,included,1.955,animaltraits-2022
rattus_norvegicus,Brown rat,weighed_brain_mass__low,Smallest measured brain,included,1.955,animaltraits-2022
rattus_norvegicus,Brown rat,resting_breathing_frequency,Fastest breathing at rest,no-approved-comparable-record,,
rattus_norvegicus,Brown rat,resting_breathing_frequency__low,Slowest breathing at rest,no-approved-comparable-record,,
rattus_norvegicus,Brown rat,interbirth_interval,Longest gap between births,no-approved-comparable-record,,
rattus_norvegicus,Brown rat,litters_per_year,Most litters per year,included,3.7,anage-15
rattus_norvegicus,Brown rat,litters_per_year__low,Fewest litters per year,included,3.7,anage-15
rattus_norvegicus,Brown rat,interbirth_interval__low,Shortest gap between births,no-approved-comparable-record,,
rattus_norvegicus,Brown rat,recorded_chewing_rate,Fastest recorded chewing,included,312.5,gerstner-gerstein-2008
rattus_norvegicus,Brown rat,recorded_chewing_rate__low,Slowest recorded chewing,included,312.5,gerstner-gerstein-2008
rattus_norvegicus,Brown rat,iucn_extinction_risk,Most threatened,included,1,iucn-gbif-20260728
rattus_norvegicus,Brown rat,iucn_extinction_risk__low,Least threatened,included,1,iucn-gbif-20260728
rattus_norvegicus,Brown rat,habitat_depth_ceiling,Deepest water habitat,no-approved-comparable-record,,
rattus_norvegicus,Brown rat,habitat_depth_ceiling__low,Shallowest water limit,no-approved-comparable-record,,
rattus_norvegicus,Brown rat,diet_food_group_count,Most food groups,no-approved-comparable-record,,
rattus_norvegicus,Brown rat,diet_food_group_count__low,Fewest food groups,no-approved-comparable-record,,
rattus_norvegicus,Brown rat,raw_egg_length,Longest egg,no-approved-comparable-record,,
rattus_norvegicus,Brown rat,raw_egg_length__low,Shortest egg,no-approved-comparable-record,,
rattus_norvegicus,Brown rat,habitat_elevation_ceiling,Highest mountain habitat,no-approved-comparable-record,,
rattus_norvegicus,Brown rat,habitat_elevation_ceiling__low,Lowest mountain ceiling,no-approved-comparable-record,,
rattus_norvegicus,Brown rat,measured_eye_length,Largest eyes,included,5.58,veilleux-kirk-2014
rattus_norvegicus,Brown rat,measured_eye_length__low,Smallest eyes,included,5.58,veilleux-kirk-2014
rattus_norvegicus,Brown rat,cruising_flight_speed,Fastest cruising flight,no-approved-comparable-record,,
rattus_norvegicus,Brown rat,cruising_flight_speed__low,Slowest cruising flight,no-approved-comparable-record,,
rattus_norvegicus,Brown rat,raw_hatching_mass,Heaviest hatchling,no-approved-comparable-record,,
rattus_norvegicus,Brown rat,hatching_mass,Heaviest hatchling,no-approved-comparable-record,,
rattus_norvegicus,Brown rat,raw_hatching_mass__low,Lightest hatchling,no-approved-comparable-record,,
rattus_norvegicus,Brown rat,hatching_mass__low,Lightest hatchling,no-approved-comparable-record,,
rattus_norvegicus,Brown rat,raw_incubation,Longest wait to hatch,no-approved-comparable-record,,
rattus_norvegicus,Brown rat,incubation,Longest wait to hatch,no-approved-comparable-record,,
rattus_norvegicus,Brown rat,raw_incubation__low,Shortest wait to hatch,no-approved-comparable-record,,
rattus_norvegicus,Brown rat,incubation__low,Shortest wait to hatch,no-approved-comparable-record,,
rattus_norvegicus,Brown rat,adult_intestine_length,Longest intestine,no-approved-comparable-record,,
rattus_norvegicus,Brown rat,adult_intestine_length__low,Shortest intestine,no-approved-comparable-record,,
rattus_norvegicus,Brown rat,mapped_latitude_span,Widest north–south range,no-approved-comparable-record,,
rattus_norvegicus,Brown rat,mapped_latitude_span__low,Narrowest north–south range,no-approved-comparable-record,,
rattus_norvegicus,Brown rat,aquatic_length_upper,Longest aquatic body,no-approved-comparable-record,,
rattus_norvegicus,Brown rat,aquatic_length_upper__low,Shortest aquatic body,no-approved-comparable-record,,
rattus_norvegicus,Brown rat,wild_recorded_lifespan,Longest recorded wild life,no-approved-comparable-record,,
rattus_norvegicus,Brown rat,maximum_documented_lifespan,Longest documented lifespan,included,3.8,anage-15
rattus_norvegicus,Brown rat,ringing_longevity,Longest recorded wild life,no-approved-comparable-record,,
rattus_norvegicus,Brown rat,wild_recorded_lifespan__low,Shortest recorded wild life,no-approved-comparable-record,,
rattus_norvegicus,Brown rat,maximum_documented_lifespan__low,Shortest documented lifespan,included,3.8,anage-15
rattus_norvegicus,Brown rat,ringing_longevity__low,Shortest recorded wild life,no-approved-comparable-record,,
rattus_norvegicus,Brown rat,bird_mass,Heaviest adult,no-approved-comparable-record,,
rattus_norvegicus,Brown rat,adult_body_mass,Heaviest adult,included,300,anage-15
rattus_norvegicus,Brown rat,bird_mass__low,Lightest adult,no-approved-comparable-record,,
rattus_norvegicus,Brown rat,adult_body_mass__low,Lightest adult,included,300,anage-15
rattus_norvegicus,Brown rat,male_maturity,Latest male maturity,included,70,anage-15
rattus_norvegicus,Brown rat,female_maturity,Latest female maturity,included,90,anage-15
rattus_norvegicus,Brown rat,female_maturity__low,Earliest female maturity,included,90,anage-15
rattus_norvegicus,Brown rat,male_maturity__low,Earliest male maturity,included,70,anage-15
rattus_norvegicus,Brown rat,basal_energy,Most resting energy use,no-approved-comparable-record,,
rattus_norvegicus,Brown rat,mass_specific_basal_energy,Most resting energy per gram,no-approved-comparable-record,,
rattus_norvegicus,Brown rat,mass_specific_basal_energy__low,Least resting energy per gram,no-approved-comparable-record,,
rattus_norvegicus,Brown rat,basal_energy__low,Least resting energy use,no-approved-comparable-record,,
rattus_norvegicus,Brown rat,milk_fat_concentration,Fattiest milk,no-approved-comparable-record,,
rattus_norvegicus,Brown rat,milk_fat_concentration__low,Least fat in milk,no-approved-comparable-record,,
rattus_norvegicus,Brown rat,milk_protein_concentration,Most protein in milk,no-approved-comparable-record,,
rattus_norvegicus,Brown rat,milk_protein_concentration__low,Least protein in milk,no-approved-comparable-record,,
rattus_norvegicus,Brown rat,milk_sugar_concentration,Most sugar in milk,no-approved-comparable-record,,
rattus_norvegicus,Brown rat,milk_sugar_concentration__low,Least sugar in milk,no-approved-comparable-record,,
rattus_norvegicus,Brown rat,field_swim_speed,Fastest measured swimming,no-approved-comparable-record,,
rattus_norvegicus,Brown rat,field_swim_speed__low,Slowest measured swimming,no-approved-comparable-record,,
rattus_norvegicus,Brown rat,raw_birth_mass,Heaviest newborn,no-approved-comparable-record,,
rattus_norvegicus,Brown rat,birth_weight,Heaviest newborn,included,5.81,anage-15
rattus_norvegicus,Brown rat,raw_birth_mass__low,Lightest newborn,no-approved-comparable-record,,
rattus_norvegicus,Brown rat,birth_weight__low,Lightest newborn,included,5.81,anage-15
rattus_norvegicus,Brown rat,mapped_north_pole_distance,Farthest from North Pole,no-approved-comparable-record,,
rattus_norvegicus,Brown rat,mapped_north_pole_distance__low,Closest to North Pole,no-approved-comparable-record,,
rattus_norvegicus,Brown rat,raw_clutch_size,Most eggs per clutch,no-approved-comparable-record,,
rattus_norvegicus,Brown rat,litter_size,Most young per birth,included,9.9,anage-15
rattus_norvegicus,Brown rat,litter_size__low,Fewest young per birth,included,9.9,anage-15
rattus_norvegicus,Brown rat,raw_clutch_size__low,Fewest eggs per clutch,no-approved-comparable-record,,
rattus_norvegicus,Brown rat,gestation,Longest pregnancy,included,21,anage-15
rattus_norvegicus,Brown rat,raw_gestation,Longest pregnancy,no-approved-comparable-record,,
rattus_norvegicus,Brown rat,gestation__low,Shortest pregnancy,included,21,anage-15
rattus_norvegicus,Brown rat,raw_gestation__low,Shortest pregnancy,no-approved-comparable-record,,
rattus_norvegicus,Brown rat,diet_largest_prey,Largest prey in published diet,no-approved-comparable-record,,
rattus_norvegicus,Brown rat,diet_smallest_prey,Smallest prey in published diet,no-approved-comparable-record,,
rattus_norvegicus,Brown rat,diet_prey_mass_span,Widest prey-size range,no-approved-comparable-record,,
rattus_norvegicus,Brown rat,diet_prey_mass_span__low,Narrowest prey-size range,no-approved-comparable-record,,
rattus_norvegicus,Brown rat,bird_range_area,Largest breeding range,no-approved-comparable-record,,
rattus_norvegicus,Brown rat,mammal_range_area,Largest mapped range,no-approved-comparable-record,,
rattus_norvegicus,Brown rat,mammal_range_area__low,Smallest mapped range,no-approved-comparable-record,,
rattus_norvegicus,Brown rat,bird_range_area__low,Smallest breeding range,no-approved-comparable-record,,
rattus_norvegicus,Brown rat,raw_egg_mass,Heaviest egg,no-approved-comparable-record,,
rattus_norvegicus,Brown rat,raw_egg_mass__low,Lightest egg,no-approved-comparable-record,,
rattus_norvegicus,Brown rat,scientific_description_age,Oldest scientific description,included,257,gbif-authorship-20261004
rattus_norvegicus,Brown rat,scientific_description_age__low,Newest scientific description,included,257,gbif-authorship-20261004
rattus_norvegicus,Brown rat,daily_rem_sleep,Most REM sleep,no-approved-comparable-record,,
rattus_norvegicus,Brown rat,daily_sleep,Most time asleep,no-approved-comparable-record,,
rattus_norvegicus,Brown rat,daily_rem_sleep__low,Least REM sleep,no-approved-comparable-record,,
rattus_norvegicus,Brown rat,daily_sleep__low,Least time asleep,no-approved-comparable-record,,
rattus_norvegicus,Brown rat,mapped_south_pole_distance,Farthest from South Pole,no-approved-comparable-record,,
rattus_norvegicus,Brown rat,mapped_south_pole_distance__low,Closest to South Pole,no-approved-comparable-record,,
rattus_norvegicus,Brown rat,mammal_tail_length_upper,Longest mammal tail,no-approved-comparable-record,,
rattus_norvegicus,Brown rat,bird_tail_length,Longest tail feathers,no-approved-comparable-record,,
rattus_norvegicus,Brown rat,mammal_tail_length_upper__low,Shortest mammal tail,no-approved-comparable-record,,
rattus_norvegicus,Brown rat,bird_tail_length__low,Shortest tail feathers,no-approved-comparable-record,,
rattus_norvegicus,Brown rat,adult_tooth_count,Most adult teeth,no-approved-comparable-record,,
rattus_norvegicus,Brown rat,adult_tooth_count__low,Fewest adult teeth,no-approved-comparable-record,,
rattus_norvegicus,Brown rat,behavioral_visual_acuity,Sharpest measured vision,included,1.6,veilleux-kirk-2014
rattus_norvegicus,Brown rat,behavioral_visual_acuity__low,Least sharp measured vision,included,1.6,veilleux-kirk-2014
rattus_norvegicus,Brown rat,weaning_mass,Heaviest at weaning,no-approved-comparable-record,,
rattus_norvegicus,Brown rat,raw_weaning_age,Longest time on milk,no-approved-comparable-record,,
rattus_norvegicus,Brown rat,weaning_age,Longest time on milk,no-approved-comparable-record,,
rattus_norvegicus,Brown rat,raw_weaning_age__low,Shortest time on milk,no-approved-comparable-record,,
rattus_norvegicus,Brown rat,weaning_mass__low,Lightest at weaning,no-approved-comparable-record,,
rattus_norvegicus,Brown rat,weaning_age__low,Shortest time on milk,no-approved-comparable-record,,
rattus_norvegicus,Brown rat,measured_wingspan,Largest wingspan,no-approved-comparable-record,,
rattus_norvegicus,Brown rat,measured_wingspan__low,Smallest wingspan,no-approved-comparable-record,,
mesocricetus_auratus,Golden hamster,bird_beak_length,Longest beak,no-approved-comparable-record,,
mesocricetus_auratus,Golden hamster,bird_beak_length__low,Shortest beak,no-approved-comparable-record,,
mesocricetus_auratus,Golden hamster,weighed_brain_mass,Largest measured brain,no-approved-comparable-record,,
mesocricetus_auratus,Golden hamster,weighed_brain_mass__low,Smallest measured brain,no-approved-comparable-record,,
mesocricetus_auratus,Golden hamster,resting_breathing_frequency,Fastest breathing at rest,no-approved-comparable-record,,
mesocricetus_auratus,Golden hamster,resting_breathing_frequency__low,Slowest breathing at rest,no-approved-comparable-record,,
mesocricetus_auratus,Golden hamster,interbirth_interval,Longest gap between births,no-approved-comparable-record,,
mesocricetus_auratus,Golden hamster,litters_per_year,Most litters per year,included,3,anage-15
mesocricetus_auratus,Golden hamster,litters_per_year__low,Fewest litters per year,included,3,anage-15
mesocricetus_auratus,Golden hamster,interbirth_interval__low,Shortest gap between births,no-approved-comparable-record,,
mesocricetus_auratus,Golden hamster,recorded_chewing_rate,Fastest recorded chewing,no-approved-comparable-record,,
mesocricetus_auratus,Golden hamster,recorded_chewing_rate__low,Slowest recorded chewing,no-approved-comparable-record,,
mesocricetus_auratus,Golden hamster,iucn_extinction_risk,Most threatened,included,4,iucn-gbif-20260728
mesocricetus_auratus,Golden hamster,iucn_extinction_risk__low,Least threatened,included,4,iucn-gbif-20260728
mesocricetus_auratus,Golden hamster,habitat_depth_ceiling,Deepest water habitat,no-approved-comparable-record,,
mesocricetus_auratus,Golden hamster,habitat_depth_ceiling__low,Shallowest water limit,no-approved-comparable-record,,
mesocricetus_auratus,Golden hamster,diet_food_group_count,Most food groups,no-approved-comparable-record,,
mesocricetus_auratus,Golden hamster,diet_food_group_count__low,Fewest food groups,no-approved-comparable-record,,
mesocricetus_auratus,Golden hamster,raw_egg_length,Longest egg,no-approved-comparable-record,,
mesocricetus_auratus,Golden hamster,raw_egg_length__low,Shortest egg,no-approved-comparable-record,,
mesocricetus_auratus,Golden hamster,habitat_elevation_ceiling,Highest mountain habitat,no-approved-comparable-record,,
mesocricetus_auratus,Golden hamster,habitat_elevation_ceiling__low,Lowest mountain ceiling,no-approved-comparable-record,,
mesocricetus_auratus,Golden hamster,measured_eye_length,Largest eyes,included,6.32,veilleux-kirk-2014
mesocricetus_auratus,Golden hamster,measured_eye_length__low,Smallest eyes,included,6.32,veilleux-kirk-2014
mesocricetus_auratus,Golden hamster,cruising_flight_speed,Fastest cruising flight,no-approved-comparable-record,,
mesocricetus_auratus,Golden hamster,cruising_flight_speed__low,Slowest cruising flight,no-approved-comparable-record,,
mesocricetus_auratus,Golden hamster,raw_hatching_mass,Heaviest hatchling,no-approved-comparable-record,,
mesocricetus_auratus,Golden hamster,hatching_mass,Heaviest hatchling,no-approved-comparable-record,,
mesocricetus_auratus,Golden hamster,raw_hatching_mass__low,Lightest hatchling,no-approved-comparable-record,,
mesocricetus_auratus,Golden hamster,hatching_mass__low,Lightest hatchling,no-approved-comparable-record,,
mesocricetus_auratus,Golden hamster,raw_incubation,Longest wait to hatch,no-approved-comparable-record,,
mesocricetus_auratus,Golden hamster,incubation,Longest wait to hatch,no-approved-comparable-record,,
mesocricetus_auratus,Golden hamster,raw_incubation__low,Shortest wait to hatch,no-approved-comparable-record,,
mesocricetus_auratus,Golden hamster,incubation__low,Shortest wait to hatch,no-approved-comparable-record,,
mesocricetus_auratus,Golden hamster,adult_intestine_length,Longest intestine,no-approved-comparable-record,,
mesocricetus_auratus,Golden hamster,adult_intestine_length__low,Shortest intestine,no-approved-comparable-record,,
mesocricetus_auratus,Golden hamster,mapped_latitude_span,Widest north–south range,included,10.67,pantheria-range-maps
mesocricetus_auratus,Golden hamster,mapped_latitude_span__low,Narrowest north–south range,included,10.67,pantheria-range-maps
mesocricetus_auratus,Golden hamster,aquatic_length_upper,Longest aquatic body,no-approved-comparable-record,,
mesocricetus_auratus,Golden hamster,aquatic_length_upper__low,Shortest aquatic body,no-approved-comparable-record,,
mesocricetus_auratus,Golden hamster,wild_recorded_lifespan,Longest recorded wild life,no-approved-comparable-record,,
mesocricetus_auratus,Golden hamster,maximum_documented_lifespan,Longest documented lifespan,included,3.9,anage-15
mesocricetus_auratus,Golden hamster,ringing_longevity,Longest recorded wild life,no-approved-comparable-record,,
mesocricetus_auratus,Golden hamster,wild_recorded_lifespan__low,Shortest recorded wild life,no-approved-comparable-record,,
mesocricetus_auratus,Golden hamster,maximum_documented_lifespan__low,Shortest documented lifespan,included,3.9,anage-15
mesocricetus_auratus,Golden hamster,ringing_longevity__low,Shortest recorded wild life,no-approved-comparable-record,,
mesocricetus_auratus,Golden hamster,bird_mass,Heaviest adult,no-approved-comparable-record,,
mesocricetus_auratus,Golden hamster,adult_body_mass,Heaviest adult,included,105,anage-15
mesocricetus_auratus,Golden hamster,bird_mass__low,Lightest adult,no-approved-comparable-record,,
mesocricetus_auratus,Golden hamster,adult_body_mass__low,Lightest adult,included,105,anage-15
mesocricetus_auratus,Golden hamster,male_maturity,Latest male maturity,included,48,anage-15
mesocricetus_auratus,Golden hamster,female_maturity,Latest female maturity,included,48,anage-15
mesocricetus_auratus,Golden hamster,female_maturity__low,Earliest female maturity,included,48,anage-15
mesocricetus_auratus,Golden hamster,male_maturity__low,Earliest male maturity,included,48,anage-15
mesocricetus_auratus,Golden hamster,basal_energy,Most resting energy use,no-approved-comparable-record,,
mesocricetus_auratus,Golden hamster,mass_specific_basal_energy,Most resting energy per gram,no-approved-comparable-record,,
mesocricetus_auratus,Golden hamster,mass_specific_basal_energy__low,Least resting energy per gram,no-approved-comparable-record,,
mesocricetus_auratus,Golden hamster,basal_energy__low,Least resting energy use,no-approved-comparable-record,,
mesocricetus_auratus,Golden hamster,milk_fat_concentration,Fattiest milk,included,4.9,blomquist-2019-measured-milk
mesocricetus_auratus,Golden hamster,milk_fat_concentration__low,Least fat in milk,included,4.9,blomquist-2019-measured-milk
mesocricetus_auratus,Golden hamster,milk_protein_concentration,Most protein in milk,included,9.4,blomquist-2019-measured-milk
mesocricetus_auratus,Golden hamster,milk_protein_concentration__low,Least protein in milk,included,9.4,blomquist-2019-measured-milk
mesocricetus_auratus,Golden hamster,milk_sugar_concentration,Most sugar in milk,included,4.9,blomquist-2019-measured-milk
mesocricetus_auratus,Golden hamster,milk_sugar_concentration__low,Least sugar in milk,included,4.9,blomquist-2019-measured-milk
mesocricetus_auratus,Golden hamster,field_swim_speed,Fastest measured swimming,no-approved-comparable-record,,
mesocricetus_auratus,Golden hamster,field_swim_speed__low,Slowest measured swimming,no-approved-comparable-record,,
mesocricetus_auratus,Golden hamster,raw_birth_mass,Heaviest newborn,no-approved-comparable-record,,
mesocricetus_auratus,Golden hamster,birth_weight,Heaviest newborn,included,2.45,anage-15
mesocricetus_auratus,Golden hamster,raw_birth_mass__low,Lightest newborn,no-approved-comparable-record,,
mesocricetus_auratus,Golden hamster,birth_weight__low,Lightest newborn,included,2.45,anage-15
mesocricetus_auratus,Golden hamster,mapped_north_pole_distance,Farthest from North Pole,included,47.9,pantheria-range-maps
mesocricetus_auratus,Golden hamster,mapped_north_pole_distance__low,Closest to North Pole,included,47.9,pantheria-range-maps
mesocricetus_auratus,Golden hamster,raw_clutch_size,Most eggs per clutch,no-approved-comparable-record,,
mesocricetus_auratus,Golden hamster,litter_size,Most young per birth,included,9,anage-15
mesocricetus_auratus,Golden hamster,litter_size__low,Fewest young per birth,included,9,anage-15
mesocricetus_auratus,Golden hamster,raw_clutch_size__low,Fewest eggs per clutch,no-approved-comparable-record,,
mesocricetus_auratus,Golden hamster,gestation,Longest pregnancy,included,16,anage-15
mesocricetus_auratus,Golden hamster,raw_gestation,Longest pregnancy,no-approved-comparable-record,,
mesocricetus_auratus,Golden hamster,gestation__low,Shortest pregnancy,included,16,anage-15
mesocricetus_auratus,Golden hamster,raw_gestation__low,Shortest pregnancy,no-approved-comparable-record,,
mesocricetus_auratus,Golden hamster,diet_largest_prey,Largest prey in published diet,no-approved-comparable-record,,
mesocricetus_auratus,Golden hamster,diet_smallest_prey,Smallest prey in published diet,no-approved-comparable-record,,
mesocricetus_auratus,Golden hamster,diet_prey_mass_span,Widest prey-size range,no-approved-comparable-record,,
mesocricetus_auratus,Golden hamster,diet_prey_mass_span__low,Narrowest prey-size range,no-approved-comparable-record,,
mesocricetus_auratus,Golden hamster,bird_range_area,Largest breeding range,no-approved-comparable-record,,
mesocricetus_auratus,Golden hamster,mammal_range_area,Largest mapped range,included,904866.93,pantheria-range-maps
mesocricetus_auratus,Golden hamster,mammal_range_area__low,Smallest mapped range,included,904866.93,pantheria-range-maps
mesocricetus_auratus,Golden hamster,bird_range_area__low,Smallest breeding range,no-approved-comparable-record,,
mesocricetus_auratus,Golden hamster,raw_egg_mass,Heaviest egg,no-approved-comparable-record,,
mesocricetus_auratus,Golden hamster,raw_egg_mass__low,Lightest egg,no-approved-comparable-record,,
mesocricetus_auratus,Golden hamster,scientific_description_age,Oldest scientific description,included,187,gbif-authorship-20261004
mesocricetus_auratus,Golden hamster,scientific_description_age__low,Newest scientific description,included,187,gbif-authorship-20261004
mesocricetus_auratus,Golden hamster,daily_rem_sleep,Most REM sleep,no-approved-comparable-record,,
mesocricetus_auratus,Golden hamster,daily_sleep,Most time asleep,no-approved-comparable-record,,
mesocricetus_auratus,Golden hamster,daily_rem_sleep__low,Least REM sleep,no-approved-comparable-record,,
mesocricetus_auratus,Golden hamster,daily_sleep__low,Least time asleep,no-approved-comparable-record,,
mesocricetus_auratus,Golden hamster,mapped_south_pole_distance,Farthest from South Pole,included,121.43,pantheria-range-maps
mesocricetus_auratus,Golden hamster,mapped_south_pole_distance__low,Closest to South Pole,included,121.43,pantheria-range-maps
mesocricetus_auratus,Golden hamster,mammal_tail_length_upper,Longest mammal tail,no-approved-comparable-record,,
mesocricetus_auratus,Golden hamster,bird_tail_length,Longest tail feathers,no-approved-comparable-record,,
mesocricetus_auratus,Golden hamster,mammal_tail_length_upper__low,Shortest mammal tail,no-approved-comparable-record,,
mesocricetus_auratus,Golden hamster,bird_tail_length__low,Shortest tail feathers,no-approved-comparable-record,,
mesocricetus_auratus,Golden hamster,adult_tooth_count,Most adult teeth,no-approved-comparable-record,,
mesocricetus_auratus,Golden hamster,adult_tooth_count__low,Fewest adult teeth,no-approved-comparable-record,,
mesocricetus_auratus,Golden hamster,behavioral_visual_acuity,Sharpest measured vision,included,0.5,veilleux-kirk-2014
mesocricetus_auratus,Golden hamster,behavioral_visual_acuity__low,Least sharp measured vision,included,0.5,veilleux-kirk-2014
mesocricetus_auratus,Golden hamster,weaning_mass,Heaviest at weaning,included,22.93,anage-15
mesocricetus_auratus,Golden hamster,raw_weaning_age,Longest time on milk,no-approved-comparable-record,,
mesocricetus_auratus,Golden hamster,weaning_age,Longest time on milk,included,20,anage-15
mesocricetus_auratus,Golden hamster,raw_weaning_age__low,Shortest time on milk,no-approved-comparable-record,,
mesocricetus_auratus,Golden hamster,weaning_mass__low,Lightest at weaning,included,22.93,anage-15
mesocricetus_auratus,Golden hamster,weaning_age__low,Shortest time on milk,included,20,anage-15
mesocricetus_auratus,Golden hamster,measured_wingspan,Largest wingspan,no-approved-comparable-record,,
mesocricetus_auratus,Golden hamster,measured_wingspan__low,Smallest wingspan,no-approved-comparable-record,,
myotis_lucifugus,Little brown bat,bird_beak_length,Longest beak,no-approved-comparable-record,,
myotis_lucifugus,Little brown bat,bird_beak_length__low,Shortest beak,no-approved-comparable-record,,
myotis_lucifugus,Little brown bat,weighed_brain_mass,Largest measured brain,no-approved-comparable-record,,
myotis_lucifugus,Little brown bat,weighed_brain_mass__low,Smallest measured brain,no-approved-comparable-record,,
myotis_lucifugus,Little brown bat,resting_breathing_frequency,Fastest breathing at rest,no-approved-comparable-record,,
myotis_lucifugus,Little brown bat,resting_breathing_frequency__low,Slowest breathing at rest,no-approved-comparable-record,,
myotis_lucifugus,Little brown bat,interbirth_interval,Longest gap between births,included,365,anage-15
myotis_lucifugus,Little brown bat,litters_per_year,Most litters per year,included,1,anage-15
myotis_lucifugus,Little brown bat,litters_per_year__low,Fewest litters per year,included,1,anage-15
myotis_lucifugus,Little brown bat,interbirth_interval__low,Shortest gap between births,included,365,anage-15
myotis_lucifugus,Little brown bat,recorded_chewing_rate,Fastest recorded chewing,included,240.0,gerstner-gerstein-2008
myotis_lucifugus,Little brown bat,recorded_chewing_rate__low,Slowest recorded chewing,included,240.0,gerstner-gerstein-2008
myotis_lucifugus,Little brown bat,iucn_extinction_risk,Most threatened,included,4,iucn-gbif-20260728
myotis_lucifugus,Little brown bat,iucn_extinction_risk__low,Least threatened,included,4,iucn-gbif-20260728
myotis_lucifugus,Little brown bat,habitat_depth_ceiling,Deepest water habitat,no-approved-comparable-record,,
myotis_lucifugus,Little brown bat,habitat_depth_ceiling__low,Shallowest water limit,no-approved-comparable-record,,
myotis_lucifugus,Little brown bat,diet_food_group_count,Most food groups,included,1,reuter-2023-observed-food-groups
myotis_lucifugus,Little brown bat,diet_food_group_count__low,Fewest food groups,included,1,reuter-2023-observed-food-groups
myotis_lucifugus,Little brown bat,raw_egg_length,Longest egg,no-approved-comparable-record,,
myotis_lucifugus,Little brown bat,raw_egg_length__low,Shortest egg,no-approved-comparable-record,,
myotis_lucifugus,Little brown bat,habitat_elevation_ceiling,Highest mountain habitat,no-approved-comparable-record,,
myotis_lucifugus,Little brown bat,habitat_elevation_ceiling__low,Lowest mountain ceiling,no-approved-comparable-record,,
myotis_lucifugus,Little brown bat,measured_eye_length,Largest eyes,no-approved-comparable-record,,
myotis_lucifugus,Little brown bat,measured_eye_length__low,Smallest eyes,no-approved-comparable-record,,
myotis_lucifugus,Little brown bat,cruising_flight_speed,Fastest cruising flight,no-approved-comparable-record,,
myotis_lucifugus,Little brown bat,cruising_flight_speed__low,Slowest cruising flight,no-approved-comparable-record,,
myotis_lucifugus,Little brown bat,raw_hatching_mass,Heaviest hatchling,no-approved-comparable-record,,
myotis_lucifugus,Little brown bat,hatching_mass,Heaviest hatchling,no-approved-comparable-record,,
myotis_lucifugus,Little brown bat,raw_hatching_mass__low,Lightest hatchling,no-approved-comparable-record,,
myotis_lucifugus,Little brown bat,hatching_mass__low,Lightest hatchling,no-approved-comparable-record,,
myotis_lucifugus,Little brown bat,raw_incubation,Longest wait to hatch,no-approved-comparable-record,,
myotis_lucifugus,Little brown bat,incubation,Longest wait to hatch,no-approved-comparable-record,,
myotis_lucifugus,Little brown bat,raw_incubation__low,Shortest wait to hatch,no-approved-comparable-record,,
myotis_lucifugus,Little brown bat,incubation__low,Shortest wait to hatch,no-approved-comparable-record,,
myotis_lucifugus,Little brown bat,adult_intestine_length,Longest intestine,no-approved-comparable-record,,
myotis_lucifugus,Little brown bat,adult_intestine_length__low,Shortest intestine,no-approved-comparable-record,,
myotis_lucifugus,Little brown bat,mapped_latitude_span,Widest north–south range,no-approved-comparable-record,,
myotis_lucifugus,Little brown bat,mapped_latitude_span__low,Narrowest north–south range,no-approved-comparable-record,,
myotis_lucifugus,Little brown bat,aquatic_length_upper,Longest aquatic body,no-approved-comparable-record,,
myotis_lucifugus,Little brown bat,aquatic_length_upper__low,Shortest aquatic body,no-approved-comparable-record,,
myotis_lucifugus,Little brown bat,wild_recorded_lifespan,Longest recorded wild life,no-approved-comparable-record,,
myotis_lucifugus,Little brown bat,maximum_documented_lifespan,Longest documented lifespan,no-approved-comparable-record,,
myotis_lucifugus,Little brown bat,ringing_longevity,Longest recorded wild life,no-approved-comparable-record,,
myotis_lucifugus,Little brown bat,wild_recorded_lifespan__low,Shortest recorded wild life,no-approved-comparable-record,,
myotis_lucifugus,Little brown bat,maximum_documented_lifespan__low,Shortest documented lifespan,no-approved-comparable-record,,
myotis_lucifugus,Little brown bat,ringing_longevity__low,Shortest recorded wild life,no-approved-comparable-record,,
myotis_lucifugus,Little brown bat,bird_mass,Heaviest adult,no-approved-comparable-record,,
myotis_lucifugus,Little brown bat,adult_body_mass,Heaviest adult,included,10,anage-15
myotis_lucifugus,Little brown bat,bird_mass__low,Lightest adult,no-approved-comparable-record,,
myotis_lucifugus,Little brown bat,adult_body_mass__low,Lightest adult,included,10,anage-15
myotis_lucifugus,Little brown bat,male_maturity,Latest male maturity,included,210,anage-15
myotis_lucifugus,Little brown bat,female_maturity,Latest female maturity,included,210,anage-15
myotis_lucifugus,Little brown bat,female_maturity__low,Earliest female maturity,included,210,anage-15
myotis_lucifugus,Little brown bat,male_maturity__low,Earliest male maturity,included,210,anage-15
myotis_lucifugus,Little brown bat,basal_energy,Most resting energy use,no-approved-comparable-record,,
myotis_lucifugus,Little brown bat,mass_specific_basal_energy,Most resting energy per gram,no-approved-comparable-record,,
myotis_lucifugus,Little brown bat,mass_specific_basal_energy__low,Least resting energy per gram,no-approved-comparable-record,,
myotis_lucifugus,Little brown bat,basal_energy__low,Least resting energy use,no-approved-comparable-record,,
myotis_lucifugus,Little brown bat,milk_fat_concentration,Fattiest milk,no-approved-comparable-record,,
myotis_lucifugus,Little brown bat,milk_fat_concentration__low,Least fat in milk,no-approved-comparable-record,,
myotis_lucifugus,Little brown bat,milk_protein_concentration,Most protein in milk,no-approved-comparable-record,,
myotis_lucifugus,Little brown bat,milk_protein_concentration__low,Least protein in milk,no-approved-comparable-record,,
myotis_lucifugus,Little brown bat,milk_sugar_concentration,Most sugar in milk,no-approved-comparable-record,,
myotis_lucifugus,Little brown bat,milk_sugar_concentration__low,Least sugar in milk,no-approved-comparable-record,,
myotis_lucifugus,Little brown bat,field_swim_speed,Fastest measured swimming,no-approved-comparable-record,,
myotis_lucifugus,Little brown bat,field_swim_speed__low,Slowest measured swimming,no-approved-comparable-record,,
myotis_lucifugus,Little brown bat,raw_birth_mass,Heaviest newborn,no-approved-comparable-record,,
myotis_lucifugus,Little brown bat,birth_weight,Heaviest newborn,included,1.96,anage-15
myotis_lucifugus,Little brown bat,raw_birth_mass__low,Lightest newborn,no-approved-comparable-record,,
myotis_lucifugus,Little brown bat,birth_weight__low,Lightest newborn,included,1.96,anage-15
myotis_lucifugus,Little brown bat,mapped_north_pole_distance,Farthest from North Pole,no-approved-comparable-record,,
myotis_lucifugus,Little brown bat,mapped_north_pole_distance__low,Closest to North Pole,no-approved-comparable-record,,
myotis_lucifugus,Little brown bat,raw_clutch_size,Most eggs per clutch,no-approved-comparable-record,,
myotis_lucifugus,Little brown bat,litter_size,Most young per birth,included,1,anage-15
myotis_lucifugus,Little brown bat,litter_size__low,Fewest young per birth,included,1,anage-15
myotis_lucifugus,Little brown bat,raw_clutch_size__low,Fewest eggs per clutch,no-approved-comparable-record,,
myotis_lucifugus,Little brown bat,gestation,Longest pregnancy,included,55,anage-15
myotis_lucifugus,Little brown bat,raw_gestation,Longest pregnancy,no-approved-comparable-record,,
myotis_lucifugus,Little brown bat,gestation__low,Shortest pregnancy,included,55,anage-15
myotis_lucifugus,Little brown bat,raw_gestation__low,Shortest pregnancy,no-approved-comparable-record,,
myotis_lucifugus,Little brown bat,diet_largest_prey,Largest prey in published diet,no-approved-comparable-record,,
myotis_lucifugus,Little brown bat,diet_smallest_prey,Smallest prey in published diet,no-approved-comparable-record,,
myotis_lucifugus,Little brown bat,diet_prey_mass_span,Widest prey-size range,no-approved-comparable-record,,
myotis_lucifugus,Little brown bat,diet_prey_mass_span__low,Narrowest prey-size range,no-approved-comparable-record,,
myotis_lucifugus,Little brown bat,bird_range_area,Largest breeding range,no-approved-comparable-record,,
myotis_lucifugus,Little brown bat,mammal_range_area,Largest mapped range,no-approved-comparable-record,,
myotis_lucifugus,Little brown bat,mammal_range_area__low,Smallest mapped range,no-approved-comparable-record,,
myotis_lucifugus,Little brown bat,bird_range_area__low,Smallest breeding range,no-approved-comparable-record,,
myotis_lucifugus,Little brown bat,raw_egg_mass,Heaviest egg,no-approved-comparable-record,,
myotis_lucifugus,Little brown bat,raw_egg_mass__low,Lightest egg,no-approved-comparable-record,,
myotis_lucifugus,Little brown bat,scientific_description_age,Oldest scientific description,included,195,gbif-authorship-20261004
myotis_lucifugus,Little brown bat,scientific_description_age__low,Newest scientific description,included,195,gbif-authorship-20261004
myotis_lucifugus,Little brown bat,daily_rem_sleep,Most REM sleep,no-approved-comparable-record,,
myotis_lucifugus,Little brown bat,daily_sleep,Most time asleep,no-approved-comparable-record,,
myotis_lucifugus,Little brown bat,daily_rem_sleep__low,Least REM sleep,no-approved-comparable-record,,
myotis_lucifugus,Little brown bat,daily_sleep__low,Least time asleep,no-approved-comparable-record,,
myotis_lucifugus,Little brown bat,mapped_south_pole_distance,Farthest from South Pole,no-approved-comparable-record,,
myotis_lucifugus,Little brown bat,mapped_south_pole_distance__low,Closest to South Pole,no-approved-comparable-record,,
myotis_lucifugus,Little brown bat,mammal_tail_length_upper,Longest mammal tail,no-approved-comparable-record,,
myotis_lucifugus,Little brown bat,bird_tail_length,Longest tail feathers,no-approved-comparable-record,,
myotis_lucifugus,Little brown bat,mammal_tail_length_upper__low,Shortest mammal tail,no-approved-comparable-record,,
myotis_lucifugus,Little brown bat,bird_tail_length__low,Shortest tail feathers,no-approved-comparable-record,,
myotis_lucifugus,Little brown bat,adult_tooth_count,Most adult teeth,no-approved-comparable-record,,
myotis_lucifugus,Little brown bat,adult_tooth_count__low,Fewest adult teeth,no-approved-comparable-record,,
myotis_lucifugus,Little brown bat,behavioral_visual_acuity,Sharpest measured vision,no-approved-comparable-record,,
myotis_lucifugus,Little brown bat,behavioral_visual_acuity__low,Least sharp measured vision,no-approved-comparable-record,,
myotis_lucifugus,Little brown bat,weaning_mass,Heaviest at weaning,no-approved-comparable-record,,
myotis_lucifugus,Little brown bat,raw_weaning_age,Longest time on milk,no-approved-comparable-record,,
myotis_lucifugus,Little brown bat,weaning_age,Longest time on milk,included,25,anage-15
myotis_lucifugus,Little brown bat,raw_weaning_age__low,Shortest time on milk,no-approved-comparable-record,,
myotis_lucifugus,Little brown bat,weaning_mass__low,Lightest at weaning,no-approved-comparable-record,,
myotis_lucifugus,Little brown bat,weaning_age__low,Shortest time on milk,included,25,anage-15
myotis_lucifugus,Little brown bat,measured_wingspan,Largest wingspan,no-approved-comparable-record,,
myotis_lucifugus,Little brown bat,measured_wingspan__low,Smallest wingspan,no-approved-comparable-record,,
pteropus_vampyrus,Large flying fox,bird_beak_length,Longest beak,no-approved-comparable-record,,
pteropus_vampyrus,Large flying fox,bird_beak_length__low,Shortest beak,no-approved-comparable-record,,
pteropus_vampyrus,Large flying fox,weighed_brain_mass,Largest measured brain,no-approved-comparable-record,,
pteropus_vampyrus,Large flying fox,weighed_brain_mass__low,Smallest measured brain,no-approved-comparable-record,,
pteropus_vampyrus,Large flying fox,resting_breathing_frequency,Fastest breathing at rest,no-approved-comparable-record,,
pteropus_vampyrus,Large flying fox,resting_breathing_frequency__low,Slowest breathing at rest,no-approved-comparable-record,,
pteropus_vampyrus,Large flying fox,interbirth_interval,Longest gap between births,no-approved-comparable-record,,
pteropus_vampyrus,Large flying fox,litters_per_year,Most litters per year,included,1,anage-15
pteropus_vampyrus,Large flying fox,litters_per_year__low,Fewest litters per year,included,1,anage-15
pteropus_vampyrus,Large flying fox,interbirth_interval__low,Shortest gap between births,no-approved-comparable-record,,
pteropus_vampyrus,Large flying fox,recorded_chewing_rate,Fastest recorded chewing,no-approved-comparable-record,,
pteropus_vampyrus,Large flying fox,recorded_chewing_rate__low,Slowest recorded chewing,no-approved-comparable-record,,
pteropus_vampyrus,Large flying fox,iucn_extinction_risk,Most threatened,included,4,iucn-gbif-20260728
pteropus_vampyrus,Large flying fox,iucn_extinction_risk__low,Least threatened,included,4,iucn-gbif-20260728
pteropus_vampyrus,Large flying fox,habitat_depth_ceiling,Deepest water habitat,no-approved-comparable-record,,
pteropus_vampyrus,Large flying fox,habitat_depth_ceiling__low,Shallowest water limit,no-approved-comparable-record,,
pteropus_vampyrus,Large flying fox,diet_food_group_count,Most food groups,included,2,reuter-2023-observed-food-groups
pteropus_vampyrus,Large flying fox,diet_food_group_count__low,Fewest food groups,included,2,reuter-2023-observed-food-groups
pteropus_vampyrus,Large flying fox,raw_egg_length,Longest egg,no-approved-comparable-record,,
pteropus_vampyrus,Large flying fox,raw_egg_length__low,Shortest egg,no-approved-comparable-record,,
pteropus_vampyrus,Large flying fox,habitat_elevation_ceiling,Highest mountain habitat,no-approved-comparable-record,,
pteropus_vampyrus,Large flying fox,habitat_elevation_ceiling__low,Lowest mountain ceiling,no-approved-comparable-record,,
pteropus_vampyrus,Large flying fox,measured_eye_length,Largest eyes,no-approved-comparable-record,,
pteropus_vampyrus,Large flying fox,measured_eye_length__low,Smallest eyes,no-approved-comparable-record,,
pteropus_vampyrus,Large flying fox,cruising_flight_speed,Fastest cruising flight,no-approved-comparable-record,,
pteropus_vampyrus,Large flying fox,cruising_flight_speed__low,Slowest cruising flight,no-approved-comparable-record,,
pteropus_vampyrus,Large flying fox,raw_hatching_mass,Heaviest hatchling,no-approved-comparable-record,,
pteropus_vampyrus,Large flying fox,hatching_mass,Heaviest hatchling,no-approved-comparable-record,,
pteropus_vampyrus,Large flying fox,raw_hatching_mass__low,Lightest hatchling,no-approved-comparable-record,,
pteropus_vampyrus,Large flying fox,hatching_mass__low,Lightest hatchling,no-approved-comparable-record,,
pteropus_vampyrus,Large flying fox,raw_incubation,Longest wait to hatch,no-approved-comparable-record,,
pteropus_vampyrus,Large flying fox,incubation,Longest wait to hatch,no-approved-comparable-record,,
pteropus_vampyrus,Large flying fox,raw_incubation__low,Shortest wait to hatch,no-approved-comparable-record,,
pteropus_vampyrus,Large flying fox,incubation__low,Shortest wait to hatch,no-approved-comparable-record,,
pteropus_vampyrus,Large flying fox,adult_intestine_length,Longest intestine,no-approved-comparable-record,,
pteropus_vampyrus,Large flying fox,adult_intestine_length__low,Shortest intestine,no-approved-comparable-record,,
pteropus_vampyrus,Large flying fox,mapped_latitude_span,Widest north–south range,included,29.27,pantheria-range-maps
pteropus_vampyrus,Large flying fox,mapped_latitude_span__low,Narrowest north–south range,included,29.27,pantheria-range-maps
pteropus_vampyrus,Large flying fox,aquatic_length_upper,Longest aquatic body,no-approved-comparable-record,,
pteropus_vampyrus,Large flying fox,aquatic_length_upper__low,Shortest aquatic body,no-approved-comparable-record,,
pteropus_vampyrus,Large flying fox,wild_recorded_lifespan,Longest recorded wild life,no-approved-comparable-record,,
pteropus_vampyrus,Large flying fox,maximum_documented_lifespan,Longest documented lifespan,included,20.9,anage-15
pteropus_vampyrus,Large flying fox,ringing_longevity,Longest recorded wild life,no-approved-comparable-record,,
pteropus_vampyrus,Large flying fox,wild_recorded_lifespan__low,Shortest recorded wild life,no-approved-comparable-record,,
pteropus_vampyrus,Large flying fox,maximum_documented_lifespan__low,Shortest documented lifespan,included,20.9,anage-15
pteropus_vampyrus,Large flying fox,ringing_longevity__low,Shortest recorded wild life,no-approved-comparable-record,,
pteropus_vampyrus,Large flying fox,bird_mass,Heaviest adult,no-approved-comparable-record,,
pteropus_vampyrus,Large flying fox,adult_body_mass,Heaviest adult,included,872,anage-15
pteropus_vampyrus,Large flying fox,bird_mass__low,Lightest adult,no-approved-comparable-record,,
pteropus_vampyrus,Large flying fox,adult_body_mass__low,Lightest adult,included,872,anage-15
pteropus_vampyrus,Large flying fox,male_maturity,Latest male maturity,no-approved-comparable-record,,
pteropus_vampyrus,Large flying fox,female_maturity,Latest female maturity,no-approved-comparable-record,,
pteropus_vampyrus,Large flying fox,female_maturity__low,Earliest female maturity,no-approved-comparable-record,,
pteropus_vampyrus,Large flying fox,male_maturity__low,Earliest male maturity,no-approved-comparable-record,,
pteropus_vampyrus,Large flying fox,basal_energy,Most resting energy use,no-approved-comparable-record,,
pteropus_vampyrus,Large flying fox,mass_specific_basal_energy,Most resting energy per gram,no-approved-comparable-record,,
pteropus_vampyrus,Large flying fox,mass_specific_basal_energy__low,Least resting energy per gram,no-approved-comparable-record,,
pteropus_vampyrus,Large flying fox,basal_energy__low,Least resting energy use,no-approved-comparable-record,,
pteropus_vampyrus,Large flying fox,milk_fat_concentration,Fattiest milk,no-approved-comparable-record,,
pteropus_vampyrus,Large flying fox,milk_fat_concentration__low,Least fat in milk,no-approved-comparable-record,,
pteropus_vampyrus,Large flying fox,milk_protein_concentration,Most protein in milk,no-approved-comparable-record,,
pteropus_vampyrus,Large flying fox,milk_protein_concentration__low,Least protein in milk,no-approved-comparable-record,,
pteropus_vampyrus,Large flying fox,milk_sugar_concentration,Most sugar in milk,no-approved-comparable-record,,
pteropus_vampyrus,Large flying fox,milk_sugar_concentration__low,Least sugar in milk,no-approved-comparable-record,,
pteropus_vampyrus,Large flying fox,field_swim_speed,Fastest measured swimming,no-approved-comparable-record,,
pteropus_vampyrus,Large flying fox,field_swim_speed__low,Slowest measured swimming,no-approved-comparable-record,,
pteropus_vampyrus,Large flying fox,raw_birth_mass,Heaviest newborn,no-approved-comparable-record,,
pteropus_vampyrus,Large flying fox,birth_weight,Heaviest newborn,no-approved-comparable-record,,
pteropus_vampyrus,Large flying fox,raw_birth_mass__low,Lightest newborn,no-approved-comparable-record,,
pteropus_vampyrus,Large flying fox,birth_weight__low,Lightest newborn,no-approved-comparable-record,,
pteropus_vampyrus,Large flying fox,mapped_north_pole_distance,Farthest from North Pole,included,71.35,pantheria-range-maps
pteropus_vampyrus,Large flying fox,mapped_north_pole_distance__low,Closest to North Pole,included,71.35,pantheria-range-maps
pteropus_vampyrus,Large flying fox,raw_clutch_size,Most eggs per clutch,no-approved-comparable-record,,
pteropus_vampyrus,Large flying fox,litter_size,Most young per birth,included,1,anage-15
pteropus_vampyrus,Large flying fox,litter_size__low,Fewest young per birth,included,1,anage-15
pteropus_vampyrus,Large flying fox,raw_clutch_size__low,Fewest eggs per clutch,no-approved-comparable-record,,
pteropus_vampyrus,Large flying fox,gestation,Longest pregnancy,no-approved-comparable-record,,
pteropus_vampyrus,Large flying fox,raw_gestation,Longest pregnancy,no-approved-comparable-record,,
pteropus_vampyrus,Large flying fox,gestation__low,Shortest pregnancy,no-approved-comparable-record,,
pteropus_vampyrus,Large flying fox,raw_gestation__low,Shortest pregnancy,no-approved-comparable-record,,
pteropus_vampyrus,Large flying fox,diet_largest_prey,Largest prey in published diet,no-approved-comparable-record,,
pteropus_vampyrus,Large flying fox,diet_smallest_prey,Smallest prey in published diet,no-approved-comparable-record,,
pteropus_vampyrus,Large flying fox,diet_prey_mass_span,Widest prey-size range,no-approved-comparable-record,,
pteropus_vampyrus,Large flying fox,diet_prey_mass_span__low,Narrowest prey-size range,no-approved-comparable-record,,
pteropus_vampyrus,Large flying fox,bird_range_area,Largest breeding range,no-approved-comparable-record,,
pteropus_vampyrus,Large flying fox,mammal_range_area,Largest mapped range,included,2034681.18,pantheria-range-maps
pteropus_vampyrus,Large flying fox,mammal_range_area__low,Smallest mapped range,included,2034681.18,pantheria-range-maps
pteropus_vampyrus,Large flying fox,bird_range_area__low,Smallest breeding range,no-approved-comparable-record,,
pteropus_vampyrus,Large flying fox,raw_egg_mass,Heaviest egg,no-approved-comparable-record,,
pteropus_vampyrus,Large flying fox,raw_egg_mass__low,Lightest egg,no-approved-comparable-record,,
pteropus_vampyrus,Large flying fox,scientific_description_age,Oldest scientific description,included,268,gbif-authorship-20261004
pteropus_vampyrus,Large flying fox,scientific_description_age__low,Newest scientific description,included,268,gbif-authorship-20261004
pteropus_vampyrus,Large flying fox,daily_rem_sleep,Most REM sleep,no-approved-comparable-record,,
pteropus_vampyrus,Large flying fox,daily_sleep,Most time asleep,no-approved-comparable-record,,
pteropus_vampyrus,Large flying fox,daily_rem_sleep__low,Least REM sleep,no-approved-comparable-record,,
pteropus_vampyrus,Large flying fox,daily_sleep__low,Least time asleep,no-approved-comparable-record,,
pteropus_vampyrus,Large flying fox,mapped_south_pole_distance,Farthest from South Pole,included,79.38,pantheria-range-maps
pteropus_vampyrus,Large flying fox,mapped_south_pole_distance__low,Closest to South Pole,included,79.38,pantheria-range-maps
pteropus_vampyrus,Large flying fox,mammal_tail_length_upper,Longest mammal tail,no-approved-comparable-record,,
pteropus_vampyrus,Large flying fox,bird_tail_length,Longest tail feathers,no-approved-comparable-record,,
pteropus_vampyrus,Large flying fox,mammal_tail_length_upper__low,Shortest mammal tail,no-approved-comparable-record,,
pteropus_vampyrus,Large flying fox,bird_tail_length__low,Shortest tail feathers,no-approved-comparable-record,,
pteropus_vampyrus,Large flying fox,adult_tooth_count,Most adult teeth,no-approved-comparable-record,,
pteropus_vampyrus,Large flying fox,adult_tooth_count__low,Fewest adult teeth,no-approved-comparable-record,,
pteropus_vampyrus,Large flying fox,behavioral_visual_acuity,Sharpest measured vision,no-approved-comparable-record,,
pteropus_vampyrus,Large flying fox,behavioral_visual_acuity__low,Least sharp measured vision,no-approved-comparable-record,,
pteropus_vampyrus,Large flying fox,weaning_mass,Heaviest at weaning,no-approved-comparable-record,,
pteropus_vampyrus,Large flying fox,raw_weaning_age,Longest time on milk,no-approved-comparable-record,,
pteropus_vampyrus,Large flying fox,weaning_age,Longest time on milk,no-approved-comparable-record,,
pteropus_vampyrus,Large flying fox,raw_weaning_age__low,Shortest time on milk,no-approved-comparable-record,,
pteropus_vampyrus,Large flying fox,weaning_mass__low,Lightest at weaning,no-approved-comparable-record,,
pteropus_vampyrus,Large flying fox,weaning_age__low,Shortest time on milk,no-approved-comparable-record,,
pteropus_vampyrus,Large flying fox,measured_wingspan,Largest wingspan,no-approved-comparable-record,,
pteropus_vampyrus,Large flying fox,measured_wingspan__low,Smallest wingspan,no-approved-comparable-record,,
myrmecophaga_tridactyla,Giant anteater,bird_beak_length,Longest beak,no-approved-comparable-record,,
myrmecophaga_tridactyla,Giant anteater,bird_beak_length__low,Shortest beak,no-approved-comparable-record,,
myrmecophaga_tridactyla,Giant anteater,weighed_brain_mass,Largest measured brain,no-approved-comparable-record,,
myrmecophaga_tridactyla,Giant anteater,weighed_brain_mass__low,Smallest measured brain,no-approved-comparable-record,,
myrmecophaga_tridactyla,Giant anteater,resting_breathing_frequency,Fastest breathing at rest,no-approved-comparable-record,,
myrmecophaga_tridactyla,Giant anteater,resting_breathing_frequency__low,Slowest breathing at rest,no-approved-comparable-record,,
myrmecophaga_tridactyla,Giant anteater,interbirth_interval,Longest gap between births,no-approved-comparable-record,,
myrmecophaga_tridactyla,Giant anteater,litters_per_year,Most litters per year,included,1.2,anage-15
myrmecophaga_tridactyla,Giant anteater,litters_per_year__low,Fewest litters per year,included,1.2,anage-15
myrmecophaga_tridactyla,Giant anteater,interbirth_interval__low,Shortest gap between births,no-approved-comparable-record,,
myrmecophaga_tridactyla,Giant anteater,recorded_chewing_rate,Fastest recorded chewing,no-approved-comparable-record,,
myrmecophaga_tridactyla,Giant anteater,recorded_chewing_rate__low,Slowest recorded chewing,no-approved-comparable-record,,
myrmecophaga_tridactyla,Giant anteater,iucn_extinction_risk,Most threatened,included,3,iucn-gbif-20260728
myrmecophaga_tridactyla,Giant anteater,iucn_extinction_risk__low,Least threatened,included,3,iucn-gbif-20260728
myrmecophaga_tridactyla,Giant anteater,habitat_depth_ceiling,Deepest water habitat,no-approved-comparable-record,,
myrmecophaga_tridactyla,Giant anteater,habitat_depth_ceiling__low,Shallowest water limit,no-approved-comparable-record,,
myrmecophaga_tridactyla,Giant anteater,diet_food_group_count,Most food groups,included,1,reuter-2023-observed-food-groups
myrmecophaga_tridactyla,Giant anteater,diet_food_group_count__low,Fewest food groups,included,1,reuter-2023-observed-food-groups
myrmecophaga_tridactyla,Giant anteater,raw_egg_length,Longest egg,no-approved-comparable-record,,
myrmecophaga_tridactyla,Giant anteater,raw_egg_length__low,Shortest egg,no-approved-comparable-record,,
myrmecophaga_tridactyla,Giant anteater,habitat_elevation_ceiling,Highest mountain habitat,no-approved-comparable-record,,
myrmecophaga_tridactyla,Giant anteater,habitat_elevation_ceiling__low,Lowest mountain ceiling,no-approved-comparable-record,,
myrmecophaga_tridactyla,Giant anteater,measured_eye_length,Largest eyes,no-approved-comparable-record,,
myrmecophaga_tridactyla,Giant anteater,measured_eye_length__low,Smallest eyes,no-approved-comparable-record,,
myrmecophaga_tridactyla,Giant anteater,cruising_flight_speed,Fastest cruising flight,no-approved-comparable-record,,
myrmecophaga_tridactyla,Giant anteater,cruising_flight_speed__low,Slowest cruising flight,no-approved-comparable-record,,
myrmecophaga_tridactyla,Giant anteater,raw_hatching_mass,Heaviest hatchling,no-approved-comparable-record,,
myrmecophaga_tridactyla,Giant anteater,hatching_mass,Heaviest hatchling,no-approved-comparable-record,,
myrmecophaga_tridactyla,Giant anteater,raw_hatching_mass__low,Lightest hatchling,no-approved-comparable-record,,
myrmecophaga_tridactyla,Giant anteater,hatching_mass__low,Lightest hatchling,no-approved-comparable-record,,
myrmecophaga_tridactyla,Giant anteater,raw_incubation,Longest wait to hatch,no-approved-comparable-record,,
myrmecophaga_tridactyla,Giant anteater,incubation,Longest wait to hatch,no-approved-comparable-record,,
myrmecophaga_tridactyla,Giant anteater,raw_incubation__low,Shortest wait to hatch,no-approved-comparable-record,,
myrmecophaga_tridactyla,Giant anteater,incubation__low,Shortest wait to hatch,no-approved-comparable-record,,
myrmecophaga_tridactyla,Giant anteater,adult_intestine_length,Longest intestine,no-approved-comparable-record,,
myrmecophaga_tridactyla,Giant anteater,adult_intestine_length__low,Shortest intestine,no-approved-comparable-record,,
myrmecophaga_tridactyla,Giant anteater,mapped_latitude_span,Widest north–south range,included,47.47,pantheria-range-maps
myrmecophaga_tridactyla,Giant anteater,mapped_latitude_span__low,Narrowest north–south range,included,47.47,pantheria-range-maps
myrmecophaga_tridactyla,Giant anteater,aquatic_length_upper,Longest aquatic body,no-approved-comparable-record,,
myrmecophaga_tridactyla,Giant anteater,aquatic_length_upper__low,Shortest aquatic body,no-approved-comparable-record,,
myrmecophaga_tridactyla,Giant anteater,wild_recorded_lifespan,Longest recorded wild life,no-approved-comparable-record,,
myrmecophaga_tridactyla,Giant anteater,maximum_documented_lifespan,Longest documented lifespan,included,31,anage-15
myrmecophaga_tridactyla,Giant anteater,ringing_longevity,Longest recorded wild life,no-approved-comparable-record,,
myrmecophaga_tridactyla,Giant anteater,wild_recorded_lifespan__low,Shortest recorded wild life,no-approved-comparable-record,,
myrmecophaga_tridactyla,Giant anteater,maximum_documented_lifespan__low,Shortest documented lifespan,included,31,anage-15
myrmecophaga_tridactyla,Giant anteater,ringing_longevity__low,Shortest recorded wild life,no-approved-comparable-record,,
myrmecophaga_tridactyla,Giant anteater,bird_mass,Heaviest adult,no-approved-comparable-record,,
myrmecophaga_tridactyla,Giant anteater,adult_body_mass,Heaviest adult,included,28500,anage-15
myrmecophaga_tridactyla,Giant anteater,bird_mass__low,Lightest adult,no-approved-comparable-record,,
myrmecophaga_tridactyla,Giant anteater,adult_body_mass__low,Lightest adult,included,28500,anage-15
myrmecophaga_tridactyla,Giant anteater,male_maturity,Latest male maturity,included,1186,anage-15
myrmecophaga_tridactyla,Giant anteater,female_maturity,Latest female maturity,included,1186,anage-15
myrmecophaga_tridactyla,Giant anteater,female_maturity__low,Earliest female maturity,included,1186,anage-15
myrmecophaga_tridactyla,Giant anteater,male_maturity__low,Earliest male maturity,included,1186,anage-15
myrmecophaga_tridactyla,Giant anteater,basal_energy,Most resting energy use,no-approved-comparable-record,,
myrmecophaga_tridactyla,Giant anteater,mass_specific_basal_energy,Most resting energy per gram,no-approved-comparable-record,,
myrmecophaga_tridactyla,Giant anteater,mass_specific_basal_energy__low,Least resting energy per gram,no-approved-comparable-record,,
myrmecophaga_tridactyla,Giant anteater,basal_energy__low,Least resting energy use,no-approved-comparable-record,,
myrmecophaga_tridactyla,Giant anteater,milk_fat_concentration,Fattiest milk,no-approved-comparable-record,,
myrmecophaga_tridactyla,Giant anteater,milk_fat_concentration__low,Least fat in milk,no-approved-comparable-record,,
myrmecophaga_tridactyla,Giant anteater,milk_protein_concentration,Most protein in milk,no-approved-comparable-record,,
myrmecophaga_tridactyla,Giant anteater,milk_protein_concentration__low,Least protein in milk,no-approved-comparable-record,,
myrmecophaga_tridactyla,Giant anteater,milk_sugar_concentration,Most sugar in milk,no-approved-comparable-record,,
myrmecophaga_tridactyla,Giant anteater,milk_sugar_concentration__low,Least sugar in milk,no-approved-comparable-record,,
myrmecophaga_tridactyla,Giant anteater,field_swim_speed,Fastest measured swimming,no-approved-comparable-record,,
myrmecophaga_tridactyla,Giant anteater,field_swim_speed__low,Slowest measured swimming,no-approved-comparable-record,,
myrmecophaga_tridactyla,Giant anteater,raw_birth_mass,Heaviest newborn,no-approved-comparable-record,,
myrmecophaga_tridactyla,Giant anteater,birth_weight,Heaviest newborn,included,1600,anage-15
myrmecophaga_tridactyla,Giant anteater,raw_birth_mass__low,Lightest newborn,no-approved-comparable-record,,
myrmecophaga_tridactyla,Giant anteater,birth_weight__low,Lightest newborn,included,1600,anage-15
myrmecophaga_tridactyla,Giant anteater,mapped_north_pole_distance,Farthest from North Pole,included,73.98,pantheria-range-maps
myrmecophaga_tridactyla,Giant anteater,mapped_north_pole_distance__low,Closest to North Pole,included,73.98,pantheria-range-maps
myrmecophaga_tridactyla,Giant anteater,raw_clutch_size,Most eggs per clutch,no-approved-comparable-record,,
myrmecophaga_tridactyla,Giant anteater,litter_size,Most young per birth,included,1,anage-15
myrmecophaga_tridactyla,Giant anteater,litter_size__low,Fewest young per birth,included,1,anage-15
myrmecophaga_tridactyla,Giant anteater,raw_clutch_size__low,Fewest eggs per clutch,no-approved-comparable-record,,
myrmecophaga_tridactyla,Giant anteater,gestation,Longest pregnancy,included,184,anage-15
myrmecophaga_tridactyla,Giant anteater,raw_gestation,Longest pregnancy,no-approved-comparable-record,,
myrmecophaga_tridactyla,Giant anteater,gestation__low,Shortest pregnancy,included,184,anage-15
myrmecophaga_tridactyla,Giant anteater,raw_gestation__low,Shortest pregnancy,no-approved-comparable-record,,
myrmecophaga_tridactyla,Giant anteater,diet_largest_prey,Largest prey in published diet,no-approved-comparable-record,,
myrmecophaga_tridactyla,Giant anteater,diet_smallest_prey,Smallest prey in published diet,no-approved-comparable-record,,
myrmecophaga_tridactyla,Giant anteater,diet_prey_mass_span,Widest prey-size range,no-approved-comparable-record,,
myrmecophaga_tridactyla,Giant anteater,diet_prey_mass_span__low,Narrowest prey-size range,no-approved-comparable-record,,
myrmecophaga_tridactyla,Giant anteater,bird_range_area,Largest breeding range,no-approved-comparable-record,,
myrmecophaga_tridactyla,Giant anteater,mammal_range_area,Largest mapped range,included,12447513.64,pantheria-range-maps
myrmecophaga_tridactyla,Giant anteater,mammal_range_area__low,Smallest mapped range,included,12447513.64,pantheria-range-maps
myrmecophaga_tridactyla,Giant anteater,bird_range_area__low,Smallest breeding range,no-approved-comparable-record,,
myrmecophaga_tridactyla,Giant anteater,raw_egg_mass,Heaviest egg,no-approved-comparable-record,,
myrmecophaga_tridactyla,Giant anteater,raw_egg_mass__low,Lightest egg,no-approved-comparable-record,,
myrmecophaga_tridactyla,Giant anteater,scientific_description_age,Oldest scientific description,included,268,gbif-authorship-20261004
myrmecophaga_tridactyla,Giant anteater,scientific_description_age__low,Newest scientific description,included,268,gbif-authorship-20261004
myrmecophaga_tridactyla,Giant anteater,daily_rem_sleep,Most REM sleep,no-approved-comparable-record,,
myrmecophaga_tridactyla,Giant anteater,daily_sleep,Most time asleep,no-approved-comparable-record,,
myrmecophaga_tridactyla,Giant anteater,daily_rem_sleep__low,Least REM sleep,no-approved-comparable-record,,
myrmecophaga_tridactyla,Giant anteater,daily_sleep__low,Least time asleep,no-approved-comparable-record,,
myrmecophaga_tridactyla,Giant anteater,mapped_south_pole_distance,Farthest from South Pole,included,58.55,pantheria-range-maps
myrmecophaga_tridactyla,Giant anteater,mapped_south_pole_distance__low,Closest to South Pole,included,58.55,pantheria-range-maps
myrmecophaga_tridactyla,Giant anteater,mammal_tail_length_upper,Longest mammal tail,no-approved-comparable-record,,
myrmecophaga_tridactyla,Giant anteater,bird_tail_length,Longest tail feathers,no-approved-comparable-record,,
myrmecophaga_tridactyla,Giant anteater,mammal_tail_length_upper__low,Shortest mammal tail,no-approved-comparable-record,,
myrmecophaga_tridactyla,Giant anteater,bird_tail_length__low,Shortest tail feathers,no-approved-comparable-record,,
myrmecophaga_tridactyla,Giant anteater,adult_tooth_count,Most adult teeth,no-approved-comparable-record,,
myrmecophaga_tridactyla,Giant anteater,adult_tooth_count__low,Fewest adult teeth,no-approved-comparable-record,,
myrmecophaga_tridactyla,Giant anteater,behavioral_visual_acuity,Sharpest measured vision,no-approved-comparable-record,,
myrmecophaga_tridactyla,Giant anteater,behavioral_visual_acuity__low,Least sharp measured vision,no-approved-comparable-record,,
myrmecophaga_tridactyla,Giant anteater,weaning_mass,Heaviest at weaning,no-approved-comparable-record,,
myrmecophaga_tridactyla,Giant anteater,raw_weaning_age,Longest time on milk,no-approved-comparable-record,,
myrmecophaga_tridactyla,Giant anteater,weaning_age,Longest time on milk,included,56,anage-15
myrmecophaga_tridactyla,Giant anteater,raw_weaning_age__low,Shortest time on milk,no-approved-comparable-record,,
myrmecophaga_tridactyla,Giant anteater,weaning_mass__low,Lightest at weaning,no-approved-comparable-record,,
myrmecophaga_tridactyla,Giant anteater,weaning_age__low,Shortest time on milk,included,56,anage-15
myrmecophaga_tridactyla,Giant anteater,measured_wingspan,Largest wingspan,no-approved-comparable-record,,
myrmecophaga_tridactyla,Giant anteater,measured_wingspan__low,Smallest wingspan,no-approved-comparable-record,,
dasypus_novemcinctus,Nine-banded armadillo,bird_beak_length,Longest beak,no-approved-comparable-record,,
dasypus_novemcinctus,Nine-banded armadillo,bird_beak_length__low,Shortest beak,no-approved-comparable-record,,
dasypus_novemcinctus,Nine-banded armadillo,weighed_brain_mass,Largest measured brain,included,8.5,animaltraits-2022
dasypus_novemcinctus,Nine-banded armadillo,weighed_brain_mass__low,Smallest measured brain,included,8.5,animaltraits-2022
dasypus_novemcinctus,Nine-banded armadillo,resting_breathing_frequency,Fastest breathing at rest,no-approved-comparable-record,,
dasypus_novemcinctus,Nine-banded armadillo,resting_breathing_frequency__low,Slowest breathing at rest,no-approved-comparable-record,,
dasypus_novemcinctus,Nine-banded armadillo,interbirth_interval,Longest gap between births,no-approved-comparable-record,,
dasypus_novemcinctus,Nine-banded armadillo,litters_per_year,Most litters per year,included,1,anage-15
dasypus_novemcinctus,Nine-banded armadillo,litters_per_year__low,Fewest litters per year,included,1,anage-15
dasypus_novemcinctus,Nine-banded armadillo,interbirth_interval__low,Shortest gap between births,no-approved-comparable-record,,
dasypus_novemcinctus,Nine-banded armadillo,recorded_chewing_rate,Fastest recorded chewing,no-approved-comparable-record,,
dasypus_novemcinctus,Nine-banded armadillo,recorded_chewing_rate__low,Slowest recorded chewing,no-approved-comparable-record,,
dasypus_novemcinctus,Nine-banded armadillo,iucn_extinction_risk,Most threatened,included,1,iucn-gbif-20260728
dasypus_novemcinctus,Nine-banded armadillo,iucn_extinction_risk__low,Least threatened,included,1,iucn-gbif-20260728
dasypus_novemcinctus,Nine-banded armadillo,habitat_depth_ceiling,Deepest water habitat,no-approved-comparable-record,,
dasypus_novemcinctus,Nine-banded armadillo,habitat_depth_ceiling__low,Shallowest water limit,no-approved-comparable-record,,
dasypus_novemcinctus,Nine-banded armadillo,diet_food_group_count,Most food groups,included,3,reuter-2023-observed-food-groups
dasypus_novemcinctus,Nine-banded armadillo,diet_food_group_count__low,Fewest food groups,included,3,reuter-2023-observed-food-groups
dasypus_novemcinctus,Nine-banded armadillo,raw_egg_length,Longest egg,no-approved-comparable-record,,
dasypus_novemcinctus,Nine-banded armadillo,raw_egg_length__low,Shortest egg,no-approved-comparable-record,,
dasypus_novemcinctus,Nine-banded armadillo,habitat_elevation_ceiling,Highest mountain habitat,no-approved-comparable-record,,
dasypus_novemcinctus,Nine-banded armadillo,habitat_elevation_ceiling__low,Lowest mountain ceiling,no-approved-comparable-record,,
dasypus_novemcinctus,Nine-banded armadillo,measured_eye_length,Largest eyes,no-approved-comparable-record,,
dasypus_novemcinctus,Nine-banded armadillo,measured_eye_length__low,Smallest eyes,no-approved-comparable-record,,
dasypus_novemcinctus,Nine-banded armadillo,cruising_flight_speed,Fastest cruising flight,no-approved-comparable-record,,
dasypus_novemcinctus,Nine-banded armadillo,cruising_flight_speed__low,Slowest cruising flight,no-approved-comparable-record,,
dasypus_novemcinctus,Nine-banded armadillo,raw_hatching_mass,Heaviest hatchling,no-approved-comparable-record,,
dasypus_novemcinctus,Nine-banded armadillo,hatching_mass,Heaviest hatchling,no-approved-comparable-record,,
dasypus_novemcinctus,Nine-banded armadillo,raw_hatching_mass__low,Lightest hatchling,no-approved-comparable-record,,
dasypus_novemcinctus,Nine-banded armadillo,hatching_mass__low,Lightest hatchling,no-approved-comparable-record,,
dasypus_novemcinctus,Nine-banded armadillo,raw_incubation,Longest wait to hatch,no-approved-comparable-record,,
dasypus_novemcinctus,Nine-banded armadillo,incubation,Longest wait to hatch,no-approved-comparable-record,,
dasypus_novemcinctus,Nine-banded armadillo,raw_incubation__low,Shortest wait to hatch,no-approved-comparable-record,,
dasypus_novemcinctus,Nine-banded armadillo,incubation__low,Shortest wait to hatch,no-approved-comparable-record,,
dasypus_novemcinctus,Nine-banded armadillo,adult_intestine_length,Longest intestine,no-approved-comparable-record,,
dasypus_novemcinctus,Nine-banded armadillo,adult_intestine_length__low,Shortest intestine,no-approved-comparable-record,,
dasypus_novemcinctus,Nine-banded armadillo,mapped_latitude_span,Widest north–south range,included,72.72,pantheria-range-maps
dasypus_novemcinctus,Nine-banded armadillo,mapped_latitude_span__low,Narrowest north–south range,included,72.72,pantheria-range-maps
dasypus_novemcinctus,Nine-banded armadillo,aquatic_length_upper,Longest aquatic body,no-approved-comparable-record,,
dasypus_novemcinctus,Nine-banded armadillo,aquatic_length_upper__low,Shortest aquatic body,no-approved-comparable-record,,
dasypus_novemcinctus,Nine-banded armadillo,wild_recorded_lifespan,Longest recorded wild life,no-approved-comparable-record,,
dasypus_novemcinctus,Nine-banded armadillo,maximum_documented_lifespan,Longest documented lifespan,included,22.3,anage-15
dasypus_novemcinctus,Nine-banded armadillo,ringing_longevity,Longest recorded wild life,no-approved-comparable-record,,
dasypus_novemcinctus,Nine-banded armadillo,wild_recorded_lifespan__low,Shortest recorded wild life,no-approved-comparable-record,,
dasypus_novemcinctus,Nine-banded armadillo,maximum_documented_lifespan__low,Shortest documented lifespan,included,22.3,anage-15
dasypus_novemcinctus,Nine-banded armadillo,ringing_longevity__low,Shortest recorded wild life,no-approved-comparable-record,,
dasypus_novemcinctus,Nine-banded armadillo,bird_mass,Heaviest adult,no-approved-comparable-record,,
dasypus_novemcinctus,Nine-banded armadillo,adult_body_mass,Heaviest adult,included,5500,anage-15
dasypus_novemcinctus,Nine-banded armadillo,bird_mass__low,Lightest adult,no-approved-comparable-record,,
dasypus_novemcinctus,Nine-banded armadillo,adult_body_mass__low,Lightest adult,included,5500,anage-15
dasypus_novemcinctus,Nine-banded armadillo,male_maturity,Latest male maturity,included,365,anage-15
dasypus_novemcinctus,Nine-banded armadillo,female_maturity,Latest female maturity,included,365,anage-15
dasypus_novemcinctus,Nine-banded armadillo,female_maturity__low,Earliest female maturity,included,365,anage-15
dasypus_novemcinctus,Nine-banded armadillo,male_maturity__low,Earliest male maturity,included,365,anage-15
dasypus_novemcinctus,Nine-banded armadillo,basal_energy,Most resting energy use,no-approved-comparable-record,,
dasypus_novemcinctus,Nine-banded armadillo,mass_specific_basal_energy,Most resting energy per gram,no-approved-comparable-record,,
dasypus_novemcinctus,Nine-banded armadillo,mass_specific_basal_energy__low,Least resting energy per gram,no-approved-comparable-record,,
dasypus_novemcinctus,Nine-banded armadillo,basal_energy__low,Least resting energy use,no-approved-comparable-record,,
dasypus_novemcinctus,Nine-banded armadillo,milk_fat_concentration,Fattiest milk,no-approved-comparable-record,,
dasypus_novemcinctus,Nine-banded armadillo,milk_fat_concentration__low,Least fat in milk,no-approved-comparable-record,,
dasypus_novemcinctus,Nine-banded armadillo,milk_protein_concentration,Most protein in milk,no-approved-comparable-record,,
dasypus_novemcinctus,Nine-banded armadillo,milk_protein_concentration__low,Least protein in milk,no-approved-comparable-record,,
dasypus_novemcinctus,Nine-banded armadillo,milk_sugar_concentration,Most sugar in milk,no-approved-comparable-record,,
dasypus_novemcinctus,Nine-banded armadillo,milk_sugar_concentration__low,Least sugar in milk,no-approved-comparable-record,,
dasypus_novemcinctus,Nine-banded armadillo,field_swim_speed,Fastest measured swimming,no-approved-comparable-record,,
dasypus_novemcinctus,Nine-banded armadillo,field_swim_speed__low,Slowest measured swimming,no-approved-comparable-record,,
dasypus_novemcinctus,Nine-banded armadillo,raw_birth_mass,Heaviest newborn,no-approved-comparable-record,,
dasypus_novemcinctus,Nine-banded armadillo,birth_weight,Heaviest newborn,included,66,anage-15
dasypus_novemcinctus,Nine-banded armadillo,raw_birth_mass__low,Lightest newborn,no-approved-comparable-record,,
dasypus_novemcinctus,Nine-banded armadillo,birth_weight__low,Lightest newborn,included,66,anage-15
dasypus_novemcinctus,Nine-banded armadillo,mapped_north_pole_distance,Farthest from North Pole,included,49.16,pantheria-range-maps
dasypus_novemcinctus,Nine-banded armadillo,mapped_north_pole_distance__low,Closest to North Pole,included,49.16,pantheria-range-maps
dasypus_novemcinctus,Nine-banded armadillo,raw_clutch_size,Most eggs per clutch,no-approved-comparable-record,,
dasypus_novemcinctus,Nine-banded armadillo,litter_size,Most young per birth,included,4,anage-15
dasypus_novemcinctus,Nine-banded armadillo,litter_size__low,Fewest young per birth,included,4,anage-15
dasypus_novemcinctus,Nine-banded armadillo,raw_clutch_size__low,Fewest eggs per clutch,no-approved-comparable-record,,
dasypus_novemcinctus,Nine-banded armadillo,gestation,Longest pregnancy,included,133,anage-15
dasypus_novemcinctus,Nine-banded armadillo,raw_gestation,Longest pregnancy,no-approved-comparable-record,,
dasypus_novemcinctus,Nine-banded armadillo,gestation__low,Shortest pregnancy,included,133,anage-15
dasypus_novemcinctus,Nine-banded armadillo,raw_gestation__low,Shortest pregnancy,no-approved-comparable-record,,
dasypus_novemcinctus,Nine-banded armadillo,diet_largest_prey,Largest prey in published diet,no-approved-comparable-record,,
dasypus_novemcinctus,Nine-banded armadillo,diet_smallest_prey,Smallest prey in published diet,no-approved-comparable-record,,
dasypus_novemcinctus,Nine-banded armadillo,diet_prey_mass_span,Widest prey-size range,no-approved-comparable-record,,
dasypus_novemcinctus,Nine-banded armadillo,diet_prey_mass_span__low,Narrowest prey-size range,no-approved-comparable-record,,
dasypus_novemcinctus,Nine-banded armadillo,bird_range_area,Largest breeding range,no-approved-comparable-record,,
dasypus_novemcinctus,Nine-banded armadillo,mammal_range_area,Largest mapped range,included,17080218.63,pantheria-range-maps
dasypus_novemcinctus,Nine-banded armadillo,mammal_range_area__low,Smallest mapped range,included,17080218.63,pantheria-range-maps
dasypus_novemcinctus,Nine-banded armadillo,bird_range_area__low,Smallest breeding range,no-approved-comparable-record,,
dasypus_novemcinctus,Nine-banded armadillo,raw_egg_mass,Heaviest egg,no-approved-comparable-record,,
dasypus_novemcinctus,Nine-banded armadillo,raw_egg_mass__low,Lightest egg,no-approved-comparable-record,,
dasypus_novemcinctus,Nine-banded armadillo,scientific_description_age,Oldest scientific description,included,268,gbif-authorship-20261004
dasypus_novemcinctus,Nine-banded armadillo,scientific_description_age__low,Newest scientific description,included,268,gbif-authorship-20261004
dasypus_novemcinctus,Nine-banded armadillo,daily_rem_sleep,Most REM sleep,no-approved-comparable-record,,
dasypus_novemcinctus,Nine-banded armadillo,daily_sleep,Most time asleep,no-approved-comparable-record,,
dasypus_novemcinctus,Nine-banded armadillo,daily_rem_sleep__low,Least REM sleep,no-approved-comparable-record,,
dasypus_novemcinctus,Nine-banded armadillo,daily_sleep__low,Least time asleep,no-approved-comparable-record,,
dasypus_novemcinctus,Nine-banded armadillo,mapped_south_pole_distance,Farthest from South Pole,included,58.12,pantheria-range-maps
dasypus_novemcinctus,Nine-banded armadillo,mapped_south_pole_distance__low,Closest to South Pole,included,58.12,pantheria-range-maps
dasypus_novemcinctus,Nine-banded armadillo,mammal_tail_length_upper,Longest mammal tail,no-approved-comparable-record,,
dasypus_novemcinctus,Nine-banded armadillo,bird_tail_length,Longest tail feathers,no-approved-comparable-record,,
dasypus_novemcinctus,Nine-banded armadillo,mammal_tail_length_upper__low,Shortest mammal tail,no-approved-comparable-record,,
dasypus_novemcinctus,Nine-banded armadillo,bird_tail_length__low,Shortest tail feathers,no-approved-comparable-record,,
dasypus_novemcinctus,Nine-banded armadillo,adult_tooth_count,Most adult teeth,no-approved-comparable-record,,
dasypus_novemcinctus,Nine-banded armadillo,adult_tooth_count__low,Fewest adult teeth,no-approved-comparable-record,,
dasypus_novemcinctus,Nine-banded armadillo,behavioral_visual_acuity,Sharpest measured vision,no-approved-comparable-record,,
dasypus_novemcinctus,Nine-banded armadillo,behavioral_visual_acuity__low,Least sharp measured vision,no-approved-comparable-record,,
dasypus_novemcinctus,Nine-banded armadillo,weaning_mass,Heaviest at weaning,no-approved-comparable-record,,
dasypus_novemcinctus,Nine-banded armadillo,raw_weaning_age,Longest time on milk,no-approved-comparable-record,,
dasypus_novemcinctus,Nine-banded armadillo,weaning_age,Longest time on milk,included,137,anage-15
dasypus_novemcinctus,Nine-banded armadillo,raw_weaning_age__low,Shortest time on milk,no-approved-comparable-record,,
dasypus_novemcinctus,Nine-banded armadillo,weaning_mass__low,Lightest at weaning,no-approved-comparable-record,,
dasypus_novemcinctus,Nine-banded armadillo,weaning_age__low,Shortest time on milk,included,137,anage-15
dasypus_novemcinctus,Nine-banded armadillo,measured_wingspan,Largest wingspan,no-approved-comparable-record,,
dasypus_novemcinctus,Nine-banded armadillo,measured_wingspan__low,Smallest wingspan,no-approved-comparable-record,,
