catalog,field,nonMissing,concept,high,low,interest,decision,reason,observationApproval
amphibio,id,6776,,,,not selected,context_only,"Taxonomy, provenance, nominal category, source context or unselected specialist field. No numerical prize or assumed ordering.",not approved
amphibio,Order,6776,,,,not selected,context_only,"Taxonomy, provenance, nominal category, source context or unselected specialist field. No numerical prize or assumed ordering.",not approved
amphibio,Family,6776,,,,not selected,context_only,"Taxonomy, provenance, nominal category, source context or unselected specialist field. No numerical prize or assumed ordering.",not approved
amphibio,Genus,6776,,,,not selected,context_only,"Taxonomy, provenance, nominal category, source context or unselected specialist field. No numerical prize or assumed ordering.",not approved
amphibio,Species,6776,,,,not selected,context_only,"Taxonomy, provenance, nominal category, source context or unselected specialist field. No numerical prize or assumed ordering.",not approved
amphibio,Fos,6776,,,,not selected,context_only,"Taxonomy, provenance, nominal category, source context or unselected specialist field. No numerical prize or assumed ordering.",not approved
amphibio,Ter,6776,,,,not selected,context_only,"Taxonomy, provenance, nominal category, source context or unselected specialist field. No numerical prize or assumed ordering.",not approved
amphibio,Aqu,6776,,,,not selected,context_only,"Taxonomy, provenance, nominal category, source context or unselected specialist field. No numerical prize or assumed ordering.",not approved
amphibio,Arb,6776,,,,not selected,context_only,"Taxonomy, provenance, nominal category, source context or unselected specialist field. No numerical prize or assumed ordering.",not approved
amphibio,Leaves,6776,,,,not selected,context_only,"Taxonomy, provenance, nominal category, source context or unselected specialist field. No numerical prize or assumed ordering.",not approved
amphibio,Flowers,6776,,,,not selected,context_only,"Taxonomy, provenance, nominal category, source context or unselected specialist field. No numerical prize or assumed ordering.",not approved
amphibio,Seeds,6776,,,,not selected,context_only,"Taxonomy, provenance, nominal category, source context or unselected specialist field. No numerical prize or assumed ordering.",not approved
amphibio,Fruits,6776,,,,not selected,context_only,"Taxonomy, provenance, nominal category, source context or unselected specialist field. No numerical prize or assumed ordering.",not approved
amphibio,Arthro,6776,,,,not selected,context_only,"Taxonomy, provenance, nominal category, source context or unselected specialist field. No numerical prize or assumed ordering.",not approved
amphibio,Vert,6776,,,,not selected,context_only,"Taxonomy, provenance, nominal category, source context or unselected specialist field. No numerical prize or assumed ordering.",not approved
amphibio,Diu,6776,,,,not selected,context_only,"Taxonomy, provenance, nominal category, source context or unselected specialist field. No numerical prize or assumed ordering.",not approved
amphibio,Noc,6776,,,,not selected,context_only,"Taxonomy, provenance, nominal category, source context or unselected specialist field. No numerical prize or assumed ordering.",not approved
amphibio,Crepu,6776,,,,not selected,context_only,"Taxonomy, provenance, nominal category, source context or unselected specialist field. No numerical prize or assumed ordering.",not approved
amphibio,Wet_warm,6776,,,,not selected,context_only,"Taxonomy, provenance, nominal category, source context or unselected specialist field. No numerical prize or assumed ordering.",not approved
amphibio,Wet_cold,6776,,,,not selected,context_only,"Taxonomy, provenance, nominal category, source context or unselected specialist field. No numerical prize or assumed ordering.",not approved
amphibio,Dry_warm,6776,,,,not selected,context_only,"Taxonomy, provenance, nominal category, source context or unselected specialist field. No numerical prize or assumed ordering.",not approved
amphibio,Dry_cold,6776,,,,not selected,context_only,"Taxonomy, provenance, nominal category, source context or unselected specialist field. No numerical prize or assumed ordering.",not approved
amphibio,Body_mass_g,6776,mass,Heaviest,Lightest,intuitive,keep_candidate,"Familiar comparison. Keep mean, maximum, sex and life stage distinct; reject inferred mass and review original source. These fields do not automatically form one cross-source ranking.",pending
amphibio,Age_at_maturity_min_y,6776,,,,not selected,defer_specialist,Specialist endpoint or abstract ecological proxy; not selected for the intuitive pool. Preserve for later selective review.,not approved
amphibio,Age_at_maturity_max_y,6776,,,,not selected,defer_specialist,Specialist endpoint or abstract ecological proxy; not selected for the intuitive pool. Preserve for later selective review.,not approved
amphibio,Body_size_mm,6776,length,Longest,Shortest,intuitive,keep_candidate,"Familiar concept, but total length, head-body length and sex/summary endpoints must be distinguished. No substitution for height.",pending
amphibio,Size_at_maturity_min_mm,6776,,,,not selected,defer_specialist,Specialist endpoint or abstract ecological proxy; not selected for the intuitive pool. Preserve for later selective review.,not approved
amphibio,Size_at_maturity_max_mm,6776,,,,not selected,defer_specialist,Specialist endpoint or abstract ecological proxy; not selected for the intuitive pool. Preserve for later selective review.,not approved
amphibio,Longevity_max_y,6776,lifespan,Longest lifespan,Shortest lifespan,intuitive,keep_candidate,Separate wild/captive and maximum/typical. Retain reported years and source age-verification methods.,pending
amphibio,Litter_size_min_n,6776,offspring,Most young per birth,Fewest young per birth,intuitive,keep_candidate,"Intuitive, but eggs, live young and brood definitions differ. One lifecycle concept, not multiple duplicate categories.",pending
amphibio,Litter_size_max_n,6776,offspring,Most young per birth,Fewest young per birth,intuitive,keep_candidate,"Intuitive, but eggs, live young and brood definitions differ. One lifecycle concept, not multiple duplicate categories.",pending
amphibio,Reproductive_output_y,6776,,,,not selected,context_only,"Taxonomy, provenance, nominal category, source context or unselected specialist field. No numerical prize or assumed ordering.",not approved
amphibio,Offspring_size_min_mm,6776,,,,not selected,context_only,"Taxonomy, provenance, nominal category, source context or unselected specialist field. No numerical prize or assumed ordering.",not approved
amphibio,Offspring_size_max_mm,6776,,,,not selected,context_only,"Taxonomy, provenance, nominal category, source context or unselected specialist field. No numerical prize or assumed ordering.",not approved
amphibio,Dir,6776,,,,not selected,context_only,"Taxonomy, provenance, nominal category, source context or unselected specialist field. No numerical prize or assumed ordering.",not approved
amphibio,Lar,6776,,,,not selected,context_only,"Taxonomy, provenance, nominal category, source context or unselected specialist field. No numerical prize or assumed ordering.",not approved
amphibio,Viv,6776,,,,not selected,context_only,"Taxonomy, provenance, nominal category, source context or unselected specialist field. No numerical prize or assumed ordering.",not approved
amphibio,OBS,6774,,,,not selected,context_only,"Taxonomy, provenance, nominal category, source context or unselected specialist field. No numerical prize or assumed ordering.",not approved
amniote,class,21322,,,,not selected,context_only,"Taxonomy, provenance, nominal category, source context or unselected specialist field. No numerical prize or assumed ordering.",not approved
amniote,order,21322,,,,not selected,context_only,"Taxonomy, provenance, nominal category, source context or unselected specialist field. No numerical prize or assumed ordering.",not approved
amniote,family,21322,,,,not selected,context_only,"Taxonomy, provenance, nominal category, source context or unselected specialist field. No numerical prize or assumed ordering.",not approved
amniote,genus,21322,,,,not selected,context_only,"Taxonomy, provenance, nominal category, source context or unselected specialist field. No numerical prize or assumed ordering.",not approved
amniote,species,21322,,,,not selected,context_only,"Taxonomy, provenance, nominal category, source context or unselected specialist field. No numerical prize or assumed ordering.",not approved
amniote,subspecies,21322,,,,not selected,context_only,"Taxonomy, provenance, nominal category, source context or unselected specialist field. No numerical prize or assumed ordering.",not approved
amniote,common_name,21322,,,,not selected,context_only,"Taxonomy, provenance, nominal category, source context or unselected specialist field. No numerical prize or assumed ordering.",not approved
amniote,female_maturity_d,21322,,,,not selected,defer_specialist,Specialist endpoint or abstract ecological proxy; not selected for the intuitive pool. Preserve for later selective review.,not approved
amniote,litter_or_clutch_size_n,21322,offspring,Most young per birth,Fewest young per birth,intuitive,keep_candidate,"Intuitive, but eggs, live young and brood definitions differ. One lifecycle concept, not multiple duplicate categories.",pending
amniote,litters_or_clutches_per_y,21322,reproduction-frequency,Most broods per year,Fewest broods per year,specialist,keep_candidate,Seasonal and lifetime definitions must agree; same lifecycle family.,pending
amniote,adult_body_mass_g,21322,mass,Heaviest,Lightest,intuitive,keep_candidate,"Familiar comparison. Keep mean, maximum, sex and life stage distinct; reject inferred mass and review original source. These fields do not automatically form one cross-source ranking.",pending
amniote,maximum_longevity_y,21322,lifespan,Longest lifespan,Shortest lifespan,intuitive,keep_candidate,Separate wild/captive and maximum/typical. Retain reported years and source age-verification methods.,pending
amniote,gestation_d,21322,pregnancy,Longest pregnancy,Shortest pregnancy,intuitive,keep_candidate,Intuitive; pregnancy includes specified developmental endpoints only. Do not compare gestation with incubation.,pending
amniote,weaning_d,21322,milk-duration,Longest time on milk,Shortest time on milk,specialist,keep_candidate,Understandable but reproductive concentration risk. Species-level definitions and earliest/latest endpoints need review.,pending
amniote,birth_or_hatching_weight_g,21322,newborn-mass,Heaviest newborn,Lightest newborn,specialist,keep_candidate,Interesting occasional fact; neonatal/hatchling endpoints differ. Do not overfill boards with related life-history facts.,pending
amniote,weaning_weight_g,21322,,,,not selected,context_only,"Taxonomy, provenance, nominal category, source context or unselected specialist field. No numerical prize or assumed ordering.",not approved
amniote,egg_mass_g,21322,egg-mass,Heaviest egg,Lightest egg,specialist,keep_candidate,Occasional intuitive anatomy fact; not a distinct lifecycle decision alongside several other egg metrics.,pending
amniote,incubation_d,21322,incubation,Longest wait to hatch,Shortest wait to hatch,intuitive,keep_candidate,Intuitive lifecycle fact; at most one lifecycle family on introductory boards.,pending
amniote,fledging_age_d,21322,,,,not selected,context_only,"Taxonomy, provenance, nominal category, source context or unselected specialist field. No numerical prize or assumed ordering.",not approved
amniote,longevity_y,21322,,,,not selected,context_only,"Taxonomy, provenance, nominal category, source context or unselected specialist field. No numerical prize or assumed ordering.",not approved
amniote,male_maturity_d,21322,,,,not selected,defer_specialist,Specialist endpoint or abstract ecological proxy; not selected for the intuitive pool. Preserve for later selective review.,not approved
amniote,inter_litter_or_interbirth_interval_y,21322,,,,not selected,defer_specialist,Specialist endpoint or abstract ecological proxy; not selected for the intuitive pool. Preserve for later selective review.,not approved
amniote,female_body_mass_g,21322,,,,not selected,context_only,"Taxonomy, provenance, nominal category, source context or unselected specialist field. No numerical prize or assumed ordering.",not approved
amniote,male_body_mass_g,21322,,,,not selected,context_only,"Taxonomy, provenance, nominal category, source context or unselected specialist field. No numerical prize or assumed ordering.",not approved
amniote,no_sex_body_mass_g,21322,,,,not selected,context_only,"Taxonomy, provenance, nominal category, source context or unselected specialist field. No numerical prize or assumed ordering.",not approved
amniote,egg_width_mm,21322,,,,not selected,context_only,"Taxonomy, provenance, nominal category, source context or unselected specialist field. No numerical prize or assumed ordering.",not approved
amniote,egg_length_mm,21322,egg-length,Longest egg,Shortest egg,specialist,keep_candidate,Specialist supplement only; egg length and width count as one anatomy family.,pending
amniote,fledging_mass_g,21322,,,,not selected,context_only,"Taxonomy, provenance, nominal category, source context or unselected specialist field. No numerical prize or assumed ordering.",not approved
amniote,adult_svl_cm,21322,,,,not selected,defer_specialist,Specialist endpoint or abstract ecological proxy; not selected for the intuitive pool. Preserve for later selective review.,not approved
amniote,male_svl_cm,21322,,,,not selected,defer_specialist,Specialist endpoint or abstract ecological proxy; not selected for the intuitive pool. Preserve for later selective review.,not approved
amniote,female_svl_cm,21322,,,,not selected,defer_specialist,Specialist endpoint or abstract ecological proxy; not selected for the intuitive pool. Preserve for later selective review.,not approved
amniote,birth_or_hatching_svl_cm,21322,,,,not selected,defer_specialist,Specialist endpoint or abstract ecological proxy; not selected for the intuitive pool. Preserve for later selective review.,not approved
amniote,female_svl_at_maturity_cm,21322,,,,not selected,defer_specialist,Specialist endpoint or abstract ecological proxy; not selected for the intuitive pool. Preserve for later selective review.,not approved
amniote,female_body_mass_at_maturity_g,21322,,,,not selected,defer_specialist,Specialist endpoint or abstract ecological proxy; not selected for the intuitive pool. Preserve for later selective review.,not approved
amniote,no_sex_svl_cm,21322,,,,not selected,defer_specialist,Specialist endpoint or abstract ecological proxy; not selected for the intuitive pool. Preserve for later selective review.,not approved
amniote,no_sex_maturity_d,21322,,,,not selected,defer_specialist,Specialist endpoint or abstract ecological proxy; not selected for the intuitive pool. Preserve for later selective review.,not approved
pantheria,MSW05_Order,5416,,,,not selected,context_only,"Taxonomy, provenance, nominal category, source context or unselected specialist field. No numerical prize or assumed ordering.",not approved
pantheria,MSW05_Family,5416,,,,not selected,context_only,"Taxonomy, provenance, nominal category, source context or unselected specialist field. No numerical prize or assumed ordering.",not approved
pantheria,MSW05_Genus,5416,,,,not selected,context_only,"Taxonomy, provenance, nominal category, source context or unselected specialist field. No numerical prize or assumed ordering.",not approved
pantheria,MSW05_Species,5416,,,,not selected,context_only,"Taxonomy, provenance, nominal category, source context or unselected specialist field. No numerical prize or assumed ordering.",not approved
pantheria,MSW05_Binomial,5416,,,,not selected,context_only,"Taxonomy, provenance, nominal category, source context or unselected specialist field. No numerical prize or assumed ordering.",not approved
pantheria,1-1_ActivityCycle,5416,,,,not selected,context_only,"Taxonomy, provenance, nominal category, source context or unselected specialist field. No numerical prize or assumed ordering.",not approved
pantheria,5-1_AdultBodyMass_g,5416,mass,Heaviest,Lightest,intuitive,keep_candidate,"Familiar comparison. Keep mean, maximum, sex and life stage distinct; reject inferred mass and review original source. These fields do not automatically form one cross-source ranking.",pending
pantheria,8-1_AdultForearmLen_mm,5416,,,,not selected,defer_specialist,Specialist endpoint or abstract ecological proxy; not selected for the intuitive pool. Preserve for later selective review.,not approved
pantheria,13-1_AdultHeadBodyLen_mm,5416,length,Longest,Shortest,intuitive,keep_candidate,"Familiar concept, but total length, head-body length and sex/summary endpoints must be distinguished. No substitution for height.",pending
pantheria,2-1_AgeatEyeOpening_d,5416,,,,not selected,context_only,"Taxonomy, provenance, nominal category, source context or unselected specialist field. No numerical prize or assumed ordering.",not approved
pantheria,3-1_AgeatFirstBirth_d,5416,,,,not selected,context_only,"Taxonomy, provenance, nominal category, source context or unselected specialist field. No numerical prize or assumed ordering.",not approved
pantheria,18-1_BasalMetRate_mLO2hr,5416,,,,not selected,context_only,"Taxonomy, provenance, nominal category, source context or unselected specialist field. No numerical prize or assumed ordering.",not approved
pantheria,5-2_BasalMetRateMass_g,5416,,,,not selected,context_only,"Taxonomy, provenance, nominal category, source context or unselected specialist field. No numerical prize or assumed ordering.",not approved
pantheria,6-1_DietBreadth,5416,diet-types,Most varied diet,Least varied diet,intuitive,keep_candidate,"Hold front labels until dictionary checked: counts of broad food categories are not prey-species counts, diet proportions or nutritional diversity.",pending
pantheria,7-1_DispersalAge_d,5416,,,,not selected,context_only,"Taxonomy, provenance, nominal category, source context or unselected specialist field. No numerical prize or assumed ordering.",not approved
pantheria,9-1_GestationLen_d,5416,pregnancy,Longest pregnancy,Shortest pregnancy,intuitive,keep_candidate,Intuitive; pregnancy includes specified developmental endpoints only. Do not compare gestation with incubation.,pending
pantheria,12-1_HabitatBreadth,5416,,,,not selected,context_only,"Taxonomy, provenance, nominal category, source context or unselected specialist field. No numerical prize or assumed ordering.",not approved
pantheria,22-1_HomeRange_km2,5416,home-range,Largest territory,Smallest territory,intuitive,keep_candidate,"Intuitive area comparison, but home range is not necessarily defended territory. Use home range wording in game if retained; sex, season and population vary.",pending
pantheria,22-2_HomeRange_Indiv_km2,5416,home-range,Largest territory,Smallest territory,intuitive,keep_candidate,"Intuitive area comparison, but home range is not necessarily defended territory. Use home range wording in game if retained; sex, season and population vary.",pending
pantheria,14-1_InterbirthInterval_d,5416,,,,not selected,defer_specialist,Specialist endpoint or abstract ecological proxy; not selected for the intuitive pool. Preserve for later selective review.,not approved
pantheria,15-1_LitterSize,5416,offspring,Most young per birth,Fewest young per birth,intuitive,keep_candidate,"Intuitive, but eggs, live young and brood definitions differ. One lifecycle concept, not multiple duplicate categories.",pending
pantheria,16-1_LittersPerYear,5416,reproduction-frequency,Most broods per year,Fewest broods per year,specialist,keep_candidate,Seasonal and lifetime definitions must agree; same lifecycle family.,pending
pantheria,17-1_MaxLongevity_m,5416,lifespan,Longest lifespan,Shortest lifespan,intuitive,keep_candidate,Separate wild/captive and maximum/typical. Retain reported years and source age-verification methods.,pending
pantheria,5-3_NeonateBodyMass_g,5416,newborn-mass,Heaviest newborn,Lightest newborn,specialist,keep_candidate,Interesting occasional fact; neonatal/hatchling endpoints differ. Do not overfill boards with related life-history facts.,pending
pantheria,13-2_NeonateHeadBodyLen_mm,5416,,,,not selected,context_only,"Taxonomy, provenance, nominal category, source context or unselected specialist field. No numerical prize or assumed ordering.",not approved
pantheria,21-1_PopulationDensity_n/km2,5416,population-density,Most crowded,Least crowded,specialist,keep_candidate,"Potentially understandable, but very site/season dependent. Not total population; local-study variation could swamp species differences.",pending
pantheria,10-1_PopulationGrpSize,5416,,,,not selected,context_only,"Taxonomy, provenance, nominal category, source context or unselected specialist field. No numerical prize or assumed ordering.",not approved
pantheria,23-1_SexualMaturityAge_d,5416,,,,not selected,defer_specialist,Specialist endpoint or abstract ecological proxy; not selected for the intuitive pool. Preserve for later selective review.,not approved
pantheria,10-2_SocialGrpSize,5416,social-group,Largest groups,Smallest groups,intuitive,keep_candidate,Promising mammal behavior. Distinguish social group from population group and colony; local conditions and summary uncertainty require review.,pending
pantheria,24-1_TeatNumber,5416,,,,not selected,context_only,"Taxonomy, provenance, nominal category, source context or unselected specialist field. No numerical prize or assumed ordering.",not approved
pantheria,12-2_Terrestriality,5416,,,,not selected,context_only,"Taxonomy, provenance, nominal category, source context or unselected specialist field. No numerical prize or assumed ordering.",not approved
pantheria,6-2_TrophicLevel,5416,,,,not selected,defer_specialist,Specialist endpoint or abstract ecological proxy; not selected for the intuitive pool. Preserve for later selective review.,not approved
pantheria,25-1_WeaningAge_d,5416,milk-duration,Longest time on milk,Shortest time on milk,specialist,keep_candidate,Understandable but reproductive concentration risk. Species-level definitions and earliest/latest endpoints need review.,pending
pantheria,5-4_WeaningBodyMass_g,5416,,,,not selected,context_only,"Taxonomy, provenance, nominal category, source context or unselected specialist field. No numerical prize or assumed ordering.",not approved
pantheria,13-3_WeaningHeadBodyLen_mm,5416,,,,not selected,context_only,"Taxonomy, provenance, nominal category, source context or unselected specialist field. No numerical prize or assumed ordering.",not approved
pantheria,References,5416,,,,not selected,context_only,"Taxonomy, provenance, nominal category, source context or unselected specialist field. No numerical prize or assumed ordering.",not approved
pantheria,5-5_AdultBodyMass_g_EXT,5416,,,,not selected,reject_numeric_prize,"Modeled, extrapolated or derived estimate; excluded from measured gameplay.",not approved
pantheria,16-2_LittersPerYear_EXT,5416,,,,not selected,reject_numeric_prize,"Modeled, extrapolated or derived estimate; excluded from measured gameplay.",not approved
pantheria,5-6_NeonateBodyMass_g_EXT,5416,,,,not selected,reject_numeric_prize,"Modeled, extrapolated or derived estimate; excluded from measured gameplay.",not approved
pantheria,5-7_WeaningBodyMass_g_EXT,5416,,,,not selected,reject_numeric_prize,"Modeled, extrapolated or derived estimate; excluded from measured gameplay.",not approved
pantheria,26-1_GR_Area_km2,5416,range,Largest range,Smallest range,intuitive,keep_candidate,"Familiar species range concept. Historical maps and taxonomies differ; record dates, method and breeding/overall extent explicitly.",pending
pantheria,26-2_GR_MaxLat_dd,5416,,,,not selected,context_only,"Taxonomy, provenance, nominal category, source context or unselected specialist field. No numerical prize or assumed ordering.",not approved
pantheria,26-3_GR_MinLat_dd,5416,,,,not selected,context_only,"Taxonomy, provenance, nominal category, source context or unselected specialist field. No numerical prize or assumed ordering.",not approved
pantheria,26-4_GR_MidRangeLat_dd,5416,,,,not selected,context_only,"Taxonomy, provenance, nominal category, source context or unselected specialist field. No numerical prize or assumed ordering.",not approved
pantheria,26-5_GR_MaxLong_dd,5416,,,,not selected,context_only,"Taxonomy, provenance, nominal category, source context or unselected specialist field. No numerical prize or assumed ordering.",not approved
pantheria,26-6_GR_MinLong_dd,5416,,,,not selected,context_only,"Taxonomy, provenance, nominal category, source context or unselected specialist field. No numerical prize or assumed ordering.",not approved
pantheria,26-7_GR_MidRangeLong_dd,5416,,,,not selected,context_only,"Taxonomy, provenance, nominal category, source context or unselected specialist field. No numerical prize or assumed ordering.",not approved
pantheria,27-1_HuPopDen_Min_n/km2,5416,,,,not selected,context_only,"Taxonomy, provenance, nominal category, source context or unselected specialist field. No numerical prize or assumed ordering.",not approved
pantheria,27-2_HuPopDen_Mean_n/km2,5416,,,,not selected,context_only,"Taxonomy, provenance, nominal category, source context or unselected specialist field. No numerical prize or assumed ordering.",not approved
pantheria,27-3_HuPopDen_5p_n/km2,5416,,,,not selected,context_only,"Taxonomy, provenance, nominal category, source context or unselected specialist field. No numerical prize or assumed ordering.",not approved
pantheria,27-4_HuPopDen_Change,5416,,,,not selected,context_only,"Taxonomy, provenance, nominal category, source context or unselected specialist field. No numerical prize or assumed ordering.",not approved
pantheria,28-1_Precip_Mean_mm,5416,,,,not selected,context_only,"Taxonomy, provenance, nominal category, source context or unselected specialist field. No numerical prize or assumed ordering.",not approved
pantheria,28-2_Temp_Mean_01degC,5416,,,,not selected,context_only,"Taxonomy, provenance, nominal category, source context or unselected specialist field. No numerical prize or assumed ordering.",not approved
pantheria,30-1_AET_Mean_mm,5416,,,,not selected,context_only,"Taxonomy, provenance, nominal category, source context or unselected specialist field. No numerical prize or assumed ordering.",not approved
pantheria,30-2_PET_Mean_mm,5416,,,,not selected,context_only,"Taxonomy, provenance, nominal category, source context or unselected specialist field. No numerical prize or assumed ordering.",not approved
avonet,Sequence,11009,,,,not selected,context_only,"Taxonomy, provenance, nominal category, source context or unselected specialist field. No numerical prize or assumed ordering.",not approved
avonet,Species1,11009,,,,not selected,context_only,"Taxonomy, provenance, nominal category, source context or unselected specialist field. No numerical prize or assumed ordering.",not approved
avonet,Family1,11009,,,,not selected,context_only,"Taxonomy, provenance, nominal category, source context or unselected specialist field. No numerical prize or assumed ordering.",not approved
avonet,Order1,11009,,,,not selected,context_only,"Taxonomy, provenance, nominal category, source context or unselected specialist field. No numerical prize or assumed ordering.",not approved
avonet,Avibase.ID1,11009,,,,not selected,context_only,"Taxonomy, provenance, nominal category, source context or unselected specialist field. No numerical prize or assumed ordering.",not approved
avonet,Total.individuals,11009,,,,not selected,context_only,"Taxonomy, provenance, nominal category, source context or unselected specialist field. No numerical prize or assumed ordering.",not approved
avonet,Female,11009,,,,not selected,context_only,"Taxonomy, provenance, nominal category, source context or unselected specialist field. No numerical prize or assumed ordering.",not approved
avonet,Male,11009,,,,not selected,context_only,"Taxonomy, provenance, nominal category, source context or unselected specialist field. No numerical prize or assumed ordering.",not approved
avonet,Unknown,11009,,,,not selected,context_only,"Taxonomy, provenance, nominal category, source context or unselected specialist field. No numerical prize or assumed ordering.",not approved
avonet,Complete.measures,11009,,,,not selected,context_only,"Taxonomy, provenance, nominal category, source context or unselected specialist field. No numerical prize or assumed ordering.",not approved
avonet,Beak.Length_Culmen,11009,beak-length,Longest beak,Shortest beak,specialist,keep_candidate,Occasional visible feature; measurement positions are specialist and must not count as separate intuitive prizes.,pending
avonet,Beak.Length_Nares,11009,,,,not selected,defer_specialist,Specialist endpoint or abstract ecological proxy; not selected for the intuitive pool. Preserve for later selective review.,not approved
avonet,Beak.Width,11009,,,,not selected,context_only,"Taxonomy, provenance, nominal category, source context or unselected specialist field. No numerical prize or assumed ordering.",not approved
avonet,Beak.Depth,11009,,,,not selected,context_only,"Taxonomy, provenance, nominal category, source context or unselected specialist field. No numerical prize or assumed ordering.",not approved
avonet,Tarsus.Length,11009,,,,not selected,defer_specialist,Specialist endpoint or abstract ecological proxy; not selected for the intuitive pool. Preserve for later selective review.,not approved
avonet,Wing.Length,11009,,,,not selected,defer_specialist,Specialist endpoint or abstract ecological proxy; not selected for the intuitive pool. Preserve for later selective review.,not approved
avonet,Kipps.Distance,11009,,,,not selected,defer_specialist,Specialist endpoint or abstract ecological proxy; not selected for the intuitive pool. Preserve for later selective review.,not approved
avonet,Secondary1,11009,,,,not selected,context_only,"Taxonomy, provenance, nominal category, source context or unselected specialist field. No numerical prize or assumed ordering.",not approved
avonet,Hand-Wing.Index,11009,,,,not selected,context_only,"Taxonomy, provenance, nominal category, source context or unselected specialist field. No numerical prize or assumed ordering.",not approved
avonet,Tail.Length,11009,tail-length,Longest tail,Shortest tail,specialist,keep_candidate,Useful visual fact. Feather/tissue tail endpoints differ across groups; source definitions must match.,pending
avonet,Mass,11009,mass,Heaviest,Lightest,intuitive,keep_candidate,"Familiar comparison. Keep mean, maximum, sex and life stage distinct; reject inferred mass and review original source. These fields do not automatically form one cross-source ranking.",pending
avonet,Mass.Source,11009,,,,not selected,context_only,"Taxonomy, provenance, nominal category, source context or unselected specialist field. No numerical prize or assumed ordering.",not approved
avonet,Mass.Refs.Other,11009,,,,not selected,context_only,"Taxonomy, provenance, nominal category, source context or unselected specialist field. No numerical prize or assumed ordering.",not approved
avonet,Inference,11009,,,,not selected,context_only,"Taxonomy, provenance, nominal category, source context or unselected specialist field. No numerical prize or assumed ordering.",not approved
avonet,Traits.inferred,11009,,,,not selected,context_only,"Taxonomy, provenance, nominal category, source context or unselected specialist field. No numerical prize or assumed ordering.",not approved
avonet,Reference.species,11009,,,,not selected,context_only,"Taxonomy, provenance, nominal category, source context or unselected specialist field. No numerical prize or assumed ordering.",not approved
avonet,Habitat,11009,,,,not selected,context_only,"Taxonomy, provenance, nominal category, source context or unselected specialist field. No numerical prize or assumed ordering.",not approved
avonet,Habitat.Density,11009,,,,not selected,context_only,"Taxonomy, provenance, nominal category, source context or unselected specialist field. No numerical prize or assumed ordering.",not approved
avonet,Migration,11009,,,,not selected,context_only,"Taxonomy, provenance, nominal category, source context or unselected specialist field. No numerical prize or assumed ordering.",not approved
avonet,Trophic.Level,11009,,,,not selected,defer_specialist,Specialist endpoint or abstract ecological proxy; not selected for the intuitive pool. Preserve for later selective review.,not approved
avonet,Trophic.Niche,11009,,,,not selected,defer_specialist,Specialist endpoint or abstract ecological proxy; not selected for the intuitive pool. Preserve for later selective review.,not approved
avonet,Primary.Lifestyle,11009,,,,not selected,context_only,"Taxonomy, provenance, nominal category, source context or unselected specialist field. No numerical prize or assumed ordering.",not approved
avonet,Min.Latitude,11009,,,,not selected,context_only,"Taxonomy, provenance, nominal category, source context or unselected specialist field. No numerical prize or assumed ordering.",not approved
avonet,Max.Latitude,11009,,,,not selected,context_only,"Taxonomy, provenance, nominal category, source context or unselected specialist field. No numerical prize or assumed ordering.",not approved
avonet,Centroid.Latitude,11009,,,,not selected,context_only,"Taxonomy, provenance, nominal category, source context or unselected specialist field. No numerical prize or assumed ordering.",not approved
avonet,Centroid.Longitude,11008,,,,not selected,context_only,"Taxonomy, provenance, nominal category, source context or unselected specialist field. No numerical prize or assumed ordering.",not approved
avonet,Range.Size,11009,range,Largest range,Smallest range,intuitive,keep_candidate,"Familiar species range concept. Historical maps and taxonomies differ; record dates, method and breeding/overall extent explicitly.",pending
squambase,Species name (Binomial),11744,,,,not selected,context_only,"Taxonomy, provenance, nominal category, source context or unselected specialist field. No numerical prize or assumed ordering.",not approved
squambase,sub-order,11744,,,,not selected,context_only,"Taxonomy, provenance, nominal category, source context or unselected specialist field. No numerical prize or assumed ordering.",not approved
squambase,infraorder,11744,,,,not selected,context_only,"Taxonomy, provenance, nominal category, source context or unselected specialist field. No numerical prize or assumed ordering.",not approved
squambase,Family,11744,,,,not selected,context_only,"Taxonomy, provenance, nominal category, source context or unselected specialist field. No numerical prize or assumed ordering.",not approved
squambase,description year,11744,,,,not selected,context_only,"Taxonomy, provenance, nominal category, source context or unselected specialist field. No numerical prize or assumed ordering.",not approved
squambase,Synonyms,11744,,,,not selected,context_only,"Taxonomy, provenance, nominal category, source context or unselected specialist field. No numerical prize or assumed ordering.",not approved
squambase,Sources (general),11744,,,,not selected,context_only,"Taxonomy, provenance, nominal category, source context or unselected specialist field. No numerical prize or assumed ordering.",not approved
squambase,maximum total length (mm),11744,length,Longest,Shortest,intuitive,keep_candidate,"Familiar concept, but total length, head-body length and sex/summary endpoints must be distinguished. No substitution for height.",pending
squambase,mean female total length (mm),11744,length,Longest,Shortest,intuitive,keep_candidate,"Familiar concept, but total length, head-body length and sex/summary endpoints must be distinguished. No substitution for height.",pending
squambase,hatchling/neonate total length (mm),11744,,,,not selected,context_only,"Taxonomy, provenance, nominal category, source context or unselected specialist field. No numerical prize or assumed ordering.",not approved
squambase,maximum SVL (mm),11744,,,,not selected,defer_specialist,Specialist endpoint or abstract ecological proxy; not selected for the intuitive pool. Preserve for later selective review.,not approved
squambase,mean female SVL (mm),11744,,,,not selected,defer_specialist,Specialist endpoint or abstract ecological proxy; not selected for the intuitive pool. Preserve for later selective review.,not approved
squambase,hatchling/neonate SVL (mm),11744,,,,not selected,defer_specialist,Specialist endpoint or abstract ecological proxy; not selected for the intuitive pool. Preserve for later selective review.,not approved
squambase,mean female mass (g),11744,mass,Heaviest,Lightest,intuitive,keep_candidate,"Familiar comparison. Keep mean, maximum, sex and life stage distinct; reject inferred mass and review original source. These fields do not automatically form one cross-source ranking.",pending
squambase,hatchling/neonate mass (g),11744,newborn-mass,Heaviest newborn,Lightest newborn,specialist,keep_candidate,Interesting occasional fact; neonatal/hatchling endpoints differ. Do not overfill boards with related life-history facts.,pending
squambase,"maximum mass (derived from allometric equations; in log10, g)",11744,,,,not selected,reject_numeric_prize,"Modeled, extrapolated or derived estimate; excluded from measured gameplay.",not approved
squambase,"mean female mass (derived from allometric equations; in log10, g)",11744,,,,not selected,reject_numeric_prize,"Modeled, extrapolated or derived estimate; excluded from measured gameplay.",not approved
squambase,"mean hatchling/neonate mass (derived from allometric equations; in log10, g)",11744,,,,not selected,reject_numeric_prize,"Modeled, extrapolated or derived estimate; excluded from measured gameplay.",not approved
squambase,mass_equation (from Feldman et al. 2016 unless stated),11744,,,,not selected,reject_numeric_prize,"Modeled, extrapolated or derived estimate; excluded from measured gameplay.",not approved
squambase,size metadata,11744,,,,not selected,context_only,"Taxonomy, provenance, nominal category, source context or unselected specialist field. No numerical prize or assumed ordering.",not approved
squambase,Limbs,11744,,,,not selected,context_only,"Taxonomy, provenance, nominal category, source context or unselected specialist field. No numerical prize or assumed ordering.",not approved
squambase,Insularity,11744,,,,not selected,context_only,"Taxonomy, provenance, nominal category, source context or unselected specialist field. No numerical prize or assumed ordering.",not approved
squambase,described from (country 2024 borders),11744,,,,not selected,context_only,"Taxonomy, provenance, nominal category, source context or unselected specialist field. No numerical prize or assumed ordering.",not approved
squambase,Minimum elevation (m),11744,,,,not selected,defer_specialist,Specialist endpoint or abstract ecological proxy; not selected for the intuitive pool. Preserve for later selective review.,not approved
squambase,Maximum elevation (m),11744,,,,not selected,defer_specialist,Specialist endpoint or abstract ecological proxy; not selected for the intuitive pool. Preserve for later selective review.,not approved
squambase,elevation metadata,11744,,,,not selected,defer_specialist,Specialist endpoint or abstract ecological proxy; not selected for the intuitive pool. Preserve for later selective review.,not approved
squambase,Activity time,11744,,,,not selected,context_only,"Taxonomy, provenance, nominal category, source context or unselected specialist field. No numerical prize or assumed ordering.",not approved
squambase,Activity time metadata,11744,,,,not selected,context_only,"Taxonomy, provenance, nominal category, source context or unselected specialist field. No numerical prize or assumed ordering.",not approved
squambase,substrate,11744,,,,not selected,context_only,"Taxonomy, provenance, nominal category, source context or unselected specialist field. No numerical prize or assumed ordering.",not approved
squambase,substrate metadata,11744,,,,not selected,context_only,"Taxonomy, provenance, nominal category, source context or unselected specialist field. No numerical prize or assumed ordering.",not approved
squambase,Diet,11744,,,,not selected,context_only,"Taxonomy, provenance, nominal category, source context or unselected specialist field. No numerical prize or assumed ordering.",not approved
squambase,Diet metadata,11744,,,,not selected,context_only,"Taxonomy, provenance, nominal category, source context or unselected specialist field. No numerical prize or assumed ordering.",not approved
squambase,Foraging mode,11744,,,,not selected,context_only,"Taxonomy, provenance, nominal category, source context or unselected specialist field. No numerical prize or assumed ordering.",not approved
squambase,Foraging mode metadata,11744,,,,not selected,context_only,"Taxonomy, provenance, nominal category, source context or unselected specialist field. No numerical prize or assumed ordering.",not approved
squambase,Minimum population density (ha^-1),11744,population-density,Most crowded,Least crowded,specialist,keep_candidate,"Potentially understandable, but very site/season dependent. Not total population; local-study variation could swamp species differences.",pending
squambase,Mean population density (minimum ; ha^-1),11744,,,,not selected,context_only,"Taxonomy, provenance, nominal category, source context or unselected specialist field. No numerical prize or assumed ordering.",not approved
squambase,Mean population density (maximum ; ha^-1),11744,,,,not selected,context_only,"Taxonomy, provenance, nominal category, source context or unselected specialist field. No numerical prize or assumed ordering.",not approved
squambase,Maximum population density (ha^-1),11744,population-density,Most crowded,Least crowded,specialist,keep_candidate,"Potentially understandable, but very site/season dependent. Not total population; local-study variation could swamp species differences.",pending
squambase,Population density metadata,11744,,,,not selected,context_only,"Taxonomy, provenance, nominal category, source context or unselected specialist field. No numerical prize or assumed ordering.",not approved
squambase,Minimum home range size (m2),11744,home-range,Largest territory,Smallest territory,intuitive,keep_candidate,"Intuitive area comparison, but home range is not necessarily defended territory. Use home range wording in game if retained; sex, season and population vary.",pending
squambase,Average home range size (minimum; m^2),11744,home-range,Largest territory,Smallest territory,intuitive,keep_candidate,"Intuitive area comparison, but home range is not necessarily defended territory. Use home range wording in game if retained; sex, season and population vary.",pending
squambase,Average home range size (maximum; m^2),11744,home-range,Largest territory,Smallest territory,intuitive,keep_candidate,"Intuitive area comparison, but home range is not necessarily defended territory. Use home range wording in game if retained; sex, season and population vary.",pending
squambase,Maximum home range size (m^2),11744,home-range,Largest territory,Smallest territory,intuitive,keep_candidate,"Intuitive area comparison, but home range is not necessarily defended territory. Use home range wording in game if retained; sex, season and population vary.",pending
squambase,Home range size metadata,11744,,,,not selected,context_only,"Taxonomy, provenance, nominal category, source context or unselected specialist field. No numerical prize or assumed ordering.",not approved
squambase,Length of Activity Season (minimum; months),11744,,,,not selected,context_only,"Taxonomy, provenance, nominal category, source context or unselected specialist field. No numerical prize or assumed ordering.",not approved
squambase,Length of Activity Season (maximum; months),11744,,,,not selected,context_only,"Taxonomy, provenance, nominal category, source context or unselected specialist field. No numerical prize or assumed ordering.",not approved
squambase,Length of Activity Season metadata,11744,,,,not selected,context_only,"Taxonomy, provenance, nominal category, source context or unselected specialist field. No numerical prize or assumed ordering.",not approved
squambase,"Averge body temperature (minimum, during activity, in nature) in °C",11744,,,,not selected,context_only,"Taxonomy, provenance, nominal category, source context or unselected specialist field. No numerical prize or assumed ordering.",not approved
squambase,"Averge body temperature (maximum, during activity, in nature) in °C",11744,,,,not selected,context_only,"Taxonomy, provenance, nominal category, source context or unselected specialist field. No numerical prize or assumed ordering.",not approved
squambase,"Body temperature in activity, metadata",11744,,,,not selected,context_only,"Taxonomy, provenance, nominal category, source context or unselected specialist field. No numerical prize or assumed ordering.",not approved
squambase,Average preferred temperature (minimum) in °C,11744,,,,not selected,context_only,"Taxonomy, provenance, nominal category, source context or unselected specialist field. No numerical prize or assumed ordering.",not approved
squambase,Average preferred temperature (maximum) in °C,11744,,,,not selected,context_only,"Taxonomy, provenance, nominal category, source context or unselected specialist field. No numerical prize or assumed ordering.",not approved
squambase,Preferred temperature metadata,11744,,,,not selected,context_only,"Taxonomy, provenance, nominal category, source context or unselected specialist field. No numerical prize or assumed ordering.",not approved
squambase,"youngest age at first breeding (female, months)",11744,,,,not selected,context_only,"Taxonomy, provenance, nominal category, source context or unselected specialist field. No numerical prize or assumed ordering.",not approved
squambase,"oldest age at first breeding (female, months)",11744,,,,not selected,context_only,"Taxonomy, provenance, nominal category, source context or unselected specialist field. No numerical prize or assumed ordering.",not approved
squambase,breeding age (metadata),11744,,,,not selected,context_only,"Taxonomy, provenance, nominal category, source context or unselected specialist field. No numerical prize or assumed ordering.",not approved
squambase,Maximum Longevity (years),11744,lifespan,Longest lifespan,Shortest lifespan,intuitive,keep_candidate,Separate wild/captive and maximum/typical. Retain reported years and source age-verification methods.,pending
squambase,longevity in,11744,,,,not selected,context_only,"Taxonomy, provenance, nominal category, source context or unselected specialist field. No numerical prize or assumed ordering.",not approved
squambase,Longevity metadata,11744,,,,not selected,context_only,"Taxonomy, provenance, nominal category, source context or unselected specialist field. No numerical prize or assumed ordering.",not approved
squambase,Mode of reproduction,11744,,,,not selected,context_only,"Taxonomy, provenance, nominal category, source context or unselected specialist field. No numerical prize or assumed ordering.",not approved
squambase,Mode of reproduction metadata,11744,,,,not selected,context_only,"Taxonomy, provenance, nominal category, source context or unselected specialist field. No numerical prize or assumed ordering.",not approved
squambase,smallest brood,11744,offspring,Most young per birth,Fewest young per birth,intuitive,keep_candidate,"Intuitive, but eggs, live young and brood definitions differ. One lifecycle concept, not multiple duplicate categories.",pending
squambase,largest brood,11744,offspring,Most young per birth,Fewest young per birth,intuitive,keep_candidate,"Intuitive, but eggs, live young and brood definitions differ. One lifecycle concept, not multiple duplicate categories.",pending
squambase,minimum mean brood size,11744,offspring,Most young per birth,Fewest young per birth,intuitive,keep_candidate,"Intuitive, but eggs, live young and brood definitions differ. One lifecycle concept, not multiple duplicate categories.",pending
squambase,maximum mean brood size,11744,offspring,Most young per birth,Fewest young per birth,intuitive,keep_candidate,"Intuitive, but eggs, live young and brood definitions differ. One lifecycle concept, not multiple duplicate categories.",pending
squambase,brood size metadata,11744,,,,not selected,context_only,"Taxonomy, provenance, nominal category, source context or unselected specialist field. No numerical prize or assumed ordering.",not approved
squambase,Yearly broods (minimum),11744,reproduction-frequency,Most broods per year,Fewest broods per year,specialist,keep_candidate,Seasonal and lifetime definitions must agree; same lifecycle family.,pending
squambase,Yearly broods (maximum),11744,reproduction-frequency,Most broods per year,Fewest broods per year,specialist,keep_candidate,Seasonal and lifetime definitions must agree; same lifecycle family.,pending
squambase,Yearly broods metadata,11744,,,,not selected,context_only,"Taxonomy, provenance, nominal category, source context or unselected specialist field. No numerical prize or assumed ordering.",not approved
squambase,Major Biome (GARD 1.7),11744,,,,not selected,context_only,"Taxonomy, provenance, nominal category, source context or unselected specialist field. No numerical prize or assumed ordering.",not approved
squambase,Major Realm (Falaschi et al. 2023 designation),11744,,,,not selected,context_only,"Taxonomy, provenance, nominal category, source context or unselected specialist field. No numerical prize or assumed ordering.",not approved
squambase,"Geographic range size (GARD 1.7, Caetano et al. 2023; km^2)",11744,range,Largest range,Smallest range,intuitive,keep_candidate,"Familiar species range concept. Historical maps and taxonomies differ; record dates, method and breeding/overall extent explicitly.",pending
squambase,"Geographic range size range size (IUCN, August 2022; km^2)",11744,range,Largest range,Smallest range,intuitive,keep_candidate,"Familiar species range concept. Historical maps and taxonomies differ; record dates, method and breeding/overall extent explicitly.",pending
squambase,Extinct?,11744,,,,not selected,context_only,"Taxonomy, provenance, nominal category, source context or unselected specialist field. No numerical prize or assumed ordering.",not approved
squambase,"Threat status (IUCN, October 2023)",11744,,,,not selected,context_only,"Taxonomy, provenance, nominal category, source context or unselected specialist field. No numerical prize or assumed ordering.",not approved
squambase,"Population trend (IUCN, October 2023)",11744,,,,not selected,context_only,"Taxonomy, provenance, nominal category, source context or unselected specialist field. No numerical prize or assumed ordering.",not approved
squambase,IUCN threat criteria (October 2023),11744,,,,not selected,context_only,"Taxonomy, provenance, nominal category, source context or unselected specialist field. No numerical prize or assumed ordering.",not approved
squambase,year assessed by the IUCN,11744,,,,not selected,context_only,"Taxonomy, provenance, nominal category, source context or unselected specialist field. No numerical prize or assumed ordering.",not approved
squambase,name in Tonini et al. (2016),11744,,,,not selected,context_only,"Taxonomy, provenance, nominal category, source context or unselected specialist field. No numerical prize or assumed ordering.",not approved
squambase,name in Zheng and Wiens (2016),11744,,,,not selected,context_only,"Taxonomy, provenance, nominal category, source context or unselected specialist field. No numerical prize or assumed ordering.",not approved
squambase,name in the IUCN redlist,11744,,,,not selected,context_only,"Taxonomy, provenance, nominal category, source context or unselected specialist field. No numerical prize or assumed ordering.",not approved
squambase,GARD id,11744,,,,not selected,context_only,"Taxonomy, provenance, nominal category, source context or unselected specialist field. No numerical prize or assumed ordering.",not approved
squambase,Reptile database id,11744,,,,not selected,context_only,"Taxonomy, provenance, nominal category, source context or unselected specialist field. No numerical prize or assumed ordering.",not approved
squambase,in the reptile database (October 2023 release),11744,,,,not selected,context_only,"Taxonomy, provenance, nominal category, source context or unselected specialist field. No numerical prize or assumed ordering.",not approved
combine-reported,order,6263,,,,not selected,context_only,"Taxonomy, provenance, nominal category, source context or unselected specialist field. No numerical prize or assumed ordering.",not approved
combine-reported,family,6263,,,,not selected,context_only,"Taxonomy, provenance, nominal category, source context or unselected specialist field. No numerical prize or assumed ordering.",not approved
combine-reported,genus,6263,,,,not selected,context_only,"Taxonomy, provenance, nominal category, source context or unselected specialist field. No numerical prize or assumed ordering.",not approved
combine-reported,species,6263,,,,not selected,context_only,"Taxonomy, provenance, nominal category, source context or unselected specialist field. No numerical prize or assumed ordering.",not approved
combine-reported,iucn2020_binomial,6263,,,,not selected,context_only,"Taxonomy, provenance, nominal category, source context or unselected specialist field. No numerical prize or assumed ordering.",not approved
combine-reported,phylacine_binomial,6263,,,,not selected,context_only,"Taxonomy, provenance, nominal category, source context or unselected specialist field. No numerical prize or assumed ordering.",not approved
combine-reported,adult_mass_g,6033,mass,Heaviest,Lightest,intuitive,keep_candidate,"Familiar comparison. Keep mean, maximum, sex and life stage distinct; reject inferred mass and review original source. These fields do not automatically form one cross-source ranking.",pending
combine-reported,adult_body_length_mm,4175,length,Longest,Shortest,intuitive,keep_candidate,"Familiar concept, but total length, head-body length and sex/summary endpoints must be distinguished. No substitution for height.",pending
combine-reported,dispersal_km,4360,,,,not selected,context_only,"Taxonomy, provenance, nominal category, source context or unselected specialist field. No numerical prize or assumed ordering.",not approved
combine-reported,dphy_invertebrate,6058,,,,not selected,context_only,"Taxonomy, provenance, nominal category, source context or unselected specialist field. No numerical prize or assumed ordering.",not approved
combine-reported,dphy_vertebrate,6058,,,,not selected,context_only,"Taxonomy, provenance, nominal category, source context or unselected specialist field. No numerical prize or assumed ordering.",not approved
combine-reported,dphy_plant,6058,,,,not selected,context_only,"Taxonomy, provenance, nominal category, source context or unselected specialist field. No numerical prize or assumed ordering.",not approved
combine-reported,det_inv,4658,,,,not selected,context_only,"Taxonomy, provenance, nominal category, source context or unselected specialist field. No numerical prize or assumed ordering.",not approved
combine-reported,det_vend,4658,,,,not selected,context_only,"Taxonomy, provenance, nominal category, source context or unselected specialist field. No numerical prize or assumed ordering.",not approved
combine-reported,det_vect,4658,,,,not selected,context_only,"Taxonomy, provenance, nominal category, source context or unselected specialist field. No numerical prize or assumed ordering.",not approved
combine-reported,det_vfish,4658,,,,not selected,context_only,"Taxonomy, provenance, nominal category, source context or unselected specialist field. No numerical prize or assumed ordering.",not approved
combine-reported,det_vunk,4658,,,,not selected,context_only,"Taxonomy, provenance, nominal category, source context or unselected specialist field. No numerical prize or assumed ordering.",not approved
combine-reported,det_scav,4658,,,,not selected,context_only,"Taxonomy, provenance, nominal category, source context or unselected specialist field. No numerical prize or assumed ordering.",not approved
combine-reported,det_fruit,4658,,,,not selected,context_only,"Taxonomy, provenance, nominal category, source context or unselected specialist field. No numerical prize or assumed ordering.",not approved
combine-reported,det_nect,4658,,,,not selected,context_only,"Taxonomy, provenance, nominal category, source context or unselected specialist field. No numerical prize or assumed ordering.",not approved
combine-reported,det_seed,4658,,,,not selected,context_only,"Taxonomy, provenance, nominal category, source context or unselected specialist field. No numerical prize or assumed ordering.",not approved
combine-reported,det_plantother,4658,,,,not selected,context_only,"Taxonomy, provenance, nominal category, source context or unselected specialist field. No numerical prize or assumed ordering.",not approved
combine-reported,det_diet_breadth_n,4658,diet-types,Most varied diet,Least varied diet,intuitive,keep_candidate,"Hold front labels until dictionary checked: counts of broad food categories are not prey-species counts, diet proportions or nutritional diversity.",pending
combine-reported,trophic_level,5717,,,,not selected,defer_specialist,Specialist endpoint or abstract ecological proxy; not selected for the intuitive pool. Preserve for later selective review.,not approved
combine-reported,foraging_stratum,5646,,,,not selected,context_only,"Taxonomy, provenance, nominal category, source context or unselected specialist field. No numerical prize or assumed ordering.",not approved
combine-reported,freshwater,5930,,,,not selected,context_only,"Taxonomy, provenance, nominal category, source context or unselected specialist field. No numerical prize or assumed ordering.",not approved
combine-reported,marine,5930,,,,not selected,context_only,"Taxonomy, provenance, nominal category, source context or unselected specialist field. No numerical prize or assumed ordering.",not approved
combine-reported,terrestrial_non-volant,5930,,,,not selected,context_only,"Taxonomy, provenance, nominal category, source context or unselected specialist field. No numerical prize or assumed ordering.",not approved
combine-reported,terrestrial_volant,5930,,,,not selected,context_only,"Taxonomy, provenance, nominal category, source context or unselected specialist field. No numerical prize or assumed ordering.",not approved
combine-reported,biogeographical_realm,5749,,,,not selected,context_only,"Taxonomy, provenance, nominal category, source context or unselected specialist field. No numerical prize or assumed ordering.",not approved
combine-reported,habitat_breadth_n,5656,,,,not selected,context_only,"Taxonomy, provenance, nominal category, source context or unselected specialist field. No numerical prize or assumed ordering.",not approved
combine-reported,adult_brain_mass_g,1836,,,,not selected,defer_specialist,Specialist endpoint or abstract ecological proxy; not selected for the intuitive pool. Preserve for later selective review.,not approved
combine-reported,teat_number_n,680,,,,not selected,context_only,"Taxonomy, provenance, nominal category, source context or unselected specialist field. No numerical prize or assumed ordering.",not approved
combine-reported,litter_size_n,3769,offspring,Most young per birth,Fewest young per birth,intuitive,keep_candidate,"Intuitive, but eggs, live young and brood definitions differ. One lifecycle concept, not multiple duplicate categories.",pending
combine-reported,hibernation_torpor,3193,,,,not selected,context_only,"Taxonomy, provenance, nominal category, source context or unselected specialist field. No numerical prize or assumed ordering.",not approved
combine-reported,fossoriality,2894,,,,not selected,context_only,"Taxonomy, provenance, nominal category, source context or unselected specialist field. No numerical prize or assumed ordering.",not approved
combine-reported,activity_cycle,5071,,,,not selected,context_only,"Taxonomy, provenance, nominal category, source context or unselected specialist field. No numerical prize or assumed ordering.",not approved
combine-reported,upper_elevation_m,3174,,,,not selected,defer_specialist,Specialist endpoint or abstract ecological proxy; not selected for the intuitive pool. Preserve for later selective review.,not approved
combine-reported,lower_elevation_m,2915,,,,not selected,defer_specialist,Specialist endpoint or abstract ecological proxy; not selected for the intuitive pool. Preserve for later selective review.,not approved
combine-reported,altitude_breadth_m,2713,,,,not selected,defer_specialist,Specialist endpoint or abstract ecological proxy; not selected for the intuitive pool. Preserve for later selective review.,not approved
combine-reported,island_dwelling,3156,,,,not selected,context_only,"Taxonomy, provenance, nominal category, source context or unselected specialist field. No numerical prize or assumed ordering.",not approved
combine-reported,disected_by_mountains,3156,,,,not selected,context_only,"Taxonomy, provenance, nominal category, source context or unselected specialist field. No numerical prize or assumed ordering.",not approved
combine-reported,glaciation,3156,,,,not selected,context_only,"Taxonomy, provenance, nominal category, source context or unselected specialist field. No numerical prize or assumed ordering.",not approved
combine-reported,max_longevity_d,2754,lifespan,Longest lifespan,Shortest lifespan,intuitive,keep_candidate,Separate wild/captive and maximum/typical. Retain reported years and source age-verification methods.,pending
combine-reported,litters_per_year_n,2306,reproduction-frequency,Most broods per year,Fewest broods per year,specialist,keep_candidate,Seasonal and lifetime definitions must agree; same lifecycle family.,pending
combine-reported,density_n_km2,1263,population-density,Most crowded,Least crowded,specialist,keep_candidate,"Potentially understandable, but very site/season dependent. Not total population; local-study variation could swamp species differences.",pending
combine-reported,gestation_length_d,2376,pregnancy,Longest pregnancy,Shortest pregnancy,intuitive,keep_candidate,Intuitive; pregnancy includes specified developmental endpoints only. Do not compare gestation with incubation.,pending
combine-reported,neonate_mass_g,2030,newborn-mass,Heaviest newborn,Lightest newborn,specialist,keep_candidate,Interesting occasional fact; neonatal/hatchling endpoints differ. Do not overfill boards with related life-history facts.,pending
combine-reported,maturity_d,2155,,,,not selected,defer_specialist,Specialist endpoint or abstract ecological proxy; not selected for the intuitive pool. Preserve for later selective review.,not approved
combine-reported,female_maturity_d,2135,,,,not selected,defer_specialist,Specialist endpoint or abstract ecological proxy; not selected for the intuitive pool. Preserve for later selective review.,not approved
combine-reported,age_first_reproduction_d,2110,,,,not selected,context_only,"Taxonomy, provenance, nominal category, source context or unselected specialist field. No numerical prize or assumed ordering.",not approved
combine-reported,interbirth_interval_d,1348,,,,not selected,defer_specialist,Specialist endpoint or abstract ecological proxy; not selected for the intuitive pool. Preserve for later selective review.,not approved
combine-reported,weaning_mass_g,1135,,,,not selected,context_only,"Taxonomy, provenance, nominal category, source context or unselected specialist field. No numerical prize or assumed ordering.",not approved
combine-reported,home_range_km2,801,home-range,Largest territory,Smallest territory,intuitive,keep_candidate,"Intuitive area comparison, but home range is not necessarily defended territory. Use home range wording in game if retained; sex, season and population vary.",pending
combine-reported,adult_forearm_length_mm,1020,,,,not selected,defer_specialist,Specialist endpoint or abstract ecological proxy; not selected for the intuitive pool. Preserve for later selective review.,not approved
combine-reported,generation_length_d,1436,,,,not selected,context_only,"Taxonomy, provenance, nominal category, source context or unselected specialist field. No numerical prize or assumed ordering.",not approved
combine-reported,male_maturity_d,1118,,,,not selected,defer_specialist,Specialist endpoint or abstract ecological proxy; not selected for the intuitive pool. Preserve for later selective review.,not approved
combine-reported,weaning_age_d,2192,milk-duration,Longest time on milk,Shortest time on milk,specialist,keep_candidate,Understandable but reproductive concentration risk. Species-level definitions and earliest/latest endpoints need review.,pending
combine-reported,social_group_n,821,social-group,Largest groups,Smallest groups,intuitive,keep_candidate,Promising mammal behavior. Distinguish social group from population group and colony; local conditions and summary uncertainty require review.,pending
leptraits,Family,12448,,,,not selected,context_only,"Taxonomy, provenance, nominal category, source context or unselected specialist field. No numerical prize or assumed ordering.",not approved
leptraits,Genus,12448,,,,not selected,context_only,"Taxonomy, provenance, nominal category, source context or unselected specialist field. No numerical prize or assumed ordering.",not approved
leptraits,Species,12448,,,,not selected,context_only,"Taxonomy, provenance, nominal category, source context or unselected specialist field. No numerical prize or assumed ordering.",not approved
leptraits,verbatimSpecies,12448,,,,not selected,context_only,"Taxonomy, provenance, nominal category, source context or unselected specialist field. No numerical prize or assumed ordering.",not approved
leptraits,Jan,6518,,,,not selected,context_only,"Taxonomy, provenance, nominal category, source context or unselected specialist field. No numerical prize or assumed ordering.",not approved
leptraits,Feb,6518,,,,not selected,context_only,"Taxonomy, provenance, nominal category, source context or unselected specialist field. No numerical prize or assumed ordering.",not approved
leptraits,Mar,6518,,,,not selected,context_only,"Taxonomy, provenance, nominal category, source context or unselected specialist field. No numerical prize or assumed ordering.",not approved
leptraits,Apr,6518,,,,not selected,context_only,"Taxonomy, provenance, nominal category, source context or unselected specialist field. No numerical prize or assumed ordering.",not approved
leptraits,May,6518,,,,not selected,context_only,"Taxonomy, provenance, nominal category, source context or unselected specialist field. No numerical prize or assumed ordering.",not approved
leptraits,Jun,6517,,,,not selected,context_only,"Taxonomy, provenance, nominal category, source context or unselected specialist field. No numerical prize or assumed ordering.",not approved
leptraits,Jul,6518,,,,not selected,context_only,"Taxonomy, provenance, nominal category, source context or unselected specialist field. No numerical prize or assumed ordering.",not approved
leptraits,Aug,6518,,,,not selected,context_only,"Taxonomy, provenance, nominal category, source context or unselected specialist field. No numerical prize or assumed ordering.",not approved
leptraits,Sep,6518,,,,not selected,context_only,"Taxonomy, provenance, nominal category, source context or unselected specialist field. No numerical prize or assumed ordering.",not approved
leptraits,Oct,6518,,,,not selected,context_only,"Taxonomy, provenance, nominal category, source context or unselected specialist field. No numerical prize or assumed ordering.",not approved
leptraits,Nov,6518,,,,not selected,context_only,"Taxonomy, provenance, nominal category, source context or unselected specialist field. No numerical prize or assumed ordering.",not approved
leptraits,Dec,6517,,,,not selected,context_only,"Taxonomy, provenance, nominal category, source context or unselected specialist field. No numerical prize or assumed ordering.",not approved
leptraits,FlightDuration,6518,,,,not selected,context_only,"Taxonomy, provenance, nominal category, source context or unselected specialist field. No numerical prize or assumed ordering.",not approved
leptraits,CanopyAffinity,7931,,,,not selected,context_only,"Taxonomy, provenance, nominal category, source context or unselected specialist field. No numerical prize or assumed ordering.",not approved
leptraits,NumberOfHostplantFamilies,5016,hostplant-breadth,Most food-plant families,Fewest food-plant families,specialist,keep_candidate,"Interesting insect ecology, but specialist label and source effort bias. Larval host plants are not adult nectar diet.",pending
leptraits,SoleHostplantFamily,3627,,,,not selected,context_only,"Taxonomy, provenance, nominal category, source context or unselected specialist field. No numerical prize or assumed ordering.",not approved
leptraits,NumberOfHostplantAccounts,5016,,,,not selected,context_only,"Taxonomy, provenance, nominal category, source context or unselected specialist field. No numerical prize or assumed ordering.",not approved
leptraits,DateCreated,12448,,,,not selected,context_only,"Taxonomy, provenance, nominal category, source context or unselected specialist field. No numerical prize or assumed ordering.",not approved
leptraits,Voltinism,3131,,,,not selected,context_only,"Taxonomy, provenance, nominal category, source context or unselected specialist field. No numerical prize or assumed ordering.",not approved
leptraits,EdgeAffinity,4406,,,,not selected,context_only,"Taxonomy, provenance, nominal category, source context or unselected specialist field. No numerical prize or assumed ordering.",not approved
leptraits,MoistureAffinity,4842,,,,not selected,context_only,"Taxonomy, provenance, nominal category, source context or unselected specialist field. No numerical prize or assumed ordering.",not approved
leptraits,WS_U,6813,wingspan,Largest wingspan,Smallest wingspan,intuitive,keep_candidate,"Strong insect candidate. Consensus endpoints are aggregate values, not world records; review record-level source units and sex, duplicate taxa and all reported ranges.",pending
leptraits,WS_U_Fem,2198,wingspan,Largest wingspan,Smallest wingspan,intuitive,keep_candidate,"Strong insect candidate. Consensus endpoints are aggregate values, not world records; review record-level source units and sex, duplicate taxa and all reported ranges.",pending
leptraits,WS_L_Mal,1133,wingspan,Largest wingspan,Smallest wingspan,intuitive,keep_candidate,"Strong insect candidate. Consensus endpoints are aggregate values, not world records; review record-level source units and sex, duplicate taxa and all reported ranges.",pending
leptraits,WS_U_Mal,2497,wingspan,Largest wingspan,Smallest wingspan,intuitive,keep_candidate,"Strong insect candidate. Consensus endpoints are aggregate values, not world records; review record-level source units and sex, duplicate taxa and all reported ranges.",pending
leptraits,WS_L,3594,wingspan,Largest wingspan,Smallest wingspan,intuitive,keep_candidate,"Strong insect candidate. Consensus endpoints are aggregate values, not world records; review record-level source units and sex, duplicate taxa and all reported ranges.",pending
leptraits,FW_L,355,,,,not selected,context_only,"Taxonomy, provenance, nominal category, source context or unselected specialist field. No numerical prize or assumed ordering.",not approved
leptraits,FW_U,893,,,,not selected,context_only,"Taxonomy, provenance, nominal category, source context or unselected specialist field. No numerical prize or assumed ordering.",not approved
leptraits,PrimaryHostplantFamily,1253,,,,not selected,context_only,"Taxonomy, provenance, nominal category, source context or unselected specialist field. No numerical prize or assumed ordering.",not approved
leptraits,SecondaryHostplantFamily,820,,,,not selected,context_only,"Taxonomy, provenance, nominal category, source context or unselected specialist field. No numerical prize or assumed ordering.",not approved
leptraits,DisturbanceAffinity,2868,,,,not selected,context_only,"Taxonomy, provenance, nominal category, source context or unselected specialist field. No numerical prize or assumed ordering.",not approved
leptraits,OvipositionStyle,1685,,,,not selected,context_only,"Taxonomy, provenance, nominal category, source context or unselected specialist field. No numerical prize or assumed ordering.",not approved
leptraits,DiapauseStage,859,,,,not selected,context_only,"Taxonomy, provenance, nominal category, source context or unselected specialist field. No numerical prize or assumed ordering.",not approved
leptraits,EqualHostplantFamily,218,,,,not selected,context_only,"Taxonomy, provenance, nominal category, source context or unselected specialist field. No numerical prize or assumed ordering.",not approved
leptraits,WS_L_Fem,1041,wingspan,Largest wingspan,Smallest wingspan,intuitive,keep_candidate,"Strong insect candidate. Consensus endpoints are aggregate values, not world records; review record-level source units and sex, duplicate taxa and all reported ranges.",pending
leptraits-records,,76124,,,,not selected,context_only,"Taxonomy, provenance, nominal category, source context or unselected specialist field. No numerical prize or assumed ordering.",not approved
leptraits-records,RecordID,76124,,,,not selected,context_only,"Taxonomy, provenance, nominal category, source context or unselected specialist field. No numerical prize or assumed ordering.",not approved
leptraits-records,LegacyID,76122,,,,not selected,context_only,"Taxonomy, provenance, nominal category, source context or unselected specialist field. No numerical prize or assumed ordering.",not approved
leptraits-records,Book,76122,,,,not selected,context_only,"Taxonomy, provenance, nominal category, source context or unselected specialist field. No numerical prize or assumed ordering.",not approved
leptraits-records,ResourceID,62867,,,,not selected,context_only,"Taxonomy, provenance, nominal category, source context or unselected specialist field. No numerical prize or assumed ordering.",not approved
leptraits-records,PageNumber,76062,,,,not selected,context_only,"Taxonomy, provenance, nominal category, source context or unselected specialist field. No numerical prize or assumed ordering.",not approved
leptraits-records,Genus,16012,,,,not selected,context_only,"Taxonomy, provenance, nominal category, source context or unselected specialist field. No numerical prize or assumed ordering.",not approved
leptraits-records,Species,15661,,,,not selected,context_only,"Taxonomy, provenance, nominal category, source context or unselected specialist field. No numerical prize or assumed ordering.",not approved
leptraits-records,WingSpanLower_Unspecified,6402,wingspan,Largest wingspan,Smallest wingspan,intuitive,keep_candidate,"Strong insect candidate. Consensus endpoints are aggregate values, not world records; review record-level source units and sex, duplicate taxa and all reported ranges.",pending
leptraits-records,WingSpanUpper_Unspecified,12125,wingspan,Largest wingspan,Smallest wingspan,intuitive,keep_candidate,"Strong insect candidate. Consensus endpoints are aggregate values, not world records; review record-level source units and sex, duplicate taxa and all reported ranges.",pending
leptraits-records,Oviposition,2633,,,,not selected,context_only,"Taxonomy, provenance, nominal category, source context or unselected specialist field. No numerical prize or assumed ordering.",not approved
leptraits-records,Voltinism,7187,,,,not selected,context_only,"Taxonomy, provenance, nominal category, source context or unselected specialist field. No numerical prize or assumed ordering.",not approved
leptraits-records,Jan,17588,,,,not selected,context_only,"Taxonomy, provenance, nominal category, source context or unselected specialist field. No numerical prize or assumed ordering.",not approved
leptraits-records,Feb,17588,,,,not selected,context_only,"Taxonomy, provenance, nominal category, source context or unselected specialist field. No numerical prize or assumed ordering.",not approved
leptraits-records,Mar,17588,,,,not selected,context_only,"Taxonomy, provenance, nominal category, source context or unselected specialist field. No numerical prize or assumed ordering.",not approved
leptraits-records,Apr,17588,,,,not selected,context_only,"Taxonomy, provenance, nominal category, source context or unselected specialist field. No numerical prize or assumed ordering.",not approved
leptraits-records,May,17588,,,,not selected,context_only,"Taxonomy, provenance, nominal category, source context or unselected specialist field. No numerical prize or assumed ordering.",not approved
leptraits-records,Jun,17587,,,,not selected,context_only,"Taxonomy, provenance, nominal category, source context or unselected specialist field. No numerical prize or assumed ordering.",not approved
leptraits-records,Jul,17588,,,,not selected,context_only,"Taxonomy, provenance, nominal category, source context or unselected specialist field. No numerical prize or assumed ordering.",not approved
leptraits-records,Aug,17588,,,,not selected,context_only,"Taxonomy, provenance, nominal category, source context or unselected specialist field. No numerical prize or assumed ordering.",not approved
leptraits-records,Sep,17588,,,,not selected,context_only,"Taxonomy, provenance, nominal category, source context or unselected specialist field. No numerical prize or assumed ordering.",not approved
leptraits-records,Oct,17588,,,,not selected,context_only,"Taxonomy, provenance, nominal category, source context or unselected specialist field. No numerical prize or assumed ordering.",not approved
leptraits-records,Nov,17588,,,,not selected,context_only,"Taxonomy, provenance, nominal category, source context or unselected specialist field. No numerical prize or assumed ordering.",not approved
leptraits-records,Dec,17587,,,,not selected,context_only,"Taxonomy, provenance, nominal category, source context or unselected specialist field. No numerical prize or assumed ordering.",not approved
leptraits-records,Duration,17588,,,,not selected,context_only,"Taxonomy, provenance, nominal category, source context or unselected specialist field. No numerical prize or assumed ordering.",not approved
leptraits-records,Canopy,22708,,,,not selected,context_only,"Taxonomy, provenance, nominal category, source context or unselected specialist field. No numerical prize or assumed ordering.",not approved
leptraits-records,Edge,22707,,,,not selected,context_only,"Taxonomy, provenance, nominal category, source context or unselected specialist field. No numerical prize or assumed ordering.",not approved
leptraits-records,Moisture,22707,,,,not selected,context_only,"Taxonomy, provenance, nominal category, source context or unselected specialist field. No numerical prize or assumed ordering.",not approved
leptraits-records,Disturbance,22834,,,,not selected,context_only,"Taxonomy, provenance, nominal category, source context or unselected specialist field. No numerical prize or assumed ordering.",not approved
leptraits-records,Overwintering,1299,,,,not selected,context_only,"Taxonomy, provenance, nominal category, source context or unselected specialist field. No numerical prize or assumed ordering.",not approved
leptraits-records,WingSpanLower_Female,1035,wingspan,Largest wingspan,Smallest wingspan,intuitive,keep_candidate,"Strong insect candidate. Consensus endpoints are aggregate values, not world records; review record-level source units and sex, duplicate taxa and all reported ranges.",pending
leptraits-records,WingSpanUpper_Female,2882,wingspan,Largest wingspan,Smallest wingspan,intuitive,keep_candidate,"Strong insect candidate. Consensus endpoints are aggregate values, not world records; review record-level source units and sex, duplicate taxa and all reported ranges.",pending
leptraits-records,WingSpanLower_Male,1146,wingspan,Largest wingspan,Smallest wingspan,intuitive,keep_candidate,"Strong insect candidate. Consensus endpoints are aggregate values, not world records; review record-level source units and sex, duplicate taxa and all reported ranges.",pending
leptraits-records,WingSpanUpper_Male,3567,wingspan,Largest wingspan,Smallest wingspan,intuitive,keep_candidate,"Strong insect candidate. Consensus endpoints are aggregate values, not world records; review record-level source units and sex, duplicate taxa and all reported ranges.",pending
leptraits-records,ForewingLower_Unspecified,1352,,,,not selected,defer_specialist,Specialist endpoint or abstract ecological proxy; not selected for the intuitive pool. Preserve for later selective review.,not approved
leptraits-records,ForewingUpper_Unspecified,1950,,,,not selected,defer_specialist,Specialist endpoint or abstract ecological proxy; not selected for the intuitive pool. Preserve for later selective review.,not approved
carnidiet,recordID,29121,,,,not selected,context_only,"Taxonomy, provenance, nominal category, source context or unselected specialist field. No numerical prize or assumed ordering.",not approved
carnidiet,orderCarni,29121,,,,not selected,context_only,"Taxonomy, provenance, nominal category, source context or unselected specialist field. No numerical prize or assumed ordering.",not approved
carnidiet,familyCarni,29121,,,,not selected,context_only,"Taxonomy, provenance, nominal category, source context or unselected specialist field. No numerical prize or assumed ordering.",not approved
carnidiet,scientificNameCarni,29121,,,,not selected,context_only,"Taxonomy, provenance, nominal category, source context or unselected specialist field. No numerical prize or assumed ordering.",not approved
carnidiet,commonNameCarni,29121,,,,not selected,context_only,"Taxonomy, provenance, nominal category, source context or unselected specialist field. No numerical prize or assumed ordering.",not approved
carnidiet,sexCarni,29121,,,,not selected,context_only,"Taxonomy, provenance, nominal category, source context or unselected specialist field. No numerical prize or assumed ordering.",not approved
carnidiet,lifeStageCarni,29121,,,,not selected,context_only,"Taxonomy, provenance, nominal category, source context or unselected specialist field. No numerical prize or assumed ordering.",not approved
carnidiet,foodType,29119,,,,not selected,hold,Retain diet evidence. Study effort and incompatible frequency/biomass measures prevent a direct global diet-diversity ranking.,not approved
carnidiet,orderPrey,18838,,,,not selected,context_only,"Taxonomy, provenance, nominal category, source context or unselected specialist field. No numerical prize or assumed ordering.",not approved
carnidiet,familyPrey,17125,,,,not selected,context_only,"Taxonomy, provenance, nominal category, source context or unselected specialist field. No numerical prize or assumed ordering.",not approved
carnidiet,genusPrey,15494,,,,not selected,context_only,"Taxonomy, provenance, nominal category, source context or unselected specialist field. No numerical prize or assumed ordering.",not approved
carnidiet,speciesPrey,12849,,,,not selected,context_only,"Taxonomy, provenance, nominal category, source context or unselected specialist field. No numerical prize or assumed ordering.",not approved
carnidiet,scientificNamePrey,12847,,,,not selected,hold,Retain diet evidence. Study effort and incompatible frequency/biomass measures prevent a direct global diet-diversity ranking.,not approved
carnidiet,commonNamePrey,28698,,,,not selected,context_only,"Taxonomy, provenance, nominal category, source context or unselected specialist field. No numerical prize or assumed ordering.",not approved
carnidiet,domesticOrAgricultural,28883,,,,not selected,context_only,"Taxonomy, provenance, nominal category, source context or unselected specialist field. No numerical prize or assumed ordering.",not approved
carnidiet,taxonRankPrey,29121,,,,not selected,context_only,"Taxonomy, provenance, nominal category, source context or unselected specialist field. No numerical prize or assumed ordering.",not approved
carnidiet,percentage,29121,,,,not selected,hold,Retain diet evidence. Study effort and incompatible frequency/biomass measures prevent a direct global diet-diversity ranking.,not approved
carnidiet,dataBasisFromSource,28771,,,,not selected,context_only,"Taxonomy, provenance, nominal category, source context or unselected specialist field. No numerical prize or assumed ordering.",not approved
carnidiet,sampleSizeScatStomachTissue,26311,,,,not selected,context_only,"Taxonomy, provenance, nominal category, source context or unselected specialist field. No numerical prize or assumed ordering.",not approved
carnidiet,startYear,27787,,,,not selected,context_only,"Taxonomy, provenance, nominal category, source context or unselected specialist field. No numerical prize or assumed ordering.",not approved
carnidiet,endYear,27787,,,,not selected,context_only,"Taxonomy, provenance, nominal category, source context or unselected specialist field. No numerical prize or assumed ordering.",not approved
carnidiet,startMonth,19580,,,,not selected,context_only,"Taxonomy, provenance, nominal category, source context or unselected specialist field. No numerical prize or assumed ordering.",not approved
carnidiet,endMonth,19593,,,,not selected,context_only,"Taxonomy, provenance, nominal category, source context or unselected specialist field. No numerical prize or assumed ordering.",not approved
carnidiet,fixedBetweenMonths,19400,,,,not selected,context_only,"Taxonomy, provenance, nominal category, source context or unselected specialist field. No numerical prize or assumed ordering.",not approved
carnidiet,season,26897,,,,not selected,context_only,"Taxonomy, provenance, nominal category, source context or unselected specialist field. No numerical prize or assumed ordering.",not approved
carnidiet,country,28814,,,,not selected,context_only,"Taxonomy, provenance, nominal category, source context or unselected specialist field. No numerical prize or assumed ordering.",not approved
carnidiet,protectedAreaHigher,11042,,,,not selected,context_only,"Taxonomy, provenance, nominal category, source context or unselected specialist field. No numerical prize or assumed ordering.",not approved
carnidiet,decimalLatitude,28899,,,,not selected,context_only,"Taxonomy, provenance, nominal category, source context or unselected specialist field. No numerical prize or assumed ordering.",not approved
carnidiet,decimalLongitude,28607,,,,not selected,context_only,"Taxonomy, provenance, nominal category, source context or unselected specialist field. No numerical prize or assumed ordering.",not approved
carnidiet,georeferenceSources,28964,,,,not selected,context_only,"Taxonomy, provenance, nominal category, source context or unselected specialist field. No numerical prize or assumed ordering.",not approved
carnidiet,samplingProtocol,29121,,,,not selected,context_only,"Taxonomy, provenance, nominal category, source context or unselected specialist field. No numerical prize or assumed ordering.",not approved
carnidiet,methodQuantification,29121,,,,not selected,context_only,"Taxonomy, provenance, nominal category, source context or unselected specialist field. No numerical prize or assumed ordering.",not approved
carnidiet,sourceAuthor,29121,,,,not selected,context_only,"Taxonomy, provenance, nominal category, source context or unselected specialist field. No numerical prize or assumed ordering.",not approved
carnidiet,sourceYear,29121,,,,not selected,context_only,"Taxonomy, provenance, nominal category, source context or unselected specialist field. No numerical prize or assumed ordering.",not approved
carnidiet,sourceTitle,29121,,,,not selected,context_only,"Taxonomy, provenance, nominal category, source context or unselected specialist field. No numerical prize or assumed ordering.",not approved
carnidiet,sourceJournal,29121,,,,not selected,context_only,"Taxonomy, provenance, nominal category, source context or unselected specialist field. No numerical prize or assumed ordering.",not approved
carnidiet,sourcePrimaryReference,29121,,,,not selected,context_only,"Taxonomy, provenance, nominal category, source context or unselected specialist field. No numerical prize or assumed ordering.",not approved
carnidiet,sourceCollectionReference,29121,,,,not selected,context_only,"Taxonomy, provenance, nominal category, source context or unselected specialist field. No numerical prize or assumed ordering.",not approved
carnidiet,sampleSizeKillsPreyItems,10298,,,,not selected,context_only,"Taxonomy, provenance, nominal category, source context or unselected specialist field. No numerical prize or assumed ordering.",not approved
carnidiet,stateProvince,12595,,,,not selected,context_only,"Taxonomy, provenance, nominal category, source context or unselected specialist field. No numerical prize or assumed ordering.",not approved
carnidiet,studyAreaSize,18717,,,,not selected,context_only,"Taxonomy, provenance, nominal category, source context or unselected specialist field. No numerical prize or assumed ordering.",not approved
carnidiet,startDayOfYear,2892,,,,not selected,context_only,"Taxonomy, provenance, nominal category, source context or unselected specialist field. No numerical prize or assumed ordering.",not approved
carnidiet,endDayOfYear,2890,,,,not selected,context_only,"Taxonomy, provenance, nominal category, source context or unselected specialist field. No numerical prize or assumed ordering.",not approved
carnidiet,minimumElevationInMeters,13600,,,,not selected,defer_specialist,Specialist endpoint or abstract ecological proxy; not selected for the intuitive pool. Preserve for later selective review.,not approved
carnidiet,maximumElevationInMeters,13600,,,,not selected,defer_specialist,Specialist endpoint or abstract ecological proxy; not selected for the intuitive pool. Preserve for later selective review.,not approved
carnidiet,municipality,3203,,,,not selected,context_only,"Taxonomy, provenance, nominal category, source context or unselected specialist field. No numerical prize or assumed ordering.",not approved
carnidiet,geographicRegion,5942,,,,not selected,context_only,"Taxonomy, provenance, nominal category, source context or unselected specialist field. No numerical prize or assumed ordering.",not approved
carnidiet,verbatimLocality,9424,,,,not selected,context_only,"Taxonomy, provenance, nominal category, source context or unselected specialist field. No numerical prize or assumed ordering.",not approved
carnidiet,percentageError,1383,,,,not selected,context_only,"Taxonomy, provenance, nominal category, source context or unselected specialist field. No numerical prize or assumed ordering.",not approved
carnidiet,protectedAreaLower,126,,,,not selected,context_only,"Taxonomy, provenance, nominal category, source context or unselected specialist field. No numerical prize or assumed ordering.",not approved
carnidiet,island,1115,,,,not selected,context_only,"Taxonomy, provenance, nominal category, source context or unselected specialist field. No numerical prize or assumed ordering.",not approved
carnidiet,county,4941,,,,not selected,context_only,"Taxonomy, provenance, nominal category, source context or unselected specialist field. No numerical prize or assumed ordering.",not approved
carnidiet,islandGroup,397,,,,not selected,context_only,"Taxonomy, provenance, nominal category, source context or unselected specialist field. No numerical prize or assumed ordering.",not approved
odonate,GenusSpecies,4375,,,,not selected,context_only,"Taxonomy, provenance, nominal category, source context or unselected specialist field. No numerical prize or assumed ordering.",not approved
odonate,Genus,4375,,,,not selected,context_only,"Taxonomy, provenance, nominal category, source context or unselected specialist field. No numerical prize or assumed ordering.",not approved
odonate,Species,4375,,,,not selected,context_only,"Taxonomy, provenance, nominal category, source context or unselected specialist field. No numerical prize or assumed ordering.",not approved
odonate,Family,4375,,,,not selected,context_only,"Taxonomy, provenance, nominal category, source context or unselected specialist field. No numerical prize or assumed ordering.",not approved
odonate,SubOrder,3978,,,,not selected,context_only,"Taxonomy, provenance, nominal category, source context or unselected specialist field. No numerical prize or assumed ordering.",not approved
odonate,body_colors,3278,,,,not selected,context_only,"Taxonomy, provenance, nominal category, source context or unselected specialist field. No numerical prize or assumed ordering.",not approved
odonate,body_colortypes,1790,,,,not selected,context_only,"Taxonomy, provenance, nominal category, source context or unselected specialist field. No numerical prize or assumed ordering.",not approved
odonate,body_patterns,2238,,,,not selected,context_only,"Taxonomy, provenance, nominal category, source context or unselected specialist field. No numerical prize or assumed ordering.",not approved
odonate,flight_mode,1126,,,,not selected,context_only,"Taxonomy, provenance, nominal category, source context or unselected specialist field. No numerical prize or assumed ordering.",not approved
odonate,continents,1702,,,,not selected,context_only,"Taxonomy, provenance, nominal category, source context or unselected specialist field. No numerical prize or assumed ordering.",not approved
odonate,aquatic_habitats,1961,,,,not selected,context_only,"Taxonomy, provenance, nominal category, source context or unselected specialist field. No numerical prize or assumed ordering.",not approved
odonate,ecozones,1729,,,,not selected,context_only,"Taxonomy, provenance, nominal category, source context or unselected specialist field. No numerical prize or assumed ordering.",not approved
odonate,habitat_openness,1065,,,,not selected,context_only,"Taxonomy, provenance, nominal category, source context or unselected specialist field. No numerical prize or assumed ordering.",not approved
odonate,citations,2522,,,,not selected,context_only,"Taxonomy, provenance, nominal category, source context or unselected specialist field. No numerical prize or assumed ordering.",not approved
odonate,ISBN,1995,,,,not selected,context_only,"Taxonomy, provenance, nominal category, source context or unselected specialist field. No numerical prize or assumed ordering.",not approved
odonate,sex_polymorphisms,872,,,,not selected,context_only,"Taxonomy, provenance, nominal category, source context or unselected specialist field. No numerical prize or assumed ordering.",not approved
odonate,body_lengths,1075,length,Longest,Shortest,intuitive,keep_candidate,"Familiar concept, but total length, head-body length and sex/summary endpoints must be distinguished. No substitution for height.",pending
odonate,has_wing_pigment,1357,,,,not selected,context_only,"Taxonomy, provenance, nominal category, source context or unselected specialist field. No numerical prize or assumed ordering.",not approved
odonate,territoriality,301,,,,not selected,context_only,"Taxonomy, provenance, nominal category, source context or unselected specialist field. No numerical prize or assumed ordering.",not approved
odonate,climates,2516,,,,not selected,context_only,"Taxonomy, provenance, nominal category, source context or unselected specialist field. No numerical prize or assumed ordering.",not approved
odonate,sex_dimorphisms,1201,,,,not selected,context_only,"Taxonomy, provenance, nominal category, source context or unselected specialist field. No numerical prize or assumed ordering.",not approved
odonate,hindwing_lengths,1157,,,,not selected,defer_specialist,Specialist endpoint or abstract ecological proxy; not selected for the intuitive pool. Preserve for later selective review.,not approved
odonate,female_hindwing_lengths,261,,,,not selected,defer_specialist,Specialist endpoint or abstract ecological proxy; not selected for the intuitive pool. Preserve for later selective review.,not approved
odonate,female_body_lengths,207,length,Longest,Shortest,intuitive,keep_candidate,"Familiar concept, but total length, head-body length and sex/summary endpoints must be distinguished. No substitution for height.",pending
odonate,mate_guarding,416,,,,not selected,context_only,"Taxonomy, provenance, nominal category, source context or unselected specialist field. No numerical prize or assumed ordering.",not approved
odonate,geo_polymorphisms,300,,,,not selected,context_only,"Taxonomy, provenance, nominal category, source context or unselected specialist field. No numerical prize or assumed ordering.",not approved
odonate,wing_pigment_extent_discrete,284,,,,not selected,reject_numeric_prize,"Modeled, extrapolated or derived estimate; excluded from measured gameplay.",not approved
odonate,wing_pigment_extent_continuous,203,,,,not selected,reject_numeric_prize,"Modeled, extrapolated or derived estimate; excluded from measured gameplay.",not approved
odonate,wing_pigment_symmetry,199,,,,not selected,context_only,"Taxonomy, provenance, nominal category, source context or unselected specialist field. No numerical prize or assumed ordering.",not approved
odonate,wing_pigment_dimorphism,213,,,,not selected,context_only,"Taxonomy, provenance, nominal category, source context or unselected specialist field. No numerical prize or assumed ordering.",not approved
odonate,wing_pigment_color,259,,,,not selected,context_only,"Taxonomy, provenance, nominal category, source context or unselected specialist field. No numerical prize or assumed ordering.",not approved
odonate,wing_pigment_placement,329,,,,not selected,context_only,"Taxonomy, provenance, nominal category, source context or unselected specialist field. No numerical prize or assumed ordering.",not approved
odonate,wing_pigment_color_type,225,,,,not selected,context_only,"Taxonomy, provenance, nominal category, source context or unselected specialist field. No numerical prize or assumed ordering.",not approved
odonate,female_has_wing_pigment,231,,,,not selected,context_only,"Taxonomy, provenance, nominal category, source context or unselected specialist field. No numerical prize or assumed ordering.",not approved
odonate,female_wing_pigment_extent_discrete,193,,,,not selected,reject_numeric_prize,"Modeled, extrapolated or derived estimate; excluded from measured gameplay.",not approved
odonate,female_wing_pigment_extent_continuous,192,,,,not selected,reject_numeric_prize,"Modeled, extrapolated or derived estimate; excluded from measured gameplay.",not approved
odonate,female_wing_pigment_placement,221,,,,not selected,context_only,"Taxonomy, provenance, nominal category, source context or unselected specialist field. No numerical prize or assumed ordering.",not approved
odonate,forewing_lengths,24,,,,not selected,defer_specialist,Specialist endpoint or abstract ecological proxy; not selected for the intuitive pool. Preserve for later selective review.,not approved
odonate,wing_pigment_pattern,19,,,,not selected,context_only,"Taxonomy, provenance, nominal category, source context or unselected specialist field. No numerical prize or assumed ordering.",not approved
odonate,female_forewing_lengths,6,,,,not selected,defer_specialist,Specialist endpoint or abstract ecological proxy; not selected for the intuitive pool. Preserve for later selective review.,not approved
odonate,DOI,5,,,,not selected,context_only,"Taxonomy, provenance, nominal category, source context or unselected specialist field. No numerical prize or assumed ordering.",not approved
fishbase,SpecCode,36763,,,,not selected,context_only,"Taxonomy, provenance, nominal category, source context or unselected specialist field. No numerical prize or assumed ordering.",not approved
fishbase,Genus,36763,,,,not selected,context_only,"Taxonomy, provenance, nominal category, source context or unselected specialist field. No numerical prize or assumed ordering.",not approved
fishbase,Species,36763,,,,not selected,context_only,"Taxonomy, provenance, nominal category, source context or unselected specialist field. No numerical prize or assumed ordering.",not approved
fishbase,SpeciesRefNo,36763,,,,not selected,context_only,"Taxonomy, provenance, nominal category, source context or unselected specialist field. No numerical prize or assumed ordering.",not approved
fishbase,Author,36763,,,,not selected,context_only,"Taxonomy, provenance, nominal category, source context or unselected specialist field. No numerical prize or assumed ordering.",not approved
fishbase,PicPreferredName,21416,,,,not selected,context_only,"Taxonomy, provenance, nominal category, source context or unselected specialist field. No numerical prize or assumed ordering.",not approved
fishbase,FamCode,36762,,,,not selected,context_only,"Taxonomy, provenance, nominal category, source context or unselected specialist field. No numerical prize or assumed ordering.",not approved
fishbase,Subfamily,21631,,,,not selected,context_only,"Taxonomy, provenance, nominal category, source context or unselected specialist field. No numerical prize or assumed ordering.",not approved
fishbase,GenCode,36763,,,,not selected,context_only,"Taxonomy, provenance, nominal category, source context or unselected specialist field. No numerical prize or assumed ordering.",not approved
fishbase,BodyShapeI,36760,,,,not selected,context_only,"Taxonomy, provenance, nominal category, source context or unselected specialist field. No numerical prize or assumed ordering.",not approved
fishbase,Source,36358,,,,not selected,context_only,"Taxonomy, provenance, nominal category, source context or unselected specialist field. No numerical prize or assumed ordering.",not approved
fishbase,Fresh,36763,,,,not selected,context_only,"Taxonomy, provenance, nominal category, source context or unselected specialist field. No numerical prize or assumed ordering.",not approved
fishbase,Brack,36763,,,,not selected,context_only,"Taxonomy, provenance, nominal category, source context or unselected specialist field. No numerical prize or assumed ordering.",not approved
fishbase,Saltwater,36763,,,,not selected,context_only,"Taxonomy, provenance, nominal category, source context or unselected specialist field. No numerical prize or assumed ordering.",not approved
fishbase,DemersPelag,36763,,,,not selected,context_only,"Taxonomy, provenance, nominal category, source context or unselected specialist field. No numerical prize or assumed ordering.",not approved
fishbase,AirBreathing,35729,,,,not selected,context_only,"Taxonomy, provenance, nominal category, source context or unselected specialist field. No numerical prize or assumed ordering.",not approved
fishbase,Vulnerability,36761,,,,not selected,reject_numeric_prize,"Modeled, extrapolated or derived estimate; excluded from measured gameplay.",not approved
fishbase,Length,33626,length,Longest,Shortest,intuitive,keep_candidate,"Familiar concept, but total length, head-body length and sex/summary endpoints must be distinguished. No substitution for height.",pending
fishbase,LTypeMaxM,33446,,,,not selected,context_only,"Taxonomy, provenance, nominal category, source context or unselected specialist field. No numerical prize or assumed ordering.",not approved
fishbase,MaxLengthRef,34208,,,,not selected,context_only,"Taxonomy, provenance, nominal category, source context or unselected specialist field. No numerical prize or assumed ordering.",not approved
fishbase,Importance,15582,,,,not selected,context_only,"Taxonomy, provenance, nominal category, source context or unselected specialist field. No numerical prize or assumed ordering.",not approved
fishbase,MSeines,36763,,,,not selected,context_only,"Taxonomy, provenance, nominal category, source context or unselected specialist field. No numerical prize or assumed ordering.",not approved
fishbase,MGillnets,36763,,,,not selected,context_only,"Taxonomy, provenance, nominal category, source context or unselected specialist field. No numerical prize or assumed ordering.",not approved
fishbase,MCastnets,36763,,,,not selected,context_only,"Taxonomy, provenance, nominal category, source context or unselected specialist field. No numerical prize or assumed ordering.",not approved
fishbase,MTraps,36763,,,,not selected,context_only,"Taxonomy, provenance, nominal category, source context or unselected specialist field. No numerical prize or assumed ordering.",not approved
fishbase,MSpears,36763,,,,not selected,context_only,"Taxonomy, provenance, nominal category, source context or unselected specialist field. No numerical prize or assumed ordering.",not approved
fishbase,MTrawls,36763,,,,not selected,context_only,"Taxonomy, provenance, nominal category, source context or unselected specialist field. No numerical prize or assumed ordering.",not approved
fishbase,MDredges,36763,,,,not selected,context_only,"Taxonomy, provenance, nominal category, source context or unselected specialist field. No numerical prize or assumed ordering.",not approved
fishbase,MLiftnets,36763,,,,not selected,context_only,"Taxonomy, provenance, nominal category, source context or unselected specialist field. No numerical prize or assumed ordering.",not approved
fishbase,MHooksLines,36763,,,,not selected,context_only,"Taxonomy, provenance, nominal category, source context or unselected specialist field. No numerical prize or assumed ordering.",not approved
fishbase,MOther,36763,,,,not selected,context_only,"Taxonomy, provenance, nominal category, source context or unselected specialist field. No numerical prize or assumed ordering.",not approved
fishbase,UsedforAquaculture,35413,,,,not selected,context_only,"Taxonomy, provenance, nominal category, source context or unselected specialist field. No numerical prize or assumed ordering.",not approved
fishbase,UsedasBait,34852,,,,not selected,context_only,"Taxonomy, provenance, nominal category, source context or unselected specialist field. No numerical prize or assumed ordering.",not approved
fishbase,Aquarium,34498,,,,not selected,context_only,"Taxonomy, provenance, nominal category, source context or unselected specialist field. No numerical prize or assumed ordering.",not approved
fishbase,GameFish,36763,,,,not selected,context_only,"Taxonomy, provenance, nominal category, source context or unselected specialist field. No numerical prize or assumed ordering.",not approved
fishbase,Dangerous,36604,,,,not selected,context_only,"Taxonomy, provenance, nominal category, source context or unselected specialist field. No numerical prize or assumed ordering.",not approved
fishbase,Electrogenic,36605,,,,not selected,context_only,"Taxonomy, provenance, nominal category, source context or unselected specialist field. No numerical prize or assumed ordering.",not approved
fishbase,GoogleImage,36763,,,,not selected,context_only,"Taxonomy, provenance, nominal category, source context or unselected specialist field. No numerical prize or assumed ordering.",not approved
fishbase,Comments,23532,,,,not selected,context_only,"Taxonomy, provenance, nominal category, source context or unselected specialist field. No numerical prize or assumed ordering.",not approved
fishbase,PD50,36761,,,,not selected,reject_numeric_prize,"Modeled, extrapolated or derived estimate; excluded from measured gameplay.",not approved
fishbase,Emblematic,36763,,,,not selected,context_only,"Taxonomy, provenance, nominal category, source context or unselected specialist field. No numerical prize or assumed ordering.",not approved
fishbase,Entered,36763,,,,not selected,context_only,"Taxonomy, provenance, nominal category, source context or unselected specialist field. No numerical prize or assumed ordering.",not approved
fishbase,DateEntered,36763,,,,not selected,context_only,"Taxonomy, provenance, nominal category, source context or unselected specialist field. No numerical prize or assumed ordering.",not approved
fishbase,Modified,31960,,,,not selected,context_only,"Taxonomy, provenance, nominal category, source context or unselected specialist field. No numerical prize or assumed ordering.",not approved
fishbase,DateModified,36763,,,,not selected,context_only,"Taxonomy, provenance, nominal category, source context or unselected specialist field. No numerical prize or assumed ordering.",not approved
fishbase,FBname,18227,,,,not selected,context_only,"Taxonomy, provenance, nominal category, source context or unselected specialist field. No numerical prize or assumed ordering.",not approved
fishbase,AnaCat,4581,,,,not selected,context_only,"Taxonomy, provenance, nominal category, source context or unselected specialist field. No numerical prize or assumed ordering.",not approved
fishbase,MigratRef,2748,,,,not selected,context_only,"Taxonomy, provenance, nominal category, source context or unselected specialist field. No numerical prize or assumed ordering.",not approved
fishbase,Weight,3136,mass,Heaviest,Lightest,intuitive,keep_candidate,"Familiar comparison. Keep mean, maximum, sex and life stage distinct; reject inferred mass and review original source. These fields do not automatically form one cross-source ranking.",pending
fishbase,MaxWeightRef,3151,,,,not selected,context_only,"Taxonomy, provenance, nominal category, source context or unselected specialist field. No numerical prize or assumed ordering.",not approved
fishbase,ImportanceRef,8405,,,,not selected,context_only,"Taxonomy, provenance, nominal category, source context or unselected specialist field. No numerical prize or assumed ordering.",not approved
fishbase,PriceCateg,27757,,,,not selected,context_only,"Taxonomy, provenance, nominal category, source context or unselected specialist field. No numerical prize or assumed ordering.",not approved
fishbase,MainCatchingMethod,3275,,,,not selected,context_only,"Taxonomy, provenance, nominal category, source context or unselected specialist field. No numerical prize or assumed ordering.",not approved
fishbase,DepthRangeShallow,14224,,,,not selected,context_only,"Taxonomy, provenance, nominal category, source context or unselected specialist field. No numerical prize or assumed ordering.",not approved
fishbase,DepthRangeDeep,15641,habitat-depth,Deepest habitat,Shallowest habitat,specialist,keep_candidate,"Habitat occurrence limit, not diving performance. Specialist quota; confirm depth reference and uncertainty.",pending
fishbase,DepthRangeRef,15490,,,,not selected,context_only,"Taxonomy, provenance, nominal category, source context or unselected specialist field. No numerical prize or assumed ordering.",not approved
fishbase,LandingStatistics,1077,,,,not selected,context_only,"Taxonomy, provenance, nominal category, source context or unselected specialist field. No numerical prize or assumed ordering.",not approved
fishbase,II,1719,,,,not selected,context_only,"Taxonomy, provenance, nominal category, source context or unselected specialist field. No numerical prize or assumed ordering.",not approved
fishbase,LifeCycle,773,,,,not selected,context_only,"Taxonomy, provenance, nominal category, source context or unselected specialist field. No numerical prize or assumed ordering.",not approved
fishbase,AquariumFishII,2758,,,,not selected,context_only,"Taxonomy, provenance, nominal category, source context or unselected specialist field. No numerical prize or assumed ordering.",not approved
fishbase,AquariumRef,3897,,,,not selected,context_only,"Taxonomy, provenance, nominal category, source context or unselected specialist field. No numerical prize or assumed ordering.",not approved
fishbase,Expert,13708,,,,not selected,context_only,"Taxonomy, provenance, nominal category, source context or unselected specialist field. No numerical prize or assumed ordering.",not approved
fishbase,DateChecked,13746,,,,not selected,context_only,"Taxonomy, provenance, nominal category, source context or unselected specialist field. No numerical prize or assumed ordering.",not approved
fishbase,LengthFemale,3277,length,Longest,Shortest,intuitive,keep_candidate,"Familiar concept, but total length, head-body length and sex/summary endpoints must be distinguished. No substitution for height.",pending
fishbase,LTypeMaxF,3111,,,,not selected,context_only,"Taxonomy, provenance, nominal category, source context or unselected specialist field. No numerical prize or assumed ordering.",not approved
fishbase,PriceReliability,8724,,,,not selected,context_only,"Taxonomy, provenance, nominal category, source context or unselected specialist field. No numerical prize or assumed ordering.",not approved
fishbase,PicPreferredNameJ,658,,,,not selected,context_only,"Taxonomy, provenance, nominal category, source context or unselected specialist field. No numerical prize or assumed ordering.",not approved
fishbase,CommonLength,3774,,,,not selected,context_only,"Taxonomy, provenance, nominal category, source context or unselected specialist field. No numerical prize or assumed ordering.",not approved
fishbase,LTypeComM,3758,,,,not selected,context_only,"Taxonomy, provenance, nominal category, source context or unselected specialist field. No numerical prize or assumed ordering.",not approved
fishbase,CommonLengthRef,3759,,,,not selected,context_only,"Taxonomy, provenance, nominal category, source context or unselected specialist field. No numerical prize or assumed ordering.",not approved
fishbase,Pic,6452,,,,not selected,context_only,"Taxonomy, provenance, nominal category, source context or unselected specialist field. No numerical prize or assumed ordering.",not approved
fishbase,DangerousRef,1001,,,,not selected,context_only,"Taxonomy, provenance, nominal category, source context or unselected specialist field. No numerical prize or assumed ordering.",not approved
fishbase,DepthRangeComDeep,1977,,,,not selected,context_only,"Taxonomy, provenance, nominal category, source context or unselected specialist field. No numerical prize or assumed ordering.",not approved
fishbase,DepthComRef,2078,,,,not selected,context_only,"Taxonomy, provenance, nominal category, source context or unselected specialist field. No numerical prize or assumed ordering.",not approved
fishbase,DepthRangeComShallow,1921,,,,not selected,context_only,"Taxonomy, provenance, nominal category, source context or unselected specialist field. No numerical prize or assumed ordering.",not approved
fishbase,VulnerabilityClimate,830,,,,not selected,reject_numeric_prize,"Modeled, extrapolated or derived estimate; excluded from measured gameplay.",not approved
fishbase,GameRef,1357,,,,not selected,context_only,"Taxonomy, provenance, nominal category, source context or unselected specialist field. No numerical prize or assumed ordering.",not approved
fishbase,LongevityWild,1502,lifespan,Longest lifespan,Shortest lifespan,intuitive,keep_candidate,Separate wild/captive and maximum/typical. Retain reported years and source age-verification methods.,pending
fishbase,LongevityWildRef,1495,,,,not selected,context_only,"Taxonomy, provenance, nominal category, source context or unselected specialist field. No numerical prize or assumed ordering.",not approved
fishbase,LongevityCaptive,216,lifespan,Longest lifespan,Shortest lifespan,intuitive,keep_candidate,Separate wild/captive and maximum/typical. Retain reported years and source age-verification methods.,pending
fishbase,LongevityCapRef,214,,,,not selected,context_only,"Taxonomy, provenance, nominal category, source context or unselected specialist field. No numerical prize or assumed ordering.",not approved
fishbase,Landings,520,,,,not selected,context_only,"Taxonomy, provenance, nominal category, source context or unselected specialist field. No numerical prize or assumed ordering.",not approved
fishbase,AquacultureRef,430,,,,not selected,context_only,"Taxonomy, provenance, nominal category, source context or unselected specialist field. No numerical prize or assumed ordering.",not approved
fishbase,PicPreferredNameM,1642,,,,not selected,context_only,"Taxonomy, provenance, nominal category, source context or unselected specialist field. No numerical prize or assumed ordering.",not approved
fishbase,PicPreferredNameF,1289,,,,not selected,context_only,"Taxonomy, provenance, nominal category, source context or unselected specialist field. No numerical prize or assumed ordering.",not approved
fishbase,Remark,2718,,,,not selected,context_only,"Taxonomy, provenance, nominal category, source context or unselected specialist field. No numerical prize or assumed ordering.",not approved
fishbase,AirBreathingRef,2391,,,,not selected,context_only,"Taxonomy, provenance, nominal category, source context or unselected specialist field. No numerical prize or assumed ordering.",not approved
fishbase,Remarks7,727,,,,not selected,context_only,"Taxonomy, provenance, nominal category, source context or unselected specialist field. No numerical prize or assumed ordering.",not approved
fishbase,BaitRef,299,,,,not selected,context_only,"Taxonomy, provenance, nominal category, source context or unselected specialist field. No numerical prize or assumed ordering.",not approved
fishbase,SubGenCode,390,,,,not selected,context_only,"Taxonomy, provenance, nominal category, source context or unselected specialist field. No numerical prize or assumed ordering.",not approved
fishbase,PictureFemale,233,,,,not selected,context_only,"Taxonomy, provenance, nominal category, source context or unselected specialist field. No numerical prize or assumed ordering.",not approved
fishbase,WeightFemale,166,mass,Heaviest,Lightest,intuitive,keep_candidate,"Familiar comparison. Keep mean, maximum, sex and life stage distinct; reject inferred mass and review original source. These fields do not automatically form one cross-source ranking.",pending
fishbase,CommonLengthF,57,,,,not selected,context_only,"Taxonomy, provenance, nominal category, source context or unselected specialist field. No numerical prize or assumed ordering.",not approved
fishbase,LTypeComF,54,,,,not selected,context_only,"Taxonomy, provenance, nominal category, source context or unselected specialist field. No numerical prize or assumed ordering.",not approved
fishbase,ElectroRef,909,,,,not selected,context_only,"Taxonomy, provenance, nominal category, source context or unselected specialist field. No numerical prize or assumed ordering.",not approved
fishbase,LarvaPic,161,,,,not selected,context_only,"Taxonomy, provenance, nominal category, source context or unselected specialist field. No numerical prize or assumed ordering.",not approved
fishbase,TaxIssue,63,,,,not selected,context_only,"Taxonomy, provenance, nominal category, source context or unselected specialist field. No numerical prize or assumed ordering.",not approved
fishbase,Profile,7,,,,not selected,context_only,"Taxonomy, provenance, nominal category, source context or unselected specialist field. No numerical prize or assumed ordering.",not approved
fishbase,EggPic,5,,,,not selected,context_only,"Taxonomy, provenance, nominal category, source context or unselected specialist field. No numerical prize or assumed ordering.",not approved
disperse,Group,480,,,,not selected,reject_numeric_prize,Fuzzy-coded bands and mixed taxonomic ranks; cannot support exact species rankings.,not approved
disperse,Family,480,,,,not selected,reject_numeric_prize,Fuzzy-coded bands and mixed taxonomic ranks; cannot support exact species rankings.,not approved
disperse,Genus (if coded at this level),448,,,,not selected,reject_numeric_prize,Fuzzy-coded bands and mixed taxonomic ranks; cannot support exact species rankings.,not approved
disperse,Lowest taxonomic level,480,,,,not selected,reject_numeric_prize,Fuzzy-coded bands and mixed taxonomic ranks; cannot support exact species rankings.,not approved
disperse,s1,473,,,,not selected,reject_numeric_prize,Fuzzy-coded bands and mixed taxonomic ranks; cannot support exact species rankings.,not approved
disperse,s2,473,,,,not selected,reject_numeric_prize,Fuzzy-coded bands and mixed taxonomic ranks; cannot support exact species rankings.,not approved
disperse,s3,473,,,,not selected,reject_numeric_prize,Fuzzy-coded bands and mixed taxonomic ranks; cannot support exact species rankings.,not approved
disperse,s4,473,,,,not selected,reject_numeric_prize,Fuzzy-coded bands and mixed taxonomic ranks; cannot support exact species rankings.,not approved
disperse,s5,473,,,,not selected,reject_numeric_prize,Fuzzy-coded bands and mixed taxonomic ranks; cannot support exact species rankings.,not approved
disperse,s6,473,,,,not selected,reject_numeric_prize,Fuzzy-coded bands and mixed taxonomic ranks; cannot support exact species rankings.,not approved
disperse,s7,473,,,,not selected,reject_numeric_prize,Fuzzy-coded bands and mixed taxonomic ranks; cannot support exact species rankings.,not approved
disperse,Ref_s,480,,,,not selected,reject_numeric_prize,Fuzzy-coded bands and mixed taxonomic ranks; cannot support exact species rankings.,not approved
disperse,cd1,469,,,,not selected,reject_numeric_prize,Fuzzy-coded bands and mixed taxonomic ranks; cannot support exact species rankings.,not approved
disperse,cd2,469,,,,not selected,reject_numeric_prize,Fuzzy-coded bands and mixed taxonomic ranks; cannot support exact species rankings.,not approved
disperse,Ref_cd,479,,,,not selected,reject_numeric_prize,Fuzzy-coded bands and mixed taxonomic ranks; cannot support exact species rankings.,not approved
disperse,cy1,470,,,,not selected,reject_numeric_prize,Fuzzy-coded bands and mixed taxonomic ranks; cannot support exact species rankings.,not approved
disperse,cy2,470,,,,not selected,reject_numeric_prize,Fuzzy-coded bands and mixed taxonomic ranks; cannot support exact species rankings.,not approved
disperse,cy3,470,,,,not selected,reject_numeric_prize,Fuzzy-coded bands and mixed taxonomic ranks; cannot support exact species rankings.,not approved
disperse,Ref_cy,480,,,,not selected,reject_numeric_prize,Fuzzy-coded bands and mixed taxonomic ranks; cannot support exact species rankings.,not approved
disperse,dis1,469,,,,not selected,reject_numeric_prize,Fuzzy-coded bands and mixed taxonomic ranks; cannot support exact species rankings.,not approved
disperse,dis2,469,,,,not selected,reject_numeric_prize,Fuzzy-coded bands and mixed taxonomic ranks; cannot support exact species rankings.,not approved
disperse,dis3,469,,,,not selected,reject_numeric_prize,Fuzzy-coded bands and mixed taxonomic ranks; cannot support exact species rankings.,not approved
disperse,dis4,469,,,,not selected,reject_numeric_prize,Fuzzy-coded bands and mixed taxonomic ranks; cannot support exact species rankings.,not approved
disperse,Ref_dis,480,,,,not selected,reject_numeric_prize,Fuzzy-coded bands and mixed taxonomic ranks; cannot support exact species rankings.,not approved
disperse,life1,382,,,,not selected,reject_numeric_prize,Fuzzy-coded bands and mixed taxonomic ranks; cannot support exact species rankings.,not approved
disperse,life2,382,,,,not selected,reject_numeric_prize,Fuzzy-coded bands and mixed taxonomic ranks; cannot support exact species rankings.,not approved
disperse,life3,382,,,,not selected,reject_numeric_prize,Fuzzy-coded bands and mixed taxonomic ranks; cannot support exact species rankings.,not approved
disperse,life4,382,,,,not selected,reject_numeric_prize,Fuzzy-coded bands and mixed taxonomic ranks; cannot support exact species rankings.,not approved
disperse,Ref_life,381,,,,not selected,reject_numeric_prize,Fuzzy-coded bands and mixed taxonomic ranks; cannot support exact species rankings.,not approved
disperse,wnb1,480,,,,not selected,reject_numeric_prize,Fuzzy-coded bands and mixed taxonomic ranks; cannot support exact species rankings.,not approved
disperse,wnb2,480,,,,not selected,reject_numeric_prize,Fuzzy-coded bands and mixed taxonomic ranks; cannot support exact species rankings.,not approved
disperse,wnb3,480,,,,not selected,reject_numeric_prize,Fuzzy-coded bands and mixed taxonomic ranks; cannot support exact species rankings.,not approved
disperse,wnb4,480,,,,not selected,reject_numeric_prize,Fuzzy-coded bands and mixed taxonomic ranks; cannot support exact species rankings.,not approved
disperse,wnb5,480,,,,not selected,reject_numeric_prize,Fuzzy-coded bands and mixed taxonomic ranks; cannot support exact species rankings.,not approved
disperse,Ref_wnb,480,,,,not selected,reject_numeric_prize,Fuzzy-coded bands and mixed taxonomic ranks; cannot support exact species rankings.,not approved
disperse,egg1,358,,,,not selected,reject_numeric_prize,Fuzzy-coded bands and mixed taxonomic ranks; cannot support exact species rankings.,not approved
disperse,egg2,359,,,,not selected,reject_numeric_prize,Fuzzy-coded bands and mixed taxonomic ranks; cannot support exact species rankings.,not approved
disperse,egg3,359,,,,not selected,reject_numeric_prize,Fuzzy-coded bands and mixed taxonomic ranks; cannot support exact species rankings.,not approved
disperse,egg4,359,,,,not selected,reject_numeric_prize,Fuzzy-coded bands and mixed taxonomic ranks; cannot support exact species rankings.,not approved
disperse,Ref_egg,359,,,,not selected,reject_numeric_prize,Fuzzy-coded bands and mixed taxonomic ranks; cannot support exact species rankings.,not approved
disperse,drift1,389,,,,not selected,reject_numeric_prize,Fuzzy-coded bands and mixed taxonomic ranks; cannot support exact species rankings.,not approved
disperse,drift2,389,,,,not selected,reject_numeric_prize,Fuzzy-coded bands and mixed taxonomic ranks; cannot support exact species rankings.,not approved
disperse,drift3,389,,,,not selected,reject_numeric_prize,Fuzzy-coded bands and mixed taxonomic ranks; cannot support exact species rankings.,not approved
disperse,Ref_drift,388,,,,not selected,reject_numeric_prize,Fuzzy-coded bands and mixed taxonomic ranks; cannot support exact species rankings.,not approved
disperse,Ref_fwl,342,,,,not selected,reject_numeric_prize,Fuzzy-coded bands and mixed taxonomic ranks; cannot support exact species rankings.,not approved
disperse,fwl1,350,,,,not selected,reject_numeric_prize,Fuzzy-coded bands and mixed taxonomic ranks; cannot support exact species rankings.,not approved
disperse,fwl2,350,,,,not selected,reject_numeric_prize,Fuzzy-coded bands and mixed taxonomic ranks; cannot support exact species rankings.,not approved
disperse,fwl3,350,,,,not selected,reject_numeric_prize,Fuzzy-coded bands and mixed taxonomic ranks; cannot support exact species rankings.,not approved
disperse,fwl4,350,,,,not selected,reject_numeric_prize,Fuzzy-coded bands and mixed taxonomic ranks; cannot support exact species rankings.,not approved
disperse,fwl5,350,,,,not selected,reject_numeric_prize,Fuzzy-coded bands and mixed taxonomic ranks; cannot support exact species rankings.,not approved
disperse,fwl6,350,,,,not selected,reject_numeric_prize,Fuzzy-coded bands and mixed taxonomic ranks; cannot support exact species rankings.,not approved
disperse,fwl7,350,,,,not selected,reject_numeric_prize,Fuzzy-coded bands and mixed taxonomic ranks; cannot support exact species rankings.,not approved
disperse,fwl8,350,,,,not selected,reject_numeric_prize,Fuzzy-coded bands and mixed taxonomic ranks; cannot support exact species rankings.,not approved
disperse,fwl_info,357,,,,not selected,reject_numeric_prize,Fuzzy-coded bands and mixed taxonomic ranks; cannot support exact species rankings.,not approved
disperse,Synonyms,49,,,,not selected,reject_numeric_prize,Fuzzy-coded bands and mixed taxonomic ranks; cannot support exact species rankings.,not approved
disperse,Tribe/sub-family (if coded at this level),20,,,,not selected,reject_numeric_prize,Fuzzy-coded bands and mixed taxonomic ranks; cannot support exact species rankings.,not approved
sealifebase,CommonLength,365,,,,not selected,context_only,"Taxonomy, provenance, nominal category, source context or unselected specialist field. No numerical prize or assumed ordering.",not approved
sealifebase,DepthRangeDeep,14416,,,,not selected,context_only,"Taxonomy, provenance, nominal category, source context or unselected specialist field. No numerical prize or assumed ordering.",not approved
sealifebase,DepthRangeShallow,14739,,,,not selected,context_only,"Taxonomy, provenance, nominal category, source context or unselected specialist field. No numerical prize or assumed ordering.",not approved
sealifebase,Length,6262,length,Longest,Shortest,intuitive,keep_candidate,"Require source length type, sex/life stage and consistent maximum versus geometric-mean endpoint.",pending
sealifebase,LengthFemale,507,length,Longest,Shortest,intuitive,keep_candidate,"Require source length type, sex/life stage and consistent maximum versus geometric-mean endpoint.",pending
sealifebase,LongevityCaptive,1,lifespan,Longest lifespan,Shortest lifespan,intuitive,keep_candidate,Preserve wild/captive basis and primary reference IDs.,pending
sealifebase,LongevityWild,190,lifespan,Longest lifespan,Shortest lifespan,intuitive,keep_candidate,Preserve wild/captive basis and primary reference IDs.,pending
sealifebase,Weight,513,mass,Heaviest,Lightest,intuitive,keep_candidate,"Mass is familiar; verify original units, sex, life stage and original measurement origin.",pending
sealifebase,WeightFemale,51,mass,Heaviest,Lightest,intuitive,keep_candidate,"Mass is familiar; verify original units, sex, life stage and original measurement origin.",pending
animaltraits,body mass,2856,mass,Heaviest,Lightest,intuitive,keep_candidate,"Mass is familiar; verify original units, sex, life stage and original measurement origin.",pending
animaltraits,brain size,2361,brain-mass,Largest brain,Smallest brain,specialist,keep_candidate,"Specialist supplement; direct brain weights only, excluding volume-to-mass conversion. Not intelligence.",pending
animaltraits,metabolic rate,1185,metabolism,Most resting energy use,Least resting energy use,specialist,keep_candidate,"Specialist supplement only; units, temperature, basal/standard/routine state and acclimation differ.",pending
insect-bite,mean.ID.body.l.geom,654,length,Longest,Shortest,intuitive,keep_candidate,"Require source length type, sex/life stage and consistent maximum versus geometric-mean endpoint.",pending
insect-bite,mean.ID.head.w.geom,654,,,,not selected,context_only,"Taxonomy, provenance, nominal category, source context or unselected specialist field. No numerical prize or assumed ordering.",not approved
insect-bite,mean.ID.wing.l.geom,654,,,,not selected,context_only,"Taxonomy, provenance, nominal category, source context or unselected specialist field. No numerical prize or assumed ordering.",not approved
insect-bite,mean.bf.ID.geom,654,bite-force,Strongest bite,Weakest bite,intuitive,keep_candidate,"Direct voluntary bite assay. Require independent sample counts, specimen ranges and matching bite position; do not compare measured force with modeled mammal bite-force estimates.",pending
globtherm,lowerTemperature,1355,,,,not selected,hold,"Thermal endpoints and methods differ (CTmax, lethal limits, thermoneutral bounds); retain for protocol review, no pooled heat/cold-tolerance ranking.",not approved
globtherm,upperTemperature,1631,,,,not selected,hold,"Thermal endpoints and methods differ (CTmax, lethal limits, thermoneutral bounds); retain for protocol review, no pooled heat/cold-tolerance ranking.",not approved
