source_line,category_title,domain_and_series,source,quality,legacy_rejection_basis_seed,integrity_status,editorial_disposition,legacy_guard_action,reason_class,first_principles_rationale,recommended_next_action,linked_tracker_ids,linked_tracker_dispositions
589,Most asylum seekers originating,Displacement · population:coo:asylum_seekers,UNHCR,95,generic_v15_rejected_only,verified,advance_to_validation,clear_generic_legacy_block,broad_intuitive_distinct,"Broad, recognizable displacement measure with a distinct player-facing question; the old generic rejection is not a sufficient reason to suppress it.",Use the recovered UNHCR Refugee Data Finder importer; validate coverage/year consistency and then clear the legacy-only blocker.,family:unhcr:most-asylum-seekers-originating,ready_for_source_family_validation
594,Highest cabbage yield,Vegetables · QCL:'01212:5412,FAOSTAT,,generic_v15_rejected_only,verified,retain_exclusion,confirm_reasoned_exclusion,agriculture_item_matrix_overproliferation,"The concept comes from the legacy FAOSTAT item-by-element expansion matrix. Even when source-valid, the remaining yield/area/production/animal-count slices add low marginal variety and would re-saturate an already agriculture-heavy catalog; v16.2.6 deliberately prefers a small set of recognizable representative food/agriculture anchors.",Keep excluded from the playable core. Reconsider only if a future category is both highly recognizable and demonstrably distinct from retained crop/livestock/food anchors.,,
595,Highest carrots and turnips yield,Vegetables · QCL:'01251:5412,FAOSTAT,,generic_v15_rejected_only,verified,retain_exclusion,confirm_reasoned_exclusion,agriculture_item_matrix_overproliferation,"The concept comes from the legacy FAOSTAT item-by-element expansion matrix. Even when source-valid, the remaining yield/area/production/animal-count slices add low marginal variety and would re-saturate an already agriculture-heavy catalog; v16.2.6 deliberately prefers a small set of recognizable representative food/agriculture anchors.",Keep excluded from the playable core. Reconsider only if a future category is both highly recognizable and demonstrably distinct from retained crop/livestock/food anchors.,,
596,Highest wheat yield,Crops · QCL:'0111:5412,FAOSTAT,,generic_v15_rejected_only,verified,retain_exclusion,confirm_reasoned_exclusion,agriculture_item_matrix_overproliferation,"The concept comes from the legacy FAOSTAT item-by-element expansion matrix. Even when source-valid, the remaining yield/area/production/animal-count slices add low marginal variety and would re-saturate an already agriculture-heavy catalog; v16.2.6 deliberately prefers a small set of recognizable representative food/agriculture anchors.",Keep excluded from the playable core. Reconsider only if a future category is both highly recognizable and demonstrably distinct from retained crop/livestock/food anchors.,,
598,Highest barley yield,Crops · QCL:'0115:5412,FAOSTAT,,generic_v15_rejected_only,verified,retain_exclusion,confirm_reasoned_exclusion,agriculture_item_matrix_overproliferation,"The concept comes from the legacy FAOSTAT item-by-element expansion matrix. Even when source-valid, the remaining yield/area/production/animal-count slices add low marginal variety and would re-saturate an already agriculture-heavy catalog; v16.2.6 deliberately prefers a small set of recognizable representative food/agriculture anchors.",Keep excluded from the playable core. Reconsider only if a future category is both highly recognizable and demonstrably distinct from retained crop/livestock/food anchors.,,
600,Lowest upper-secondary out-of-school rate,Education · ROFST.MOD.3,UNESCO UIS,94,generic_v15_rejected_only,verified,advance_to_validation,clear_generic_legacy_block,broad_intuitive_distinct,"Out-of-school rates are intuitive, globally meaningful education-access measures; primary and upper-secondary provide meaningfully different stages without keeping every adjacent stage.",Validate the UNESCO UIS source-family rows and retain only these stage anchors unless later playtesting supports more.,family:unesco:lowest-upper-secondary-out-of-school,ready_for_source_family_validation
601,Lowest lower-secondary out-of-school rate,Education · ROFST.MOD.2,UNESCO UIS,94,generic_v15_rejected_only,verified,retain_exclusion,confirm_reasoned_exclusion,family_density_near_duplicate_v16_2_6_final_curation,"Plausible in isolation, but too close to a stronger retained stage/subject/infrastructure anchor or part of an over-dense education family; needs family-level curation before any legacy block is cleared. Final v16.2.6 curation decision: this concept is not selected for the playable core, so there is no reason to leave its legacy state unresolved.","Keep excluded for v16.2.6. A future release may explicitly reopen it, but the historical rejection is now backed by this current editorial curation decision.",family:unesco:lowest-lower-secondary-out-of-school,ready_for_source_family_validation
602,Most fruit produced,Fruit · QCL:'F1738:5412,FAOSTAT,,generic_v15_rejected_only,verified,clear_legacy_block_current_path_governs,clear_generic_legacy_block,current_canonical_path_governs,"This legacy row collides with a current retained/validated-path concept (Most fruit produced). The old rejected source/path must remain dead, but its title-level legacy veto must not disable the current canonical path.","Clear only the historical title/semantic veto. Keep the old source row excluded and let the current category pass the normal source, quality, duplicate and editorial gates.",existing:QCL:'F1738:5510,retained_existing_subject_to_shared_gate
603,"Highest Roots and Tubers, Total yield",Agriculture · QCL:'F1720:5412,FAOSTAT,,generic_v15_rejected_only,verified,retain_exclusion,confirm_reasoned_exclusion,agriculture_item_matrix_overproliferation,"The concept comes from the legacy FAOSTAT item-by-element expansion matrix. Even when source-valid, the remaining yield/area/production/animal-count slices add low marginal variety and would re-saturate an already agriculture-heavy catalog; v16.2.6 deliberately prefers a small set of recognizable representative food/agriculture anchors.",Keep excluded from the playable core. Reconsider only if a future category is both highly recognizable and demonstrably distinct from retained crop/livestock/food anchors.,,
604,Highest Vegetables Primary yield,Vegetables · QCL:'F1735:5412,FAOSTAT,,generic_v15_rejected_only,verified,retain_exclusion,confirm_reasoned_exclusion,agriculture_item_matrix_overproliferation,"The concept comes from the legacy FAOSTAT item-by-element expansion matrix. Even when source-valid, the remaining yield/area/production/animal-count slices add low marginal variety and would re-saturate an already agriculture-heavy catalog; v16.2.6 deliberately prefers a small set of recognizable representative food/agriculture anchors.",Keep excluded from the playable core. Reconsider only if a future category is both highly recognizable and demonstrably distinct from retained crop/livestock/food anchors.,,
605,Highest milk yield per cow,Livestock · QCL:'02211:5417,FAOSTAT,,generic_v15_rejected_only,verified,retain_exclusion,confirm_reasoned_exclusion,agriculture_item_matrix_overproliferation,"The concept comes from the legacy FAOSTAT item-by-element expansion matrix. Even when source-valid, the remaining yield/area/production/animal-count slices add low marginal variety and would re-saturate an already agriculture-heavy catalog; v16.2.6 deliberately prefers a small set of recognizable representative food/agriculture anchors.",Keep excluded from the playable core. Reconsider only if a future category is both highly recognizable and demonstrably distinct from retained crop/livestock/food anchors.,,
606,Highest primary-school completion rate,Education · CR.MOD.1,UNESCO UIS,94,generic_v15_rejected_only,,retain_exclusion,confirm_reasoned_exclusion,family_density_near_duplicate_v16_2_6_final_curation,"Plausible in isolation, but too close to a stronger retained stage/subject/infrastructure anchor or part of an over-dense education family; needs family-level curation before any legacy block is cleared. Final v16.2.6 curation decision: this concept is not selected for the playable core, so there is no reason to leave its legacy state unresolved.","Keep excluded for v16.2.6. A future release may explicitly reopen it, but the historical rejection is now backed by this current editorial curation decision.",,
607,Highest upper-secondary completion rate,Education · CR.MOD.3,UNESCO UIS,94,generic_v15_rejected_only,,advance_to_validation,clear_generic_legacy_block,broad_intuitive_distinct,Upper-secondary completion is a recognizable education outcome and is more discriminating than another near-universal primary enrollment measure.,"Resolve the exact UIS completion series in the importer, validate coverage, and use a plain-English title/definition.",,
608,Modeled lower-secondary completion rate,Education · CR.MOD.2,UNESCO UIS,94,generic_v15_rejected_only,,retain_exclusion,confirm_reasoned_exclusion,family_density_near_duplicate_v16_2_6_final_curation,"Plausible in isolation, but too close to a stronger retained stage/subject/infrastructure anchor or part of an over-dense education family; needs family-level curation before any legacy block is cleared. Final v16.2.6 curation decision: this concept is not selected for the playable core, so there is no reason to leave its legacy state unresolved.","Keep excluded for v16.2.6. A future release may explicitly reopen it, but the historical rejection is now backed by this current editorial curation decision.",,
609,Most asylum seekers hosted,Displacement · population:coa:asylum_seekers,UNHCR,94,generic_v15_rejected_only,verified,advance_to_validation,clear_generic_legacy_block,broad_intuitive_distinct,"Broad, recognizable displacement measure with a distinct player-facing question; the old generic rejection is not a sufficient reason to suppress it.",Use the recovered UNHCR Refugee Data Finder importer; validate coverage/year consistency and then clear the legacy-only blocker.,family:unhcr:most-asylum-seekers-hosted,ready_for_source_family_validation
610,Highest corn yield,Crops · QCL:'0112:5412,FAOSTAT,,generic_v15_rejected_only,verified,retain_exclusion,confirm_reasoned_exclusion,agriculture_item_matrix_overproliferation,"The concept comes from the legacy FAOSTAT item-by-element expansion matrix. Even when source-valid, the remaining yield/area/production/animal-count slices add low marginal variety and would re-saturate an already agriculture-heavy catalog; v16.2.6 deliberately prefers a small set of recognizable representative food/agriculture anchors.",Keep excluded from the playable core. Reconsider only if a future category is both highly recognizable and demonstrably distinct from retained crop/livestock/food anchors.,,
611,Highest potatoes yield,Crops · QCL:'01510:5412,FAOSTAT,,generic_v15_rejected_only,verified,retain_exclusion,confirm_reasoned_exclusion,agriculture_item_matrix_overproliferation,"The concept comes from the legacy FAOSTAT item-by-element expansion matrix. Even when source-valid, the remaining yield/area/production/animal-count slices add low marginal variety and would re-saturate an already agriculture-heavy catalog; v16.2.6 deliberately prefers a small set of recognizable representative food/agriculture anchors.",Keep excluded from the playable core. Reconsider only if a future category is both highly recognizable and demonstrably distinct from retained crop/livestock/food anchors.,,
612,Highest onions and shallots yield,Vegetables · QCL:'01253.02:5412,FAOSTAT,,generic_v15_rejected_only,verified,retain_exclusion,confirm_reasoned_exclusion,agriculture_item_matrix_overproliferation,"The concept comes from the legacy FAOSTAT item-by-element expansion matrix. Even when source-valid, the remaining yield/area/production/animal-count slices add low marginal variety and would re-saturate an already agriculture-heavy catalog; v16.2.6 deliberately prefers a small set of recognizable representative food/agriculture anchors.",Keep excluded from the playable core. Reconsider only if a future category is both highly recognizable and demonstrably distinct from retained crop/livestock/food anchors.,,
613,Highest Sugar Crops Primary yield,Crops · QCL:'F1723:5412,FAOSTAT,,generic_v15_rejected_only,verified,retain_exclusion,confirm_reasoned_exclusion,agriculture_item_matrix_overproliferation,"The concept comes from the legacy FAOSTAT item-by-element expansion matrix. Even when source-valid, the remaining yield/area/production/animal-count slices add low marginal variety and would re-saturate an already agriculture-heavy catalog; v16.2.6 deliberately prefers a small set of recognizable representative food/agriculture anchors.",Keep excluded from the playable core. Reconsider only if a future category is both highly recognizable and demonstrably distinct from retained crop/livestock/food anchors.,,
614,Highest cucumbers and gherkins yield,Vegetables · QCL:'01232:5412,FAOSTAT,,generic_v15_rejected_only,verified,retain_exclusion,confirm_reasoned_exclusion,agriculture_item_matrix_overproliferation,"The concept comes from the legacy FAOSTAT item-by-element expansion matrix. Even when source-valid, the remaining yield/area/production/animal-count slices add low marginal variety and would re-saturate an already agriculture-heavy catalog; v16.2.6 deliberately prefers a small set of recognizable representative food/agriculture anchors.",Keep excluded from the playable core. Reconsider only if a future category is both highly recognizable and demonstrably distinct from retained crop/livestock/food anchors.,,
615,Highest green chilies and peppers yield,Vegetables · QCL:'01231:5412,FAOSTAT,,generic_v15_rejected_only,verified,retain_exclusion,confirm_reasoned_exclusion,agriculture_item_matrix_overproliferation,"The concept comes from the legacy FAOSTAT item-by-element expansion matrix. Even when source-valid, the remaining yield/area/production/animal-count slices add low marginal variety and would re-saturate an already agriculture-heavy catalog; v16.2.6 deliberately prefers a small set of recognizable representative food/agriculture anchors.",Keep excluded from the playable core. Reconsider only if a future category is both highly recognizable and demonstrably distinct from retained crop/livestock/food anchors.,,
616,Largest Wheat harvested area,Crops · QCL:'0111:5312,FAOSTAT,,generic_v15_rejected_only,verified,retain_exclusion,confirm_reasoned_exclusion,agriculture_item_matrix_overproliferation,"The concept comes from the legacy FAOSTAT item-by-element expansion matrix. Even when source-valid, the remaining yield/area/production/animal-count slices add low marginal variety and would re-saturate an already agriculture-heavy catalog; v16.2.6 deliberately prefers a small set of recognizable representative food/agriculture anchors.",Keep excluded from the playable core. Reconsider only if a future category is both highly recognizable and demonstrably distinct from retained crop/livestock/food anchors.,,
618,Highest rice yield,Crops · QCL:'0113:5412,FAOSTAT,,generic_v15_rejected_only,verified,retain_exclusion,confirm_reasoned_exclusion,agriculture_item_matrix_overproliferation,"The concept comes from the legacy FAOSTAT item-by-element expansion matrix. Even when source-valid, the remaining yield/area/production/animal-count slices add low marginal variety and would re-saturate an already agriculture-heavy catalog; v16.2.6 deliberately prefers a small set of recognizable representative food/agriculture anchors.",Keep excluded from the playable core. Reconsider only if a future category is both highly recognizable and demonstrably distinct from retained crop/livestock/food anchors.,,
619,Largest Barley harvested area,Crops · QCL:'0115:5312,FAOSTAT,,generic_v15_rejected_only,verified,retain_exclusion,confirm_reasoned_exclusion,agriculture_item_matrix_overproliferation,"The concept comes from the legacy FAOSTAT item-by-element expansion matrix. Even when source-valid, the remaining yield/area/production/animal-count slices add low marginal variety and would re-saturate an already agriculture-heavy catalog; v16.2.6 deliberately prefers a small set of recognizable representative food/agriculture anchors.",Keep excluded from the playable core. Reconsider only if a future category is both highly recognizable and demonstrably distinct from retained crop/livestock/food anchors.,,
620,Highest Green garlic yield,Agriculture · QCL:'01252:5412,FAOSTAT,,generic_v15_rejected_only,verified,retain_exclusion,confirm_reasoned_exclusion,agriculture_item_matrix_overproliferation,"The concept comes from the legacy FAOSTAT item-by-element expansion matrix. Even when source-valid, the remaining yield/area/production/animal-count slices add low marginal variety and would re-saturate an already agriculture-heavy catalog; v16.2.6 deliberately prefers a small set of recognizable representative food/agriculture anchors.",Keep excluded from the playable core. Reconsider only if a future category is both highly recognizable and demonstrably distinct from retained crop/livestock/food anchors.,,
621,Highest lemons and limes yield,Fruit · QCL:'01322:5412,FAOSTAT,,generic_v15_rejected_only,verified,retain_exclusion,confirm_reasoned_exclusion,agriculture_item_matrix_overproliferation,"The concept comes from the legacy FAOSTAT item-by-element expansion matrix. Even when source-valid, the remaining yield/area/production/animal-count slices add low marginal variety and would re-saturate an already agriculture-heavy catalog; v16.2.6 deliberately prefers a small set of recognizable representative food/agriculture anchors.",Keep excluded from the playable core. Reconsider only if a future category is both highly recognizable and demonstrably distinct from retained crop/livestock/food anchors.,,
622,Highest lettuce and chicory yield,Agriculture · QCL:'01214:5412,FAOSTAT,,generic_v15_rejected_only,verified,retain_exclusion,confirm_reasoned_exclusion,agriculture_item_matrix_overproliferation,"The concept comes from the legacy FAOSTAT item-by-element expansion matrix. Even when source-valid, the remaining yield/area/production/animal-count slices add low marginal variety and would re-saturate an already agriculture-heavy catalog; v16.2.6 deliberately prefers a small set of recognizable representative food/agriculture anchors.",Keep excluded from the playable core. Reconsider only if a future category is both highly recognizable and demonstrably distinct from retained crop/livestock/food anchors.,,
623,"Highest Other beans, green yield",Crops · QCL:'01241.90:5412,FAOSTAT,,generic_v15_rejected_only,verified,retain_exclusion,confirm_reasoned_exclusion,agriculture_item_matrix_overproliferation,"The concept comes from the legacy FAOSTAT item-by-element expansion matrix. Even when source-valid, the remaining yield/area/production/animal-count slices add low marginal variety and would re-saturate an already agriculture-heavy catalog; v16.2.6 deliberately prefers a small set of recognizable representative food/agriculture anchors.",Keep excluded from the playable core. Reconsider only if a future category is both highly recognizable and demonstrably distinct from retained crop/livestock/food anchors.,,
624,Highest soybeans yield,Crops · QCL:'0141:5412,FAOSTAT,,generic_v15_rejected_only,verified,retain_exclusion,confirm_reasoned_exclusion,agriculture_item_matrix_overproliferation,"The concept comes from the legacy FAOSTAT item-by-element expansion matrix. Even when source-valid, the remaining yield/area/production/animal-count slices add low marginal variety and would re-saturate an already agriculture-heavy catalog; v16.2.6 deliberately prefers a small set of recognizable representative food/agriculture anchors.",Keep excluded from the playable core. Reconsider only if a future category is both highly recognizable and demonstrably distinct from retained crop/livestock/food anchors.,,
626,"Highest Beef and Buffalo Meat, primary yield",Livestock · QCL:'F1806:5417,FAOSTAT,,generic_v15_rejected_only,verified,retain_exclusion,confirm_reasoned_exclusion,agriculture_item_matrix_overproliferation,"The concept comes from the legacy FAOSTAT item-by-element expansion matrix. Even when source-valid, the remaining yield/area/production/animal-count slices add low marginal variety and would re-saturate an already agriculture-heavy catalog; v16.2.6 deliberately prefers a small set of recognizable representative food/agriculture anchors.",Keep excluded from the playable core. Reconsider only if a future category is both highly recognizable and demonstrably distinct from retained crop/livestock/food anchors.,,
628,"Highest Meat of cattle with the bone, fresh or chilled yield",Livestock · QCL:'21111.01:5417,FAOSTAT,,generic_v15_rejected_only,verified,retain_exclusion,confirm_reasoned_exclusion,agriculture_item_matrix_overproliferation,"The concept comes from the legacy FAOSTAT item-by-element expansion matrix. Even when source-valid, the remaining yield/area/production/animal-count slices add low marginal variety and would re-saturate an already agriculture-heavy catalog; v16.2.6 deliberately prefers a small set of recognizable representative food/agriculture anchors.",Keep excluded from the playable core. Reconsider only if a future category is both highly recognizable and demonstrably distinct from retained crop/livestock/food anchors.,,
629,"Highest Meat of chickens, fresh or chilled yield",Livestock · QCL:'21121:5424,FAOSTAT,,generic_v15_rejected_only,verified,retain_exclusion,confirm_reasoned_exclusion,agriculture_item_matrix_overproliferation,"The concept comes from the legacy FAOSTAT item-by-element expansion matrix. Even when source-valid, the remaining yield/area/production/animal-count slices add low marginal variety and would re-saturate an already agriculture-heavy catalog; v16.2.6 deliberately prefers a small set of recognizable representative food/agriculture anchors.",Keep excluded from the playable core. Reconsider only if a future category is both highly recognizable and demonstrably distinct from retained crop/livestock/food anchors.,,
630,"Highest Meat, Poultry yield",Livestock · QCL:'F1808:5424,FAOSTAT,,generic_v15_rejected_only,verified,retain_exclusion,confirm_reasoned_exclusion,agriculture_item_matrix_overproliferation,"The concept comes from the legacy FAOSTAT item-by-element expansion matrix. Even when source-valid, the remaining yield/area/production/animal-count slices add low marginal variety and would re-saturate an already agriculture-heavy catalog; v16.2.6 deliberately prefers a small set of recognizable representative food/agriculture anchors.",Keep excluded from the playable core. Reconsider only if a future category is both highly recognizable and demonstrably distinct from retained crop/livestock/food anchors.,,
631,"Highest Milk, Total yield",Dairy · QCL:'F1780:5417,FAOSTAT,,generic_v15_rejected_only,verified,retain_exclusion,confirm_reasoned_exclusion,agriculture_item_matrix_overproliferation,"The concept comes from the legacy FAOSTAT item-by-element expansion matrix. Even when source-valid, the remaining yield/area/production/animal-count slices add low marginal variety and would re-saturate an already agriculture-heavy catalog; v16.2.6 deliberately prefers a small set of recognizable representative food/agriculture anchors.",Keep excluded from the playable core. Reconsider only if a future category is both highly recognizable and demonstrably distinct from retained crop/livestock/food anchors.,,
633,"Largest Cereals, primary harvested area",Crops · QCL:'F1717:5312,FAOSTAT,,generic_v15_rejected_only,verified,retain_exclusion,confirm_reasoned_exclusion,agriculture_item_matrix_overproliferation,"The concept comes from the legacy FAOSTAT item-by-element expansion matrix. Even when source-valid, the remaining yield/area/production/animal-count slices add low marginal variety and would re-saturate an already agriculture-heavy catalog; v16.2.6 deliberately prefers a small set of recognizable representative food/agriculture anchors.",Keep excluded from the playable core. Reconsider only if a future category is both highly recognizable and demonstrably distinct from retained crop/livestock/food anchors.,,
635,"Highest Cereals, primary yield",Crops · QCL:'F1717:5412,FAOSTAT,,generic_v15_rejected_only,verified,retain_exclusion,confirm_reasoned_exclusion,agriculture_item_matrix_overproliferation,"The concept comes from the legacy FAOSTAT item-by-element expansion matrix. Even when source-valid, the remaining yield/area/production/animal-count slices add low marginal variety and would re-saturate an already agriculture-heavy catalog; v16.2.6 deliberately prefers a small set of recognizable representative food/agriculture anchors.",Keep excluded from the playable core. Reconsider only if a future category is both highly recognizable and demonstrably distinct from retained crop/livestock/food anchors.,,
637,"Highest Other vegetables, fresh n.e.c. yield",Vegetables · QCL:'01290.90:5412,FAOSTAT,,generic_v15_rejected_only,verified,retain_exclusion,confirm_reasoned_exclusion,agriculture_item_matrix_overproliferation,"The concept comes from the legacy FAOSTAT item-by-element expansion matrix. Even when source-valid, the remaining yield/area/production/animal-count slices add low marginal variety and would re-saturate an already agriculture-heavy catalog; v16.2.6 deliberately prefers a small set of recognizable representative food/agriculture anchors.",Keep excluded from the playable core. Reconsider only if a future category is both highly recognizable and demonstrably distinct from retained crop/livestock/food anchors.,,
640,Highest tomatoes yield,Vegetables · QCL:'01234:5412,FAOSTAT,,generic_v15_rejected_only,verified,retain_exclusion,confirm_reasoned_exclusion,agriculture_item_matrix_overproliferation,"The concept comes from the legacy FAOSTAT item-by-element expansion matrix. Even when source-valid, the remaining yield/area/production/animal-count slices add low marginal variety and would re-saturate an already agriculture-heavy catalog; v16.2.6 deliberately prefers a small set of recognizable representative food/agriculture anchors.",Keep excluded from the playable core. Reconsider only if a future category is both highly recognizable and demonstrably distinct from retained crop/livestock/food anchors.,,
641,Largest Potatoes harvested area,Crops · QCL:'01510:5312,FAOSTAT,,generic_v15_rejected_only,verified,retain_exclusion,confirm_reasoned_exclusion,agriculture_item_matrix_overproliferation,"The concept comes from the legacy FAOSTAT item-by-element expansion matrix. Even when source-valid, the remaining yield/area/production/animal-count slices add low marginal variety and would re-saturate an already agriculture-heavy catalog; v16.2.6 deliberately prefers a small set of recognizable representative food/agriculture anchors.",Keep excluded from the playable core. Reconsider only if a future category is both highly recognizable and demonstrably distinct from retained crop/livestock/food anchors.,,
644,"Largest Onions and shallots, dry (excluding dehydrated) harvested area",Vegetables · QCL:'01253.02:5312,FAOSTAT,,generic_v15_rejected_only,verified,retain_exclusion,confirm_reasoned_exclusion,agriculture_item_matrix_overproliferation,"The concept comes from the legacy FAOSTAT item-by-element expansion matrix. Even when source-valid, the remaining yield/area/production/animal-count slices add low marginal variety and would re-saturate an already agriculture-heavy catalog; v16.2.6 deliberately prefers a small set of recognizable representative food/agriculture anchors.",Keep excluded from the playable core. Reconsider only if a future category is both highly recognizable and demonstrably distinct from retained crop/livestock/food anchors.,,
647,"Highest Citrus Fruit, Total yield",Fruit · QCL:'F1804:5412,FAOSTAT,,generic_v15_rejected_only,verified,retain_exclusion,confirm_reasoned_exclusion,agriculture_item_matrix_overproliferation,"The concept comes from the legacy FAOSTAT item-by-element expansion matrix. Even when source-valid, the remaining yield/area/production/animal-count slices add low marginal variety and would re-saturate an already agriculture-heavy catalog; v16.2.6 deliberately prefers a small set of recognizable representative food/agriculture anchors.",Keep excluded from the playable core. Reconsider only if a future category is both highly recognizable and demonstrably distinct from retained crop/livestock/food anchors.,,
649,"Largest Treenuts, Total harvested area",Agriculture · QCL:'F1729:5312,FAOSTAT,,generic_v15_rejected_only,verified,retain_exclusion,confirm_reasoned_exclusion,agriculture_item_matrix_overproliferation,"The concept comes from the legacy FAOSTAT item-by-element expansion matrix. Even when source-valid, the remaining yield/area/production/animal-count slices add low marginal variety and would re-saturate an already agriculture-heavy catalog; v16.2.6 deliberately prefers a small set of recognizable representative food/agriculture anchors.",Keep excluded from the playable core. Reconsider only if a future category is both highly recognizable and demonstrably distinct from retained crop/livestock/food anchors.,,
652,"Largest Pumpkins, squash and gourds harvested area",Agriculture · QCL:'01235:5312,FAOSTAT,,generic_v15_rejected_only,verified,retain_exclusion,confirm_reasoned_exclusion,agriculture_item_matrix_overproliferation,"The concept comes from the legacy FAOSTAT item-by-element expansion matrix. Even when source-valid, the remaining yield/area/production/animal-count slices add low marginal variety and would re-saturate an already agriculture-heavy catalog; v16.2.6 deliberately prefers a small set of recognizable representative food/agriculture anchors.",Keep excluded from the playable core. Reconsider only if a future category is both highly recognizable and demonstrably distinct from retained crop/livestock/food anchors.,,
653,"Highest pumpkins, squash, and gourds yield",Agriculture · QCL:'01235:5412,FAOSTAT,,generic_v15_rejected_only,verified,retain_exclusion,confirm_reasoned_exclusion,agriculture_item_matrix_overproliferation,"The concept comes from the legacy FAOSTAT item-by-element expansion matrix. Even when source-valid, the remaining yield/area/production/animal-count slices add low marginal variety and would re-saturate an already agriculture-heavy catalog; v16.2.6 deliberately prefers a small set of recognizable representative food/agriculture anchors.",Keep excluded from the playable core. Reconsider only if a future category is both highly recognizable and demonstrably distinct from retained crop/livestock/food anchors.,,
654,Highest watermelons yield,Agriculture · QCL:'01221:5412,FAOSTAT,,generic_v15_rejected_only,verified,retain_exclusion,confirm_reasoned_exclusion,agriculture_item_matrix_overproliferation,"The concept comes from the legacy FAOSTAT item-by-element expansion matrix. Even when source-valid, the remaining yield/area/production/animal-count slices add low marginal variety and would re-saturate an already agriculture-heavy catalog; v16.2.6 deliberately prefers a small set of recognizable representative food/agriculture anchors.",Keep excluded from the playable core. Reconsider only if a future category is both highly recognizable and demonstrably distinct from retained crop/livestock/food anchors.,,
655,"Highest Treenuts, Total yield",Agriculture · QCL:'F1729:5412,FAOSTAT,,generic_v15_rejected_only,verified,retain_exclusion,confirm_reasoned_exclusion,agriculture_item_matrix_overproliferation,"The concept comes from the legacy FAOSTAT item-by-element expansion matrix. Even when source-valid, the remaining yield/area/production/animal-count slices add low marginal variety and would re-saturate an already agriculture-heavy catalog; v16.2.6 deliberately prefers a small set of recognizable representative food/agriculture anchors.",Keep excluded from the playable core. Reconsider only if a future category is both highly recognizable and demonstrably distinct from retained crop/livestock/food anchors.,,
657,Highest bananas yield,Fruit · QCL:'01312:5412,FAOSTAT,,generic_v15_rejected_only,verified,retain_exclusion,confirm_reasoned_exclusion,agriculture_item_matrix_overproliferation,"The concept comes from the legacy FAOSTAT item-by-element expansion matrix. Even when source-valid, the remaining yield/area/production/animal-count slices add low marginal variety and would re-saturate an already agriculture-heavy catalog; v16.2.6 deliberately prefers a small set of recognizable representative food/agriculture anchors.",Keep excluded from the playable core. Reconsider only if a future category is both highly recognizable and demonstrably distinct from retained crop/livestock/food anchors.,,
658,Highest oranges yield,Fruit · QCL:'01323:5412,FAOSTAT,,generic_v15_rejected_only,verified,retain_exclusion,confirm_reasoned_exclusion,agriculture_item_matrix_overproliferation,"The concept comes from the legacy FAOSTAT item-by-element expansion matrix. Even when source-valid, the remaining yield/area/production/animal-count slices add low marginal variety and would re-saturate an already agriculture-heavy catalog; v16.2.6 deliberately prefers a small set of recognizable representative food/agriculture anchors.",Keep excluded from the playable core. Reconsider only if a future category is both highly recognizable and demonstrably distinct from retained crop/livestock/food anchors.,,
659,Largest Other pulses n.e.c. harvested area,Agriculture · QCL:'01709.90:5312,FAOSTAT,,generic_v15_rejected_only,verified,retain_exclusion,confirm_reasoned_exclusion,agriculture_item_matrix_overproliferation,"The concept comes from the legacy FAOSTAT item-by-element expansion matrix. Even when source-valid, the remaining yield/area/production/animal-count slices add low marginal variety and would re-saturate an already agriculture-heavy catalog; v16.2.6 deliberately prefers a small set of recognizable representative food/agriculture anchors.",Keep excluded from the playable core. Reconsider only if a future category is both highly recognizable and demonstrably distinct from retained crop/livestock/food anchors.,,
660,Highest peanuts yield,Agriculture · QCL:'0142:5412,FAOSTAT,,generic_v15_rejected_only,verified,retain_exclusion,confirm_reasoned_exclusion,agriculture_item_matrix_overproliferation,"The concept comes from the legacy FAOSTAT item-by-element expansion matrix. Even when source-valid, the remaining yield/area/production/animal-count slices add low marginal variety and would re-saturate an already agriculture-heavy catalog; v16.2.6 deliberately prefers a small set of recognizable representative food/agriculture anchors.",Keep excluded from the playable core. Reconsider only if a future category is both highly recognizable and demonstrably distinct from retained crop/livestock/food anchors.,,
661,Most green garlic produced,Agriculture · QCL:'01252:5510,FAOSTAT,,generic_v15_rejected_only,verified,retain_exclusion,confirm_reasoned_exclusion,agriculture_item_matrix_overproliferation,"The concept comes from the legacy FAOSTAT item-by-element expansion matrix. Even when source-valid, the remaining yield/area/production/animal-count slices add low marginal variety and would re-saturate an already agriculture-heavy catalog; v16.2.6 deliberately prefers a small set of recognizable representative food/agriculture anchors.",Keep excluded from the playable core. Reconsider only if a future category is both highly recognizable and demonstrably distinct from retained crop/livestock/food anchors.,,
663,Highest Raw milk of goats yield,Livestock · QCL:'02292:5417,FAOSTAT,,generic_v15_rejected_only,verified,retain_exclusion,confirm_reasoned_exclusion,agriculture_item_matrix_overproliferation,"The concept comes from the legacy FAOSTAT item-by-element expansion matrix. Even when source-valid, the remaining yield/area/production/animal-count slices add low marginal variety and would re-saturate an already agriculture-heavy catalog; v16.2.6 deliberately prefers a small set of recognizable representative food/agriculture anchors.",Keep excluded from the playable core. Reconsider only if a future category is both highly recognizable and demonstrably distinct from retained crop/livestock/food anchors.,,
664,Largest Green garlic harvested area,Agriculture · QCL:'01252:5312,FAOSTAT,,generic_v15_rejected_only,verified,retain_exclusion,confirm_reasoned_exclusion,agriculture_item_matrix_overproliferation,"The concept comes from the legacy FAOSTAT item-by-element expansion matrix. Even when source-valid, the remaining yield/area/production/animal-count slices add low marginal variety and would re-saturate an already agriculture-heavy catalog; v16.2.6 deliberately prefers a small set of recognizable representative food/agriculture anchors.",Keep excluded from the playable core. Reconsider only if a future category is both highly recognizable and demonstrably distinct from retained crop/livestock/food anchors.,,
665,"Largest Peas, dry harvested area",Agriculture · QCL:'01705:5312,FAOSTAT,,generic_v15_rejected_only,verified,retain_exclusion,confirm_reasoned_exclusion,agriculture_item_matrix_overproliferation,"The concept comes from the legacy FAOSTAT item-by-element expansion matrix. Even when source-valid, the remaining yield/area/production/animal-count slices add low marginal variety and would re-saturate an already agriculture-heavy catalog; v16.2.6 deliberately prefers a small set of recognizable representative food/agriculture anchors.",Keep excluded from the playable core. Reconsider only if a future category is both highly recognizable and demonstrably distinct from retained crop/livestock/food anchors.,,
666,Highest dry peas yield,Agriculture · QCL:'01705:5412,FAOSTAT,,generic_v15_rejected_only,verified,retain_exclusion,confirm_reasoned_exclusion,agriculture_item_matrix_overproliferation,"The concept comes from the legacy FAOSTAT item-by-element expansion matrix. Even when source-valid, the remaining yield/area/production/animal-count slices add low marginal variety and would re-saturate an already agriculture-heavy catalog; v16.2.6 deliberately prefers a small set of recognizable representative food/agriculture anchors.",Keep excluded from the playable core. Reconsider only if a future category is both highly recognizable and demonstrably distinct from retained crop/livestock/food anchors.,,
667,Highest cauliflower and broccoli yield,Agriculture · QCL:'01213:5412,FAOSTAT,,generic_v15_rejected_only,verified,retain_exclusion,confirm_reasoned_exclusion,agriculture_item_matrix_overproliferation,"The concept comes from the legacy FAOSTAT item-by-element expansion matrix. Even when source-valid, the remaining yield/area/production/animal-count slices add low marginal variety and would re-saturate an already agriculture-heavy catalog; v16.2.6 deliberately prefers a small set of recognizable representative food/agriculture anchors.",Keep excluded from the playable core. Reconsider only if a future category is both highly recognizable and demonstrably distinct from retained crop/livestock/food anchors.,,
668,Highest apples yield,Fruit · QCL:'01341:5412,FAOSTAT,,generic_v15_rejected_only,verified,retain_exclusion,confirm_reasoned_exclusion,agriculture_item_matrix_overproliferation,"The concept comes from the legacy FAOSTAT item-by-element expansion matrix. Even when source-valid, the remaining yield/area/production/animal-count slices add low marginal variety and would re-saturate an already agriculture-heavy catalog; v16.2.6 deliberately prefers a small set of recognizable representative food/agriculture anchors.",Keep excluded from the playable core. Reconsider only if a future category is both highly recognizable and demonstrably distinct from retained crop/livestock/food anchors.,,
670,Most fruit produced,Fruit · QCL:'F1738:5312,FAOSTAT,,generic_v15_rejected_only,verified,clear_legacy_block_current_path_governs,clear_generic_legacy_block,current_canonical_path_governs,"This legacy row collides with a current retained/validated-path concept (Most fruit produced). The old rejected source/path must remain dead, but its title-level legacy veto must not disable the current canonical path.","Clear only the historical title/semantic veto. Keep the old source row excluded and let the current category pass the normal source, quality, duplicate and editorial gates.",existing:QCL:'F1738:5510,retained_existing_subject_to_shared_gate
671,"Most meat, Total produced",Livestock · QCL:'F1765:5510,FAOSTAT,,generic_v15_rejected_only,verified,retain_exclusion,confirm_reasoned_exclusion,agriculture_item_matrix_overproliferation,"The concept comes from the legacy FAOSTAT item-by-element expansion matrix. Even when source-valid, the remaining yield/area/production/animal-count slices add low marginal variety and would re-saturate an already agriculture-heavy catalog; v16.2.6 deliberately prefers a small set of recognizable representative food/agriculture anchors.",Keep excluded from the playable core. Reconsider only if a future category is both highly recognizable and demonstrably distinct from retained crop/livestock/food anchors.,,
673,"Largest Roots and Tubers, Total harvested area",Agriculture · QCL:'F1720:5312,FAOSTAT,,generic_v15_rejected_only,verified,retain_exclusion,confirm_reasoned_exclusion,agriculture_item_matrix_overproliferation,"The concept comes from the legacy FAOSTAT item-by-element expansion matrix. Even when source-valid, the remaining yield/area/production/animal-count slices add low marginal variety and would re-saturate an already agriculture-heavy catalog; v16.2.6 deliberately prefers a small set of recognizable representative food/agriculture anchors.",Keep excluded from the playable core. Reconsider only if a future category is both highly recognizable and demonstrably distinct from retained crop/livestock/food anchors.,,
674,Largest Vegetables Primary harvested area,Vegetables · QCL:'F1735:5312,FAOSTAT,,generic_v15_rejected_only,verified,retain_exclusion,confirm_reasoned_exclusion,agriculture_item_matrix_overproliferation,"The concept comes from the legacy FAOSTAT item-by-element expansion matrix. Even when source-valid, the remaining yield/area/production/animal-count slices add low marginal variety and would re-saturate an already agriculture-heavy catalog; v16.2.6 deliberately prefers a small set of recognizable representative food/agriculture anchors.",Keep excluded from the playable core. Reconsider only if a future category is both highly recognizable and demonstrably distinct from retained crop/livestock/food anchors.,,
677,"Most Beef and Buffalo Meat, primary producing animals",Livestock · QCL:'F1806:5320,FAOSTAT,,generic_v15_rejected_only,verified,retain_exclusion,confirm_reasoned_exclusion,agriculture_item_matrix_overproliferation,"The concept comes from the legacy FAOSTAT item-by-element expansion matrix. Even when source-valid, the remaining yield/area/production/animal-count slices add low marginal variety and would re-saturate an already agriculture-heavy catalog; v16.2.6 deliberately prefers a small set of recognizable representative food/agriculture anchors.",Keep excluded from the playable core. Reconsider only if a future category is both highly recognizable and demonstrably distinct from retained crop/livestock/food anchors.,,
679,"Most meat, Poultry produced",Livestock · QCL:'F1808:5510,FAOSTAT,,generic_v15_rejected_only,verified,retain_exclusion,confirm_reasoned_exclusion,agriculture_item_matrix_overproliferation,"The concept comes from the legacy FAOSTAT item-by-element expansion matrix. Even when source-valid, the remaining yield/area/production/animal-count slices add low marginal variety and would re-saturate an already agriculture-heavy catalog; v16.2.6 deliberately prefers a small set of recognizable representative food/agriculture anchors.",Keep excluded from the playable core. Reconsider only if a future category is both highly recognizable and demonstrably distinct from retained crop/livestock/food anchors.,,
680,"Most Cattle fat, unrendered producing animals",Livestock · QCL:'21512:5320,FAOSTAT,,generic_v15_rejected_only,verified,retain_exclusion,confirm_reasoned_exclusion,agriculture_item_matrix_overproliferation,"The concept comes from the legacy FAOSTAT item-by-element expansion matrix. Even when source-valid, the remaining yield/area/production/animal-count slices add low marginal variety and would re-saturate an already agriculture-heavy catalog; v16.2.6 deliberately prefers a small set of recognizable representative food/agriculture anchors.",Keep excluded from the playable core. Reconsider only if a future category is both highly recognizable and demonstrably distinct from retained crop/livestock/food anchors.,,
681,"Most Edible offal of cattle, fresh, chilled or frozen producing animals",Livestock · QCL:'21151:5320,FAOSTAT,,generic_v15_rejected_only,verified,retain_exclusion,confirm_reasoned_exclusion,agriculture_item_matrix_overproliferation,"The concept comes from the legacy FAOSTAT item-by-element expansion matrix. Even when source-valid, the remaining yield/area/production/animal-count slices add low marginal variety and would re-saturate an already agriculture-heavy catalog; v16.2.6 deliberately prefers a small set of recognizable representative food/agriculture anchors.",Keep excluded from the playable core. Reconsider only if a future category is both highly recognizable and demonstrably distinct from retained crop/livestock/food anchors.,,
682,"Most meat of cattle with the bone, fresh or chilled produced",Livestock · QCL:'21111.01:5510,FAOSTAT,,generic_v15_rejected_only,verified,retain_exclusion,confirm_reasoned_exclusion,agriculture_item_matrix_overproliferation,"The concept comes from the legacy FAOSTAT item-by-element expansion matrix. Even when source-valid, the remaining yield/area/production/animal-count slices add low marginal variety and would re-saturate an already agriculture-heavy catalog; v16.2.6 deliberately prefers a small set of recognizable representative food/agriculture anchors.",Keep excluded from the playable core. Reconsider only if a future category is both highly recognizable and demonstrably distinct from retained crop/livestock/food anchors.,,
683,"Most Meat of cattle with the bone, fresh or chilled producing animals",Livestock · QCL:'21111.01:5320,FAOSTAT,,generic_v15_rejected_only,verified,retain_exclusion,confirm_reasoned_exclusion,agriculture_item_matrix_overproliferation,"The concept comes from the legacy FAOSTAT item-by-element expansion matrix. Even when source-valid, the remaining yield/area/production/animal-count slices add low marginal variety and would re-saturate an already agriculture-heavy catalog; v16.2.6 deliberately prefers a small set of recognizable representative food/agriculture anchors.",Keep excluded from the playable core. Reconsider only if a future category is both highly recognizable and demonstrably distinct from retained crop/livestock/food anchors.,,
684,Most Raw hides and skins of cattle producing animals,Livestock · QCL:'02951.01:5320,FAOSTAT,,generic_v15_rejected_only,verified,retain_exclusion,confirm_reasoned_exclusion,agriculture_item_matrix_overproliferation,"The concept comes from the legacy FAOSTAT item-by-element expansion matrix. Even when source-valid, the remaining yield/area/production/animal-count slices add low marginal variety and would re-saturate an already agriculture-heavy catalog; v16.2.6 deliberately prefers a small set of recognizable representative food/agriculture anchors.",Keep excluded from the playable core. Reconsider only if a future category is both highly recognizable and demonstrably distinct from retained crop/livestock/food anchors.,,
687,"Most Milk, Total milk-producing animals",Livestock · QCL:'F1780:5318,FAOSTAT,,generic_v15_rejected_only,verified,retain_exclusion,confirm_reasoned_exclusion,agriculture_item_matrix_overproliferation,"The concept comes from the legacy FAOSTAT item-by-element expansion matrix. Even when source-valid, the remaining yield/area/production/animal-count slices add low marginal variety and would re-saturate an already agriculture-heavy catalog; v16.2.6 deliberately prefers a small set of recognizable representative food/agriculture anchors.",Keep excluded from the playable core. Reconsider only if a future category is both highly recognizable and demonstrably distinct from retained crop/livestock/food anchors.,,
688,"Most milk, Total produced",Dairy · QCL:'F1780:5510,FAOSTAT,,generic_v15_rejected_only,verified,retain_exclusion,confirm_reasoned_exclusion,agriculture_item_matrix_overproliferation,"The concept comes from the legacy FAOSTAT item-by-element expansion matrix. Even when source-valid, the remaining yield/area/production/animal-count slices add low marginal variety and would re-saturate an already agriculture-heavy catalog; v16.2.6 deliberately prefers a small set of recognizable representative food/agriculture anchors.",Keep excluded from the playable core. Reconsider only if a future category is both highly recognizable and demonstrably distinct from retained crop/livestock/food anchors.,,
689,Most Raw milk of cattle milk-producing animals,Livestock · QCL:'02211:5318,FAOSTAT,,generic_v15_rejected_only,verified,retain_exclusion,confirm_reasoned_exclusion,agriculture_item_matrix_overproliferation,"The concept comes from the legacy FAOSTAT item-by-element expansion matrix. Even when source-valid, the remaining yield/area/production/animal-count slices add low marginal variety and would re-saturate an already agriculture-heavy catalog; v16.2.6 deliberately prefers a small set of recognizable representative food/agriculture anchors.",Keep excluded from the playable core. Reconsider only if a future category is both highly recognizable and demonstrably distinct from retained crop/livestock/food anchors.,,
692,"Most meat of sheep, fresh or chilled produced",Livestock · QCL:'21115:5510,FAOSTAT,,generic_v15_rejected_only,verified,retain_exclusion,confirm_reasoned_exclusion,agriculture_item_matrix_overproliferation,"The concept comes from the legacy FAOSTAT item-by-element expansion matrix. Even when source-valid, the remaining yield/area/production/animal-count slices add low marginal variety and would re-saturate an already agriculture-heavy catalog; v16.2.6 deliberately prefers a small set of recognizable representative food/agriculture anchors.",Keep excluded from the playable core. Reconsider only if a future category is both highly recognizable and demonstrably distinct from retained crop/livestock/food anchors.,,
693,"Largest Pulses, Total harvested area",Agriculture · QCL:'F1726:5312,FAOSTAT,,generic_v15_rejected_only,verified,retain_exclusion,confirm_reasoned_exclusion,agriculture_item_matrix_overproliferation,"The concept comes from the legacy FAOSTAT item-by-element expansion matrix. Even when source-valid, the remaining yield/area/production/animal-count slices add low marginal variety and would re-saturate an already agriculture-heavy catalog; v16.2.6 deliberately prefers a small set of recognizable representative food/agriculture anchors.",Keep excluded from the playable core. Reconsider only if a future category is both highly recognizable and demonstrably distinct from retained crop/livestock/food anchors.,,
695,"Highest Pulses, Total yield",Agriculture · QCL:'F1726:5412,FAOSTAT,,generic_v15_rejected_only,verified,retain_exclusion,confirm_reasoned_exclusion,agriculture_item_matrix_overproliferation,"The concept comes from the legacy FAOSTAT item-by-element expansion matrix. Even when source-valid, the remaining yield/area/production/animal-count slices add low marginal variety and would re-saturate an already agriculture-heavy catalog; v16.2.6 deliberately prefers a small set of recognizable representative food/agriculture anchors.",Keep excluded from the playable core. Reconsider only if a future category is both highly recognizable and demonstrably distinct from retained crop/livestock/food anchors.,,
696,Largest Maize (corn) harvested area,Crops · QCL:'0112:5312,FAOSTAT,,generic_v15_rejected_only,verified,retain_exclusion,confirm_reasoned_exclusion,agriculture_item_matrix_overproliferation,"The concept comes from the legacy FAOSTAT item-by-element expansion matrix. Even when source-valid, the remaining yield/area/production/animal-count slices add low marginal variety and would re-saturate an already agriculture-heavy catalog; v16.2.6 deliberately prefers a small set of recognizable representative food/agriculture anchors.",Keep excluded from the playable core. Reconsider only if a future category is both highly recognizable and demonstrably distinct from retained crop/livestock/food anchors.,,
698,"Most Edible offal of pigs, fresh, chilled or frozen producing animals",Livestock · QCL:'21153:5320,FAOSTAT,,generic_v15_rejected_only,verified,retain_exclusion,confirm_reasoned_exclusion,agriculture_item_matrix_overproliferation,"The concept comes from the legacy FAOSTAT item-by-element expansion matrix. Even when source-valid, the remaining yield/area/production/animal-count slices add low marginal variety and would re-saturate an already agriculture-heavy catalog; v16.2.6 deliberately prefers a small set of recognizable representative food/agriculture anchors.",Keep excluded from the playable core. Reconsider only if a future category is both highly recognizable and demonstrably distinct from retained crop/livestock/food anchors.,,
699,Most Fat of pigs producing animals,Livestock · QCL:'21511.01:5320,FAOSTAT,,generic_v15_rejected_only,verified,retain_exclusion,confirm_reasoned_exclusion,agriculture_item_matrix_overproliferation,"The concept comes from the legacy FAOSTAT item-by-element expansion matrix. Even when source-valid, the remaining yield/area/production/animal-count slices add low marginal variety and would re-saturate an already agriculture-heavy catalog; v16.2.6 deliberately prefers a small set of recognizable representative food/agriculture anchors.",Keep excluded from the playable core. Reconsider only if a future category is both highly recognizable and demonstrably distinct from retained crop/livestock/food anchors.,,
700,"Most Meat of pig with the bone, fresh or chilled producing animals",Livestock · QCL:'21113.01:5320,FAOSTAT,,generic_v15_rejected_only,verified,retain_exclusion,confirm_reasoned_exclusion,agriculture_item_matrix_overproliferation,"The concept comes from the legacy FAOSTAT item-by-element expansion matrix. Even when source-valid, the remaining yield/area/production/animal-count slices add low marginal variety and would re-saturate an already agriculture-heavy catalog; v16.2.6 deliberately prefers a small set of recognizable representative food/agriculture anchors.",Keep excluded from the playable core. Reconsider only if a future category is both highly recognizable and demonstrably distinct from retained crop/livestock/food anchors.,,
702,Highest Eggs Primary yield,Agriculture · QCL:'F1783:5424,FAOSTAT,,generic_v15_rejected_only,verified,retain_exclusion,confirm_reasoned_exclusion,agriculture_item_matrix_overproliferation,"The concept comes from the legacy FAOSTAT item-by-element expansion matrix. Even when source-valid, the remaining yield/area/production/animal-count slices add low marginal variety and would re-saturate an already agriculture-heavy catalog; v16.2.6 deliberately prefers a small set of recognizable representative food/agriculture anchors.",Keep excluded from the playable core. Reconsider only if a future category is both highly recognizable and demonstrably distinct from retained crop/livestock/food anchors.,,
703,"Highest Hen eggs in shell, fresh yield",Agriculture · QCL:'0231:5424,FAOSTAT,,generic_v15_rejected_only,verified,retain_exclusion,confirm_reasoned_exclusion,agriculture_item_matrix_overproliferation,"The concept comes from the legacy FAOSTAT item-by-element expansion matrix. Even when source-valid, the remaining yield/area/production/animal-count slices add low marginal variety and would re-saturate an already agriculture-heavy catalog; v16.2.6 deliberately prefers a small set of recognizable representative food/agriculture anchors.",Keep excluded from the playable core. Reconsider only if a future category is both highly recognizable and demonstrably distinct from retained crop/livestock/food anchors.,,
704,Largest Tomatoes harvested area,Vegetables · QCL:'01234:5312,FAOSTAT,,generic_v15_rejected_only,verified,retain_exclusion,confirm_reasoned_exclusion,agriculture_item_matrix_overproliferation,"The concept comes from the legacy FAOSTAT item-by-element expansion matrix. Even when source-valid, the remaining yield/area/production/animal-count slices add low marginal variety and would re-saturate an already agriculture-heavy catalog; v16.2.6 deliberately prefers a small set of recognizable representative food/agriculture anchors.",Keep excluded from the playable core. Reconsider only if a future category is both highly recognizable and demonstrably distinct from retained crop/livestock/food anchors.,,
705,"Highest Oilcrops, Oil Equivalent yield",Crops · QCL:'F1732:5412,FAOSTAT,,generic_v15_rejected_only,verified,retain_exclusion,confirm_reasoned_exclusion,agriculture_item_matrix_overproliferation,"The concept comes from the legacy FAOSTAT item-by-element expansion matrix. Even when source-valid, the remaining yield/area/production/animal-count slices add low marginal variety and would re-saturate an already agriculture-heavy catalog; v16.2.6 deliberately prefers a small set of recognizable representative food/agriculture anchors.",Keep excluded from the playable core. Reconsider only if a future category is both highly recognizable and demonstrably distinct from retained crop/livestock/food anchors.,,
706,"Highest Oilcrops, Cake Equivalent yield",Crops · QCL:'F1841:5412,FAOSTAT,,generic_v15_rejected_only,verified,retain_exclusion,confirm_reasoned_exclusion,agriculture_item_matrix_overproliferation,"The concept comes from the legacy FAOSTAT item-by-element expansion matrix. Even when source-valid, the remaining yield/area/production/animal-count slices add low marginal variety and would re-saturate an already agriculture-heavy catalog; v16.2.6 deliberately prefers a small set of recognizable representative food/agriculture anchors.",Keep excluded from the playable core. Reconsider only if a future category is both highly recognizable and demonstrably distinct from retained crop/livestock/food anchors.,,
707,Largest Cabbages harvested area,Vegetables · QCL:'01212:5312,FAOSTAT,,generic_v15_rejected_only,verified,retain_exclusion,confirm_reasoned_exclusion,agriculture_item_matrix_overproliferation,"The concept comes from the legacy FAOSTAT item-by-element expansion matrix. Even when source-valid, the remaining yield/area/production/animal-count slices add low marginal variety and would re-saturate an already agriculture-heavy catalog; v16.2.6 deliberately prefers a small set of recognizable representative food/agriculture anchors.",Keep excluded from the playable core. Reconsider only if a future category is both highly recognizable and demonstrably distinct from retained crop/livestock/food anchors.,,
708,Largest Sugar Crops Primary harvested area,Crops · QCL:'F1723:5312,FAOSTAT,,generic_v15_rejected_only,verified,retain_exclusion,confirm_reasoned_exclusion,agriculture_item_matrix_overproliferation,"The concept comes from the legacy FAOSTAT item-by-element expansion matrix. Even when source-valid, the remaining yield/area/production/animal-count slices add low marginal variety and would re-saturate an already agriculture-heavy catalog; v16.2.6 deliberately prefers a small set of recognizable representative food/agriculture anchors.",Keep excluded from the playable core. Reconsider only if a future category is both highly recognizable and demonstrably distinct from retained crop/livestock/food anchors.,,
709,Most sugar Crops Primary produced,Crops · QCL:'F1723:5510,FAOSTAT,,generic_v15_rejected_only,verified,retain_exclusion,confirm_reasoned_exclusion,agriculture_item_matrix_overproliferation,"The concept comes from the legacy FAOSTAT item-by-element expansion matrix. Even when source-valid, the remaining yield/area/production/animal-count slices add low marginal variety and would re-saturate an already agriculture-heavy catalog; v16.2.6 deliberately prefers a small set of recognizable representative food/agriculture anchors.",Keep excluded from the playable core. Reconsider only if a future category is both highly recognizable and demonstrably distinct from retained crop/livestock/food anchors.,,
711,Largest Rice harvested area,Crops · QCL:'0113:5312,FAOSTAT,,generic_v15_rejected_only,verified,retain_exclusion,confirm_reasoned_exclusion,agriculture_item_matrix_overproliferation,"The concept comes from the legacy FAOSTAT item-by-element expansion matrix. Even when source-valid, the remaining yield/area/production/animal-count slices add low marginal variety and would re-saturate an already agriculture-heavy catalog; v16.2.6 deliberately prefers a small set of recognizable representative food/agriculture anchors.",Keep excluded from the playable core. Reconsider only if a future category is both highly recognizable and demonstrably distinct from retained crop/livestock/food anchors.,,
713,Largest Cucumbers and gherkins harvested area,Vegetables · QCL:'01232:5312,FAOSTAT,,generic_v15_rejected_only,verified,retain_exclusion,confirm_reasoned_exclusion,agriculture_item_matrix_overproliferation,"The concept comes from the legacy FAOSTAT item-by-element expansion matrix. Even when source-valid, the remaining yield/area/production/animal-count slices add low marginal variety and would re-saturate an already agriculture-heavy catalog; v16.2.6 deliberately prefers a small set of recognizable representative food/agriculture anchors.",Keep excluded from the playable core. Reconsider only if a future category is both highly recognizable and demonstrably distinct from retained crop/livestock/food anchors.,,
715,Largest Watermelons harvested area,Agriculture · QCL:'01221:5312,FAOSTAT,,generic_v15_rejected_only,verified,retain_exclusion,confirm_reasoned_exclusion,agriculture_item_matrix_overproliferation,"The concept comes from the legacy FAOSTAT item-by-element expansion matrix. Even when source-valid, the remaining yield/area/production/animal-count slices add low marginal variety and would re-saturate an already agriculture-heavy catalog; v16.2.6 deliberately prefers a small set of recognizable representative food/agriculture anchors.",Keep excluded from the playable core. Reconsider only if a future category is both highly recognizable and demonstrably distinct from retained crop/livestock/food anchors.,,
716,Largest Carrots and turnips harvested area,Vegetables · QCL:'01251:5312,FAOSTAT,,generic_v15_rejected_only,verified,retain_exclusion,confirm_reasoned_exclusion,agriculture_item_matrix_overproliferation,"The concept comes from the legacy FAOSTAT item-by-element expansion matrix. Even when source-valid, the remaining yield/area/production/animal-count slices add low marginal variety and would re-saturate an already agriculture-heavy catalog; v16.2.6 deliberately prefers a small set of recognizable representative food/agriculture anchors.",Keep excluded from the playable core. Reconsider only if a future category is both highly recognizable and demonstrably distinct from retained crop/livestock/food anchors.,,
717,"Largest Chillies and peppers, green (Capsicum spp. and Pimenta spp.) harvested area",Vegetables · QCL:'01231:5312,FAOSTAT,,generic_v15_rejected_only,verified,retain_exclusion,confirm_reasoned_exclusion,agriculture_item_matrix_overproliferation,"The concept comes from the legacy FAOSTAT item-by-element expansion matrix. Even when source-valid, the remaining yield/area/production/animal-count slices add low marginal variety and would re-saturate an already agriculture-heavy catalog; v16.2.6 deliberately prefers a small set of recognizable representative food/agriculture anchors.",Keep excluded from the playable core. Reconsider only if a future category is both highly recognizable and demonstrably distinct from retained crop/livestock/food anchors.,,
719,Highest Unmanufactured tobacco yield,Agriculture · QCL:'01970:5412,FAOSTAT,,generic_v15_rejected_only,verified,retain_exclusion,confirm_reasoned_exclusion,agriculture_item_matrix_overproliferation,"The concept comes from the legacy FAOSTAT item-by-element expansion matrix. Even when source-valid, the remaining yield/area/production/animal-count slices add low marginal variety and would re-saturate an already agriculture-heavy catalog; v16.2.6 deliberately prefers a small set of recognizable representative food/agriculture anchors.",Keep excluded from the playable core. Reconsider only if a future category is both highly recognizable and demonstrably distinct from retained crop/livestock/food anchors.,,
720,Largest Sorghum harvested area,Agriculture · QCL:'0114:5312,FAOSTAT,,generic_v15_rejected_only,verified,retain_exclusion,confirm_reasoned_exclusion,agriculture_item_matrix_overproliferation,"The concept comes from the legacy FAOSTAT item-by-element expansion matrix. Even when source-valid, the remaining yield/area/production/animal-count slices add low marginal variety and would re-saturate an already agriculture-heavy catalog; v16.2.6 deliberately prefers a small set of recognizable representative food/agriculture anchors.",Keep excluded from the playable core. Reconsider only if a future category is both highly recognizable and demonstrably distinct from retained crop/livestock/food anchors.,,
722,Largest Soya beans harvested area,Crops · QCL:'0141:5312,FAOSTAT,,generic_v15_rejected_only,verified,retain_exclusion,confirm_reasoned_exclusion,agriculture_item_matrix_overproliferation,"The concept comes from the legacy FAOSTAT item-by-element expansion matrix. Even when source-valid, the remaining yield/area/production/animal-count slices add low marginal variety and would re-saturate an already agriculture-heavy catalog; v16.2.6 deliberately prefers a small set of recognizable representative food/agriculture anchors.",Keep excluded from the playable core. Reconsider only if a future category is both highly recognizable and demonstrably distinct from retained crop/livestock/food anchors.,,
723,Most other pulses n.e.c. produced,Agriculture · QCL:'01709.90:5510,FAOSTAT,,generic_v15_rejected_only,verified,retain_exclusion,confirm_reasoned_exclusion,agriculture_item_matrix_overproliferation,"The concept comes from the legacy FAOSTAT item-by-element expansion matrix. Even when source-valid, the remaining yield/area/production/animal-count slices add low marginal variety and would re-saturate an already agriculture-heavy catalog; v16.2.6 deliberately prefers a small set of recognizable representative food/agriculture anchors.",Keep excluded from the playable core. Reconsider only if a future category is both highly recognizable and demonstrably distinct from retained crop/livestock/food anchors.,,
725,Highest sorghum yield,Agriculture · QCL:'0114:5412,FAOSTAT,,generic_v15_rejected_only,verified,retain_exclusion,confirm_reasoned_exclusion,agriculture_item_matrix_overproliferation,"The concept comes from the legacy FAOSTAT item-by-element expansion matrix. Even when source-valid, the remaining yield/area/production/animal-count slices add low marginal variety and would re-saturate an already agriculture-heavy catalog; v16.2.6 deliberately prefers a small set of recognizable representative food/agriculture anchors.",Keep excluded from the playable core. Reconsider only if a future category is both highly recognizable and demonstrably distinct from retained crop/livestock/food anchors.,,
726,"Largest Groundnuts, excluding shelled harvested area",Agriculture · QCL:'0142:5312,FAOSTAT,,generic_v15_rejected_only,verified,retain_exclusion,confirm_reasoned_exclusion,agriculture_item_matrix_overproliferation,"The concept comes from the legacy FAOSTAT item-by-element expansion matrix. Even when source-valid, the remaining yield/area/production/animal-count slices add low marginal variety and would re-saturate an already agriculture-heavy catalog; v16.2.6 deliberately prefers a small set of recognizable representative food/agriculture anchors.",Keep excluded from the playable core. Reconsider only if a future category is both highly recognizable and demonstrably distinct from retained crop/livestock/food anchors.,,
728,Highest sweet potatoes yield,Crops · QCL:'01530:5412,FAOSTAT,,generic_v15_rejected_only,verified,retain_exclusion,confirm_reasoned_exclusion,agriculture_item_matrix_overproliferation,"The concept comes from the legacy FAOSTAT item-by-element expansion matrix. Even when source-valid, the remaining yield/area/production/animal-count slices add low marginal variety and would re-saturate an already agriculture-heavy catalog; v16.2.6 deliberately prefers a small set of recognizable representative food/agriculture anchors.",Keep excluded from the playable core. Reconsider only if a future category is both highly recognizable and demonstrably distinct from retained crop/livestock/food anchors.,,
730,Highest dry beans yield,Crops · QCL:'01701:5412,FAOSTAT,,generic_v15_rejected_only,verified,retain_exclusion,confirm_reasoned_exclusion,agriculture_item_matrix_overproliferation,"The concept comes from the legacy FAOSTAT item-by-element expansion matrix. Even when source-valid, the remaining yield/area/production/animal-count slices add low marginal variety and would re-saturate an already agriculture-heavy catalog; v16.2.6 deliberately prefers a small set of recognizable representative food/agriculture anchors.",Keep excluded from the playable core. Reconsider only if a future category is both highly recognizable and demonstrably distinct from retained crop/livestock/food anchors.,,
731,"Largest Beans, dry harvested area",Crops · QCL:'01701:5312,FAOSTAT,,generic_v15_rejected_only,verified,retain_exclusion,confirm_reasoned_exclusion,agriculture_item_matrix_overproliferation,"The concept comes from the legacy FAOSTAT item-by-element expansion matrix. Even when source-valid, the remaining yield/area/production/animal-count slices add low marginal variety and would re-saturate an already agriculture-heavy catalog; v16.2.6 deliberately prefers a small set of recognizable representative food/agriculture anchors.",Keep excluded from the playable core. Reconsider only if a future category is both highly recognizable and demonstrably distinct from retained crop/livestock/food anchors.,,
733,"Most other beans, green produced",Crops · QCL:'01241.90:5510,FAOSTAT,,generic_v15_rejected_only,verified,retain_exclusion,confirm_reasoned_exclusion,agriculture_item_matrix_overproliferation,"The concept comes from the legacy FAOSTAT item-by-element expansion matrix. Even when source-valid, the remaining yield/area/production/animal-count slices add low marginal variety and would re-saturate an already agriculture-heavy catalog; v16.2.6 deliberately prefers a small set of recognizable representative food/agriculture anchors.",Keep excluded from the playable core. Reconsider only if a future category is both highly recognizable and demonstrably distinct from retained crop/livestock/food anchors.,,
734,"Largest Other beans, green harvested area",Crops · QCL:'01241.90:5312,FAOSTAT,,generic_v15_rejected_only,verified,retain_exclusion,confirm_reasoned_exclusion,agriculture_item_matrix_overproliferation,"The concept comes from the legacy FAOSTAT item-by-element expansion matrix. Even when source-valid, the remaining yield/area/production/animal-count slices add low marginal variety and would re-saturate an already agriculture-heavy catalog; v16.2.6 deliberately prefers a small set of recognizable representative food/agriculture anchors.",Keep excluded from the playable core. Reconsider only if a future category is both highly recognizable and demonstrably distinct from retained crop/livestock/food anchors.,,
736,Most Raw milk of goats milk-producing animals,Livestock · QCL:'02292:5318,FAOSTAT,,generic_v15_rejected_only,verified,retain_exclusion,confirm_reasoned_exclusion,agriculture_item_matrix_overproliferation,"The concept comes from the legacy FAOSTAT item-by-element expansion matrix. Even when source-valid, the remaining yield/area/production/animal-count slices add low marginal variety and would re-saturate an already agriculture-heavy catalog; v16.2.6 deliberately prefers a small set of recognizable representative food/agriculture anchors.",Keep excluded from the playable core. Reconsider only if a future category is both highly recognizable and demonstrably distinct from retained crop/livestock/food anchors.,,
737,Largest Cantaloupes and other melons harvested area,Agriculture · QCL:'01229:5312,FAOSTAT,,generic_v15_rejected_only,verified,retain_exclusion,confirm_reasoned_exclusion,agriculture_item_matrix_overproliferation,"The concept comes from the legacy FAOSTAT item-by-element expansion matrix. Even when source-valid, the remaining yield/area/production/animal-count slices add low marginal variety and would re-saturate an already agriculture-heavy catalog; v16.2.6 deliberately prefers a small set of recognizable representative food/agriculture anchors.",Keep excluded from the playable core. Reconsider only if a future category is both highly recognizable and demonstrably distinct from retained crop/livestock/food anchors.,,
738,Largest Lettuce and chicory harvested area,Agriculture · QCL:'01214:5312,FAOSTAT,,generic_v15_rejected_only,verified,retain_exclusion,confirm_reasoned_exclusion,agriculture_item_matrix_overproliferation,"The concept comes from the legacy FAOSTAT item-by-element expansion matrix. Even when source-valid, the remaining yield/area/production/animal-count slices add low marginal variety and would re-saturate an already agriculture-heavy catalog; v16.2.6 deliberately prefers a small set of recognizable representative food/agriculture anchors.",Keep excluded from the playable core. Reconsider only if a future category is both highly recognizable and demonstrably distinct from retained crop/livestock/food anchors.,,
740,"Highest mangoes, guavas, and mangosteens yield",Fruit · QCL:'01316:5412,FAOSTAT,,generic_v15_rejected_only,verified,retain_exclusion,confirm_reasoned_exclusion,agriculture_item_matrix_overproliferation,"The concept comes from the legacy FAOSTAT item-by-element expansion matrix. Even when source-valid, the remaining yield/area/production/animal-count slices add low marginal variety and would re-saturate an already agriculture-heavy catalog; v16.2.6 deliberately prefers a small set of recognizable representative food/agriculture anchors.",Keep excluded from the playable core. Reconsider only if a future category is both highly recognizable and demonstrably distinct from retained crop/livestock/food anchors.,,
741,Largest Grapes harvested area,Fruit · QCL:'01330:5312,FAOSTAT,,generic_v15_rejected_only,verified,retain_exclusion,confirm_reasoned_exclusion,agriculture_item_matrix_overproliferation,"The concept comes from the legacy FAOSTAT item-by-element expansion matrix. Even when source-valid, the remaining yield/area/production/animal-count slices add low marginal variety and would re-saturate an already agriculture-heavy catalog; v16.2.6 deliberately prefers a small set of recognizable representative food/agriculture anchors.",Keep excluded from the playable core. Reconsider only if a future category is both highly recognizable and demonstrably distinct from retained crop/livestock/food anchors.,,
745,Highest grapes yield,Fruit · QCL:'01330:5412,FAOSTAT,,generic_v15_rejected_only,verified,retain_exclusion,confirm_reasoned_exclusion,agriculture_item_matrix_overproliferation,"The concept comes from the legacy FAOSTAT item-by-element expansion matrix. Even when source-valid, the remaining yield/area/production/animal-count slices add low marginal variety and would re-saturate an already agriculture-heavy catalog; v16.2.6 deliberately prefers a small set of recognizable representative food/agriculture anchors.",Keep excluded from the playable core. Reconsider only if a future category is both highly recognizable and demonstrably distinct from retained crop/livestock/food anchors.,,
746,Highest melons yield,Agriculture · QCL:'01229:5412,FAOSTAT,,generic_v15_rejected_only,verified,retain_exclusion,confirm_reasoned_exclusion,agriculture_item_matrix_overproliferation,"The concept comes from the legacy FAOSTAT item-by-element expansion matrix. Even when source-valid, the remaining yield/area/production/animal-count slices add low marginal variety and would re-saturate an already agriculture-heavy catalog; v16.2.6 deliberately prefers a small set of recognizable representative food/agriculture anchors.",Keep excluded from the playable core. Reconsider only if a future category is both highly recognizable and demonstrably distinct from retained crop/livestock/food anchors.,,
747,"Most Meat of chickens, fresh or chilled producing animals",Livestock · QCL:'21121:5321,FAOSTAT,,generic_v15_rejected_only,verified,retain_exclusion,confirm_reasoned_exclusion,agriculture_item_matrix_overproliferation,"The concept comes from the legacy FAOSTAT item-by-element expansion matrix. Even when source-valid, the remaining yield/area/production/animal-count slices add low marginal variety and would re-saturate an already agriculture-heavy catalog; v16.2.6 deliberately prefers a small set of recognizable representative food/agriculture anchors.",Keep excluded from the playable core. Reconsider only if a future category is both highly recognizable and demonstrably distinct from retained crop/livestock/food anchors.,,
748,"Most Meat, Poultry producing animals",Livestock · QCL:'F1808:5321,FAOSTAT,,generic_v15_rejected_only,verified,retain_exclusion,confirm_reasoned_exclusion,agriculture_item_matrix_overproliferation,"The concept comes from the legacy FAOSTAT item-by-element expansion matrix. Even when source-valid, the remaining yield/area/production/animal-count slices add low marginal variety and would re-saturate an already agriculture-heavy catalog; v16.2.6 deliberately prefers a small set of recognizable representative food/agriculture anchors.",Keep excluded from the playable core. Reconsider only if a future category is both highly recognizable and demonstrably distinct from retained crop/livestock/food anchors.,,
749,Most Sheep and Goat Meat producing animals,Livestock · QCL:'F1807:5320,FAOSTAT,,generic_v15_rejected_only,verified,retain_exclusion,confirm_reasoned_exclusion,agriculture_item_matrix_overproliferation,"The concept comes from the legacy FAOSTAT item-by-element expansion matrix. Even when source-valid, the remaining yield/area/production/animal-count slices add low marginal variety and would re-saturate an already agriculture-heavy catalog; v16.2.6 deliberately prefers a small set of recognizable representative food/agriculture anchors.",Keep excluded from the playable core. Reconsider only if a future category is both highly recognizable and demonstrably distinct from retained crop/livestock/food anchors.,,
750,"Most other vegetables, fresh n.e.c. produced",Vegetables · QCL:'01290.90:5510,FAOSTAT,,generic_v15_rejected_only,verified,retain_exclusion,confirm_reasoned_exclusion,agriculture_item_matrix_overproliferation,"The concept comes from the legacy FAOSTAT item-by-element expansion matrix. Even when source-valid, the remaining yield/area/production/animal-count slices add low marginal variety and would re-saturate an already agriculture-heavy catalog; v16.2.6 deliberately prefers a small set of recognizable representative food/agriculture anchors.",Keep excluded from the playable core. Reconsider only if a future category is both highly recognizable and demonstrably distinct from retained crop/livestock/food anchors.,,
751,"Largest Other vegetables, fresh n.e.c. harvested area",Vegetables · QCL:'01290.90:5312,FAOSTAT,,generic_v15_rejected_only,verified,retain_exclusion,confirm_reasoned_exclusion,agriculture_item_matrix_overproliferation,"The concept comes from the legacy FAOSTAT item-by-element expansion matrix. Even when source-valid, the remaining yield/area/production/animal-count slices add low marginal variety and would re-saturate an already agriculture-heavy catalog; v16.2.6 deliberately prefers a small set of recognizable representative food/agriculture anchors.",Keep excluded from the playable core. Reconsider only if a future category is both highly recognizable and demonstrably distinct from retained crop/livestock/food anchors.,,
753,Largest Poultry Birds stocks,Livestock · QCL:'F2029:5112,FAOSTAT,,generic_v15_rejected_only,verified,retain_exclusion,confirm_reasoned_exclusion,agriculture_item_matrix_overproliferation,"The concept comes from the legacy FAOSTAT item-by-element expansion matrix. Even when source-valid, the remaining yield/area/production/animal-count slices add low marginal variety and would re-saturate an already agriculture-heavy catalog; v16.2.6 deliberately prefers a small set of recognizable representative food/agriculture anchors.",Keep excluded from the playable core. Reconsider only if a future category is both highly recognizable and demonstrably distinct from retained crop/livestock/food anchors.,,
754,"Most Edible offal of sheep, fresh, chilled or frozen producing animals",Livestock · QCL:'21155:5320,FAOSTAT,,generic_v15_rejected_only,verified,retain_exclusion,confirm_reasoned_exclusion,agriculture_item_matrix_overproliferation,"The concept comes from the legacy FAOSTAT item-by-element expansion matrix. Even when source-valid, the remaining yield/area/production/animal-count slices add low marginal variety and would re-saturate an already agriculture-heavy catalog; v16.2.6 deliberately prefers a small set of recognizable representative food/agriculture anchors.",Keep excluded from the playable core. Reconsider only if a future category is both highly recognizable and demonstrably distinct from retained crop/livestock/food anchors.,,
755,"Most Meat of sheep, fresh or chilled producing animals",Livestock · QCL:'21115:5320,FAOSTAT,,generic_v15_rejected_only,verified,retain_exclusion,confirm_reasoned_exclusion,agriculture_item_matrix_overproliferation,"The concept comes from the legacy FAOSTAT item-by-element expansion matrix. Even when source-valid, the remaining yield/area/production/animal-count slices add low marginal variety and would re-saturate an already agriculture-heavy catalog; v16.2.6 deliberately prefers a small set of recognizable representative food/agriculture anchors.",Keep excluded from the playable core. Reconsider only if a future category is both highly recognizable and demonstrably distinct from retained crop/livestock/food anchors.,,
756,Most Raw hides and skins of sheep or lambs producing animals,Livestock · QCL:'02953:5320,FAOSTAT,,generic_v15_rejected_only,verified,retain_exclusion,confirm_reasoned_exclusion,agriculture_item_matrix_overproliferation,"The concept comes from the legacy FAOSTAT item-by-element expansion matrix. Even when source-valid, the remaining yield/area/production/animal-count slices add low marginal variety and would re-saturate an already agriculture-heavy catalog; v16.2.6 deliberately prefers a small set of recognizable representative food/agriculture anchors.",Keep excluded from the playable core. Reconsider only if a future category is both highly recognizable and demonstrably distinct from retained crop/livestock/food anchors.,,
757,"Most Sheep fat, unrendered producing animals",Livestock · QCL:'21514:5320,FAOSTAT,,generic_v15_rejected_only,verified,retain_exclusion,confirm_reasoned_exclusion,agriculture_item_matrix_overproliferation,"The concept comes from the legacy FAOSTAT item-by-element expansion matrix. Even when source-valid, the remaining yield/area/production/animal-count slices add low marginal variety and would re-saturate an already agriculture-heavy catalog; v16.2.6 deliberately prefers a small set of recognizable representative food/agriculture anchors.",Keep excluded from the playable core. Reconsider only if a future category is both highly recognizable and demonstrably distinct from retained crop/livestock/food anchors.,,
758,"Highest Hen eggs in shell, fresh yield",Agriculture · QCL:'0231:5413,FAOSTAT,,generic_v15_rejected_only,verified,retain_exclusion,confirm_reasoned_exclusion,agriculture_item_matrix_overproliferation,"The concept comes from the legacy FAOSTAT item-by-element expansion matrix. Even when source-valid, the remaining yield/area/production/animal-count slices add low marginal variety and would re-saturate an already agriculture-heavy catalog; v16.2.6 deliberately prefers a small set of recognizable representative food/agriculture anchors.",Keep excluded from the playable core. Reconsider only if a future category is both highly recognizable and demonstrably distinct from retained crop/livestock/food anchors.,,
760,"Most Edible offal of goat, fresh, chilled or frozen producing animals",Livestock · QCL:'21156:5320,FAOSTAT,,generic_v15_rejected_only,verified,retain_exclusion,confirm_reasoned_exclusion,agriculture_item_matrix_overproliferation,"The concept comes from the legacy FAOSTAT item-by-element expansion matrix. Even when source-valid, the remaining yield/area/production/animal-count slices add low marginal variety and would re-saturate an already agriculture-heavy catalog; v16.2.6 deliberately prefers a small set of recognizable representative food/agriculture anchors.",Keep excluded from the playable core. Reconsider only if a future category is both highly recognizable and demonstrably distinct from retained crop/livestock/food anchors.,,
761,"Most Goat fat, unrendered producing animals",Livestock · QCL:'21515:5320,FAOSTAT,,generic_v15_rejected_only,verified,retain_exclusion,confirm_reasoned_exclusion,agriculture_item_matrix_overproliferation,"The concept comes from the legacy FAOSTAT item-by-element expansion matrix. Even when source-valid, the remaining yield/area/production/animal-count slices add low marginal variety and would re-saturate an already agriculture-heavy catalog; v16.2.6 deliberately prefers a small set of recognizable representative food/agriculture anchors.",Keep excluded from the playable core. Reconsider only if a future category is both highly recognizable and demonstrably distinct from retained crop/livestock/food anchors.,,
762,"Most Meat of goat, fresh or chilled producing animals",Livestock · QCL:'21116:5320,FAOSTAT,,generic_v15_rejected_only,verified,retain_exclusion,confirm_reasoned_exclusion,agriculture_item_matrix_overproliferation,"The concept comes from the legacy FAOSTAT item-by-element expansion matrix. Even when source-valid, the remaining yield/area/production/animal-count slices add low marginal variety and would re-saturate an already agriculture-heavy catalog; v16.2.6 deliberately prefers a small set of recognizable representative food/agriculture anchors.",Keep excluded from the playable core. Reconsider only if a future category is both highly recognizable and demonstrably distinct from retained crop/livestock/food anchors.,,
763,Most Raw hides and skins of goats or kids producing animals,Livestock · QCL:'02954:5320,FAOSTAT,,generic_v15_rejected_only,verified,retain_exclusion,confirm_reasoned_exclusion,agriculture_item_matrix_overproliferation,"The concept comes from the legacy FAOSTAT item-by-element expansion matrix. Even when source-valid, the remaining yield/area/production/animal-count slices add low marginal variety and would re-saturate an already agriculture-heavy catalog; v16.2.6 deliberately prefers a small set of recognizable representative food/agriculture anchors.",Keep excluded from the playable core. Reconsider only if a future category is both highly recognizable and demonstrably distinct from retained crop/livestock/food anchors.,,
764,"Most meat of goat, fresh or chilled produced",Livestock · QCL:'21116:5510,FAOSTAT,,generic_v15_rejected_only,verified,retain_exclusion,confirm_reasoned_exclusion,agriculture_item_matrix_overproliferation,"The concept comes from the legacy FAOSTAT item-by-element expansion matrix. Even when source-valid, the remaining yield/area/production/animal-count slices add low marginal variety and would re-saturate an already agriculture-heavy catalog; v16.2.6 deliberately prefers a small set of recognizable representative food/agriculture anchors.",Keep excluded from the playable core. Reconsider only if a future category is both highly recognizable and demonstrably distinct from retained crop/livestock/food anchors.,,
765,Most eggs Primary produced,Agriculture · QCL:'F1783:5510,FAOSTAT,,generic_v15_rejected_only,verified,retain_exclusion,confirm_reasoned_exclusion,agriculture_item_matrix_overproliferation,"The concept comes from the legacy FAOSTAT item-by-element expansion matrix. Even when source-valid, the remaining yield/area/production/animal-count slices add low marginal variety and would re-saturate an already agriculture-heavy catalog; v16.2.6 deliberately prefers a small set of recognizable representative food/agriculture anchors.",Keep excluded from the playable core. Reconsider only if a future category is both highly recognizable and demonstrably distinct from retained crop/livestock/food anchors.,,
766,"Most hen eggs in shell, fresh produced",Agriculture · QCL:'0231:5510,FAOSTAT,,generic_v15_rejected_only,verified,retain_exclusion,confirm_reasoned_exclusion,agriculture_item_matrix_overproliferation,"The concept comes from the legacy FAOSTAT item-by-element expansion matrix. Even when source-valid, the remaining yield/area/production/animal-count slices add low marginal variety and would re-saturate an already agriculture-heavy catalog; v16.2.6 deliberately prefers a small set of recognizable representative food/agriculture anchors.",Keep excluded from the playable core. Reconsider only if a future category is both highly recognizable and demonstrably distinct from retained crop/livestock/food anchors.,,
767,"Highest Meat of pig with the bone, fresh or chilled yield",Livestock · QCL:'21113.01:5417,FAOSTAT,,generic_v15_rejected_only,verified,retain_exclusion,confirm_reasoned_exclusion,agriculture_item_matrix_overproliferation,"The concept comes from the legacy FAOSTAT item-by-element expansion matrix. Even when source-valid, the remaining yield/area/production/animal-count slices add low marginal variety and would re-saturate an already agriculture-heavy catalog; v16.2.6 deliberately prefers a small set of recognizable representative food/agriculture anchors.",Keep excluded from the playable core. Reconsider only if a future category is both highly recognizable and demonstrably distinct from retained crop/livestock/food anchors.,,
768,"Largest Citrus Fruit, Total harvested area",Fruit · QCL:'F1804:5312,FAOSTAT,,generic_v15_rejected_only,verified,retain_exclusion,confirm_reasoned_exclusion,agriculture_item_matrix_overproliferation,"The concept comes from the legacy FAOSTAT item-by-element expansion matrix. Even when source-valid, the remaining yield/area/production/animal-count slices add low marginal variety and would re-saturate an already agriculture-heavy catalog; v16.2.6 deliberately prefers a small set of recognizable representative food/agriculture anchors.",Keep excluded from the playable core. Reconsider only if a future category is both highly recognizable and demonstrably distinct from retained crop/livestock/food anchors.,,
769,"Most citrus Fruit, Total produced",Fruit · QCL:'F1804:5510,FAOSTAT,,generic_v15_rejected_only,verified,retain_exclusion,confirm_reasoned_exclusion,agriculture_item_matrix_overproliferation,"The concept comes from the legacy FAOSTAT item-by-element expansion matrix. Even when source-valid, the remaining yield/area/production/animal-count slices add low marginal variety and would re-saturate an already agriculture-heavy catalog; v16.2.6 deliberately prefers a small set of recognizable representative food/agriculture anchors.",Keep excluded from the playable core. Reconsider only if a future category is both highly recognizable and demonstrably distinct from retained crop/livestock/food anchors.,,
770,Largest Bananas harvested area,Fruit · QCL:'01312:5312,FAOSTAT,,generic_v15_rejected_only,verified,retain_exclusion,confirm_reasoned_exclusion,agriculture_item_matrix_overproliferation,"The concept comes from the legacy FAOSTAT item-by-element expansion matrix. Even when source-valid, the remaining yield/area/production/animal-count slices add low marginal variety and would re-saturate an already agriculture-heavy catalog; v16.2.6 deliberately prefers a small set of recognizable representative food/agriculture anchors.",Keep excluded from the playable core. Reconsider only if a future category is both highly recognizable and demonstrably distinct from retained crop/livestock/food anchors.,,
773,"Highest Other fruits, n.e.c. yield",Fruit · QCL:'01359.90:5412,FAOSTAT,,generic_v15_rejected_only,verified,retain_exclusion,confirm_reasoned_exclusion,agriculture_item_matrix_overproliferation,"The concept comes from the legacy FAOSTAT item-by-element expansion matrix. Even when source-valid, the remaining yield/area/production/animal-count slices add low marginal variety and would re-saturate an already agriculture-heavy catalog; v16.2.6 deliberately prefers a small set of recognizable representative food/agriculture anchors.",Keep excluded from the playable core. Reconsider only if a future category is both highly recognizable and demonstrably distinct from retained crop/livestock/food anchors.,,
774,Largest Oranges harvested area,Fruit · QCL:'01323:5312,FAOSTAT,,generic_v15_rejected_only,verified,retain_exclusion,confirm_reasoned_exclusion,agriculture_item_matrix_overproliferation,"The concept comes from the legacy FAOSTAT item-by-element expansion matrix. Even when source-valid, the remaining yield/area/production/animal-count slices add low marginal variety and would re-saturate an already agriculture-heavy catalog; v16.2.6 deliberately prefers a small set of recognizable representative food/agriculture anchors.",Keep excluded from the playable core. Reconsider only if a future category is both highly recognizable and demonstrably distinct from retained crop/livestock/food anchors.,,
775,Largest Unmanufactured tobacco harvested area,Agriculture · QCL:'01970:5312,FAOSTAT,,generic_v15_rejected_only,verified,retain_exclusion,confirm_reasoned_exclusion,agriculture_item_matrix_overproliferation,"The concept comes from the legacy FAOSTAT item-by-element expansion matrix. Even when source-valid, the remaining yield/area/production/animal-count slices add low marginal variety and would re-saturate an already agriculture-heavy catalog; v16.2.6 deliberately prefers a small set of recognizable representative food/agriculture anchors.",Keep excluded from the playable core. Reconsider only if a future category is both highly recognizable and demonstrably distinct from retained crop/livestock/food anchors.,,
778,Largest Lemons and limes harvested area,Fruit · QCL:'01322:5312,FAOSTAT,,generic_v15_rejected_only,verified,retain_exclusion,confirm_reasoned_exclusion,agriculture_item_matrix_overproliferation,"The concept comes from the legacy FAOSTAT item-by-element expansion matrix. Even when source-valid, the remaining yield/area/production/animal-count slices add low marginal variety and would re-saturate an already agriculture-heavy catalog; v16.2.6 deliberately prefers a small set of recognizable representative food/agriculture anchors.",Keep excluded from the playable core. Reconsider only if a future category is both highly recognizable and demonstrably distinct from retained crop/livestock/food anchors.,,
780,Highest Other pulses n.e.c. yield,Agriculture · QCL:'01709.90:5412,FAOSTAT,,generic_v15_rejected_only,verified,retain_exclusion,confirm_reasoned_exclusion,agriculture_item_matrix_overproliferation,"The concept comes from the legacy FAOSTAT item-by-element expansion matrix. Even when source-valid, the remaining yield/area/production/animal-count slices add low marginal variety and would re-saturate an already agriculture-heavy catalog; v16.2.6 deliberately prefers a small set of recognizable representative food/agriculture anchors.",Keep excluded from the playable core. Reconsider only if a future category is both highly recognizable and demonstrably distinct from retained crop/livestock/food anchors.,,
781,Largest Sweet potatoes harvested area,Crops · QCL:'01530:5312,FAOSTAT,,generic_v15_rejected_only,verified,retain_exclusion,confirm_reasoned_exclusion,agriculture_item_matrix_overproliferation,"The concept comes from the legacy FAOSTAT item-by-element expansion matrix. Even when source-valid, the remaining yield/area/production/animal-count slices add low marginal variety and would re-saturate an already agriculture-heavy catalog; v16.2.6 deliberately prefers a small set of recognizable representative food/agriculture anchors.",Keep excluded from the playable core. Reconsider only if a future category is both highly recognizable and demonstrably distinct from retained crop/livestock/food anchors.,,
783,"Highest Fibre Crops, Fibre Equivalent yield",Crops · QCL:'F17530:5412,FAOSTAT,,generic_v15_rejected_only,verified,retain_exclusion,confirm_reasoned_exclusion,agriculture_item_matrix_overproliferation,"The concept comes from the legacy FAOSTAT item-by-element expansion matrix. Even when source-valid, the remaining yield/area/production/animal-count slices add low marginal variety and would re-saturate an already agriculture-heavy catalog; v16.2.6 deliberately prefers a small set of recognizable representative food/agriculture anchors.",Keep excluded from the playable core. Reconsider only if a future category is both highly recognizable and demonstrably distinct from retained crop/livestock/food anchors.,,
784,Largest Eggplants (aubergines) harvested area,Agriculture · QCL:'01233:5312,FAOSTAT,,generic_v15_rejected_only,verified,retain_exclusion,confirm_reasoned_exclusion,agriculture_item_matrix_overproliferation,"The concept comes from the legacy FAOSTAT item-by-element expansion matrix. Even when source-valid, the remaining yield/area/production/animal-count slices add low marginal variety and would re-saturate an already agriculture-heavy catalog; v16.2.6 deliberately prefers a small set of recognizable representative food/agriculture anchors.",Keep excluded from the playable core. Reconsider only if a future category is both highly recognizable and demonstrably distinct from retained crop/livestock/food anchors.,,
786,Largest Cauliflowers and broccoli harvested area,Agriculture · QCL:'01213:5312,FAOSTAT,,generic_v15_rejected_only,verified,retain_exclusion,confirm_reasoned_exclusion,agriculture_item_matrix_overproliferation,"The concept comes from the legacy FAOSTAT item-by-element expansion matrix. Even when source-valid, the remaining yield/area/production/animal-count slices add low marginal variety and would re-saturate an already agriculture-heavy catalog; v16.2.6 deliberately prefers a small set of recognizable representative food/agriculture anchors.",Keep excluded from the playable core. Reconsider only if a future category is both highly recognizable and demonstrably distinct from retained crop/livestock/food anchors.,,
788,Highest sugarcane yield,Crops · QCL:'01802:5412,FAOSTAT,,generic_v15_rejected_only,verified,retain_exclusion,confirm_reasoned_exclusion,agriculture_item_matrix_overproliferation,"The concept comes from the legacy FAOSTAT item-by-element expansion matrix. Even when source-valid, the remaining yield/area/production/animal-count slices add low marginal variety and would re-saturate an already agriculture-heavy catalog; v16.2.6 deliberately prefers a small set of recognizable representative food/agriculture anchors.",Keep excluded from the playable core. Reconsider only if a future category is both highly recognizable and demonstrably distinct from retained crop/livestock/food anchors.,,
789,Largest Apples harvested area,Fruit · QCL:'01341:5312,FAOSTAT,,generic_v15_rejected_only,verified,retain_exclusion,confirm_reasoned_exclusion,agriculture_item_matrix_overproliferation,"The concept comes from the legacy FAOSTAT item-by-element expansion matrix. Even when source-valid, the remaining yield/area/production/animal-count slices add low marginal variety and would re-saturate an already agriculture-heavy catalog; v16.2.6 deliberately prefers a small set of recognizable representative food/agriculture anchors.",Keep excluded from the playable core. Reconsider only if a future category is both highly recognizable and demonstrably distinct from retained crop/livestock/food anchors.,,
790,Highest cassava yield,Crops · QCL:'01520.01:5412,FAOSTAT,,generic_v15_rejected_only,verified,retain_exclusion,confirm_reasoned_exclusion,agriculture_item_matrix_overproliferation,"The concept comes from the legacy FAOSTAT item-by-element expansion matrix. Even when source-valid, the remaining yield/area/production/animal-count slices add low marginal variety and would re-saturate an already agriculture-heavy catalog; v16.2.6 deliberately prefers a small set of recognizable representative food/agriculture anchors.",Keep excluded from the playable core. Reconsider only if a future category is both highly recognizable and demonstrably distinct from retained crop/livestock/food anchors.,,
791,Highest eggplants yield,Agriculture · QCL:'01233:5412,FAOSTAT,,generic_v15_rejected_only,verified,retain_exclusion,confirm_reasoned_exclusion,agriculture_item_matrix_overproliferation,"The concept comes from the legacy FAOSTAT item-by-element expansion matrix. Even when source-valid, the remaining yield/area/production/animal-count slices add low marginal variety and would re-saturate an already agriculture-heavy catalog; v16.2.6 deliberately prefers a small set of recognizable representative food/agriculture anchors.",Keep excluded from the playable core. Reconsider only if a future category is both highly recognizable and demonstrably distinct from retained crop/livestock/food anchors.,,
795,Highest urban population share,Population · SP.URB.TOTL.IN.ZS,World Bank,90,generic_v15_rejected_only,verified,retain_exclusion,confirm_reasoned_exclusion,definition_overlap_v16_2_6_final_curation,"“Urban” is definition-sensitive and the new WUP family distinguishes cities, towns and rural areas; this old aggregate wording risks mixing a different urbanization concept with the newer taxonomy. Final v16.2.6 curation decision: this concept is not selected for the playable core, so there is no reason to leave its legacy state unresolved.","Keep excluded for v16.2.6. A future release may explicitly reopen it, but the historical rejection is now backed by this current editorial curation decision.",,
797,Largest rural population,Population · SP.RUR.TOTL,World Bank,90,generic_v15_rejected_only,verified,advance_to_validation,clear_generic_legacy_block,source_superseded_concept_retained,"Largest rural population is intuitive and distinct; the concept remains strong, but UN WUP 2025 is now the preferred purpose-built population source.","Use the recovered UN WUP 2025 rural-population family and clear only the historical generic rejection, not the normal source/quality gates.",family:unwup:rural-population,ready_for_source_family_validation
798,Largest urban population,Population · SP.URB.TOTL,World Bank,90,generic_v15_rejected_only,verified,retain_exclusion,confirm_reasoned_exclusion,definition_overlap_v16_2_6_final_curation,"“Urban” is definition-sensitive and the new WUP family distinguishes cities, towns and rural areas; this old aggregate wording risks mixing a different urbanization concept with the newer taxonomy. Final v16.2.6 curation decision: this concept is not selected for the playable core, so there is no reason to leave its legacy state unresolved.","Keep excluded for v16.2.6. A future release may explicitly reopen it, but the historical rejection is now backed by this current editorial curation decision.",,
801,Farthest from the equator,Geography · farthest-from-equator,Natural Earth,90,generic_v15_rejected_only,,retain_exclusion,confirm_reasoned_exclusion,metric_definition_needed_v16_2_6_final_curation,"Interesting in principle, but “farthest from the equator” is ambiguous unless the representative point/territorial extent method is explicit. Final v16.2.6 curation decision: this concept is not selected for the playable core, so there is no reason to leave its legacy state unresolved.","Keep excluded for v16.2.6. A future release may explicitly reopen it, but the historical rejection is now backed by this current editorial curation decision.",,
805,Largest east-west span,Geography · largest-east-west-span,Natural Earth,90,generic_v15_rejected_only,,advance_to_validation,clear_generic_legacy_block,physical_geography_anchor,Intuitive map-based physical-geography question that adds badly needed non-economic breadth; the metric can be derived reproducibly from sovereign geometry.,"Validate the geodesic/geometry definition, edge cases and sovereign-country mapping; northernmost/southernmost already have fail-closed importer paths.",,
806,Largest geographic span,Geography · largest-geographic-span,Natural Earth,90,generic_v15_rejected_only,,retain_exclusion,confirm_reasoned_exclusion,near_duplicate_ambiguous,Generic “geographic span” collapses different east-west/north-south dimensions and is less interpretable than the two explicit span categories.,Keep excluded; use explicit east-west and north-south span metrics instead.,,
807,Largest north-south span,Geography · largest-north-south-span,Natural Earth,90,generic_v15_rejected_only,,advance_to_validation,clear_generic_legacy_block,physical_geography_anchor,Intuitive map-based physical-geography question that adds badly needed non-economic breadth; the metric can be derived reproducibly from sovereign geometry.,"Validate the geodesic/geometry definition, edge cases and sovereign-country mapping; northernmost/southernmost already have fail-closed importer paths.",,
808,Largest protected share of land and sea,Climate · ER.PTD.TOTL.ZS,World Bank,,category_specific_or_product_decision,verified,retain_exclusion,confirm_reasoned_exclusion,explicit_legacy_product_or_duplicate_decision,"This was not merely an unexplained legacy rejection: it carried an explicit product/duplicate decision, and no current canonical category requires the title veto to be lifted.",Preserve the exclusion; reconsider only through an explicit future product decision.,,
809,Northernmost country,Geography · northernmost-country,Natural Earth,90,generic_v15_rejected_only,,advance_to_validation,clear_generic_legacy_block,physical_geography_anchor,Intuitive map-based physical-geography question that adds badly needed non-economic breadth; the metric can be derived reproducibly from sovereign geometry.,"Validate the geodesic/geometry definition, edge cases and sovereign-country mapping; northernmost/southernmost already have fail-closed importer paths.",candidate:001,ready_for_validated_import
810,Southernmost country,Geography · southernmost-country,Natural Earth,90,generic_v15_rejected_only,,advance_to_validation,clear_generic_legacy_block,physical_geography_anchor,Intuitive map-based physical-geography question that adds badly needed non-economic breadth; the metric can be derived reproducibly from sovereign geometry.,"Validate the geodesic/geometry definition, edge cases and sovereign-country mapping; northernmost/southernmost already have fail-closed importer paths.",candidate:002,ready_for_validated_import
813,Highest clean-cooking-fuel access,Infrastructure · PHE_HHAIR_POP_CLEAN_FUELS,WHO,90,generic_v15_rejected_only,,advance_to_validation,clear_generic_legacy_block,broad_health_anchor,"Broad, recognizable public-health or health-system measure that adds a distinct player-facing dimension and is not merely a demographic slice.","Validate the WHO source-family series, denominator, year consistency and coverage; retain fail-closed status until those gates pass.",,
816,Highest employment-to-population ratio,Labor · EMP_2WAP_SEX_AGE_RT_A,ILOSTAT,90,generic_v15_rejected_only,verified,retain_exclusion,confirm_reasoned_exclusion,labor_methodology_or_density_v16_2_6_final_curation,"Potentially useful, but either jargon/denominator-sensitive, source-repair dependent, a subgroup variant, or a lower-priority specialty labor measure; it needs family-level comparison before activation. Final v16.2.6 curation decision: this concept is not selected for the playable core, so there is no reason to leave its legacy state unresolved.","Keep excluded for v16.2.6. A future release may explicitly reopen it, but the historical rejection is now backed by this current editorial curation decision.",family:ilostat:highest-employment-population-ratio,ready_for_source_family_validation
817,Highest labor-income share of GDP,Labor · SDG_1041_NOC_RT_A,ILOSTAT,90,generic_v15_rejected_only,verified,retain_exclusion,confirm_reasoned_exclusion,labor_methodology_or_density_v16_2_6_final_curation,"Potentially useful, but either jargon/denominator-sensitive, source-repair dependent, a subgroup variant, or a lower-priority specialty labor measure; it needs family-level comparison before activation. Final v16.2.6 curation decision: this concept is not selected for the playable core, so there is no reason to leave its legacy state unresolved.","Keep excluded for v16.2.6. A future release may explicitly reopen it, but the historical rejection is now backed by this current editorial curation decision.",family:ilostat:highest-labor-income-share,ready_for_source_family_validation
818,Highest output per worker,Economy · GDP_205U_NOC_NB_A,ILOSTAT,90,generic_v15_rejected_only,failed,retain_exclusion,confirm_reasoned_exclusion,labor_methodology_or_density_v16_2_6_final_curation,"Potentially useful, but either jargon/denominator-sensitive, source-repair dependent, a subgroup variant, or a lower-priority specialty labor measure; it needs family-level comparison before activation. Final v16.2.6 curation decision: this concept is not selected for the playable core, so there is no reason to leave its legacy state unresolved.","Keep excluded for v16.2.6. A future release may explicitly reopen it, but the historical rejection is now backed by this current editorial curation decision.",family:ilostat:highest-output-per-worker,ready_for_source_family_validation
820,Lowest unemployment,Labor · SL.UEM.TOTL.ZS,World Bank,90,generic_v15_rejected_only,verified,advance_to_validation,clear_generic_legacy_block,high_value_source_repair,"National unemployment is highly recognizable and useful, but the existing tracker correctly requires a repaired authoritative labor-statistics path rather than reviving the old WDI row blindly.",Keep fail-closed until a validated authoritative labor source/method is resolved; legacy status alone should no longer veto the concept.,candidate:178,not_shipped_validation_or_definition_unresolved
822,Most Eggs Primary laying animals,Agriculture · QCL:'F1783:5313,FAOSTAT,,generic_v15_rejected_only,verified,retain_exclusion,confirm_reasoned_exclusion,agriculture_item_matrix_overproliferation,"The concept comes from the legacy FAOSTAT item-by-element expansion matrix. Even when source-valid, the remaining yield/area/production/animal-count slices add low marginal variety and would re-saturate an already agriculture-heavy catalog; v16.2.6 deliberately prefers a small set of recognizable representative food/agriculture anchors.",Keep excluded from the playable core. Reconsider only if a future category is both highly recognizable and demonstrably distinct from retained crop/livestock/food anchors.,,
823,"Most Hen eggs in shell, fresh laying animals",Agriculture · QCL:'0231:5313,FAOSTAT,,generic_v15_rejected_only,verified,retain_exclusion,confirm_reasoned_exclusion,agriculture_item_matrix_overproliferation,"The concept comes from the legacy FAOSTAT item-by-element expansion matrix. Even when source-valid, the remaining yield/area/production/animal-count slices add low marginal variety and would re-saturate an already agriculture-heavy catalog; v16.2.6 deliberately prefers a small set of recognizable representative food/agriculture anchors.",Keep excluded from the playable core. Reconsider only if a future category is both highly recognizable and demonstrably distinct from retained crop/livestock/food anchors.,,
825,"Largest Oilcrops, Oil Equivalent harvested area",Crops · QCL:'F1732:5312,FAOSTAT,,generic_v15_rejected_only,verified,retain_exclusion,confirm_reasoned_exclusion,agriculture_item_matrix_overproliferation,"The concept comes from the legacy FAOSTAT item-by-element expansion matrix. Even when source-valid, the remaining yield/area/production/animal-count slices add low marginal variety and would re-saturate an already agriculture-heavy catalog; v16.2.6 deliberately prefers a small set of recognizable representative food/agriculture anchors.",Keep excluded from the playable core. Reconsider only if a future category is both highly recognizable and demonstrably distinct from retained crop/livestock/food anchors.,,
826,"Most oilcrops, Oil Equivalent produced",Crops · QCL:'F1732:5510,FAOSTAT,,generic_v15_rejected_only,verified,retain_exclusion,confirm_reasoned_exclusion,agriculture_item_matrix_overproliferation,"The concept comes from the legacy FAOSTAT item-by-element expansion matrix. Even when source-valid, the remaining yield/area/production/animal-count slices add low marginal variety and would re-saturate an already agriculture-heavy catalog; v16.2.6 deliberately prefers a small set of recognizable representative food/agriculture anchors.",Keep excluded from the playable core. Reconsider only if a future category is both highly recognizable and demonstrably distinct from retained crop/livestock/food anchors.,,
827,"Largest Oilcrops, Cake Equivalent harvested area",Crops · QCL:'F1841:5312,FAOSTAT,,generic_v15_rejected_only,verified,retain_exclusion,confirm_reasoned_exclusion,agriculture_item_matrix_overproliferation,"The concept comes from the legacy FAOSTAT item-by-element expansion matrix. Even when source-valid, the remaining yield/area/production/animal-count slices add low marginal variety and would re-saturate an already agriculture-heavy catalog; v16.2.6 deliberately prefers a small set of recognizable representative food/agriculture anchors.",Keep excluded from the playable core. Reconsider only if a future category is both highly recognizable and demonstrably distinct from retained crop/livestock/food anchors.,,
828,"Most cattle fat, unrendered produced",Livestock · QCL:'21512:5510,FAOSTAT,,generic_v15_rejected_only,verified,retain_exclusion,confirm_reasoned_exclusion,agriculture_item_matrix_overproliferation,"The concept comes from the legacy FAOSTAT item-by-element expansion matrix. Even when source-valid, the remaining yield/area/production/animal-count slices add low marginal variety and would re-saturate an already agriculture-heavy catalog; v16.2.6 deliberately prefers a small set of recognizable representative food/agriculture anchors.",Keep excluded from the playable core. Reconsider only if a future category is both highly recognizable and demonstrably distinct from retained crop/livestock/food anchors.,,
829,"Most edible offal of cattle, fresh, chilled or frozen produced",Livestock · QCL:'21151:5510,FAOSTAT,,generic_v15_rejected_only,verified,retain_exclusion,confirm_reasoned_exclusion,agriculture_item_matrix_overproliferation,"The concept comes from the legacy FAOSTAT item-by-element expansion matrix. Even when source-valid, the remaining yield/area/production/animal-count slices add low marginal variety and would re-saturate an already agriculture-heavy catalog; v16.2.6 deliberately prefers a small set of recognizable representative food/agriculture anchors.",Keep excluded from the playable core. Reconsider only if a future category is both highly recognizable and demonstrably distinct from retained crop/livestock/food anchors.,,
830,"Most oilcrops, Cake Equivalent produced",Crops · QCL:'F1841:5510,FAOSTAT,,generic_v15_rejected_only,verified,retain_exclusion,confirm_reasoned_exclusion,agriculture_item_matrix_overproliferation,"The concept comes from the legacy FAOSTAT item-by-element expansion matrix. Even when source-valid, the remaining yield/area/production/animal-count slices add low marginal variety and would re-saturate an already agriculture-heavy catalog; v16.2.6 deliberately prefers a small set of recognizable representative food/agriculture anchors.",Keep excluded from the playable core. Reconsider only if a future category is both highly recognizable and demonstrably distinct from retained crop/livestock/food anchors.,,
831,Most raw hides and skins of cattle produced,Livestock · QCL:'02951.01:5510,FAOSTAT,,generic_v15_rejected_only,verified,retain_exclusion,confirm_reasoned_exclusion,agriculture_item_matrix_overproliferation,"The concept comes from the legacy FAOSTAT item-by-element expansion matrix. Even when source-valid, the remaining yield/area/production/animal-count slices add low marginal variety and would re-saturate an already agriculture-heavy catalog; v16.2.6 deliberately prefers a small set of recognizable representative food/agriculture anchors.",Keep excluded from the playable core. Reconsider only if a future category is both highly recognizable and demonstrably distinct from retained crop/livestock/food anchors.,,
832,"Most edible offal of sheep, fresh, chilled or frozen produced",Livestock · QCL:'21155:5510,FAOSTAT,,generic_v15_rejected_only,verified,retain_exclusion,confirm_reasoned_exclusion,agriculture_item_matrix_overproliferation,"The concept comes from the legacy FAOSTAT item-by-element expansion matrix. Even when source-valid, the remaining yield/area/production/animal-count slices add low marginal variety and would re-saturate an already agriculture-heavy catalog; v16.2.6 deliberately prefers a small set of recognizable representative food/agriculture anchors.",Keep excluded from the playable core. Reconsider only if a future category is both highly recognizable and demonstrably distinct from retained crop/livestock/food anchors.,,
833,Most raw hides and skins of sheep or lambs produced,Livestock · QCL:'02953:5510,FAOSTAT,,generic_v15_rejected_only,verified,retain_exclusion,confirm_reasoned_exclusion,agriculture_item_matrix_overproliferation,"The concept comes from the legacy FAOSTAT item-by-element expansion matrix. Even when source-valid, the remaining yield/area/production/animal-count slices add low marginal variety and would re-saturate an already agriculture-heavy catalog; v16.2.6 deliberately prefers a small set of recognizable representative food/agriculture anchors.",Keep excluded from the playable core. Reconsider only if a future category is both highly recognizable and demonstrably distinct from retained crop/livestock/food anchors.,,
834,"Most sheep fat, unrendered produced",Livestock · QCL:'21514:5510,FAOSTAT,,generic_v15_rejected_only,verified,retain_exclusion,confirm_reasoned_exclusion,agriculture_item_matrix_overproliferation,"The concept comes from the legacy FAOSTAT item-by-element expansion matrix. Even when source-valid, the remaining yield/area/production/animal-count slices add low marginal variety and would re-saturate an already agriculture-heavy catalog; v16.2.6 deliberately prefers a small set of recognizable representative food/agriculture anchors.",Keep excluded from the playable core. Reconsider only if a future category is both highly recognizable and demonstrably distinct from retained crop/livestock/food anchors.,,
836,"Most edible offal of goat, fresh, chilled or frozen produced",Livestock · QCL:'21156:5510,FAOSTAT,,generic_v15_rejected_only,verified,retain_exclusion,confirm_reasoned_exclusion,agriculture_item_matrix_overproliferation,"The concept comes from the legacy FAOSTAT item-by-element expansion matrix. Even when source-valid, the remaining yield/area/production/animal-count slices add low marginal variety and would re-saturate an already agriculture-heavy catalog; v16.2.6 deliberately prefers a small set of recognizable representative food/agriculture anchors.",Keep excluded from the playable core. Reconsider only if a future category is both highly recognizable and demonstrably distinct from retained crop/livestock/food anchors.,,
837,"Most goat fat, unrendered produced",Livestock · QCL:'21515:5510,FAOSTAT,,generic_v15_rejected_only,verified,retain_exclusion,confirm_reasoned_exclusion,agriculture_item_matrix_overproliferation,"The concept comes from the legacy FAOSTAT item-by-element expansion matrix. Even when source-valid, the remaining yield/area/production/animal-count slices add low marginal variety and would re-saturate an already agriculture-heavy catalog; v16.2.6 deliberately prefers a small set of recognizable representative food/agriculture anchors.",Keep excluded from the playable core. Reconsider only if a future category is both highly recognizable and demonstrably distinct from retained crop/livestock/food anchors.,,
838,Most raw hides and skins of goats or kids produced,Livestock · QCL:'02954:5510,FAOSTAT,,generic_v15_rejected_only,verified,retain_exclusion,confirm_reasoned_exclusion,agriculture_item_matrix_overproliferation,"The concept comes from the legacy FAOSTAT item-by-element expansion matrix. Even when source-valid, the remaining yield/area/production/animal-count slices add low marginal variety and would re-saturate an already agriculture-heavy catalog; v16.2.6 deliberately prefers a small set of recognizable representative food/agriculture anchors.",Keep excluded from the playable core. Reconsider only if a future category is both highly recognizable and demonstrably distinct from retained crop/livestock/food anchors.,,
846,"Highest account ownership at a financial institution or with a mobile-money-service provider, young adults",Economy · FX.OWN.TOTL.YG.ZS,World Bank,90,generic_v15_rejected_only,,retain_exclusion,confirm_reasoned_exclusion,subgroup_slice,Demographic subgroup slice of a broader access/use concept; the default catalog should prefer the all-population measure unless the subgroup itself is the central idea.,Keep excluded from the core playable catalog.,,
847,"Most edible offal of pigs, fresh, chilled or frozen produced",Livestock · QCL:'21153:5510,FAOSTAT,,generic_v15_rejected_only,verified,retain_exclusion,confirm_reasoned_exclusion,agriculture_item_matrix_overproliferation,"The concept comes from the legacy FAOSTAT item-by-element expansion matrix. Even when source-valid, the remaining yield/area/production/animal-count slices add low marginal variety and would re-saturate an already agriculture-heavy catalog; v16.2.6 deliberately prefers a small set of recognizable representative food/agriculture anchors.",Keep excluded from the playable core. Reconsider only if a future category is both highly recognizable and demonstrably distinct from retained crop/livestock/food anchors.,,
848,Most fat of pigs produced,Livestock · QCL:'21511.01:5510,FAOSTAT,,generic_v15_rejected_only,verified,retain_exclusion,confirm_reasoned_exclusion,agriculture_item_matrix_overproliferation,"The concept comes from the legacy FAOSTAT item-by-element expansion matrix. Even when source-valid, the remaining yield/area/production/animal-count slices add low marginal variety and would re-saturate an already agriculture-heavy catalog; v16.2.6 deliberately prefers a small set of recognizable representative food/agriculture anchors.",Keep excluded from the playable core. Reconsider only if a future category is both highly recognizable and demonstrably distinct from retained crop/livestock/food anchors.,,
849,"Largest Other fruits, n.e.c. harvested area",Fruit · QCL:'01359.90:5312,FAOSTAT,,generic_v15_rejected_only,verified,retain_exclusion,confirm_reasoned_exclusion,agriculture_item_matrix_overproliferation,"The concept comes from the legacy FAOSTAT item-by-element expansion matrix. Even when source-valid, the remaining yield/area/production/animal-count slices add low marginal variety and would re-saturate an already agriculture-heavy catalog; v16.2.6 deliberately prefers a small set of recognizable representative food/agriculture anchors.",Keep excluded from the playable core. Reconsider only if a future category is both highly recognizable and demonstrably distinct from retained crop/livestock/food anchors.,,
850,"Most other fruits, n.e.c. produced",Fruit · QCL:'01359.90:5510,FAOSTAT,,generic_v15_rejected_only,verified,retain_exclusion,confirm_reasoned_exclusion,agriculture_item_matrix_overproliferation,"The concept comes from the legacy FAOSTAT item-by-element expansion matrix. Even when source-valid, the remaining yield/area/production/animal-count slices add low marginal variety and would re-saturate an already agriculture-heavy catalog; v16.2.6 deliberately prefers a small set of recognizable representative food/agriculture anchors.",Keep excluded from the playable core. Reconsider only if a future category is both highly recognizable and demonstrably distinct from retained crop/livestock/food anchors.,,
851,"Most fibre Crops, Fibre Equivalent produced",Crops · QCL:'F17530:5510,FAOSTAT,,generic_v15_rejected_only,verified,retain_exclusion,confirm_reasoned_exclusion,agriculture_item_matrix_overproliferation,"The concept comes from the legacy FAOSTAT item-by-element expansion matrix. Even when source-valid, the remaining yield/area/production/animal-count slices add low marginal variety and would re-saturate an already agriculture-heavy catalog; v16.2.6 deliberately prefers a small set of recognizable representative food/agriculture anchors.",Keep excluded from the playable core. Reconsider only if a future category is both highly recognizable and demonstrably distinct from retained crop/livestock/food anchors.,,
852,Most butter of cow milk produced,Dairy · QCL:'22241.01:5510,FAOSTAT,,generic_v15_rejected_only,verified,retain_exclusion,confirm_reasoned_exclusion,agriculture_item_matrix_overproliferation,"The concept comes from the legacy FAOSTAT item-by-element expansion matrix. Even when source-valid, the remaining yield/area/production/animal-count slices add low marginal variety and would re-saturate an already agriculture-heavy catalog; v16.2.6 deliberately prefers a small set of recognizable representative food/agriculture anchors.",Keep excluded from the playable core. Reconsider only if a future category is both highly recognizable and demonstrably distinct from retained crop/livestock/food anchors.,,
853,"Largest Fibre Crops, Fibre Equivalent harvested area",Crops · QCL:'F17530:5312,FAOSTAT,,generic_v15_rejected_only,verified,retain_exclusion,confirm_reasoned_exclusion,agriculture_item_matrix_overproliferation,"The concept comes from the legacy FAOSTAT item-by-element expansion matrix. Even when source-valid, the remaining yield/area/production/animal-count slices add low marginal variety and would re-saturate an already agriculture-heavy catalog; v16.2.6 deliberately prefers a small set of recognizable representative food/agriculture anchors.",Keep excluded from the playable core. Reconsider only if a future category is both highly recognizable and demonstrably distinct from retained crop/livestock/food anchors.,,
854,Largest bee population,Agriculture · QCL:'02196:5114,FAOSTAT,,generic_v15_rejected_only,verified,retain_exclusion,confirm_reasoned_exclusion,agriculture_item_matrix_overproliferation,"The concept comes from the legacy FAOSTAT item-by-element expansion matrix. Even when source-valid, the remaining yield/area/production/animal-count slices add low marginal variety and would re-saturate an already agriculture-heavy catalog; v16.2.6 deliberately prefers a small set of recognizable representative food/agriculture anchors.",Keep excluded from the playable core. Reconsider only if a future category is both highly recognizable and demonstrably distinct from retained crop/livestock/food anchors.,,
855,"Largest Mangoes, guavas and mangosteens harvested area",Fruit · QCL:'01316:5312,FAOSTAT,,generic_v15_rejected_only,verified,retain_exclusion,confirm_reasoned_exclusion,agriculture_item_matrix_overproliferation,"The concept comes from the legacy FAOSTAT item-by-element expansion matrix. Even when source-valid, the remaining yield/area/production/animal-count slices add low marginal variety and would re-saturate an already agriculture-heavy catalog; v16.2.6 deliberately prefers a small set of recognizable representative food/agriculture anchors.",Keep excluded from the playable core. Reconsider only if a future category is both highly recognizable and demonstrably distinct from retained crop/livestock/food anchors.,,
857,"Largest Cassava, fresh harvested area",Crops · QCL:'01520.01:5312,FAOSTAT,,generic_v15_rejected_only,verified,retain_exclusion,confirm_reasoned_exclusion,agriculture_item_matrix_overproliferation,"The concept comes from the legacy FAOSTAT item-by-element expansion matrix. Even when source-valid, the remaining yield/area/production/animal-count slices add low marginal variety and would re-saturate an already agriculture-heavy catalog; v16.2.6 deliberately prefers a small set of recognizable representative food/agriculture anchors.",Keep excluded from the playable core. Reconsider only if a future category is both highly recognizable and demonstrably distinct from retained crop/livestock/food anchors.,,
859,Highest plums and sloes yield,Agriculture · QCL:'01346:5412,FAOSTAT,,generic_v15_rejected_only,verified,retain_exclusion,confirm_reasoned_exclusion,agriculture_item_matrix_overproliferation,"The concept comes from the legacy FAOSTAT item-by-element expansion matrix. Even when source-valid, the remaining yield/area/production/animal-count slices add low marginal variety and would re-saturate an already agriculture-heavy catalog; v16.2.6 deliberately prefers a small set of recognizable representative food/agriculture anchors.",Keep excluded from the playable core. Reconsider only if a future category is both highly recognizable and demonstrably distinct from retained crop/livestock/food anchors.,,
860,Highest pears yield,Agriculture · QCL:'01342.01:5412,FAOSTAT,,generic_v15_rejected_only,verified,retain_exclusion,confirm_reasoned_exclusion,agriculture_item_matrix_overproliferation,"The concept comes from the legacy FAOSTAT item-by-element expansion matrix. Even when source-valid, the remaining yield/area/production/animal-count slices add low marginal variety and would re-saturate an already agriculture-heavy catalog; v16.2.6 deliberately prefers a small set of recognizable representative food/agriculture anchors.",Keep excluded from the playable core. Reconsider only if a future category is both highly recognizable and demonstrably distinct from retained crop/livestock/food anchors.,,
862,Highest pineapple yield,Fruit · QCL:'01318:5412,FAOSTAT,,generic_v15_rejected_only,verified,retain_exclusion,confirm_reasoned_exclusion,agriculture_item_matrix_overproliferation,"The concept comes from the legacy FAOSTAT item-by-element expansion matrix. Even when source-valid, the remaining yield/area/production/animal-count slices add low marginal variety and would re-saturate an already agriculture-heavy catalog; v16.2.6 deliberately prefers a small set of recognizable representative food/agriculture anchors.",Keep excluded from the playable core. Reconsider only if a future category is both highly recognizable and demonstrably distinct from retained crop/livestock/food anchors.,,
863,Highest green peas yield,Agriculture · QCL:'01242:5412,FAOSTAT,,generic_v15_rejected_only,verified,retain_exclusion,confirm_reasoned_exclusion,agriculture_item_matrix_overproliferation,"The concept comes from the legacy FAOSTAT item-by-element expansion matrix. Even when source-valid, the remaining yield/area/production/animal-count slices add low marginal variety and would re-saturate an already agriculture-heavy catalog; v16.2.6 deliberately prefers a small set of recognizable representative food/agriculture anchors.",Keep excluded from the playable core. Reconsider only if a future category is both highly recognizable and demonstrably distinct from retained crop/livestock/food anchors.,,
864,Highest strawberries yield,Agriculture · QCL:'01354:5412,FAOSTAT,,generic_v15_rejected_only,verified,retain_exclusion,confirm_reasoned_exclusion,agriculture_item_matrix_overproliferation,"The concept comes from the legacy FAOSTAT item-by-element expansion matrix. Even when source-valid, the remaining yield/area/production/animal-count slices add low marginal variety and would re-saturate an already agriculture-heavy catalog; v16.2.6 deliberately prefers a small set of recognizable representative food/agriculture anchors.",Keep excluded from the playable core. Reconsider only if a future category is both highly recognizable and demonstrably distinct from retained crop/livestock/food anchors.,,
865,Highest coconuts yield,Agriculture · QCL:'01460:5412,FAOSTAT,,generic_v15_rejected_only,verified,retain_exclusion,confirm_reasoned_exclusion,agriculture_item_matrix_overproliferation,"The concept comes from the legacy FAOSTAT item-by-element expansion matrix. Even when source-valid, the remaining yield/area/production/animal-count slices add low marginal variety and would re-saturate an already agriculture-heavy catalog; v16.2.6 deliberately prefers a small set of recognizable representative food/agriculture anchors.",Keep excluded from the playable core. Reconsider only if a future category is both highly recognizable and demonstrably distinct from retained crop/livestock/food anchors.,,
866,Highest peaches and nectarines yield,Agriculture · QCL:'01345:5412,FAOSTAT,,generic_v15_rejected_only,verified,retain_exclusion,confirm_reasoned_exclusion,agriculture_item_matrix_overproliferation,"The concept comes from the legacy FAOSTAT item-by-element expansion matrix. Even when source-valid, the remaining yield/area/production/animal-count slices add low marginal variety and would re-saturate an already agriculture-heavy catalog; v16.2.6 deliberately prefers a small set of recognizable representative food/agriculture anchors.",Keep excluded from the playable core. Reconsider only if a future category is both highly recognizable and demonstrably distinct from retained crop/livestock/food anchors.,,
867,Highest oats yield,Agriculture · QCL:'0117:5412,FAOSTAT,,generic_v15_rejected_only,verified,retain_exclusion,confirm_reasoned_exclusion,agriculture_item_matrix_overproliferation,"The concept comes from the legacy FAOSTAT item-by-element expansion matrix. Even when source-valid, the remaining yield/area/production/animal-count slices add low marginal variety and would re-saturate an already agriculture-heavy catalog; v16.2.6 deliberately prefers a small set of recognizable representative food/agriculture anchors.",Keep excluded from the playable core. Reconsider only if a future category is both highly recognizable and demonstrably distinct from retained crop/livestock/food anchors.,,
868,Highest coffee yield,Crops · QCL:'01610:5412,FAOSTAT,,generic_v15_rejected_only,verified,retain_exclusion,confirm_reasoned_exclusion,agriculture_item_matrix_overproliferation,"The concept comes from the legacy FAOSTAT item-by-element expansion matrix. Even when source-valid, the remaining yield/area/production/animal-count slices add low marginal variety and would re-saturate an already agriculture-heavy catalog; v16.2.6 deliberately prefers a small set of recognizable representative food/agriculture anchors.",Keep excluded from the playable core. Reconsider only if a future category is both highly recognizable and demonstrably distinct from retained crop/livestock/food anchors.,,
869,Highest millet yield,Agriculture · QCL:'0118:5412,FAOSTAT,,generic_v15_rejected_only,verified,retain_exclusion,confirm_reasoned_exclusion,agriculture_item_matrix_overproliferation,"The concept comes from the legacy FAOSTAT item-by-element expansion matrix. Even when source-valid, the remaining yield/area/production/animal-count slices add low marginal variety and would re-saturate an already agriculture-heavy catalog; v16.2.6 deliberately prefers a small set of recognizable representative food/agriculture anchors.",Keep excluded from the playable core. Reconsider only if a future category is both highly recognizable and demonstrably distinct from retained crop/livestock/food anchors.,,
870,Highest sunflower seeds yield,Agriculture · QCL:'01445:5412,FAOSTAT,,generic_v15_rejected_only,verified,retain_exclusion,confirm_reasoned_exclusion,agriculture_item_matrix_overproliferation,"The concept comes from the legacy FAOSTAT item-by-element expansion matrix. Even when source-valid, the remaining yield/area/production/animal-count slices add low marginal variety and would re-saturate an already agriculture-heavy catalog; v16.2.6 deliberately prefers a small set of recognizable representative food/agriculture anchors.",Keep excluded from the playable core. Reconsider only if a future category is both highly recognizable and demonstrably distinct from retained crop/livestock/food anchors.,,
872,Highest avocado yield,Fruit · QCL:'01311:5412,FAOSTAT,,generic_v15_rejected_only,verified,retain_exclusion,confirm_reasoned_exclusion,agriculture_item_matrix_overproliferation,"The concept comes from the legacy FAOSTAT item-by-element expansion matrix. Even when source-valid, the remaining yield/area/production/animal-count slices add low marginal variety and would re-saturate an already agriculture-heavy catalog; v16.2.6 deliberately prefers a small set of recognizable representative food/agriculture anchors.",Keep excluded from the playable core. Reconsider only if a future category is both highly recognizable and demonstrably distinct from retained crop/livestock/food anchors.,,
873,Highest grapefruits and pomelos yield,Fruit · QCL:'01321:5412,FAOSTAT,,generic_v15_rejected_only,verified,retain_exclusion,confirm_reasoned_exclusion,agriculture_item_matrix_overproliferation,"The concept comes from the legacy FAOSTAT item-by-element expansion matrix. Even when source-valid, the remaining yield/area/production/animal-count slices add low marginal variety and would re-saturate an already agriculture-heavy catalog; v16.2.6 deliberately prefers a small set of recognizable representative food/agriculture anchors.",Keep excluded from the playable core. Reconsider only if a future category is both highly recognizable and demonstrably distinct from retained crop/livestock/food anchors.,,
874,Highest mandarins and tangerines yield,Agriculture · QCL:'01324:5412,FAOSTAT,,generic_v15_rejected_only,verified,retain_exclusion,confirm_reasoned_exclusion,agriculture_item_matrix_overproliferation,"The concept comes from the legacy FAOSTAT item-by-element expansion matrix. Even when source-valid, the remaining yield/area/production/animal-count slices add low marginal variety and would re-saturate an already agriculture-heavy catalog; v16.2.6 deliberately prefers a small set of recognizable representative food/agriculture anchors.",Keep excluded from the playable core. Reconsider only if a future category is both highly recognizable and demonstrably distinct from retained crop/livestock/food anchors.,,
875,Highest sesame seeds yield,Agriculture · QCL:'01444:5412,FAOSTAT,,generic_v15_rejected_only,verified,retain_exclusion,confirm_reasoned_exclusion,agriculture_item_matrix_overproliferation,"The concept comes from the legacy FAOSTAT item-by-element expansion matrix. Even when source-valid, the remaining yield/area/production/animal-count slices add low marginal variety and would re-saturate an already agriculture-heavy catalog; v16.2.6 deliberately prefers a small set of recognizable representative food/agriculture anchors.",Keep excluded from the playable core. Reconsider only if a future category is both highly recognizable and demonstrably distinct from retained crop/livestock/food anchors.,,
877,Highest Sheep and Goat Meat yield,Livestock · QCL:'F1807:5417,FAOSTAT,,generic_v15_rejected_only,verified,retain_exclusion,confirm_reasoned_exclusion,agriculture_item_matrix_overproliferation,"The concept comes from the legacy FAOSTAT item-by-element expansion matrix. Even when source-valid, the remaining yield/area/production/animal-count slices add low marginal variety and would re-saturate an already agriculture-heavy catalog; v16.2.6 deliberately prefers a small set of recognizable representative food/agriculture anchors.",Keep excluded from the playable core. Reconsider only if a future category is both highly recognizable and demonstrably distinct from retained crop/livestock/food anchors.,,
878,"Highest Meat of sheep, fresh or chilled yield",Livestock · QCL:'21115:5417,FAOSTAT,,generic_v15_rejected_only,verified,retain_exclusion,confirm_reasoned_exclusion,agriculture_item_matrix_overproliferation,"The concept comes from the legacy FAOSTAT item-by-element expansion matrix. Even when source-valid, the remaining yield/area/production/animal-count slices add low marginal variety and would re-saturate an already agriculture-heavy catalog; v16.2.6 deliberately prefers a small set of recognizable representative food/agriculture anchors.",Keep excluded from the playable core. Reconsider only if a future category is both highly recognizable and demonstrably distinct from retained crop/livestock/food anchors.,,
881,Most cheese from whole cow milk produced,Dairy · QCL:'22251.01:5510,FAOSTAT,,generic_v15_rejected_only,verified,retain_exclusion,confirm_reasoned_exclusion,agriculture_item_matrix_overproliferation,"The concept comes from the legacy FAOSTAT item-by-element expansion matrix. Even when source-valid, the remaining yield/area/production/animal-count slices add low marginal variety and would re-saturate an already agriculture-heavy catalog; v16.2.6 deliberately prefers a small set of recognizable representative food/agriculture anchors.",Keep excluded from the playable core. Reconsider only if a future category is both highly recognizable and demonstrably distinct from retained crop/livestock/food anchors.,,
882,Largest Avocados harvested area,Fruit · QCL:'01311:5312,FAOSTAT,,generic_v15_rejected_only,verified,retain_exclusion,confirm_reasoned_exclusion,agriculture_item_matrix_overproliferation,"The concept comes from the legacy FAOSTAT item-by-element expansion matrix. Even when source-valid, the remaining yield/area/production/animal-count slices add low marginal variety and would re-saturate an already agriculture-heavy catalog; v16.2.6 deliberately prefers a small set of recognizable representative food/agriculture anchors.",Keep excluded from the playable core. Reconsider only if a future category is both highly recognizable and demonstrably distinct from retained crop/livestock/food anchors.,,
883,Largest Sugar cane harvested area,Crops · QCL:'01802:5312,FAOSTAT,,generic_v15_rejected_only,verified,retain_exclusion,confirm_reasoned_exclusion,agriculture_item_matrix_overproliferation,"The concept comes from the legacy FAOSTAT item-by-element expansion matrix. Even when source-valid, the remaining yield/area/production/animal-count slices add low marginal variety and would re-saturate an already agriculture-heavy catalog; v16.2.6 deliberately prefers a small set of recognizable representative food/agriculture anchors.",Keep excluded from the playable core. Reconsider only if a future category is both highly recognizable and demonstrably distinct from retained crop/livestock/food anchors.,,
885,"Most other tropical fruits, n.e.c. produced",Fruit · QCL:'01319:5510,FAOSTAT,,generic_v15_rejected_only,verified,retain_exclusion,confirm_reasoned_exclusion,agriculture_item_matrix_overproliferation,"The concept comes from the legacy FAOSTAT item-by-element expansion matrix. Even when source-valid, the remaining yield/area/production/animal-count slices add low marginal variety and would re-saturate an already agriculture-heavy catalog; v16.2.6 deliberately prefers a small set of recognizable representative food/agriculture anchors.",Keep excluded from the playable core. Reconsider only if a future category is both highly recognizable and demonstrably distinct from retained crop/livestock/food anchors.,,
886,Largest Peaches and nectarines harvested area,Agriculture · QCL:'01345:5312,FAOSTAT,,generic_v15_rejected_only,verified,retain_exclusion,confirm_reasoned_exclusion,agriculture_item_matrix_overproliferation,"The concept comes from the legacy FAOSTAT item-by-element expansion matrix. Even when source-valid, the remaining yield/area/production/animal-count slices add low marginal variety and would re-saturate an already agriculture-heavy catalog; v16.2.6 deliberately prefers a small set of recognizable representative food/agriculture anchors.",Keep excluded from the playable core. Reconsider only if a future category is both highly recognizable and demonstrably distinct from retained crop/livestock/food anchors.,,
888,Largest Plums and sloes harvested area,Agriculture · QCL:'01346:5312,FAOSTAT,,generic_v15_rejected_only,verified,retain_exclusion,confirm_reasoned_exclusion,agriculture_item_matrix_overproliferation,"The concept comes from the legacy FAOSTAT item-by-element expansion matrix. Even when source-valid, the remaining yield/area/production/animal-count slices add low marginal variety and would re-saturate an already agriculture-heavy catalog; v16.2.6 deliberately prefers a small set of recognizable representative food/agriculture anchors.",Keep excluded from the playable core. Reconsider only if a future category is both highly recognizable and demonstrably distinct from retained crop/livestock/food anchors.,,
890,Largest Pears harvested area,Agriculture · QCL:'01342.01:5312,FAOSTAT,,generic_v15_rejected_only,verified,retain_exclusion,confirm_reasoned_exclusion,agriculture_item_matrix_overproliferation,"The concept comes from the legacy FAOSTAT item-by-element expansion matrix. Even when source-valid, the remaining yield/area/production/animal-count slices add low marginal variety and would re-saturate an already agriculture-heavy catalog; v16.2.6 deliberately prefers a small set of recognizable representative food/agriculture anchors.",Keep excluded from the playable core. Reconsider only if a future category is both highly recognizable and demonstrably distinct from retained crop/livestock/food anchors.,,
891,Most raw milk of sheep produced,Livestock · QCL:'02291:5510,FAOSTAT,,generic_v15_rejected_only,verified,retain_exclusion,confirm_reasoned_exclusion,agriculture_item_matrix_overproliferation,"The concept comes from the legacy FAOSTAT item-by-element expansion matrix. Even when source-valid, the remaining yield/area/production/animal-count slices add low marginal variety and would re-saturate an already agriculture-heavy catalog; v16.2.6 deliberately prefers a small set of recognizable representative food/agriculture anchors.",Keep excluded from the playable core. Reconsider only if a future category is both highly recognizable and demonstrably distinct from retained crop/livestock/food anchors.,,
894,Highest apricot yield,Agriculture · QCL:'01343:5412,FAOSTAT,,generic_v15_rejected_only,verified,retain_exclusion,confirm_reasoned_exclusion,agriculture_item_matrix_overproliferation,"The concept comes from the legacy FAOSTAT item-by-element expansion matrix. Even when source-valid, the remaining yield/area/production/animal-count slices add low marginal variety and would re-saturate an already agriculture-heavy catalog; v16.2.6 deliberately prefers a small set of recognizable representative food/agriculture anchors.",Keep excluded from the playable core. Reconsider only if a future category is both highly recognizable and demonstrably distinct from retained crop/livestock/food anchors.,,
896,Highest industry share of GDP,Economy · NV.IND.TOTL.ZS,World Bank,88,generic_v15_rejected_only,verified,retain_exclusion,confirm_reasoned_exclusion,macro_density_v16_2_6_final_curation,"Industry and services shares of GDP are understandable, but the catalog is already economy-heavy and these complementary sector shares should be curated together rather than added automatically. Final v16.2.6 curation decision: this concept is not selected for the playable core, so there is no reason to leave its legacy state unresolved.","Keep excluded for v16.2.6. A future release may explicitly reopen it, but the historical rejection is now backed by this current editorial curation decision.",,
897,Highest services share of GDP,Economy · NV.SRV.TOTL.ZS,World Bank,88,generic_v15_rejected_only,verified,retain_exclusion,confirm_reasoned_exclusion,macro_density_v16_2_6_final_curation,"Industry and services shares of GDP are understandable, but the catalog is already economy-heavy and these complementary sector shares should be curated together rather than added automatically. Final v16.2.6 curation decision: this concept is not selected for the playable core, so there is no reason to leave its legacy state unresolved.","Keep excluded for v16.2.6. A future release may explicitly reopen it, but the historical rejection is now backed by this current editorial curation decision.",,
899,Fastest labor-productivity growth,Economy · SDG_0821_NOC_RT_A,ILOSTAT,88,generic_v15_rejected_only,failed,retain_exclusion,confirm_reasoned_exclusion,labor_methodology_or_density_v16_2_6_final_curation,"Potentially useful, but either jargon/denominator-sensitive, source-repair dependent, a subgroup variant, or a lower-priority specialty labor measure; it needs family-level comparison before activation. Final v16.2.6 curation decision: this concept is not selected for the playable core, so there is no reason to leave its legacy state unresolved.","Keep excluded for v16.2.6. A future release may explicitly reopen it, but the historical rejection is now backed by this current editorial curation decision.",family:ilostat:fastest-productivity-growth,ready_for_source_family_validation
901,"Highest Meat of goat, fresh or chilled yield",Livestock · QCL:'21116:5417,FAOSTAT,,generic_v15_rejected_only,verified,retain_exclusion,confirm_reasoned_exclusion,agriculture_item_matrix_overproliferation,"The concept comes from the legacy FAOSTAT item-by-element expansion matrix. Even when source-valid, the remaining yield/area/production/animal-count slices add low marginal variety and would re-saturate an already agriculture-heavy catalog; v16.2.6 deliberately prefers a small set of recognizable representative food/agriculture anchors.",Keep excluded from the playable core. Reconsider only if a future category is both highly recognizable and demonstrably distinct from retained crop/livestock/food anchors.,,
903,"Most skim Milk & Buttermilk, Dry produced",Dairy · QCL:'F1809:5510,FAOSTAT,,generic_v15_rejected_only,verified,retain_exclusion,confirm_reasoned_exclusion,agriculture_item_matrix_overproliferation,"The concept comes from the legacy FAOSTAT item-by-element expansion matrix. Even when source-valid, the remaining yield/area/production/animal-count slices add low marginal variety and would re-saturate an already agriculture-heavy catalog; v16.2.6 deliberately prefers a small set of recognizable representative food/agriculture anchors.",Keep excluded from the playable core. Reconsider only if a future category is both highly recognizable and demonstrably distinct from retained crop/livestock/food anchors.,,
905,Highest Raw hides and skins of cattle yield,Livestock · QCL:'02951.01:5417,FAOSTAT,,generic_v15_rejected_only,verified,retain_exclusion,confirm_reasoned_exclusion,agriculture_item_matrix_overproliferation,"The concept comes from the legacy FAOSTAT item-by-element expansion matrix. Even when source-valid, the remaining yield/area/production/animal-count slices add low marginal variety and would re-saturate an already agriculture-heavy catalog; v16.2.6 deliberately prefers a small set of recognizable representative food/agriculture anchors.",Keep excluded from the playable core. Reconsider only if a future category is both highly recognizable and demonstrably distinct from retained crop/livestock/food anchors.,,
908,"Most buttermilk, dry produced",Dairy · QCL:'22230.04:5510,FAOSTAT,,generic_v15_rejected_only,verified,retain_exclusion,confirm_reasoned_exclusion,agriculture_item_matrix_overproliferation,"The concept comes from the legacy FAOSTAT item-by-element expansion matrix. Even when source-valid, the remaining yield/area/production/animal-count slices add low marginal variety and would re-saturate an already agriculture-heavy catalog; v16.2.6 deliberately prefers a small set of recognizable representative food/agriculture anchors.",Keep excluded from the playable core. Reconsider only if a future category is both highly recognizable and demonstrably distinct from retained crop/livestock/food anchors.,,
910,Most skim milk of cows produced,Dairy · QCL:'22110.02:5510,FAOSTAT,,generic_v15_rejected_only,verified,retain_exclusion,confirm_reasoned_exclusion,agriculture_item_matrix_overproliferation,"The concept comes from the legacy FAOSTAT item-by-element expansion matrix. Even when source-valid, the remaining yield/area/production/animal-count slices add low marginal variety and would re-saturate an already agriculture-heavy catalog; v16.2.6 deliberately prefers a small set of recognizable representative food/agriculture anchors.",Keep excluded from the playable core. Reconsider only if a future category is both highly recognizable and demonstrably distinct from retained crop/livestock/food anchors.,,
912,Most molasses produced,Agriculture · QCL:'23540:5510,FAOSTAT,,generic_v15_rejected_only,verified,retain_exclusion,confirm_reasoned_exclusion,agriculture_item_matrix_overproliferation,"The concept comes from the legacy FAOSTAT item-by-element expansion matrix. Even when source-valid, the remaining yield/area/production/animal-count slices add low marginal variety and would re-saturate an already agriculture-heavy catalog; v16.2.6 deliberately prefers a small set of recognizable representative food/agriculture anchors.",Keep excluded from the playable core. Reconsider only if a future category is both highly recognizable and demonstrably distinct from retained crop/livestock/food anchors.,,
913,"Largest Other tropical fruits, n.e.c. harvested area",Fruit · QCL:'01319:5312,FAOSTAT,,generic_v15_rejected_only,verified,retain_exclusion,confirm_reasoned_exclusion,agriculture_item_matrix_overproliferation,"The concept comes from the legacy FAOSTAT item-by-element expansion matrix. Even when source-valid, the remaining yield/area/production/animal-count slices add low marginal variety and would re-saturate an already agriculture-heavy catalog; v16.2.6 deliberately prefers a small set of recognizable representative food/agriculture anchors.",Keep excluded from the playable core. Reconsider only if a future category is both highly recognizable and demonstrably distinct from retained crop/livestock/food anchors.,,
915,Largest Pomelos and grapefruits harvested area,Fruit · QCL:'01321:5312,FAOSTAT,,generic_v15_rejected_only,verified,retain_exclusion,confirm_reasoned_exclusion,agriculture_item_matrix_overproliferation,"The concept comes from the legacy FAOSTAT item-by-element expansion matrix. Even when source-valid, the remaining yield/area/production/animal-count slices add low marginal variety and would re-saturate an already agriculture-heavy catalog; v16.2.6 deliberately prefers a small set of recognizable representative food/agriculture anchors.",Keep excluded from the playable core. Reconsider only if a future category is both highly recognizable and demonstrably distinct from retained crop/livestock/food anchors.,,
918,"Highest Seed cotton, unginned yield",Crops · QCL:'01921.01:5412,FAOSTAT,,generic_v15_rejected_only,verified,retain_exclusion,confirm_reasoned_exclusion,agriculture_item_matrix_overproliferation,"The concept comes from the legacy FAOSTAT item-by-element expansion matrix. Even when source-valid, the remaining yield/area/production/animal-count slices add low marginal variety and would re-saturate an already agriculture-heavy catalog; v16.2.6 deliberately prefers a small set of recognizable representative food/agriculture anchors.",Keep excluded from the playable core. Reconsider only if a future category is both highly recognizable and demonstrably distinct from retained crop/livestock/food anchors.,,
919,"Largest Peas, green harvested area",Agriculture · QCL:'01242:5312,FAOSTAT,,generic_v15_rejected_only,verified,retain_exclusion,confirm_reasoned_exclusion,agriculture_item_matrix_overproliferation,"The concept comes from the legacy FAOSTAT item-by-element expansion matrix. Even when source-valid, the remaining yield/area/production/animal-count slices add low marginal variety and would re-saturate an already agriculture-heavy catalog; v16.2.6 deliberately prefers a small set of recognizable representative food/agriculture anchors.",Keep excluded from the playable core. Reconsider only if a future category is both highly recognizable and demonstrably distinct from retained crop/livestock/food anchors.,,
920,Largest Pineapples harvested area,Fruit · QCL:'01318:5312,FAOSTAT,,generic_v15_rejected_only,verified,retain_exclusion,confirm_reasoned_exclusion,agriculture_item_matrix_overproliferation,"The concept comes from the legacy FAOSTAT item-by-element expansion matrix. Even when source-valid, the remaining yield/area/production/animal-count slices add low marginal variety and would re-saturate an already agriculture-heavy catalog; v16.2.6 deliberately prefers a small set of recognizable representative food/agriculture anchors.",Keep excluded from the playable core. Reconsider only if a future category is both highly recognizable and demonstrably distinct from retained crop/livestock/food anchors.,,
921,Largest Sunflower seed harvested area,Agriculture · QCL:'01445:5312,FAOSTAT,,generic_v15_rejected_only,verified,retain_exclusion,confirm_reasoned_exclusion,agriculture_item_matrix_overproliferation,"The concept comes from the legacy FAOSTAT item-by-element expansion matrix. Even when source-valid, the remaining yield/area/production/animal-count slices add low marginal variety and would re-saturate an already agriculture-heavy catalog; v16.2.6 deliberately prefers a small set of recognizable representative food/agriculture anchors.",Keep excluded from the playable core. Reconsider only if a future category is both highly recognizable and demonstrably distinct from retained crop/livestock/food anchors.,,
923,Largest Strawberries harvested area,Agriculture · QCL:'01354:5312,FAOSTAT,,generic_v15_rejected_only,verified,retain_exclusion,confirm_reasoned_exclusion,agriculture_item_matrix_overproliferation,"The concept comes from the legacy FAOSTAT item-by-element expansion matrix. Even when source-valid, the remaining yield/area/production/animal-count slices add low marginal variety and would re-saturate an already agriculture-heavy catalog; v16.2.6 deliberately prefers a small set of recognizable representative food/agriculture anchors.",Keep excluded from the playable core. Reconsider only if a future category is both highly recognizable and demonstrably distinct from retained crop/livestock/food anchors.,,
925,Largest Oats harvested area,Agriculture · QCL:'0117:5312,FAOSTAT,,generic_v15_rejected_only,verified,retain_exclusion,confirm_reasoned_exclusion,agriculture_item_matrix_overproliferation,"The concept comes from the legacy FAOSTAT item-by-element expansion matrix. Even when source-valid, the remaining yield/area/production/animal-count slices add low marginal variety and would re-saturate an already agriculture-heavy catalog; v16.2.6 deliberately prefers a small set of recognizable representative food/agriculture anchors.",Keep excluded from the playable core. Reconsider only if a future category is both highly recognizable and demonstrably distinct from retained crop/livestock/food anchors.,,
928,"Most green tea (not fermented), black tea (fermented) and partly fermented tea, in immediate packings of a content not exceeding 3 kg produced",Crops · QCL:'23913:5510,FAOSTAT,,generic_v15_rejected_only,verified,retain_exclusion,confirm_reasoned_exclusion,agriculture_item_matrix_overproliferation,"The concept comes from the legacy FAOSTAT item-by-element expansion matrix. Even when source-valid, the remaining yield/area/production/animal-count slices add low marginal variety and would re-saturate an already agriculture-heavy catalog; v16.2.6 deliberately prefers a small set of recognizable representative food/agriculture anchors.",Keep excluded from the playable core. Reconsider only if a future category is both highly recognizable and demonstrably distinct from retained crop/livestock/food anchors.,,
929,Most soya bean oil produced,Crops · QCL:'2161:5510,FAOSTAT,,generic_v15_rejected_only,verified,retain_exclusion,confirm_reasoned_exclusion,agriculture_item_matrix_overproliferation,"The concept comes from the legacy FAOSTAT item-by-element expansion matrix. Even when source-valid, the remaining yield/area/production/animal-count slices add low marginal variety and would re-saturate an already agriculture-heavy catalog; v16.2.6 deliberately prefers a small set of recognizable representative food/agriculture anchors.",Keep excluded from the playable core. Reconsider only if a future category is both highly recognizable and demonstrably distinct from retained crop/livestock/food anchors.,,
930,"Largest Tangerines, mandarins, clementines harvested area",Agriculture · QCL:'01324:5312,FAOSTAT,,generic_v15_rejected_only,verified,retain_exclusion,confirm_reasoned_exclusion,agriculture_item_matrix_overproliferation,"The concept comes from the legacy FAOSTAT item-by-element expansion matrix. Even when source-valid, the remaining yield/area/production/animal-count slices add low marginal variety and would re-saturate an already agriculture-heavy catalog; v16.2.6 deliberately prefers a small set of recognizable representative food/agriculture anchors.",Keep excluded from the playable core. Reconsider only if a future category is both highly recognizable and demonstrably distinct from retained crop/livestock/food anchors.,,
931,"Most seed cotton, unginned produced",Crops · QCL:'01921.01:5510,FAOSTAT,,generic_v15_rejected_only,verified,retain_exclusion,confirm_reasoned_exclusion,agriculture_item_matrix_overproliferation,"The concept comes from the legacy FAOSTAT item-by-element expansion matrix. Even when source-valid, the remaining yield/area/production/animal-count slices add low marginal variety and would re-saturate an already agriculture-heavy catalog; v16.2.6 deliberately prefers a small set of recognizable representative food/agriculture anchors.",Keep excluded from the playable core. Reconsider only if a future category is both highly recognizable and demonstrably distinct from retained crop/livestock/food anchors.,,
932,"Largest Seed cotton, unginned harvested area",Crops · QCL:'01921.01:5312,FAOSTAT,,generic_v15_rejected_only,verified,retain_exclusion,confirm_reasoned_exclusion,agriculture_item_matrix_overproliferation,"The concept comes from the legacy FAOSTAT item-by-element expansion matrix. Even when source-valid, the remaining yield/area/production/animal-count slices add low marginal variety and would re-saturate an already agriculture-heavy catalog; v16.2.6 deliberately prefers a small set of recognizable representative food/agriculture anchors.",Keep excluded from the playable core. Reconsider only if a future category is both highly recognizable and demonstrably distinct from retained crop/livestock/food anchors.,,
933,Most Raw milk of sheep milk-producing animals,Livestock · QCL:'02291:5318,FAOSTAT,,generic_v15_rejected_only,verified,retain_exclusion,confirm_reasoned_exclusion,agriculture_item_matrix_overproliferation,"The concept comes from the legacy FAOSTAT item-by-element expansion matrix. Even when source-valid, the remaining yield/area/production/animal-count slices add low marginal variety and would re-saturate an already agriculture-heavy catalog; v16.2.6 deliberately prefers a small set of recognizable representative food/agriculture anchors.",Keep excluded from the playable core. Reconsider only if a future category is both highly recognizable and demonstrably distinct from retained crop/livestock/food anchors.,,
935,"Highest Other tropical fruits, n.e.c. yield",Fruit · QCL:'01319:5412,FAOSTAT,,generic_v15_rejected_only,verified,retain_exclusion,confirm_reasoned_exclusion,agriculture_item_matrix_overproliferation,"The concept comes from the legacy FAOSTAT item-by-element expansion matrix. Even when source-valid, the remaining yield/area/production/animal-count slices add low marginal variety and would re-saturate an already agriculture-heavy catalog; v16.2.6 deliberately prefers a small set of recognizable representative food/agriculture anchors.",Keep excluded from the playable core. Reconsider only if a future category is both highly recognizable and demonstrably distinct from retained crop/livestock/food anchors.,,
946,Highest methane (CH4) emissions (total) excluding LULUCF,Environment · EN.GHG.CH4.ZG.AR5,World Bank,86,generic_v15_rejected_only,verified,retain_exclusion,confirm_reasoned_exclusion,emissions_overproliferation,"This is part of the previously overgrown emissions matrix (gas/sector/LULUCF variants). Even when technically valid, it is too repetitive or specialized relative to a small set of broad emissions anchors.",Keep excluded; any future emissions expansion must demonstrate a genuinely new player-facing concept rather than another gas/sector slice.,,
950,Highest nitrous oxide (N2O) emissions (total) excluding LULUCF,Environment · EN.GHG.N2O.MT.CE.AR5,World Bank,86,generic_v15_rejected_only,verified,retain_exclusion,confirm_reasoned_exclusion,emissions_overproliferation,"This is part of the previously overgrown emissions matrix (gas/sector/LULUCF variants). Even when technically valid, it is too repetitive or specialized relative to a small set of broad emissions anchors.",Keep excluded; any future emissions expansion must demonstrate a genuinely new player-facing concept rather than another gas/sector slice.,,
951,Highest nitrous oxide (N2O) emissions (total) excluding LULUCF,Environment · EN.GHG.N2O.ZG.AR5,World Bank,86,generic_v15_rejected_only,verified,retain_exclusion,confirm_reasoned_exclusion,emissions_overproliferation,"This is part of the previously overgrown emissions matrix (gas/sector/LULUCF variants). Even when technically valid, it is too repetitive or specialized relative to a small set of broad emissions anchors.",Keep excluded; any future emissions expansion must demonstrate a genuinely new player-facing concept rather than another gas/sector slice.,,
956,Highest total greenhouse gas emissions excluding LULUCF,Environment · EN.GHG.TOT.ZG.AR5,World Bank,86,generic_v15_rejected_only,verified,retain_exclusion,confirm_reasoned_exclusion,emissions_overproliferation,"This is part of the previously overgrown emissions matrix (gas/sector/LULUCF variants). Even when technically valid, it is too repetitive or specialized relative to a small set of broad emissions anchors.",Keep excluded; any future emissions expansion must demonstrate a genuinely new player-facing concept rather than another gas/sector slice.,,
959,Highest carbon dioxide (CO2) emissions (total) excluding LULUCF,Environment · EN.GHG.CO2.ZG.AR5,World Bank,86,generic_v15_rejected_only,verified,retain_exclusion,confirm_reasoned_exclusion,emissions_overproliferation,"This is part of the previously overgrown emissions matrix (gas/sector/LULUCF variants). Even when technically valid, it is too repetitive or specialized relative to a small set of broad emissions anchors.",Keep excluded; any future emissions expansion must demonstrate a genuinely new player-facing concept rather than another gas/sector slice.,,
966,Highest internet usage,Technology · IT.NET.USER.ZS,World Bank,86,generic_v15_rejected_only,verified,advance_to_validation,clear_generic_legacy_block,source_superseded_concept_retained,"Internet-use share is a broad, intuitive technology-access measure; it is meaningfully different from secure-server counts and school internet access.","Use the recovered infrastructure/internet-use source-family path, validate coverage/year consistency, and prefer the clearer “internet-use share” wording.",,
968,Highest methane (CH4) emissions from Fugitive Emissions (Energy),Environment · EN.GHG.CH4.FE.MT.CE.AR5,World Bank,86,generic_v15_rejected_only,verified,retain_exclusion,confirm_reasoned_exclusion,emissions_overproliferation,"This is part of the previously overgrown emissions matrix (gas/sector/LULUCF variants). Even when technically valid, it is too repetitive or specialized relative to a small set of broad emissions anchors.",Keep excluded; any future emissions expansion must demonstrate a genuinely new player-facing concept rather than another gas/sector slice.,,
969,Highest methane (CH4) emissions from Industrial Combustion (Energy),Environment · EN.GHG.CH4.IC.MT.CE.AR5,World Bank,86,generic_v15_rejected_only,verified,retain_exclusion,confirm_reasoned_exclusion,emissions_overproliferation,"This is part of the previously overgrown emissions matrix (gas/sector/LULUCF variants). Even when technically valid, it is too repetitive or specialized relative to a small set of broad emissions anchors.",Keep excluded; any future emissions expansion must demonstrate a genuinely new player-facing concept rather than another gas/sector slice.,,
970,Highest methane (CH4) emissions from Power Industry (Energy),Environment · EN.GHG.CH4.PI.MT.CE.AR5,World Bank,86,generic_v15_rejected_only,verified,retain_exclusion,confirm_reasoned_exclusion,emissions_overproliferation,"This is part of the previously overgrown emissions matrix (gas/sector/LULUCF variants). Even when technically valid, it is too repetitive or specialized relative to a small set of broad emissions anchors.",Keep excluded; any future emissions expansion must demonstrate a genuinely new player-facing concept rather than another gas/sector slice.,,
972,Highest nitrous oxide (N2O) emissions from Building (Energy),Environment · EN.GHG.N2O.BU.MT.CE.AR5,World Bank,86,generic_v15_rejected_only,verified,retain_exclusion,confirm_reasoned_exclusion,emissions_overproliferation,"This is part of the previously overgrown emissions matrix (gas/sector/LULUCF variants). Even when technically valid, it is too repetitive or specialized relative to a small set of broad emissions anchors.",Keep excluded; any future emissions expansion must demonstrate a genuinely new player-facing concept rather than another gas/sector slice.,,
973,Highest nitrous oxide (N2O) emissions from Industrial Combustion (Energy),Environment · EN.GHG.N2O.IC.MT.CE.AR5,World Bank,86,generic_v15_rejected_only,verified,retain_exclusion,confirm_reasoned_exclusion,emissions_overproliferation,"This is part of the previously overgrown emissions matrix (gas/sector/LULUCF variants). Even when technically valid, it is too repetitive or specialized relative to a small set of broad emissions anchors.",Keep excluded; any future emissions expansion must demonstrate a genuinely new player-facing concept rather than another gas/sector slice.,,
974,Highest nitrous oxide (N2O) emissions from Power Industry (Energy),Environment · EN.GHG.N2O.PI.MT.CE.AR5,World Bank,86,generic_v15_rejected_only,verified,retain_exclusion,confirm_reasoned_exclusion,emissions_overproliferation,"This is part of the previously overgrown emissions matrix (gas/sector/LULUCF variants). Even when technically valid, it is too repetitive or specialized relative to a small set of broad emissions anchors.",Keep excluded; any future emissions expansion must demonstrate a genuinely new player-facing concept rather than another gas/sector slice.,,
975,Highest nitrous oxide (N2O) emissions from Transport (Energy),Environment · EN.GHG.N2O.TR.MT.CE.AR5,World Bank,86,generic_v15_rejected_only,verified,retain_exclusion,confirm_reasoned_exclusion,emissions_overproliferation,"This is part of the previously overgrown emissions matrix (gas/sector/LULUCF variants). Even when technically valid, it is too repetitive or specialized relative to a small set of broad emissions anchors.",Keep excluded; any future emissions expansion must demonstrate a genuinely new player-facing concept rather than another gas/sector slice.,,
976,Highest carbon intensity of GDP,Environment · EN.GHG.CO2.RT.GDP.PP.KD,World Bank,86,generic_v15_rejected_only,verified,retain_exclusion,confirm_reasoned_exclusion,emissions_methodology_density_v16_2_6_final_curation,"Carbon intensity is more distinct than raw emissions totals, but it still needs a clearly defined denominator/method and must be considered against the intentionally pruned emissions family. Final v16.2.6 curation decision: this concept is not selected for the playable core, so there is no reason to leave its legacy state unresolved.","Keep excluded for v16.2.6. A future release may explicitly reopen it, but the historical rejection is now backed by this current editorial curation decision.",,
1000,Most cotton seed produced,Crops · QCL:'0143:5510,FAOSTAT,,generic_v15_rejected_only,verified,retain_exclusion,confirm_reasoned_exclusion,agriculture_item_matrix_overproliferation,"The concept comes from the legacy FAOSTAT item-by-element expansion matrix. Even when source-valid, the remaining yield/area/production/animal-count slices add low marginal variety and would re-saturate an already agriculture-heavy catalog; v16.2.6 deliberately prefers a small set of recognizable representative food/agriculture anchors.",Keep excluded from the playable core. Reconsider only if a future category is both highly recognizable and demonstrably distinct from retained crop/livestock/food anchors.,,
1001,Most margarine and shortening produced,Agriculture · QCL:'21700.02:5510,FAOSTAT,,generic_v15_rejected_only,verified,retain_exclusion,confirm_reasoned_exclusion,agriculture_item_matrix_overproliferation,"The concept comes from the legacy FAOSTAT item-by-element expansion matrix. Even when source-valid, the remaining yield/area/production/animal-count slices add low marginal variety and would re-saturate an already agriculture-heavy catalog; v16.2.6 deliberately prefers a small set of recognizable representative food/agriculture anchors.",Keep excluded from the playable core. Reconsider only if a future category is both highly recognizable and demonstrably distinct from retained crop/livestock/food anchors.,,
1003,"Most other nuts (excluding wild edible nuts and groundnuts), in shell, n.e.c. produced",Agriculture · QCL:'01379.90:5510,FAOSTAT,,generic_v15_rejected_only,verified,retain_exclusion,confirm_reasoned_exclusion,agriculture_item_matrix_overproliferation,"The concept comes from the legacy FAOSTAT item-by-element expansion matrix. Even when source-valid, the remaining yield/area/production/animal-count slices add low marginal variety and would re-saturate an already agriculture-heavy catalog; v16.2.6 deliberately prefers a small set of recognizable representative food/agriculture anchors.",Keep excluded from the playable core. Reconsider only if a future category is both highly recognizable and demonstrably distinct from retained crop/livestock/food anchors.,,
1004,Largest Apricots harvested area,Agriculture · QCL:'01343:5312,FAOSTAT,,generic_v15_rejected_only,verified,retain_exclusion,confirm_reasoned_exclusion,agriculture_item_matrix_overproliferation,"The concept comes from the legacy FAOSTAT item-by-element expansion matrix. Even when source-valid, the remaining yield/area/production/animal-count slices add low marginal variety and would re-saturate an already agriculture-heavy catalog; v16.2.6 deliberately prefers a small set of recognizable representative food/agriculture anchors.",Keep excluded from the playable core. Reconsider only if a future category is both highly recognizable and demonstrably distinct from retained crop/livestock/food anchors.,,
1005,Largest Millet harvested area,Agriculture · QCL:'0118:5312,FAOSTAT,,generic_v15_rejected_only,verified,retain_exclusion,confirm_reasoned_exclusion,agriculture_item_matrix_overproliferation,"The concept comes from the legacy FAOSTAT item-by-element expansion matrix. Even when source-valid, the remaining yield/area/production/animal-count slices add low marginal variety and would re-saturate an already agriculture-heavy catalog; v16.2.6 deliberately prefers a small set of recognizable representative food/agriculture anchors.",Keep excluded from the playable core. Reconsider only if a future category is both highly recognizable and demonstrably distinct from retained crop/livestock/food anchors.,,
1007,Highest Raw milk of sheep yield,Livestock · QCL:'02291:5417,FAOSTAT,,generic_v15_rejected_only,verified,retain_exclusion,confirm_reasoned_exclusion,agriculture_item_matrix_overproliferation,"The concept comes from the legacy FAOSTAT item-by-element expansion matrix. Even when source-valid, the remaining yield/area/production/animal-count slices add low marginal variety and would re-saturate an already agriculture-heavy catalog; v16.2.6 deliberately prefers a small set of recognizable representative food/agriculture anchors.",Keep excluded from the playable core. Reconsider only if a future category is both highly recognizable and demonstrably distinct from retained crop/livestock/food anchors.,,
1008,"Largest Coffee, green harvested area",Crops · QCL:'01610:5312,FAOSTAT,,generic_v15_rejected_only,verified,retain_exclusion,confirm_reasoned_exclusion,agriculture_item_matrix_overproliferation,"The concept comes from the legacy FAOSTAT item-by-element expansion matrix. Even when source-valid, the remaining yield/area/production/animal-count slices add low marginal variety and would re-saturate an already agriculture-heavy catalog; v16.2.6 deliberately prefers a small set of recognizable representative food/agriculture anchors.",Keep excluded from the playable core. Reconsider only if a future category is both highly recognizable and demonstrably distinct from retained crop/livestock/food anchors.,,
1009,Highest Spinach yield,Agriculture · QCL:'01215:5412,FAOSTAT,,generic_v15_rejected_only,verified,retain_exclusion,confirm_reasoned_exclusion,agriculture_item_matrix_overproliferation,"The concept comes from the legacy FAOSTAT item-by-element expansion matrix. Even when source-valid, the remaining yield/area/production/animal-count slices add low marginal variety and would re-saturate an already agriculture-heavy catalog; v16.2.6 deliberately prefers a small set of recognizable representative food/agriculture anchors.",Keep excluded from the playable core. Reconsider only if a future category is both highly recognizable and demonstrably distinct from retained crop/livestock/food anchors.,,
1010,Largest Rape or colza seed harvested area,Agriculture · QCL:'01443:5312,FAOSTAT,,generic_v15_rejected_only,verified,retain_exclusion,confirm_reasoned_exclusion,agriculture_item_matrix_overproliferation,"The concept comes from the legacy FAOSTAT item-by-element expansion matrix. Even when source-valid, the remaining yield/area/production/animal-count slices add low marginal variety and would re-saturate an already agriculture-heavy catalog; v16.2.6 deliberately prefers a small set of recognizable representative food/agriculture anchors.",Keep excluded from the playable core. Reconsider only if a future category is both highly recognizable and demonstrably distinct from retained crop/livestock/food anchors.,,
1011,Most rape or colza seed produced,Agriculture · QCL:'01443:5510,FAOSTAT,,generic_v15_rejected_only,verified,retain_exclusion,confirm_reasoned_exclusion,agriculture_item_matrix_overproliferation,"The concept comes from the legacy FAOSTAT item-by-element expansion matrix. Even when source-valid, the remaining yield/area/production/animal-count slices add low marginal variety and would re-saturate an already agriculture-heavy catalog; v16.2.6 deliberately prefers a small set of recognizable representative food/agriculture anchors.",Keep excluded from the playable core. Reconsider only if a future category is both highly recognizable and demonstrably distinct from retained crop/livestock/food anchors.,,
1012,Highest Rape or colza seed yield,Agriculture · QCL:'01443:5412,FAOSTAT,,generic_v15_rejected_only,verified,retain_exclusion,confirm_reasoned_exclusion,agriculture_item_matrix_overproliferation,"The concept comes from the legacy FAOSTAT item-by-element expansion matrix. Even when source-valid, the remaining yield/area/production/animal-count slices add low marginal variety and would re-saturate an already agriculture-heavy catalog; v16.2.6 deliberately prefers a small set of recognizable representative food/agriculture anchors.",Keep excluded from the playable core. Reconsider only if a future category is both highly recognizable and demonstrably distinct from retained crop/livestock/food anchors.,,
1013,Highest Rye yield,Agriculture · QCL:'0116:5412,FAOSTAT,,generic_v15_rejected_only,verified,retain_exclusion,confirm_reasoned_exclusion,agriculture_item_matrix_overproliferation,"The concept comes from the legacy FAOSTAT item-by-element expansion matrix. Even when source-valid, the remaining yield/area/production/animal-count slices add low marginal variety and would re-saturate an already agriculture-heavy catalog; v16.2.6 deliberately prefers a small set of recognizable representative food/agriculture anchors.",Keep excluded from the playable core. Reconsider only if a future category is both highly recognizable and demonstrably distinct from retained crop/livestock/food anchors.,,
1016,Highest nitrous oxide (N2O) emissions from Fugitive Emissions (Energy),Environment · EN.GHG.N2O.FE.MT.CE.AR5,World Bank,85,generic_v15_rejected_only,verified,retain_exclusion,confirm_reasoned_exclusion,emissions_overproliferation,"This is part of the previously overgrown emissions matrix (gas/sector/LULUCF variants). Even when technically valid, it is too repetitive or specialized relative to a small set of broad emissions anchors.",Keep excluded; any future emissions expansion must demonstrate a genuinely new player-facing concept rather than another gas/sector slice.,,
1025,Highest Raw hides and skins of sheep or lambs yield,Livestock · QCL:'02953:5417,FAOSTAT,,generic_v15_rejected_only,verified,retain_exclusion,confirm_reasoned_exclusion,agriculture_item_matrix_overproliferation,"The concept comes from the legacy FAOSTAT item-by-element expansion matrix. Even when source-valid, the remaining yield/area/production/animal-count slices add low marginal variety and would re-saturate an already agriculture-heavy catalog; v16.2.6 deliberately prefers a small set of recognizable representative food/agriculture anchors.",Keep excluded from the playable core. Reconsider only if a future category is both highly recognizable and demonstrably distinct from retained crop/livestock/food anchors.,,
1028,"Largest Other nuts (excluding wild edible nuts and groundnuts), in shell, n.e.c. harvested area",Agriculture · QCL:'01379.90:5312,FAOSTAT,,generic_v15_rejected_only,verified,retain_exclusion,confirm_reasoned_exclusion,agriculture_item_matrix_overproliferation,"The concept comes from the legacy FAOSTAT item-by-element expansion matrix. Even when source-valid, the remaining yield/area/production/animal-count slices add low marginal variety and would re-saturate an already agriculture-heavy catalog; v16.2.6 deliberately prefers a small set of recognizable representative food/agriculture anchors.",Keep excluded from the playable core. Reconsider only if a future category is both highly recognizable and demonstrably distinct from retained crop/livestock/food anchors.,,
1029,"Largest Coconuts, in shell harvested area",Agriculture · QCL:'01460:5312,FAOSTAT,,generic_v15_rejected_only,verified,retain_exclusion,confirm_reasoned_exclusion,agriculture_item_matrix_overproliferation,"The concept comes from the legacy FAOSTAT item-by-element expansion matrix. Even when source-valid, the remaining yield/area/production/animal-count slices add low marginal variety and would re-saturate an already agriculture-heavy catalog; v16.2.6 deliberately prefers a small set of recognizable representative food/agriculture anchors.",Keep excluded from the playable core. Reconsider only if a future category is both highly recognizable and demonstrably distinct from retained crop/livestock/food anchors.,,
1033,Most spinach produced,Agriculture · QCL:'01215:5510,FAOSTAT,,generic_v15_rejected_only,verified,retain_exclusion,confirm_reasoned_exclusion,agriculture_item_matrix_overproliferation,"The concept comes from the legacy FAOSTAT item-by-element expansion matrix. Even when source-valid, the remaining yield/area/production/animal-count slices add low marginal variety and would re-saturate an already agriculture-heavy catalog; v16.2.6 deliberately prefers a small set of recognizable representative food/agriculture anchors.",Keep excluded from the playable core. Reconsider only if a future category is both highly recognizable and demonstrably distinct from retained crop/livestock/food anchors.,,
1035,Largest Cherries harvested area,Agriculture · QCL:'01344.02:5312,FAOSTAT,,generic_v15_rejected_only,verified,retain_exclusion,confirm_reasoned_exclusion,agriculture_item_matrix_overproliferation,"The concept comes from the legacy FAOSTAT item-by-element expansion matrix. Even when source-valid, the remaining yield/area/production/animal-count slices add low marginal variety and would re-saturate an already agriculture-heavy catalog; v16.2.6 deliberately prefers a small set of recognizable representative food/agriculture anchors.",Keep excluded from the playable core. Reconsider only if a future category is both highly recognizable and demonstrably distinct from retained crop/livestock/food anchors.,,
1036,"Highest Broad beans and horse beans, dry yield",Livestock · QCL:'01702:5412,FAOSTAT,,generic_v15_rejected_only,verified,retain_exclusion,confirm_reasoned_exclusion,agriculture_item_matrix_overproliferation,"The concept comes from the legacy FAOSTAT item-by-element expansion matrix. Even when source-valid, the remaining yield/area/production/animal-count slices add low marginal variety and would re-saturate an already agriculture-heavy catalog; v16.2.6 deliberately prefers a small set of recognizable representative food/agriculture anchors.",Keep excluded from the playable core. Reconsider only if a future category is both highly recognizable and demonstrably distinct from retained crop/livestock/food anchors.,,
1037,Largest Rye harvested area,Agriculture · QCL:'0116:5312,FAOSTAT,,generic_v15_rejected_only,verified,retain_exclusion,confirm_reasoned_exclusion,agriculture_item_matrix_overproliferation,"The concept comes from the legacy FAOSTAT item-by-element expansion matrix. Even when source-valid, the remaining yield/area/production/animal-count slices add low marginal variety and would re-saturate an already agriculture-heavy catalog; v16.2.6 deliberately prefers a small set of recognizable representative food/agriculture anchors.",Keep excluded from the playable core. Reconsider only if a future category is both highly recognizable and demonstrably distinct from retained crop/livestock/food anchors.,,
1038,Most rye produced,Agriculture · QCL:'0116:5510,FAOSTAT,,generic_v15_rejected_only,verified,retain_exclusion,confirm_reasoned_exclusion,agriculture_item_matrix_overproliferation,"The concept comes from the legacy FAOSTAT item-by-element expansion matrix. Even when source-valid, the remaining yield/area/production/animal-count slices add low marginal variety and would re-saturate an already agriculture-heavy catalog; v16.2.6 deliberately prefers a small set of recognizable representative food/agriculture anchors.",Keep excluded from the playable core. Reconsider only if a future category is both highly recognizable and demonstrably distinct from retained crop/livestock/food anchors.,,
1039,Largest Sugar beet harvested area,Crops · QCL:'01801:5312,FAOSTAT,,generic_v15_rejected_only,verified,retain_exclusion,confirm_reasoned_exclusion,agriculture_item_matrix_overproliferation,"The concept comes from the legacy FAOSTAT item-by-element expansion matrix. Even when source-valid, the remaining yield/area/production/animal-count slices add low marginal variety and would re-saturate an already agriculture-heavy catalog; v16.2.6 deliberately prefers a small set of recognizable representative food/agriculture anchors.",Keep excluded from the playable core. Reconsider only if a future category is both highly recognizable and demonstrably distinct from retained crop/livestock/food anchors.,,
1041,Highest current account balance,Economy · BN.CAB.XOKA.CD,World Bank,,generic_v16_2_3_batch_reason,verified,retain_exclusion,confirm_reasoned_exclusion,macro_finance_overproliferation,"This is a specialized balance-sheet, debt-service, financial-market, monetary, or government-finance series from the overgrown macro matrix. It is either jargon-heavy, size-dominated, denominator-sensitive, or too close to stronger retained economy anchors.",Keep excluded from the core catalog; a future macro category must have a plain-English definition and clear distinct player value.,,
1045,Largest exports,Economy · NE.EXP.GNFS.CD,World Bank,84,generic_v15_rejected_only,verified,retain_exclusion,confirm_reasoned_exclusion,duplicate_or_ambiguous_macro,Generic “exports/imports” duplicates clearer existing trade categories and is ambiguous about goods/services/primary income scope.,Keep excluded; use the already retained explicitly defined trade categories.,,
1046,Largest imports,Economy · NE.IMP.GNFS.CD,World Bank,84,generic_v15_rejected_only,verified,retain_exclusion,confirm_reasoned_exclusion,duplicate_or_ambiguous_macro,Generic “exports/imports” duplicates clearer existing trade categories and is ambiguous about goods/services/primary income scope.,Keep excluded; use the already retained explicitly defined trade categories.,,
1053,Most groundnut oil produced,Agriculture · QCL:'2162:5510,FAOSTAT,,generic_v15_rejected_only,verified,retain_exclusion,confirm_reasoned_exclusion,agriculture_item_matrix_overproliferation,"The concept comes from the legacy FAOSTAT item-by-element expansion matrix. Even when source-valid, the remaining yield/area/production/animal-count slices add low marginal variety and would re-saturate an already agriculture-heavy catalog; v16.2.6 deliberately prefers a small set of recognizable representative food/agriculture anchors.",Keep excluded from the playable core. Reconsider only if a future category is both highly recognizable and demonstrably distinct from retained crop/livestock/food anchors.,,
1054,Most cottonseed oil produced,Crops · QCL:'2168:5510,FAOSTAT,,generic_v15_rejected_only,verified,retain_exclusion,confirm_reasoned_exclusion,agriculture_item_matrix_overproliferation,"The concept comes from the legacy FAOSTAT item-by-element expansion matrix. Even when source-valid, the remaining yield/area/production/animal-count slices add low marginal variety and would re-saturate an already agriculture-heavy catalog; v16.2.6 deliberately prefers a small set of recognizable representative food/agriculture anchors.",Keep excluded from the playable core. Reconsider only if a future category is both highly recognizable and demonstrably distinct from retained crop/livestock/food anchors.,,
1056,"Most meat of ducks, fresh or chilled produced",Livestock · QCL:'21122:5510,FAOSTAT,,generic_v15_rejected_only,verified,retain_exclusion,confirm_reasoned_exclusion,agriculture_item_matrix_overproliferation,"The concept comes from the legacy FAOSTAT item-by-element expansion matrix. Even when source-valid, the remaining yield/area/production/animal-count slices add low marginal variety and would re-saturate an already agriculture-heavy catalog; v16.2.6 deliberately prefers a small set of recognizable representative food/agriculture anchors.",Keep excluded from the playable core. Reconsider only if a future category is both highly recognizable and demonstrably distinct from retained crop/livestock/food anchors.,,
1057,"Most Meat of ducks, fresh or chilled producing animals",Livestock · QCL:'21122:5321,FAOSTAT,,generic_v15_rejected_only,verified,retain_exclusion,confirm_reasoned_exclusion,agriculture_item_matrix_overproliferation,"The concept comes from the legacy FAOSTAT item-by-element expansion matrix. Even when source-valid, the remaining yield/area/production/animal-count slices add low marginal variety and would re-saturate an already agriculture-heavy catalog; v16.2.6 deliberately prefers a small set of recognizable representative food/agriculture anchors.",Keep excluded from the playable core. Reconsider only if a future category is both highly recognizable and demonstrably distinct from retained crop/livestock/food anchors.,,
1058,"Largest Other oil seeds, n.e.c. harvested area",Agriculture · QCL:'01449.90:5312,FAOSTAT,,generic_v15_rejected_only,verified,retain_exclusion,confirm_reasoned_exclusion,agriculture_item_matrix_overproliferation,"The concept comes from the legacy FAOSTAT item-by-element expansion matrix. Even when source-valid, the remaining yield/area/production/animal-count slices add low marginal variety and would re-saturate an already agriculture-heavy catalog; v16.2.6 deliberately prefers a small set of recognizable representative food/agriculture anchors.",Keep excluded from the playable core. Reconsider only if a future category is both highly recognizable and demonstrably distinct from retained crop/livestock/food anchors.,,
1059,"Most shorn wool, greasy, including fleece-washed shorn wool produced",Agriculture · QCL:'02941:5510,FAOSTAT,,generic_v15_rejected_only,verified,retain_exclusion,confirm_reasoned_exclusion,agriculture_item_matrix_overproliferation,"The concept comes from the legacy FAOSTAT item-by-element expansion matrix. Even when source-valid, the remaining yield/area/production/animal-count slices add low marginal variety and would re-saturate an already agriculture-heavy catalog; v16.2.6 deliberately prefers a small set of recognizable representative food/agriculture anchors.",Keep excluded from the playable core. Reconsider only if a future category is both highly recognizable and demonstrably distinct from retained crop/livestock/food anchors.,,
1060,Largest Sesame seed harvested area,Agriculture · QCL:'01444:5312,FAOSTAT,,generic_v15_rejected_only,verified,retain_exclusion,confirm_reasoned_exclusion,agriculture_item_matrix_overproliferation,"The concept comes from the legacy FAOSTAT item-by-element expansion matrix. Even when source-valid, the remaining yield/area/production/animal-count slices add low marginal variety and would re-saturate an already agriculture-heavy catalog; v16.2.6 deliberately prefers a small set of recognizable representative food/agriculture anchors.",Keep excluded from the playable core. Reconsider only if a future category is both highly recognizable and demonstrably distinct from retained crop/livestock/food anchors.,,
1061,"Highest Meat of ducks, fresh or chilled yield",Livestock · QCL:'21122:5424,FAOSTAT,,generic_v15_rejected_only,verified,retain_exclusion,confirm_reasoned_exclusion,agriculture_item_matrix_overproliferation,"The concept comes from the legacy FAOSTAT item-by-element expansion matrix. Even when source-valid, the remaining yield/area/production/animal-count slices add low marginal variety and would re-saturate an already agriculture-heavy catalog; v16.2.6 deliberately prefers a small set of recognizable representative food/agriculture anchors.",Keep excluded from the playable core. Reconsider only if a future category is both highly recognizable and demonstrably distinct from retained crop/livestock/food anchors.,,
1062,Highest Papayas yield,Agriculture · QCL:'01317:5412,FAOSTAT,,generic_v15_rejected_only,verified,retain_exclusion,confirm_reasoned_exclusion,agriculture_item_matrix_overproliferation,"The concept comes from the legacy FAOSTAT item-by-element expansion matrix. Even when source-valid, the remaining yield/area/production/animal-count slices add low marginal variety and would re-saturate an already agriculture-heavy catalog; v16.2.6 deliberately prefers a small set of recognizable representative food/agriculture anchors.",Keep excluded from the playable core. Reconsider only if a future category is both highly recognizable and demonstrably distinct from retained crop/livestock/food anchors.,,
1063,Largest Papayas harvested area,Agriculture · QCL:'01317:5312,FAOSTAT,,generic_v15_rejected_only,verified,retain_exclusion,confirm_reasoned_exclusion,agriculture_item_matrix_overproliferation,"The concept comes from the legacy FAOSTAT item-by-element expansion matrix. Even when source-valid, the remaining yield/area/production/animal-count slices add low marginal variety and would re-saturate an already agriculture-heavy catalog; v16.2.6 deliberately prefers a small set of recognizable representative food/agriculture anchors.",Keep excluded from the playable core. Reconsider only if a future category is both highly recognizable and demonstrably distinct from retained crop/livestock/food anchors.,,
1064,Largest Spinach harvested area,Agriculture · QCL:'01215:5312,FAOSTAT,,generic_v15_rejected_only,verified,retain_exclusion,confirm_reasoned_exclusion,agriculture_item_matrix_overproliferation,"The concept comes from the legacy FAOSTAT item-by-element expansion matrix. Even when source-valid, the remaining yield/area/production/animal-count slices add low marginal variety and would re-saturate an already agriculture-heavy catalog; v16.2.6 deliberately prefers a small set of recognizable representative food/agriculture anchors.",Keep excluded from the playable core. Reconsider only if a future category is both highly recognizable and demonstrably distinct from retained crop/livestock/food anchors.,,
1065,"Largest Broad beans and horse beans, dry harvested area",Livestock · QCL:'01702:5312,FAOSTAT,,generic_v15_rejected_only,verified,retain_exclusion,confirm_reasoned_exclusion,agriculture_item_matrix_overproliferation,"The concept comes from the legacy FAOSTAT item-by-element expansion matrix. Even when source-valid, the remaining yield/area/production/animal-count slices add low marginal variety and would re-saturate an already agriculture-heavy catalog; v16.2.6 deliberately prefers a small set of recognizable representative food/agriculture anchors.",Keep excluded from the playable core. Reconsider only if a future category is both highly recognizable and demonstrably distinct from retained crop/livestock/food anchors.,,
1066,"Most broad beans and horse beans, dry produced",Livestock · QCL:'01702:5510,FAOSTAT,,generic_v15_rejected_only,verified,retain_exclusion,confirm_reasoned_exclusion,agriculture_item_matrix_overproliferation,"The concept comes from the legacy FAOSTAT item-by-element expansion matrix. Even when source-valid, the remaining yield/area/production/animal-count slices add low marginal variety and would re-saturate an already agriculture-heavy catalog; v16.2.6 deliberately prefers a small set of recognizable representative food/agriculture anchors.",Keep excluded from the playable core. Reconsider only if a future category is both highly recognizable and demonstrably distinct from retained crop/livestock/food anchors.,,
1067,"Largest Walnuts, in shell harvested area",Agriculture · QCL:'01376:5312,FAOSTAT,,generic_v15_rejected_only,verified,retain_exclusion,confirm_reasoned_exclusion,agriculture_item_matrix_overproliferation,"The concept comes from the legacy FAOSTAT item-by-element expansion matrix. Even when source-valid, the remaining yield/area/production/animal-count slices add low marginal variety and would re-saturate an already agriculture-heavy catalog; v16.2.6 deliberately prefers a small set of recognizable representative food/agriculture anchors.",Keep excluded from the playable core. Reconsider only if a future category is both highly recognizable and demonstrably distinct from retained crop/livestock/food anchors.,,
1068,Highest Sugar beet yield,Crops · QCL:'01801:5412,FAOSTAT,,generic_v15_rejected_only,verified,retain_exclusion,confirm_reasoned_exclusion,agriculture_item_matrix_overproliferation,"The concept comes from the legacy FAOSTAT item-by-element expansion matrix. Even when source-valid, the remaining yield/area/production/animal-count slices add low marginal variety and would re-saturate an already agriculture-heavy catalog; v16.2.6 deliberately prefers a small set of recognizable representative food/agriculture anchors.",Keep excluded from the playable core. Reconsider only if a future category is both highly recognizable and demonstrably distinct from retained crop/livestock/food anchors.,,
1069,Largest Other berries and fruits of the genus vaccinium n.e.c. harvested area,Fruit · QCL:'01355.90:5312,FAOSTAT,,generic_v15_rejected_only,verified,retain_exclusion,confirm_reasoned_exclusion,agriculture_item_matrix_overproliferation,"The concept comes from the legacy FAOSTAT item-by-element expansion matrix. Even when source-valid, the remaining yield/area/production/animal-count slices add low marginal variety and would re-saturate an already agriculture-heavy catalog; v16.2.6 deliberately prefers a small set of recognizable representative food/agriculture anchors.",Keep excluded from the playable core. Reconsider only if a future category is both highly recognizable and demonstrably distinct from retained crop/livestock/food anchors.,,
1075,Highest carbon dioxide (CO2) emissions from Fugitive Emissions (Energy),Environment · EN.GHG.CO2.FE.MT.CE.AR5,World Bank,83,generic_v15_rejected_only,verified,retain_exclusion,confirm_reasoned_exclusion,emissions_overproliferation,"This is part of the previously overgrown emissions matrix (gas/sector/LULUCF variants). Even when technically valid, it is too repetitive or specialized relative to a small set of broad emissions anchors.",Keep excluded; any future emissions expansion must demonstrate a genuinely new player-facing concept rather than another gas/sector slice.,,
1080,Highest estimated dairy consumption per person,Food consumption · FBS:dairy-products,FAOSTAT Food Balances,,duplicate_explicit,verified,clear_legacy_block_current_path_governs,clear_generic_legacy_block,current_canonical_path_governs,"This legacy row collides with a current retained/validated-path concept (Highest estimated dairy consumption per person). The old rejected source/path must remain dead, but its title-level legacy veto must not disable the current canonical path.","Clear only the historical title/semantic veto. Keep the old source row excluded and let the current category pass the normal source, quality, duplicate and editorial gates.",family:faostatfbs:dairy-products,ready_for_source_family_validation
1105,Highest final consumption expenditure,Economy · NE.CON.TOTL.ZS,World Bank,83,generic_v15_rejected_only,verified,retain_exclusion,confirm_reasoned_exclusion,macro_or_landuse_curation_v16_2_6_final_curation,"Potentially understandable after careful naming, but it sits in an already dense macro/land-use family and is not strong enough to clear the legacy block without comparing nearby alternatives. Final v16.2.6 curation decision: this concept is not selected for the playable core, so there is no reason to leave its legacy state unresolved.","Keep excluded for v16.2.6. A future release may explicitly reopen it, but the historical rejection is now backed by this current editorial curation decision.",,
1106,Highest general government final consumption expenditure,Economy · NE.CON.GOVT.ZS,World Bank,83,generic_v15_rejected_only,verified,retain_exclusion,confirm_reasoned_exclusion,macro_or_landuse_curation_v16_2_6_final_curation,"Potentially understandable after careful naming, but it sits in an already dense macro/land-use family and is not strong enough to clear the legacy block without comparing nearby alternatives. Final v16.2.6 curation decision: this concept is not selected for the playable core, so there is no reason to leave its legacy state unresolved.","Keep excluded for v16.2.6. A future release may explicitly reopen it, but the historical rejection is now backed by this current editorial curation decision.",,
1107,Highest final consumption expenditure,Economy · NE.CON.TOTL.CD,World Bank,83,generic_v15_rejected_only,verified,retain_exclusion,confirm_reasoned_exclusion,macro_overproliferation,"One of many national-accounts total/constant-price/growth variants with low marginal player value, jargon-heavy naming, or a near-duplicate preferred alternative; economy is already overrepresented.",Keep excluded; do not rebuild the old national-accounts matrix. Reconsider only a separately justified plain-English concept.,,
1108,Highest government consumption,Government · NE.CON.GOVT.CD,World Bank,83,generic_v15_rejected_only,verified,retain_exclusion,confirm_reasoned_exclusion,macro_overproliferation,"One of many national-accounts total/constant-price/growth variants with low marginal player value, jargon-heavy naming, or a near-duplicate preferred alternative; economy is already overrepresented.",Keep excluded; do not rebuild the old national-accounts matrix. Reconsider only a separately justified plain-English concept.,,
1109,Highest gross national expenditure,Economy · NE.DAB.TOTL.ZS,World Bank,83,generic_v15_rejected_only,verified,retain_exclusion,confirm_reasoned_exclusion,macro_overproliferation,"One of many national-accounts total/constant-price/growth variants with low marginal player value, jargon-heavy naming, or a near-duplicate preferred alternative; economy is already overrepresented.",Keep excluded; do not rebuild the old national-accounts matrix. Reconsider only a separately justified plain-English concept.,,
1110,Highest households and NPISHs final consumption expenditure,Economy · NE.CON.PRVT.ZS,World Bank,83,generic_v15_rejected_only,verified,retain_exclusion,confirm_reasoned_exclusion,macro_or_landuse_curation_v16_2_6_final_curation,"Potentially understandable after careful naming, but it sits in an already dense macro/land-use family and is not strong enough to clear the legacy block without comparing nearby alternatives. Final v16.2.6 curation decision: this concept is not selected for the playable core, so there is no reason to leave its legacy state unresolved.","Keep excluded for v16.2.6. A future release may explicitly reopen it, but the historical rejection is now backed by this current editorial curation decision.",,
1111,Highest gross national expenditure,Economy · NE.DAB.TOTL.CD,World Bank,83,generic_v15_rejected_only,verified,retain_exclusion,confirm_reasoned_exclusion,macro_overproliferation,"One of many national-accounts total/constant-price/growth variants with low marginal player value, jargon-heavy naming, or a near-duplicate preferred alternative; economy is already overrepresented.",Keep excluded; do not rebuild the old national-accounts matrix. Reconsider only a separately justified plain-English concept.,,
1112,Highest household consumption,Economy · NE.CON.PRVT.CD,World Bank,83,generic_v15_rejected_only,verified,retain_exclusion,confirm_reasoned_exclusion,macro_overproliferation,"One of many national-accounts total/constant-price/growth variants with low marginal player value, jargon-heavy naming, or a near-duplicate preferred alternative; economy is already overrepresented.",Keep excluded; do not rebuild the old national-accounts matrix. Reconsider only a separately justified plain-English concept.,,
1113,Highest final consumption expenditure,Economy · NE.CON.TOTL.KD,World Bank,83,generic_v15_rejected_only,failed,retain_exclusion,confirm_reasoned_exclusion,macro_overproliferation,"One of many national-accounts total/constant-price/growth variants with low marginal player value, jargon-heavy naming, or a near-duplicate preferred alternative; economy is already overrepresented.",Keep excluded; do not rebuild the old national-accounts matrix. Reconsider only a separately justified plain-English concept.,,
1115,"Highest households and NPISHs Final consumption expenditure per capita, PPP",Development · NE.CON.PCAP.PP.KD,World Bank,83,generic_v15_rejected_only,verified,advance_to_validation,clear_generic_legacy_block,broad_intuitive_rewrite,"Household consumption per person at PPP is a meaningful living-standard concept, unlike the many total/local-currency national-accounts variants around it; the player-facing copy must be simplified.",Validate a comparable PPP per-capita series and rewrite as plain-English household consumption per person; keep all adjacent aggregate variants excluded/held.,,
1116,"Highest households and NPISHs Final consumption expenditure, PPP",Economy · NE.CON.PRVT.PP.KD,World Bank,83,generic_v15_rejected_only,verified,retain_exclusion,confirm_reasoned_exclusion,macro_overproliferation,"One of many national-accounts total/constant-price/growth variants with low marginal player value, jargon-heavy naming, or a near-duplicate preferred alternative; economy is already overrepresented.",Keep excluded; do not rebuild the old national-accounts matrix. Reconsider only a separately justified plain-English concept.,,
1119,Highest military expenditure,Government · MS.MIL.XPND.CN,World Bank,,duplicate_explicit,verified,retain_exclusion,confirm_reasoned_exclusion,explicit_legacy_product_or_duplicate_decision,"This was not merely an unexplained legacy rejection: it carried an explicit product/duplicate decision, and no current canonical category requires the title veto to be lifted.",Preserve the exclusion; reconsider only through an explicit future product decision.,,
1121,Highest Raw hides and skins of goats or kids yield,Livestock · QCL:'02954:5417,FAOSTAT,,generic_v15_rejected_only,verified,retain_exclusion,confirm_reasoned_exclusion,agriculture_item_matrix_overproliferation,"The concept comes from the legacy FAOSTAT item-by-element expansion matrix. Even when source-valid, the remaining yield/area/production/animal-count slices add low marginal variety and would re-saturate an already agriculture-heavy catalog; v16.2.6 deliberately prefers a small set of recognizable representative food/agriculture anchors.",Keep excluded from the playable core. Reconsider only if a future category is both highly recognizable and demonstrably distinct from retained crop/livestock/food anchors.,,
1122,"Most sunflower-seed oil, crude produced",Agriculture · QCL:'21631.01:5510,FAOSTAT,,generic_v15_rejected_only,verified,retain_exclusion,confirm_reasoned_exclusion,agriculture_item_matrix_overproliferation,"The concept comes from the legacy FAOSTAT item-by-element expansion matrix. Even when source-valid, the remaining yield/area/production/animal-count slices add low marginal variety and would re-saturate an already agriculture-heavy catalog; v16.2.6 deliberately prefers a small set of recognizable representative food/agriculture anchors.",Keep excluded from the playable core. Reconsider only if a future category is both highly recognizable and demonstrably distinct from retained crop/livestock/food anchors.,,
1123,"Largest Other citrus fruit, n.e.c. harvested area",Fruit · QCL:'01329:5312,FAOSTAT,,generic_v15_rejected_only,verified,retain_exclusion,confirm_reasoned_exclusion,agriculture_item_matrix_overproliferation,"The concept comes from the legacy FAOSTAT item-by-element expansion matrix. Even when source-valid, the remaining yield/area/production/animal-count slices add low marginal variety and would re-saturate an already agriculture-heavy catalog; v16.2.6 deliberately prefers a small set of recognizable representative food/agriculture anchors.",Keep excluded from the playable core. Reconsider only if a future category is both highly recognizable and demonstrably distinct from retained crop/livestock/food anchors.,,
1124,Most evaporated & Condensed Milk produced,Dairy · QCL:'F1816:5510,FAOSTAT,,generic_v15_rejected_only,verified,retain_exclusion,confirm_reasoned_exclusion,agriculture_item_matrix_overproliferation,"The concept comes from the legacy FAOSTAT item-by-element expansion matrix. Even when source-valid, the remaining yield/area/production/animal-count slices add low marginal variety and would re-saturate an already agriculture-heavy catalog; v16.2.6 deliberately prefers a small set of recognizable representative food/agriculture anchors.",Keep excluded from the playable core. Reconsider only if a future category is both highly recognizable and demonstrably distinct from retained crop/livestock/food anchors.,,
1125,"Most other citrus fruit, n.e.c. produced",Fruit · QCL:'01329:5510,FAOSTAT,,generic_v15_rejected_only,verified,retain_exclusion,confirm_reasoned_exclusion,agriculture_item_matrix_overproliferation,"The concept comes from the legacy FAOSTAT item-by-element expansion matrix. Even when source-valid, the remaining yield/area/production/animal-count slices add low marginal variety and would re-saturate an already agriculture-heavy catalog; v16.2.6 deliberately prefers a small set of recognizable representative food/agriculture anchors.",Keep excluded from the playable core. Reconsider only if a future category is both highly recognizable and demonstrably distinct from retained crop/livestock/food anchors.,,
1126,"Most cream, fresh produced",Dairy · QCL:'22120:5510,FAOSTAT,,generic_v15_rejected_only,verified,retain_exclusion,confirm_reasoned_exclusion,agriculture_item_matrix_overproliferation,"The concept comes from the legacy FAOSTAT item-by-element expansion matrix. Even when source-valid, the remaining yield/area/production/animal-count slices add low marginal variety and would re-saturate an already agriculture-heavy catalog; v16.2.6 deliberately prefers a small set of recognizable representative food/agriculture anchors.",Keep excluded from the playable core. Reconsider only if a future category is both highly recognizable and demonstrably distinct from retained crop/livestock/food anchors.,,
1127,"Most other oil seeds, n.e.c. produced",Agriculture · QCL:'01449.90:5510,FAOSTAT,,generic_v15_rejected_only,verified,retain_exclusion,confirm_reasoned_exclusion,agriculture_item_matrix_overproliferation,"The concept comes from the legacy FAOSTAT item-by-element expansion matrix. Even when source-valid, the remaining yield/area/production/animal-count slices add low marginal variety and would re-saturate an already agriculture-heavy catalog; v16.2.6 deliberately prefers a small set of recognizable representative food/agriculture anchors.",Keep excluded from the playable core. Reconsider only if a future category is both highly recognizable and demonstrably distinct from retained crop/livestock/food anchors.,,
1128,"Most Edible offals of horses and other equines, fresh, chilled or frozen producing animals",Livestock · QCL:'21159.01:5320,FAOSTAT,,generic_v15_rejected_only,verified,retain_exclusion,confirm_reasoned_exclusion,agriculture_item_matrix_overproliferation,"The concept comes from the legacy FAOSTAT item-by-element expansion matrix. Even when source-valid, the remaining yield/area/production/animal-count slices add low marginal variety and would re-saturate an already agriculture-heavy catalog; v16.2.6 deliberately prefers a small set of recognizable representative food/agriculture anchors.",Keep excluded from the playable core. Reconsider only if a future category is both highly recognizable and demonstrably distinct from retained crop/livestock/food anchors.,,
1129,"Most Horse meat, fresh or chilled producing animals",Livestock · QCL:'21118.01:5320,FAOSTAT,,generic_v15_rejected_only,verified,retain_exclusion,confirm_reasoned_exclusion,agriculture_item_matrix_overproliferation,"The concept comes from the legacy FAOSTAT item-by-element expansion matrix. Even when source-valid, the remaining yield/area/production/animal-count slices add low marginal variety and would re-saturate an already agriculture-heavy catalog; v16.2.6 deliberately prefers a small set of recognizable representative food/agriculture anchors.",Keep excluded from the playable core. Reconsider only if a future category is both highly recognizable and demonstrably distinct from retained crop/livestock/food anchors.,,
1131,"Highest Other oil seeds, n.e.c. yield",Agriculture · QCL:'01449.90:5412,FAOSTAT,,generic_v15_rejected_only,verified,retain_exclusion,confirm_reasoned_exclusion,agriculture_item_matrix_overproliferation,"The concept comes from the legacy FAOSTAT item-by-element expansion matrix. Even when source-valid, the remaining yield/area/production/animal-count slices add low marginal variety and would re-saturate an already agriculture-heavy catalog; v16.2.6 deliberately prefers a small set of recognizable representative food/agriculture anchors.",Keep excluded from the playable core. Reconsider only if a future category is both highly recognizable and demonstrably distinct from retained crop/livestock/food anchors.,,
1132,"Most broad beans and horse beans, green produced",Livestock · QCL:'01243:5510,FAOSTAT,,generic_v15_rejected_only,verified,retain_exclusion,confirm_reasoned_exclusion,agriculture_item_matrix_overproliferation,"The concept comes from the legacy FAOSTAT item-by-element expansion matrix. Even when source-valid, the remaining yield/area/production/animal-count slices add low marginal variety and would re-saturate an already agriculture-heavy catalog; v16.2.6 deliberately prefers a small set of recognizable representative food/agriculture anchors.",Keep excluded from the playable core. Reconsider only if a future category is both highly recognizable and demonstrably distinct from retained crop/livestock/food anchors.,,
1133,Highest Cherries yield,Agriculture · QCL:'01344.02:5412,FAOSTAT,,generic_v15_rejected_only,verified,retain_exclusion,confirm_reasoned_exclusion,agriculture_item_matrix_overproliferation,"The concept comes from the legacy FAOSTAT item-by-element expansion matrix. Even when source-valid, the remaining yield/area/production/animal-count slices add low marginal variety and would re-saturate an already agriculture-heavy catalog; v16.2.6 deliberately prefers a small set of recognizable representative food/agriculture anchors.",Keep excluded from the playable core. Reconsider only if a future category is both highly recognizable and demonstrably distinct from retained crop/livestock/food anchors.,,
1134,"Largest Broad beans and horse beans, green harvested area",Livestock · QCL:'01243:5312,FAOSTAT,,generic_v15_rejected_only,verified,retain_exclusion,confirm_reasoned_exclusion,agriculture_item_matrix_overproliferation,"The concept comes from the legacy FAOSTAT item-by-element expansion matrix. Even when source-valid, the remaining yield/area/production/animal-count slices add low marginal variety and would re-saturate an already agriculture-heavy catalog; v16.2.6 deliberately prefers a small set of recognizable representative food/agriculture anchors.",Keep excluded from the playable core. Reconsider only if a future category is both highly recognizable and demonstrably distinct from retained crop/livestock/food anchors.,,
1135,Largest Cereals n.e.c. harvested area,Crops · QCL:'01199.90:5312,FAOSTAT,,generic_v15_rejected_only,verified,retain_exclusion,confirm_reasoned_exclusion,agriculture_item_matrix_overproliferation,"The concept comes from the legacy FAOSTAT item-by-element expansion matrix. Even when source-valid, the remaining yield/area/production/animal-count slices add low marginal variety and would re-saturate an already agriculture-heavy catalog; v16.2.6 deliberately prefers a small set of recognizable representative food/agriculture anchors.",Keep excluded from the playable core. Reconsider only if a future category is both highly recognizable and demonstrably distinct from retained crop/livestock/food anchors.,,
1136,"Most meat of turkeys, fresh or chilled produced",Livestock · QCL:'21124:5510,FAOSTAT,,generic_v15_rejected_only,verified,retain_exclusion,confirm_reasoned_exclusion,agriculture_item_matrix_overproliferation,"The concept comes from the legacy FAOSTAT item-by-element expansion matrix. Even when source-valid, the remaining yield/area/production/animal-count slices add low marginal variety and would re-saturate an already agriculture-heavy catalog; v16.2.6 deliberately prefers a small set of recognizable representative food/agriculture anchors.",Keep excluded from the playable core. Reconsider only if a future category is both highly recognizable and demonstrably distinct from retained crop/livestock/food anchors.,,
1138,Most other berries and fruits of the genus vaccinium n.e.c. produced,Fruit · QCL:'01355.90:5510,FAOSTAT,,generic_v15_rejected_only,verified,retain_exclusion,confirm_reasoned_exclusion,agriculture_item_matrix_overproliferation,"The concept comes from the legacy FAOSTAT item-by-element expansion matrix. Even when source-valid, the remaining yield/area/production/animal-count slices add low marginal variety and would re-saturate an already agriculture-heavy catalog; v16.2.6 deliberately prefers a small set of recognizable representative food/agriculture anchors.",Keep excluded from the playable core. Reconsider only if a future category is both highly recognizable and demonstrably distinct from retained crop/livestock/food anchors.,,
1139,"Highest Broad beans and horse beans, green yield",Livestock · QCL:'01243:5412,FAOSTAT,,generic_v15_rejected_only,verified,retain_exclusion,confirm_reasoned_exclusion,agriculture_item_matrix_overproliferation,"The concept comes from the legacy FAOSTAT item-by-element expansion matrix. Even when source-valid, the remaining yield/area/production/animal-count slices add low marginal variety and would re-saturate an already agriculture-heavy catalog; v16.2.6 deliberately prefers a small set of recognizable representative food/agriculture anchors.",Keep excluded from the playable core. Reconsider only if a future category is both highly recognizable and demonstrably distinct from retained crop/livestock/food anchors.,,
1140,Highest Other berries and fruits of the genus vaccinium n.e.c. yield,Fruit · QCL:'01355.90:5412,FAOSTAT,,generic_v15_rejected_only,verified,retain_exclusion,confirm_reasoned_exclusion,agriculture_item_matrix_overproliferation,"The concept comes from the legacy FAOSTAT item-by-element expansion matrix. Even when source-valid, the remaining yield/area/production/animal-count slices add low marginal variety and would re-saturate an already agriculture-heavy catalog; v16.2.6 deliberately prefers a small set of recognizable representative food/agriculture anchors.",Keep excluded from the playable core. Reconsider only if a future category is both highly recognizable and demonstrably distinct from retained crop/livestock/food anchors.,,
1141,"Highest Walnuts, in shell yield",Agriculture · QCL:'01376:5412,FAOSTAT,,generic_v15_rejected_only,verified,retain_exclusion,confirm_reasoned_exclusion,agriculture_item_matrix_overproliferation,"The concept comes from the legacy FAOSTAT item-by-element expansion matrix. Even when source-valid, the remaining yield/area/production/animal-count slices add low marginal variety and would re-saturate an already agriculture-heavy catalog; v16.2.6 deliberately prefers a small set of recognizable representative food/agriculture anchors.",Keep excluded from the playable core. Reconsider only if a future category is both highly recognizable and demonstrably distinct from retained crop/livestock/food anchors.,,
1142,Most leeks and other alliaceous vegetables produced,Vegetables · QCL:'01254:5510,FAOSTAT,,generic_v15_rejected_only,verified,retain_exclusion,confirm_reasoned_exclusion,agriculture_item_matrix_overproliferation,"The concept comes from the legacy FAOSTAT item-by-element expansion matrix. Even when source-valid, the remaining yield/area/production/animal-count slices add low marginal variety and would re-saturate an already agriculture-heavy catalog; v16.2.6 deliberately prefers a small set of recognizable representative food/agriculture anchors.",Keep excluded from the playable core. Reconsider only if a future category is both highly recognizable and demonstrably distinct from retained crop/livestock/food anchors.,,
1143,Highest Leeks and other alliaceous vegetables yield,Vegetables · QCL:'01254:5412,FAOSTAT,,generic_v15_rejected_only,verified,retain_exclusion,confirm_reasoned_exclusion,agriculture_item_matrix_overproliferation,"The concept comes from the legacy FAOSTAT item-by-element expansion matrix. Even when source-valid, the remaining yield/area/production/animal-count slices add low marginal variety and would re-saturate an already agriculture-heavy catalog; v16.2.6 deliberately prefers a small set of recognizable representative food/agriculture anchors.",Keep excluded from the playable core. Reconsider only if a future category is both highly recognizable and demonstrably distinct from retained crop/livestock/food anchors.,,
1144,Most raspberries produced,Agriculture · QCL:'01353.01:5510,FAOSTAT,,generic_v15_rejected_only,verified,retain_exclusion,confirm_reasoned_exclusion,agriculture_item_matrix_overproliferation,"The concept comes from the legacy FAOSTAT item-by-element expansion matrix. Even when source-valid, the remaining yield/area/production/animal-count slices add low marginal variety and would re-saturate an already agriculture-heavy catalog; v16.2.6 deliberately prefers a small set of recognizable representative food/agriculture anchors.",Keep excluded from the playable core. Reconsider only if a future category is both highly recognizable and demonstrably distinct from retained crop/livestock/food anchors.,,
1154,Highest fixed telephone subscriptions per 100 people,Technology · IT.MLT.MAIN.P2,World Bank,82,generic_v15_rejected_only,verified,retain_exclusion,confirm_reasoned_exclusion,low_marginal_value_near_duplicate,Fixed-line subscriptions per 100 adds limited current-world value and sits next to an already retained fixed-telephone category; it is not a priority use of catalog space.,Keep excluded unless future historical/technology curation creates a specific need.,,
1155,Largest agricultural land area,Agriculture · AG.LND.AGRI.K2,World Bank,82,generic_v15_rejected_only,verified,retain_exclusion,confirm_reasoned_exclusion,macro_or_landuse_curation_v16_2_6_final_curation,"Potentially understandable after careful naming, but it sits in an already dense macro/land-use family and is not strong enough to clear the legacy block without comparing nearby alternatives. Final v16.2.6 curation decision: this concept is not selected for the playable core, so there is no reason to leave its legacy state unresolved.","Keep excluded for v16.2.6. A future release may explicitly reopen it, but the historical rejection is now backed by this current editorial curation decision.",,
1157,Most separate land areas,Geography · most-separate-land-areas,Natural Earth,82,generic_v15_rejected_only,,retain_exclusion,confirm_reasoned_exclusion,arbitrary_threshold_niche,Counting separate land areas—especially “large” areas—depends on arbitrary geometry/threshold choices and is less intuitive than stronger map-based geography concepts.,Keep excluded from the core catalog.,,
1163,Highest primary-school enrollment,Education · GER.1,UNESCO UIS,82,generic_v15_rejected_only,verified,retain_exclusion,confirm_reasoned_exclusion,family_density_near_duplicate_v16_2_6_final_curation,"Plausible in isolation, but too close to a stronger retained stage/subject/infrastructure anchor or part of an over-dense education family; needs family-level curation before any legacy block is cleared. Final v16.2.6 curation decision: this concept is not selected for the playable core, so there is no reason to leave its legacy state unresolved.","Keep excluded for v16.2.6. A future release may explicitly reopen it, but the historical rejection is now backed by this current editorial curation decision.",family:unesco:highest-primary-enrollment,ready_for_source_family_validation
1166,Highest carbon dioxide (CO2) net fluxes from LULUCF - Forest Land,Environment · EN.GHG.CO2.LU.FL.MT.CE.AR5,World Bank,82,generic_v15_rejected_only,verified,retain_exclusion,confirm_reasoned_exclusion,emissions_overproliferation,"This is part of the previously overgrown emissions matrix (gas/sector/LULUCF variants). Even when technically valid, it is too repetitive or specialized relative to a small set of broad emissions anchors.",Keep excluded; any future emissions expansion must demonstrate a genuinely new player-facing concept rather than another gas/sector slice.,,
1168,Most cereal produced,Agriculture · AG.PRD.CREL.MT,World Bank,82,generic_v15_rejected_only,verified,clear_legacy_block_current_path_governs,clear_generic_legacy_block,superseded_source_existing_primary_path,"The old World Bank cereal-production path should stay retired, but that is not a concept-level veto: a clearer FAOSTAT cereal-production category is already retained under the shared gates.",Clear the stale legacy-title/semantic blocker so the existing FAOSTAT category is governed by current shared quality and duplication gates; do not revive the World Bank route.,,
1169,Highest cereal yield,Agriculture · AG.YLD.CREL.KG,World Bank,82,generic_v15_rejected_only,verified,retain_exclusion,confirm_reasoned_exclusion,superseded_primary_source,Cereal production/yield is better sourced directly from FAOSTAT and would add another agriculture variant in an already saturated domain.,Keep this World Bank route excluded; only reconsider the concept through curated primary-source agriculture coverage if it is distinct enough.,,
1170,Highest total greenhouse gas emissions including LULUCF,Environment · EN.GHG.ALL.LU.MT.CE.AR5,World Bank,82,generic_v15_rejected_only,verified,retain_exclusion,confirm_reasoned_exclusion,emissions_overproliferation,"This is part of the previously overgrown emissions matrix (gas/sector/LULUCF variants). Even when technically valid, it is too repetitive or specialized relative to a small set of broad emissions anchors.",Keep excluded; any future emissions expansion must demonstrate a genuinely new player-facing concept rather than another gas/sector slice.,,
1173,Highest final consumption expenditure,Economy · NE.CON.TOTL.CN,World Bank,82,generic_v15_rejected_only,verified,retain_exclusion,confirm_reasoned_exclusion,cross_country_comparability_invalid,"Absolute local-currency or linked/local-currency series is not valid for direct cross-country ranking; this is a hard comparability failure, not merely an old editorial preference.",Keep excluded under the permanent local-currency comparability gate.,,
1174,Highest general government final consumption expenditure,Economy · NE.CON.GOVT.CN,World Bank,82,generic_v15_rejected_only,verified,retain_exclusion,confirm_reasoned_exclusion,cross_country_comparability_invalid,"Absolute local-currency or linked/local-currency series is not valid for direct cross-country ranking; this is a hard comparability failure, not merely an old editorial preference.",Keep excluded under the permanent local-currency comparability gate.,,
1177,Highest investment share,Economy · NE.GDI.TOTL.ZS,World Bank,82,generic_v15_rejected_only,verified,retain_exclusion,confirm_reasoned_exclusion,macro_or_landuse_curation_v16_2_6_final_curation,"Potentially understandable after careful naming, but it sits in an already dense macro/land-use family and is not strong enough to clear the legacy block without comparing nearby alternatives. Final v16.2.6 curation decision: this concept is not selected for the playable core, so there is no reason to leave its legacy state unresolved.","Keep excluded for v16.2.6. A future release may explicitly reopen it, but the historical rejection is now backed by this current editorial curation decision.",,
1178,Highest gross capital formation,Economy · NE.GDI.TOTL.CD,World Bank,82,generic_v15_rejected_only,verified,retain_exclusion,confirm_reasoned_exclusion,macro_overproliferation,"One of many national-accounts total/constant-price/growth variants with low marginal player value, jargon-heavy naming, or a near-duplicate preferred alternative; economy is already overrepresented.",Keep excluded; do not rebuild the old national-accounts matrix. Reconsider only a separately justified plain-English concept.,existing:NE.GDI.TOTL.CN,blocked_re_source
1179,Highest gross national expenditure,Economy · NE.DAB.TOTL.CN,World Bank,82,generic_v15_rejected_only,verified,retain_exclusion,confirm_reasoned_exclusion,cross_country_comparability_invalid,"Absolute local-currency or linked/local-currency series is not valid for direct cross-country ranking; this is a hard comparability failure, not merely an old editorial preference.",Keep excluded under the permanent local-currency comparability gate.,,
1180,Highest households and NPISHs Final consumption expenditure,Economy · NE.CON.PRVT.CN,World Bank,82,generic_v15_rejected_only,verified,retain_exclusion,confirm_reasoned_exclusion,cross_country_comparability_invalid,"Absolute local-currency or linked/local-currency series is not valid for direct cross-country ranking; this is a hard comparability failure, not merely an old editorial preference.",Keep excluded under the permanent local-currency comparability gate.,,
1181,Highest households and NPISHs final consumption expenditure: linked series,Economy · NE.CON.PRVT.CN.AD,World Bank,82,generic_v15_rejected_only,verified,retain_exclusion,confirm_reasoned_exclusion,cross_country_comparability_invalid,"Absolute local-currency or linked/local-currency series is not valid for direct cross-country ranking; this is a hard comparability failure, not merely an old editorial preference.",Keep excluded under the permanent local-currency comparability gate.,,
1182,Highest final consumption expenditure,Economy · NE.CON.TOTL.KN,World Bank,82,generic_v15_rejected_only,verified,retain_exclusion,confirm_reasoned_exclusion,cross_country_comparability_invalid,"Absolute local-currency or linked/local-currency series is not valid for direct cross-country ranking; this is a hard comparability failure, not merely an old editorial preference.",Keep excluded under the permanent local-currency comparability gate.,,
1184,Highest general government final consumption expenditure,Economy · NE.CON.GOVT.KN,World Bank,82,generic_v15_rejected_only,verified,retain_exclusion,confirm_reasoned_exclusion,cross_country_comparability_invalid,"Absolute local-currency or linked/local-currency series is not valid for direct cross-country ranking; this is a hard comparability failure, not merely an old editorial preference.",Keep excluded under the permanent local-currency comparability gate.,,
1185,Highest households and NPISHs Final consumption expenditure,Economy · NE.CON.PRVT.KN,World Bank,82,generic_v15_rejected_only,verified,retain_exclusion,confirm_reasoned_exclusion,cross_country_comparability_invalid,"Absolute local-currency or linked/local-currency series is not valid for direct cross-country ranking; this is a hard comparability failure, not merely an old editorial preference.",Keep excluded under the permanent local-currency comparability gate.,,
1187,Highest households and NPISHs Final consumption expenditure,Economy · NE.CON.PRVT.KD,World Bank,82,generic_v15_rejected_only,failed,retain_exclusion,confirm_reasoned_exclusion,macro_overproliferation,"One of many national-accounts total/constant-price/growth variants with low marginal player value, jargon-heavy naming, or a near-duplicate preferred alternative; economy is already overrepresented.",Keep excluded; do not rebuild the old national-accounts matrix. Reconsider only a separately justified plain-English concept.,,
1188,Highest households and NPISHs Final consumption expenditure per capita,Economy · NE.CON.PRVT.PC.KD,World Bank,82,generic_v15_rejected_only,failed,retain_exclusion,confirm_reasoned_exclusion,macro_overproliferation,"One of many national-accounts total/constant-price/growth variants with low marginal player value, jargon-heavy naming, or a near-duplicate preferred alternative; economy is already overrepresented.",Keep excluded; do not rebuild the old national-accounts matrix. Reconsider only a separately justified plain-English concept.,,
1189,Highest general government final consumption expenditure,Economy · NE.CON.GOVT.KD,World Bank,82,generic_v15_rejected_only,failed,retain_exclusion,confirm_reasoned_exclusion,macro_overproliferation,"One of many national-accounts total/constant-price/growth variants with low marginal player value, jargon-heavy naming, or a near-duplicate preferred alternative; economy is already overrepresented.",Keep excluded; do not rebuild the old national-accounts matrix. Reconsider only a separately justified plain-English concept.,,
1190,Highest gross national expenditure deflator,Economy · NE.DAB.DEFL.ZS,World Bank,82,generic_v15_rejected_only,failed,retain_exclusion,confirm_reasoned_exclusion,macro_overproliferation,"One of many national-accounts total/constant-price/growth variants with low marginal player value, jargon-heavy naming, or a near-duplicate preferred alternative; economy is already overrepresented.",Keep excluded; do not rebuild the old national-accounts matrix. Reconsider only a separately justified plain-English concept.,,
1193,"Highest households and NPISHs Final consumption expenditure per capita, PPP",Development · NE.CON.PCAP.PP.CD,World Bank,82,generic_v15_rejected_only,verified,retain_exclusion,confirm_reasoned_exclusion,macro_overproliferation,"One of many national-accounts total/constant-price/growth variants with low marginal player value, jargon-heavy naming, or a near-duplicate preferred alternative; economy is already overrepresented.",Keep excluded; do not rebuild the old national-accounts matrix. Reconsider only a separately justified plain-English concept.,,
1194,"Highest households and NPISHs Final consumption expenditure, PPP",Economy · NE.CON.PRVT.PP.CD,World Bank,82,generic_v15_rejected_only,verified,retain_exclusion,confirm_reasoned_exclusion,macro_overproliferation,"One of many national-accounts total/constant-price/growth variants with low marginal player value, jargon-heavy naming, or a near-duplicate preferred alternative; economy is already overrepresented.",Keep excluded; do not rebuild the old national-accounts matrix. Reconsider only a separately justified plain-English concept.,,
1196,Highest gross savings rate,Economy · NY.GNS.ICTR.ZS,World Bank,82,generic_v15_rejected_only,verified,retain_exclusion,confirm_reasoned_exclusion,macro_or_landuse_curation_v16_2_6_final_curation,"Potentially understandable after careful naming, but it sits in an already dense macro/land-use family and is not strong enough to clear the legacy block without comparing nearby alternatives. Final v16.2.6 curation decision: this concept is not selected for the playable core, so there is no reason to leave its legacy state unresolved.","Keep excluded for v16.2.6. A future release may explicitly reopen it, but the historical rejection is now backed by this current editorial curation decision.",,
1198,"Highest Other nuts (excluding wild edible nuts and groundnuts), in shell, n.e.c. yield",Agriculture · QCL:'01379.90:5412,FAOSTAT,,generic_v15_rejected_only,verified,retain_exclusion,confirm_reasoned_exclusion,agriculture_item_matrix_overproliferation,"The concept comes from the legacy FAOSTAT item-by-element expansion matrix. Even when source-valid, the remaining yield/area/production/animal-count slices add low marginal variety and would re-saturate an already agriculture-heavy catalog; v16.2.6 deliberately prefers a small set of recognizable representative food/agriculture anchors.",Keep excluded from the playable core. Reconsider only if a future category is both highly recognizable and demonstrably distinct from retained crop/livestock/food anchors.,,
1200,Largest Figs harvested area,Agriculture · QCL:'01315:5312,FAOSTAT,,generic_v15_rejected_only,verified,retain_exclusion,confirm_reasoned_exclusion,agriculture_item_matrix_overproliferation,"The concept comes from the legacy FAOSTAT item-by-element expansion matrix. Even when source-valid, the remaining yield/area/production/animal-count slices add low marginal variety and would re-saturate an already agriculture-heavy catalog; v16.2.6 deliberately prefers a small set of recognizable representative food/agriculture anchors.",Keep excluded from the playable core. Reconsider only if a future category is both highly recognizable and demonstrably distinct from retained crop/livestock/food anchors.,,
1201,Most cereals n.e.c. produced,Crops · QCL:'01199.90:5510,FAOSTAT,,generic_v15_rejected_only,verified,retain_exclusion,confirm_reasoned_exclusion,agriculture_item_matrix_overproliferation,"The concept comes from the legacy FAOSTAT item-by-element expansion matrix. Even when source-valid, the remaining yield/area/production/animal-count slices add low marginal variety and would re-saturate an already agriculture-heavy catalog; v16.2.6 deliberately prefers a small set of recognizable representative food/agriculture anchors.",Keep excluded from the playable core. Reconsider only if a future category is both highly recognizable and demonstrably distinct from retained crop/livestock/food anchors.,,
1202,"Most Meat of turkeys, fresh or chilled producing animals",Livestock · QCL:'21124:5321,FAOSTAT,,generic_v15_rejected_only,verified,retain_exclusion,confirm_reasoned_exclusion,agriculture_item_matrix_overproliferation,"The concept comes from the legacy FAOSTAT item-by-element expansion matrix. Even when source-valid, the remaining yield/area/production/animal-count slices add low marginal variety and would re-saturate an already agriculture-heavy catalog; v16.2.6 deliberately prefers a small set of recognizable representative food/agriculture anchors.",Keep excluded from the playable core. Reconsider only if a future category is both highly recognizable and demonstrably distinct from retained crop/livestock/food anchors.,,
1203,Highest Yams yield,Agriculture · QCL:'01540:5412,FAOSTAT,,generic_v15_rejected_only,verified,retain_exclusion,confirm_reasoned_exclusion,agriculture_item_matrix_overproliferation,"The concept comes from the legacy FAOSTAT item-by-element expansion matrix. Even when source-valid, the remaining yield/area/production/animal-count slices add low marginal variety and would re-saturate an already agriculture-heavy catalog; v16.2.6 deliberately prefers a small set of recognizable representative food/agriculture anchors.",Keep excluded from the playable core. Reconsider only if a future category is both highly recognizable and demonstrably distinct from retained crop/livestock/food anchors.,,
1204,Highest Linseed yield,Agriculture · QCL:'01441:5412,FAOSTAT,,generic_v15_rejected_only,verified,retain_exclusion,confirm_reasoned_exclusion,agriculture_item_matrix_overproliferation,"The concept comes from the legacy FAOSTAT item-by-element expansion matrix. Even when source-valid, the remaining yield/area/production/animal-count slices add low marginal variety and would re-saturate an already agriculture-heavy catalog; v16.2.6 deliberately prefers a small set of recognizable representative food/agriculture anchors.",Keep excluded from the playable core. Reconsider only if a future category is both highly recognizable and demonstrably distinct from retained crop/livestock/food anchors.,,
1205,Largest Raspberries harvested area,Agriculture · QCL:'01353.01:5312,FAOSTAT,,generic_v15_rejected_only,verified,retain_exclusion,confirm_reasoned_exclusion,agriculture_item_matrix_overproliferation,"The concept comes from the legacy FAOSTAT item-by-element expansion matrix. Even when source-valid, the remaining yield/area/production/animal-count slices add low marginal variety and would re-saturate an already agriculture-heavy catalog; v16.2.6 deliberately prefers a small set of recognizable representative food/agriculture anchors.",Keep excluded from the playable core. Reconsider only if a future category is both highly recognizable and demonstrably distinct from retained crop/livestock/food anchors.,,
1206,Highest Raspberries yield,Agriculture · QCL:'01353.01:5412,FAOSTAT,,generic_v15_rejected_only,verified,retain_exclusion,confirm_reasoned_exclusion,agriculture_item_matrix_overproliferation,"The concept comes from the legacy FAOSTAT item-by-element expansion matrix. Even when source-valid, the remaining yield/area/production/animal-count slices add low marginal variety and would re-saturate an already agriculture-heavy catalog; v16.2.6 deliberately prefers a small set of recognizable representative food/agriculture anchors.",Keep excluded from the playable core. Reconsider only if a future category is both highly recognizable and demonstrably distinct from retained crop/livestock/food anchors.,,
1207,Largest Triticale harvested area,Agriculture · QCL:'01191:5312,FAOSTAT,,generic_v15_rejected_only,verified,retain_exclusion,confirm_reasoned_exclusion,agriculture_item_matrix_overproliferation,"The concept comes from the legacy FAOSTAT item-by-element expansion matrix. Even when source-valid, the remaining yield/area/production/animal-count slices add low marginal variety and would re-saturate an already agriculture-heavy catalog; v16.2.6 deliberately prefers a small set of recognizable representative food/agriculture anchors.",Keep excluded from the playable core. Reconsider only if a future category is both highly recognizable and demonstrably distinct from retained crop/livestock/food anchors.,,
1208,Highest Triticale yield,Agriculture · QCL:'01191:5412,FAOSTAT,,generic_v15_rejected_only,verified,retain_exclusion,confirm_reasoned_exclusion,agriculture_item_matrix_overproliferation,"The concept comes from the legacy FAOSTAT item-by-element expansion matrix. Even when source-valid, the remaining yield/area/production/animal-count slices add low marginal variety and would re-saturate an already agriculture-heavy catalog; v16.2.6 deliberately prefers a small set of recognizable representative food/agriculture anchors.",Keep excluded from the playable core. Reconsider only if a future category is both highly recognizable and demonstrably distinct from retained crop/livestock/food anchors.,,
1209,Highest carbon dioxide (CO2) net fluxes from LULUCF - Total excluding non-tropical fires,Environment · EN.GHG.CO2.LU.MT.CE.AR5,World Bank,81,generic_v15_rejected_only,verified,retain_exclusion,confirm_reasoned_exclusion,emissions_overproliferation,"This is part of the previously overgrown emissions matrix (gas/sector/LULUCF variants). Even when technically valid, it is too repetitive or specialized relative to a small set of broad emissions anchors.",Keep excluded; any future emissions expansion must demonstrate a genuinely new player-facing concept rather than another gas/sector slice.,,
1212,Highest gross fixed capital formation,Economy · NE.GDI.FTOT.ZS,World Bank,81,generic_v15_rejected_only,verified,retain_exclusion,confirm_reasoned_exclusion,macro_overproliferation,"One of many national-accounts total/constant-price/growth variants with low marginal player value, jargon-heavy naming, or a near-duplicate preferred alternative; economy is already overrepresented.",Keep excluded; do not rebuild the old national-accounts matrix. Reconsider only a separately justified plain-English concept.,,
1213,Highest gross fixed capital formation,Economy · NE.GDI.FTOT.CN,World Bank,81,generic_v15_rejected_only,verified,retain_exclusion,confirm_reasoned_exclusion,cross_country_comparability_invalid,"Absolute local-currency or linked/local-currency series is not valid for direct cross-country ranking; this is a hard comparability failure, not merely an old editorial preference.",Keep excluded under the permanent local-currency comparability gate.,,
1214,Highest gross fixed capital formation,Economy · NE.GDI.FTOT.CD,World Bank,81,generic_v15_rejected_only,verified,retain_exclusion,confirm_reasoned_exclusion,macro_overproliferation,"One of many national-accounts total/constant-price/growth variants with low marginal player value, jargon-heavy naming, or a near-duplicate preferred alternative; economy is already overrepresented.",Keep excluded; do not rebuild the old national-accounts matrix. Reconsider only a separately justified plain-English concept.,,
1215,Highest gross national expenditure,Economy · NE.DAB.TOTL.KN,World Bank,81,generic_v15_rejected_only,verified,retain_exclusion,confirm_reasoned_exclusion,cross_country_comparability_invalid,"Absolute local-currency or linked/local-currency series is not valid for direct cross-country ranking; this is a hard comparability failure, not merely an old editorial preference.",Keep excluded under the permanent local-currency comparability gate.,,
1216,Highest net foreign assets,Economy · FM.AST.NFRG.CN,World Bank,,generic_v16_2_3_batch_reason,failed,retain_exclusion,confirm_reasoned_exclusion,cross_country_comparability_invalid,"This World Bank path is denominated in national/local-currency units or another non-comparable country-specific price basis. Absolute cross-country ranking would compare incompatible units, which is a hard v16.2.6 integrity failure.",Keep permanently blocked unless replaced by a genuinely comparable common-currency/PPP or dimensionless series with a separately validated definition.,,
1217,Highest gross national expenditure,Economy · NE.DAB.TOTL.KD,World Bank,81,generic_v15_rejected_only,failed,retain_exclusion,confirm_reasoned_exclusion,macro_overproliferation,"One of many national-accounts total/constant-price/growth variants with low marginal player value, jargon-heavy naming, or a near-duplicate preferred alternative; economy is already overrepresented.",Keep excluded; do not rebuild the old national-accounts matrix. Reconsider only a separately justified plain-English concept.,,
1231,"Most pig fat, rendered produced",Livestock · QCL:'21521:5510,FAOSTAT,,generic_v15_rejected_only,verified,retain_exclusion,confirm_reasoned_exclusion,agriculture_item_matrix_overproliferation,"The concept comes from the legacy FAOSTAT item-by-element expansion matrix. Even when source-valid, the remaining yield/area/production/animal-count slices add low marginal variety and would re-saturate an already agriculture-heavy catalog; v16.2.6 deliberately prefers a small set of recognizable representative food/agriculture anchors.",Keep excluded from the playable core. Reconsider only if a future category is both highly recognizable and demonstrably distinct from retained crop/livestock/food anchors.,,
1232,"Most rapeseed or canola oil, crude produced",Agriculture · QCL:'21641.01:5510,FAOSTAT,,generic_v15_rejected_only,verified,retain_exclusion,confirm_reasoned_exclusion,agriculture_item_matrix_overproliferation,"The concept comes from the legacy FAOSTAT item-by-element expansion matrix. Even when source-valid, the remaining yield/area/production/animal-count slices add low marginal variety and would re-saturate an already agriculture-heavy catalog; v16.2.6 deliberately prefers a small set of recognizable representative food/agriculture anchors.",Keep excluded from the playable core. Reconsider only if a future category is both highly recognizable and demonstrably distinct from retained crop/livestock/food anchors.,,
1234,"Highest Other stimulant, spice and aromatic crops, n.e.c. yield",Crops · QCL:'01699:5412,FAOSTAT,,generic_v15_rejected_only,verified,retain_exclusion,confirm_reasoned_exclusion,agriculture_item_matrix_overproliferation,"The concept comes from the legacy FAOSTAT item-by-element expansion matrix. Even when source-valid, the remaining yield/area/production/animal-count slices add low marginal variety and would re-saturate an already agriculture-heavy catalog; v16.2.6 deliberately prefers a small set of recognizable representative food/agriculture anchors.",Keep excluded from the playable core. Reconsider only if a future category is both highly recognizable and demonstrably distinct from retained crop/livestock/food anchors.,,
1235,"Largest Other stimulant, spice and aromatic crops, n.e.c. harvested area",Crops · QCL:'01699:5312,FAOSTAT,,generic_v15_rejected_only,verified,retain_exclusion,confirm_reasoned_exclusion,agriculture_item_matrix_overproliferation,"The concept comes from the legacy FAOSTAT item-by-element expansion matrix. Even when source-valid, the remaining yield/area/production/animal-count slices add low marginal variety and would re-saturate an already agriculture-heavy catalog; v16.2.6 deliberately prefers a small set of recognizable representative food/agriculture anchors.",Keep excluded from the playable core. Reconsider only if a future category is both highly recognizable and demonstrably distinct from retained crop/livestock/food anchors.,,
1236,"Most other stimulant, spice and aromatic crops, n.e.c. produced",Crops · QCL:'01699:5510,FAOSTAT,,generic_v15_rejected_only,verified,retain_exclusion,confirm_reasoned_exclusion,agriculture_item_matrix_overproliferation,"The concept comes from the legacy FAOSTAT item-by-element expansion matrix. Even when source-valid, the remaining yield/area/production/animal-count slices add low marginal variety and would re-saturate an already agriculture-heavy catalog; v16.2.6 deliberately prefers a small set of recognizable representative food/agriculture anchors.",Keep excluded from the playable core. Reconsider only if a future category is both highly recognizable and demonstrably distinct from retained crop/livestock/food anchors.,,
1237,"Largest Almonds, in shell harvested area",Agriculture · QCL:'01371:5312,FAOSTAT,,generic_v15_rejected_only,verified,retain_exclusion,confirm_reasoned_exclusion,agriculture_item_matrix_overproliferation,"The concept comes from the legacy FAOSTAT item-by-element expansion matrix. Even when source-valid, the remaining yield/area/production/animal-count slices add low marginal variety and would re-saturate an already agriculture-heavy catalog; v16.2.6 deliberately prefers a small set of recognizable representative food/agriculture anchors.",Keep excluded from the playable core. Reconsider only if a future category is both highly recognizable and demonstrably distinct from retained crop/livestock/food anchors.,,
1239,"Highest Meat of turkeys, fresh or chilled yield",Livestock · QCL:'21124:5424,FAOSTAT,,generic_v15_rejected_only,verified,retain_exclusion,confirm_reasoned_exclusion,agriculture_item_matrix_overproliferation,"The concept comes from the legacy FAOSTAT item-by-element expansion matrix. Even when source-valid, the remaining yield/area/production/animal-count slices add low marginal variety and would re-saturate an already agriculture-heavy catalog; v16.2.6 deliberately prefers a small set of recognizable representative food/agriculture anchors.",Keep excluded from the playable core. Reconsider only if a future category is both highly recognizable and demonstrably distinct from retained crop/livestock/food anchors.,,
1240,"Most horse meat, fresh or chilled produced",Livestock · QCL:'21118.01:5510,FAOSTAT,,generic_v15_rejected_only,verified,retain_exclusion,confirm_reasoned_exclusion,agriculture_item_matrix_overproliferation,"The concept comes from the legacy FAOSTAT item-by-element expansion matrix. Even when source-valid, the remaining yield/area/production/animal-count slices add low marginal variety and would re-saturate an already agriculture-heavy catalog; v16.2.6 deliberately prefers a small set of recognizable representative food/agriculture anchors.",Keep excluded from the playable core. Reconsider only if a future category is both highly recognizable and demonstrably distinct from retained crop/livestock/food anchors.,,
1241,Largest Olives harvested area,Agriculture · QCL:'01450:5312,FAOSTAT,,generic_v15_rejected_only,verified,retain_exclusion,confirm_reasoned_exclusion,agriculture_item_matrix_overproliferation,"The concept comes from the legacy FAOSTAT item-by-element expansion matrix. Even when source-valid, the remaining yield/area/production/animal-count slices add low marginal variety and would re-saturate an already agriculture-heavy catalog; v16.2.6 deliberately prefers a small set of recognizable representative food/agriculture anchors.",Keep excluded from the playable core. Reconsider only if a future category is both highly recognizable and demonstrably distinct from retained crop/livestock/food anchors.,,
1242,Highest Cocoa beans yield,Crops · QCL:'01640:5412,FAOSTAT,,generic_v15_rejected_only,verified,retain_exclusion,confirm_reasoned_exclusion,agriculture_item_matrix_overproliferation,"The concept comes from the legacy FAOSTAT item-by-element expansion matrix. Even when source-valid, the remaining yield/area/production/animal-count slices add low marginal variety and would re-saturate an already agriculture-heavy catalog; v16.2.6 deliberately prefers a small set of recognizable representative food/agriculture anchors.",Keep excluded from the playable core. Reconsider only if a future category is both highly recognizable and demonstrably distinct from retained crop/livestock/food anchors.,,
1243,Largest Cocoa beans harvested area,Crops · QCL:'01640:5312,FAOSTAT,,generic_v15_rejected_only,verified,retain_exclusion,confirm_reasoned_exclusion,agriculture_item_matrix_overproliferation,"The concept comes from the legacy FAOSTAT item-by-element expansion matrix. Even when source-valid, the remaining yield/area/production/animal-count slices add low marginal variety and would re-saturate an already agriculture-heavy catalog; v16.2.6 deliberately prefers a small set of recognizable representative food/agriculture anchors.",Keep excluded from the playable core. Reconsider only if a future category is both highly recognizable and demonstrably distinct from retained crop/livestock/food anchors.,,
1244,Most cocoa beans produced,Crops · QCL:'01640:5510,FAOSTAT,,generic_v15_rejected_only,verified,retain_exclusion,confirm_reasoned_exclusion,agriculture_item_matrix_overproliferation,"The concept comes from the legacy FAOSTAT item-by-element expansion matrix. Even when source-valid, the remaining yield/area/production/animal-count slices add low marginal variety and would re-saturate an already agriculture-heavy catalog; v16.2.6 deliberately prefers a small set of recognizable representative food/agriculture anchors.",Keep excluded from the playable core. Reconsider only if a future category is both highly recognizable and demonstrably distinct from retained crop/livestock/food anchors.,,
1245,"Highest Chillies and peppers, dry (Capsicum spp., Pimenta spp.), raw yield",Vegetables · QCL:'01652:5412,FAOSTAT,,generic_v15_rejected_only,verified,retain_exclusion,confirm_reasoned_exclusion,agriculture_item_matrix_overproliferation,"The concept comes from the legacy FAOSTAT item-by-element expansion matrix. Even when source-valid, the remaining yield/area/production/animal-count slices add low marginal variety and would re-saturate an already agriculture-heavy catalog; v16.2.6 deliberately prefers a small set of recognizable representative food/agriculture anchors.",Keep excluded from the playable core. Reconsider only if a future category is both highly recognizable and demonstrably distinct from retained crop/livestock/food anchors.,,
1246,Highest Okra yield,Agriculture · QCL:'01239.01:5412,FAOSTAT,,generic_v15_rejected_only,verified,retain_exclusion,confirm_reasoned_exclusion,agriculture_item_matrix_overproliferation,"The concept comes from the legacy FAOSTAT item-by-element expansion matrix. Even when source-valid, the remaining yield/area/production/animal-count slices add low marginal variety and would re-saturate an already agriculture-heavy catalog; v16.2.6 deliberately prefers a small set of recognizable representative food/agriculture anchors.",Keep excluded from the playable core. Reconsider only if a future category is both highly recognizable and demonstrably distinct from retained crop/livestock/food anchors.,,
1247,Largest Linseed harvested area,Agriculture · QCL:'01441:5312,FAOSTAT,,generic_v15_rejected_only,verified,retain_exclusion,confirm_reasoned_exclusion,agriculture_item_matrix_overproliferation,"The concept comes from the legacy FAOSTAT item-by-element expansion matrix. Even when source-valid, the remaining yield/area/production/animal-count slices add low marginal variety and would re-saturate an already agriculture-heavy catalog; v16.2.6 deliberately prefers a small set of recognizable representative food/agriculture anchors.",Keep excluded from the playable core. Reconsider only if a future category is both highly recognizable and demonstrably distinct from retained crop/livestock/food anchors.,,
1248,Largest Okra harvested area,Agriculture · QCL:'01239.01:5312,FAOSTAT,,generic_v15_rejected_only,verified,retain_exclusion,confirm_reasoned_exclusion,agriculture_item_matrix_overproliferation,"The concept comes from the legacy FAOSTAT item-by-element expansion matrix. Even when source-valid, the remaining yield/area/production/animal-count slices add low marginal variety and would re-saturate an already agriculture-heavy catalog; v16.2.6 deliberately prefers a small set of recognizable representative food/agriculture anchors.",Keep excluded from the playable core. Reconsider only if a future category is both highly recognizable and demonstrably distinct from retained crop/livestock/food anchors.,,
1249,Most okra produced,Agriculture · QCL:'01239.01:5510,FAOSTAT,,generic_v15_rejected_only,verified,retain_exclusion,confirm_reasoned_exclusion,agriculture_item_matrix_overproliferation,"The concept comes from the legacy FAOSTAT item-by-element expansion matrix. Even when source-valid, the remaining yield/area/production/animal-count slices add low marginal variety and would re-saturate an already agriculture-heavy catalog; v16.2.6 deliberately prefers a small set of recognizable representative food/agriculture anchors.",Keep excluded from the playable core. Reconsider only if a future category is both highly recognizable and demonstrably distinct from retained crop/livestock/food anchors.,,
1250,Largest Leeks and other alliaceous vegetables harvested area,Vegetables · QCL:'01254:5312,FAOSTAT,,generic_v15_rejected_only,verified,retain_exclusion,confirm_reasoned_exclusion,agriculture_item_matrix_overproliferation,"The concept comes from the legacy FAOSTAT item-by-element expansion matrix. Even when source-valid, the remaining yield/area/production/animal-count slices add low marginal variety and would re-saturate an already agriculture-heavy catalog; v16.2.6 deliberately prefers a small set of recognizable representative food/agriculture anchors.",Keep excluded from the playable core. Reconsider only if a future category is both highly recognizable and demonstrably distinct from retained crop/livestock/food anchors.,,
1251,Most linseed produced,Agriculture · QCL:'01441:5510,FAOSTAT,,generic_v15_rejected_only,verified,retain_exclusion,confirm_reasoned_exclusion,agriculture_item_matrix_overproliferation,"The concept comes from the legacy FAOSTAT item-by-element expansion matrix. Even when source-valid, the remaining yield/area/production/animal-count slices add low marginal variety and would re-saturate an already agriculture-heavy catalog; v16.2.6 deliberately prefers a small set of recognizable representative food/agriculture anchors.",Keep excluded from the playable core. Reconsider only if a future category is both highly recognizable and demonstrably distinct from retained crop/livestock/food anchors.,,
1252,Most triticale produced,Agriculture · QCL:'01191:5510,FAOSTAT,,generic_v15_rejected_only,verified,retain_exclusion,confirm_reasoned_exclusion,agriculture_item_matrix_overproliferation,"The concept comes from the legacy FAOSTAT item-by-element expansion matrix. Even when source-valid, the remaining yield/area/production/animal-count slices add low marginal variety and would re-saturate an already agriculture-heavy catalog; v16.2.6 deliberately prefers a small set of recognizable representative food/agriculture anchors.",Keep excluded from the playable core. Reconsider only if a future category is both highly recognizable and demonstrably distinct from retained crop/livestock/food anchors.,,
1253,Largest Sour cherries harvested area,Agriculture · QCL:'01344.01:5312,FAOSTAT,,generic_v15_rejected_only,verified,retain_exclusion,confirm_reasoned_exclusion,agriculture_item_matrix_overproliferation,"The concept comes from the legacy FAOSTAT item-by-element expansion matrix. Even when source-valid, the remaining yield/area/production/animal-count slices add low marginal variety and would re-saturate an already agriculture-heavy catalog; v16.2.6 deliberately prefers a small set of recognizable representative food/agriculture anchors.",Keep excluded from the playable core. Reconsider only if a future category is both highly recognizable and demonstrably distinct from retained crop/livestock/food anchors.,,
1254,Most sour cherries produced,Agriculture · QCL:'01344.01:5510,FAOSTAT,,generic_v15_rejected_only,verified,retain_exclusion,confirm_reasoned_exclusion,agriculture_item_matrix_overproliferation,"The concept comes from the legacy FAOSTAT item-by-element expansion matrix. Even when source-valid, the remaining yield/area/production/animal-count slices add low marginal variety and would re-saturate an already agriculture-heavy catalog; v16.2.6 deliberately prefers a small set of recognizable representative food/agriculture anchors.",Keep excluded from the playable core. Reconsider only if a future category is both highly recognizable and demonstrably distinct from retained crop/livestock/food anchors.,,
1255,Most large separate land areas,Geography · most-large-land-areas,Natural Earth,80,generic_v15_rejected_only,,retain_exclusion,confirm_reasoned_exclusion,arbitrary_threshold_niche,Counting separate land areas—especially “large” areas—depends on arbitrary geometry/threshold choices and is less intuitive than stronger map-based geography concepts.,Keep excluded from the core catalog.,,
1256,Highest final consumption expenditure,Economy · NE.CON.TOTL.KD.ZG,World Bank,80,generic_v15_rejected_only,verified,retain_exclusion,confirm_reasoned_exclusion,macro_overproliferation,"One of many national-accounts total/constant-price/growth variants with low marginal player value, jargon-heavy naming, or a near-duplicate preferred alternative; economy is already overrepresented.",Keep excluded; do not rebuild the old national-accounts matrix. Reconsider only a separately justified plain-English concept.,,
1257,Highest households and NPISHs Final consumption expenditure,Economy · NE.CON.PRVT.KD.ZG,World Bank,80,generic_v15_rejected_only,verified,retain_exclusion,confirm_reasoned_exclusion,macro_overproliferation,"One of many national-accounts total/constant-price/growth variants with low marginal player value, jargon-heavy naming, or a near-duplicate preferred alternative; economy is already overrepresented.",Keep excluded; do not rebuild the old national-accounts matrix. Reconsider only a separately justified plain-English concept.,,
1258,Highest gross fixed capital formation,Economy · NE.GDI.FTOT.KN,World Bank,80,generic_v15_rejected_only,verified,retain_exclusion,confirm_reasoned_exclusion,cross_country_comparability_invalid,"Absolute local-currency or linked/local-currency series is not valid for direct cross-country ranking; this is a hard comparability failure, not merely an old editorial preference.",Keep excluded under the permanent local-currency comparability gate.,,
1259,Highest gross capital formation,Economy · NE.GDI.TOTL.KD,World Bank,80,generic_v15_rejected_only,failed,retain_exclusion,confirm_reasoned_exclusion,macro_overproliferation,"One of many national-accounts total/constant-price/growth variants with low marginal player value, jargon-heavy naming, or a near-duplicate preferred alternative; economy is already overrepresented.",Keep excluded; do not rebuild the old national-accounts matrix. Reconsider only a separately justified plain-English concept.,existing:NE.GDI.TOTL.CN,blocked_re_source
1260,Highest gross fixed capital formation,Economy · NE.GDI.FTOT.KD,World Bank,80,generic_v15_rejected_only,failed,retain_exclusion,confirm_reasoned_exclusion,macro_overproliferation,"One of many national-accounts total/constant-price/growth variants with low marginal player value, jargon-heavy naming, or a near-duplicate preferred alternative; economy is already overrepresented.",Keep excluded; do not rebuild the old national-accounts matrix. Reconsider only a separately justified plain-English concept.,,
1261,Highest net domestic credit,Economy · FM.AST.DOMS.CN,World Bank,,generic_v16_2_3_batch_reason,failed,retain_exclusion,confirm_reasoned_exclusion,cross_country_comparability_invalid,"This World Bank path is denominated in national/local-currency units or another non-comparable country-specific price basis. Absolute cross-country ranking would compare incompatible units, which is a hard v16.2.6 integrity failure.",Keep permanently blocked unless replaced by a genuinely comparable common-currency/PPP or dimensionless series with a separately validated definition.,,
1271,Most whole milk powder produced,Dairy · QCL:'22211:5510,FAOSTAT,,generic_v15_rejected_only,verified,retain_exclusion,confirm_reasoned_exclusion,agriculture_item_matrix_overproliferation,"The concept comes from the legacy FAOSTAT item-by-element expansion matrix. Even when source-valid, the remaining yield/area/production/animal-count slices add low marginal variety and would re-saturate an already agriculture-heavy catalog; v16.2.6 deliberately prefers a small set of recognizable representative food/agriculture anchors.",Keep excluded from the playable core. Reconsider only if a future category is both highly recognizable and demonstrably distinct from retained crop/livestock/food anchors.,,
1272,Most skim milk and whey powder produced,Dairy · QCL:'22212:5510,FAOSTAT,,generic_v15_rejected_only,verified,retain_exclusion,confirm_reasoned_exclusion,agriculture_item_matrix_overproliferation,"The concept comes from the legacy FAOSTAT item-by-element expansion matrix. Even when source-valid, the remaining yield/area/production/animal-count slices add low marginal variety and would re-saturate an already agriculture-heavy catalog; v16.2.6 deliberately prefers a small set of recognizable representative food/agriculture anchors.",Keep excluded from the playable core. Reconsider only if a future category is both highly recognizable and demonstrably distinct from retained crop/livestock/food anchors.,,
1274,"Largest Chillies and peppers, dry (Capsicum spp., Pimenta spp.), raw harvested area",Vegetables · QCL:'01652:5312,FAOSTAT,,generic_v15_rejected_only,verified,retain_exclusion,confirm_reasoned_exclusion,agriculture_item_matrix_overproliferation,"The concept comes from the legacy FAOSTAT item-by-element expansion matrix. Even when source-valid, the remaining yield/area/production/animal-count slices add low marginal variety and would re-saturate an already agriculture-heavy catalog; v16.2.6 deliberately prefers a small set of recognizable representative food/agriculture anchors.",Keep excluded from the playable core. Reconsider only if a future category is both highly recognizable and demonstrably distinct from retained crop/livestock/food anchors.,,
1275,"Most chillies and peppers, dry (Capsicum spp., Pimenta spp.), raw produced",Vegetables · QCL:'01652:5510,FAOSTAT,,generic_v15_rejected_only,verified,retain_exclusion,confirm_reasoned_exclusion,agriculture_item_matrix_overproliferation,"The concept comes from the legacy FAOSTAT item-by-element expansion matrix. Even when source-valid, the remaining yield/area/production/animal-count slices add low marginal variety and would re-saturate an already agriculture-heavy catalog; v16.2.6 deliberately prefers a small set of recognizable representative food/agriculture anchors.",Keep excluded from the playable core. Reconsider only if a future category is both highly recognizable and demonstrably distinct from retained crop/livestock/food anchors.,,
1276,Largest Yams harvested area,Agriculture · QCL:'01540:5312,FAOSTAT,,generic_v15_rejected_only,verified,retain_exclusion,confirm_reasoned_exclusion,agriculture_item_matrix_overproliferation,"The concept comes from the legacy FAOSTAT item-by-element expansion matrix. Even when source-valid, the remaining yield/area/production/animal-count slices add low marginal variety and would re-saturate an already agriculture-heavy catalog; v16.2.6 deliberately prefers a small set of recognizable representative food/agriculture anchors.",Keep excluded from the playable core. Reconsider only if a future category is both highly recognizable and demonstrably distinct from retained crop/livestock/food anchors.,,
1277,Most yams produced,Agriculture · QCL:'01540:5510,FAOSTAT,,generic_v15_rejected_only,verified,retain_exclusion,confirm_reasoned_exclusion,agriculture_item_matrix_overproliferation,"The concept comes from the legacy FAOSTAT item-by-element expansion matrix. Even when source-valid, the remaining yield/area/production/animal-count slices add low marginal variety and would re-saturate an already agriculture-heavy catalog; v16.2.6 deliberately prefers a small set of recognizable representative food/agriculture anchors.",Keep excluded from the playable core. Reconsider only if a future category is both highly recognizable and demonstrably distinct from retained crop/livestock/food anchors.,,
1278,"Highest Horse meat, fresh or chilled yield",Livestock · QCL:'21118.01:5417,FAOSTAT,,generic_v15_rejected_only,verified,retain_exclusion,confirm_reasoned_exclusion,agriculture_item_matrix_overproliferation,"The concept comes from the legacy FAOSTAT item-by-element expansion matrix. Even when source-valid, the remaining yield/area/production/animal-count slices add low marginal variety and would re-saturate an already agriculture-heavy catalog; v16.2.6 deliberately prefers a small set of recognizable representative food/agriculture anchors.",Keep excluded from the playable core. Reconsider only if a future category is both highly recognizable and demonstrably distinct from retained crop/livestock/food anchors.,,
1279,Most plantains and cooking bananas produced,Fruit · QCL:'01313:5510,FAOSTAT,,generic_v15_rejected_only,verified,retain_exclusion,confirm_reasoned_exclusion,agriculture_item_matrix_overproliferation,"The concept comes from the legacy FAOSTAT item-by-element expansion matrix. Even when source-valid, the remaining yield/area/production/animal-count slices add low marginal variety and would re-saturate an already agriculture-heavy catalog; v16.2.6 deliberately prefers a small set of recognizable representative food/agriculture anchors.",Keep excluded from the playable core. Reconsider only if a future category is both highly recognizable and demonstrably distinct from retained crop/livestock/food anchors.,,
1280,"Highest Almonds, in shell yield",Agriculture · QCL:'01371:5412,FAOSTAT,,generic_v15_rejected_only,verified,retain_exclusion,confirm_reasoned_exclusion,agriculture_item_matrix_overproliferation,"The concept comes from the legacy FAOSTAT item-by-element expansion matrix. Even when source-valid, the remaining yield/area/production/animal-count slices add low marginal variety and would re-saturate an already agriculture-heavy catalog; v16.2.6 deliberately prefers a small set of recognizable representative food/agriculture anchors.",Keep excluded from the playable core. Reconsider only if a future category is both highly recognizable and demonstrably distinct from retained crop/livestock/food anchors.,,
1281,Highest Figs yield,Agriculture · QCL:'01315:5412,FAOSTAT,,generic_v15_rejected_only,verified,retain_exclusion,confirm_reasoned_exclusion,agriculture_item_matrix_overproliferation,"The concept comes from the legacy FAOSTAT item-by-element expansion matrix. Even when source-valid, the remaining yield/area/production/animal-count slices add low marginal variety and would re-saturate an already agriculture-heavy catalog; v16.2.6 deliberately prefers a small set of recognizable representative food/agriculture anchors.",Keep excluded from the playable core. Reconsider only if a future category is both highly recognizable and demonstrably distinct from retained crop/livestock/food anchors.,,
1282,Highest Tea leaves yield,Crops · QCL:'01620:5412,FAOSTAT,,generic_v15_rejected_only,verified,retain_exclusion,confirm_reasoned_exclusion,agriculture_item_matrix_overproliferation,"The concept comes from the legacy FAOSTAT item-by-element expansion matrix. Even when source-valid, the remaining yield/area/production/animal-count slices add low marginal variety and would re-saturate an already agriculture-heavy catalog; v16.2.6 deliberately prefers a small set of recognizable representative food/agriculture anchors.",Keep excluded from the playable core. Reconsider only if a future category is both highly recognizable and demonstrably distinct from retained crop/livestock/food anchors.,,
1283,Highest Asparagus yield,Agriculture · QCL:'01211:5412,FAOSTAT,,generic_v15_rejected_only,verified,retain_exclusion,confirm_reasoned_exclusion,agriculture_item_matrix_overproliferation,"The concept comes from the legacy FAOSTAT item-by-element expansion matrix. Even when source-valid, the remaining yield/area/production/animal-count slices add low marginal variety and would re-saturate an already agriculture-heavy catalog; v16.2.6 deliberately prefers a small set of recognizable representative food/agriculture anchors.",Keep excluded from the playable core. Reconsider only if a future category is both highly recognizable and demonstrably distinct from retained crop/livestock/food anchors.,,
1284,"Highest Lentils, dry yield",Agriculture · QCL:'01704:5412,FAOSTAT,,generic_v15_rejected_only,verified,retain_exclusion,confirm_reasoned_exclusion,agriculture_item_matrix_overproliferation,"The concept comes from the legacy FAOSTAT item-by-element expansion matrix. Even when source-valid, the remaining yield/area/production/animal-count slices add low marginal variety and would re-saturate an already agriculture-heavy catalog; v16.2.6 deliberately prefers a small set of recognizable representative food/agriculture anchors.",Keep excluded from the playable core. Reconsider only if a future category is both highly recognizable and demonstrably distinct from retained crop/livestock/food anchors.,,
1285,Highest Currants yield,Agriculture · QCL:'01351.01:5412,FAOSTAT,,generic_v15_rejected_only,verified,retain_exclusion,confirm_reasoned_exclusion,agriculture_item_matrix_overproliferation,"The concept comes from the legacy FAOSTAT item-by-element expansion matrix. Even when source-valid, the remaining yield/area/production/animal-count slices add low marginal variety and would re-saturate an already agriculture-heavy catalog; v16.2.6 deliberately prefers a small set of recognizable representative food/agriculture anchors.",Keep excluded from the playable core. Reconsider only if a future category is both highly recognizable and demonstrably distinct from retained crop/livestock/food anchors.,,
1286,Largest Blueberries harvested area,Agriculture · QCL:'01355.01:5312,FAOSTAT,,generic_v15_rejected_only,verified,retain_exclusion,confirm_reasoned_exclusion,agriculture_item_matrix_overproliferation,"The concept comes from the legacy FAOSTAT item-by-element expansion matrix. Even when source-valid, the remaining yield/area/production/animal-count slices add low marginal variety and would re-saturate an already agriculture-heavy catalog; v16.2.6 deliberately prefers a small set of recognizable representative food/agriculture anchors.",Keep excluded from the playable core. Reconsider only if a future category is both highly recognizable and demonstrably distinct from retained crop/livestock/food anchors.,,
1288,Highest carbon dioxide (CO2) net fluxes from LULUCF - Deforestation,Environment · EN.GHG.CO2.LU.DF.MT.CE.AR5,World Bank,79,generic_v15_rejected_only,verified,retain_exclusion,confirm_reasoned_exclusion,emissions_overproliferation,"This is part of the previously overgrown emissions matrix (gas/sector/LULUCF variants). Even when technically valid, it is too repetitive or specialized relative to a small set of broad emissions anchors.",Keep excluded; any future emissions expansion must demonstrate a genuinely new player-facing concept rather than another gas/sector slice.,,
1289,Highest general government final consumption expenditure,Economy · NE.CON.GOVT.KD.ZG,World Bank,79,generic_v15_rejected_only,verified,retain_exclusion,confirm_reasoned_exclusion,macro_overproliferation,"One of many national-accounts total/constant-price/growth variants with low marginal player value, jargon-heavy naming, or a near-duplicate preferred alternative; economy is already overrepresented.",Keep excluded; do not rebuild the old national-accounts matrix. Reconsider only a separately justified plain-English concept.,,
1290,Fastest households and NPISHs Final consumption expenditure per capita growth,Economy · NE.CON.PRVT.PC.KD.ZG,World Bank,79,generic_v15_rejected_only,verified,retain_exclusion,confirm_reasoned_exclusion,macro_or_landuse_curation_v16_2_6_final_curation,"Potentially understandable after careful naming, but it sits in an already dense macro/land-use family and is not strong enough to clear the legacy block without comparing nearby alternatives. Final v16.2.6 curation decision: this concept is not selected for the playable core, so there is no reason to leave its legacy state unresolved.","Keep excluded for v16.2.6. A future release may explicitly reopen it, but the historical rejection is now backed by this current editorial curation decision.",,
1303,Most tallow produced,Agriculture · QCL:'21523:5510,FAOSTAT,,generic_v15_rejected_only,verified,retain_exclusion,confirm_reasoned_exclusion,agriculture_item_matrix_overproliferation,"The concept comes from the legacy FAOSTAT item-by-element expansion matrix. Even when source-valid, the remaining yield/area/production/animal-count slices add low marginal variety and would re-saturate an already agriculture-heavy catalog; v16.2.6 deliberately prefers a small set of recognizable representative food/agriculture anchors.",Keep excluded from the playable core. Reconsider only if a future category is both highly recognizable and demonstrably distinct from retained crop/livestock/food anchors.,,
1304,"Most whole milk, condensed produced",Dairy · QCL:'22222.01:5510,FAOSTAT,,generic_v15_rejected_only,verified,retain_exclusion,confirm_reasoned_exclusion,agriculture_item_matrix_overproliferation,"The concept comes from the legacy FAOSTAT item-by-element expansion matrix. Even when source-valid, the remaining yield/area/production/animal-count slices add low marginal variety and would re-saturate an already agriculture-heavy catalog; v16.2.6 deliberately prefers a small set of recognizable representative food/agriculture anchors.",Keep excluded from the playable core. Reconsider only if a future category is both highly recognizable and demonstrably distinct from retained crop/livestock/food anchors.,,
1305,"Most whole milk, evaporated produced",Dairy · QCL:'22221.01:5510,FAOSTAT,,generic_v15_rejected_only,verified,retain_exclusion,confirm_reasoned_exclusion,agriculture_item_matrix_overproliferation,"The concept comes from the legacy FAOSTAT item-by-element expansion matrix. Even when source-valid, the remaining yield/area/production/animal-count slices add low marginal variety and would re-saturate an already agriculture-heavy catalog; v16.2.6 deliberately prefers a small set of recognizable representative food/agriculture anchors.",Keep excluded from the playable core. Reconsider only if a future category is both highly recognizable and demonstrably distinct from retained crop/livestock/food anchors.,,
1306,Most olives produced,Agriculture · QCL:'01450:5510,FAOSTAT,,generic_v15_rejected_only,verified,retain_exclusion,confirm_reasoned_exclusion,agriculture_item_matrix_overproliferation,"The concept comes from the legacy FAOSTAT item-by-element expansion matrix. Even when source-valid, the remaining yield/area/production/animal-count slices add low marginal variety and would re-saturate an already agriculture-heavy catalog; v16.2.6 deliberately prefers a small set of recognizable representative food/agriculture anchors.",Keep excluded from the playable core. Reconsider only if a future category is both highly recognizable and demonstrably distinct from retained crop/livestock/food anchors.,,
1307,"Highest Chick peas, dry yield",Agriculture · QCL:'01703:5412,FAOSTAT,,generic_v15_rejected_only,verified,retain_exclusion,confirm_reasoned_exclusion,agriculture_item_matrix_overproliferation,"The concept comes from the legacy FAOSTAT item-by-element expansion matrix. Even when source-valid, the remaining yield/area/production/animal-count slices add low marginal variety and would re-saturate an already agriculture-heavy catalog; v16.2.6 deliberately prefers a small set of recognizable representative food/agriculture anchors.",Keep excluded from the playable core. Reconsider only if a future category is both highly recognizable and demonstrably distinct from retained crop/livestock/food anchors.,,
1308,Highest Plantains and cooking bananas yield,Fruit · QCL:'01313:5412,FAOSTAT,,generic_v15_rejected_only,verified,retain_exclusion,confirm_reasoned_exclusion,agriculture_item_matrix_overproliferation,"The concept comes from the legacy FAOSTAT item-by-element expansion matrix. Even when source-valid, the remaining yield/area/production/animal-count slices add low marginal variety and would re-saturate an already agriculture-heavy catalog; v16.2.6 deliberately prefers a small set of recognizable representative food/agriculture anchors.",Keep excluded from the playable core. Reconsider only if a future category is both highly recognizable and demonstrably distinct from retained crop/livestock/food anchors.,,
1309,Most asparagus produced,Agriculture · QCL:'01211:5510,FAOSTAT,,generic_v15_rejected_only,verified,retain_exclusion,confirm_reasoned_exclusion,agriculture_item_matrix_overproliferation,"The concept comes from the legacy FAOSTAT item-by-element expansion matrix. Even when source-valid, the remaining yield/area/production/animal-count slices add low marginal variety and would re-saturate an already agriculture-heavy catalog; v16.2.6 deliberately prefers a small set of recognizable representative food/agriculture anchors.",Keep excluded from the playable core. Reconsider only if a future category is both highly recognizable and demonstrably distinct from retained crop/livestock/food anchors.,,
1310,Largest Asparagus harvested area,Agriculture · QCL:'01211:5312,FAOSTAT,,generic_v15_rejected_only,verified,retain_exclusion,confirm_reasoned_exclusion,agriculture_item_matrix_overproliferation,"The concept comes from the legacy FAOSTAT item-by-element expansion matrix. Even when source-valid, the remaining yield/area/production/animal-count slices add low marginal variety and would re-saturate an already agriculture-heavy catalog; v16.2.6 deliberately prefers a small set of recognizable representative food/agriculture anchors.",Keep excluded from the playable core. Reconsider only if a future category is both highly recognizable and demonstrably distinct from retained crop/livestock/food anchors.,,
1312,Most green corn (maize) produced,Crops · QCL:'01290.01:5510,FAOSTAT,,generic_v15_rejected_only,verified,retain_exclusion,confirm_reasoned_exclusion,agriculture_item_matrix_overproliferation,"The concept comes from the legacy FAOSTAT item-by-element expansion matrix. Even when source-valid, the remaining yield/area/production/animal-count slices add low marginal variety and would re-saturate an already agriculture-heavy catalog; v16.2.6 deliberately prefers a small set of recognizable representative food/agriculture anchors.",Keep excluded from the playable core. Reconsider only if a future category is both highly recognizable and demonstrably distinct from retained crop/livestock/food anchors.,,
1313,Highest Green corn (maize) yield,Crops · QCL:'01290.01:5412,FAOSTAT,,generic_v15_rejected_only,verified,retain_exclusion,confirm_reasoned_exclusion,agriculture_item_matrix_overproliferation,"The concept comes from the legacy FAOSTAT item-by-element expansion matrix. Even when source-valid, the remaining yield/area/production/animal-count slices add low marginal variety and would re-saturate an already agriculture-heavy catalog; v16.2.6 deliberately prefers a small set of recognizable representative food/agriculture anchors.",Keep excluded from the playable core. Reconsider only if a future category is both highly recognizable and demonstrably distinct from retained crop/livestock/food anchors.,,
1314,Largest Green corn (maize) harvested area,Crops · QCL:'01290.01:5312,FAOSTAT,,generic_v15_rejected_only,verified,retain_exclusion,confirm_reasoned_exclusion,agriculture_item_matrix_overproliferation,"The concept comes from the legacy FAOSTAT item-by-element expansion matrix. Even when source-valid, the remaining yield/area/production/animal-count slices add low marginal variety and would re-saturate an already agriculture-heavy catalog; v16.2.6 deliberately prefers a small set of recognizable representative food/agriculture anchors.",Keep excluded from the playable core. Reconsider only if a future category is both highly recognizable and demonstrably distinct from retained crop/livestock/food anchors.,,
1315,"Most pepper (Piper spp.), raw produced",Vegetables · QCL:'01651:5510,FAOSTAT,,generic_v15_rejected_only,verified,retain_exclusion,confirm_reasoned_exclusion,agriculture_item_matrix_overproliferation,"The concept comes from the legacy FAOSTAT item-by-element expansion matrix. Even when source-valid, the remaining yield/area/production/animal-count slices add low marginal variety and would re-saturate an already agriculture-heavy catalog; v16.2.6 deliberately prefers a small set of recognizable representative food/agriculture anchors.",Keep excluded from the playable core. Reconsider only if a future category is both highly recognizable and demonstrably distinct from retained crop/livestock/food anchors.,,
1316,"Highest Onions and shallots, green yield",Vegetables · QCL:'01253.01:5412,FAOSTAT,,generic_v15_rejected_only,verified,retain_exclusion,confirm_reasoned_exclusion,agriculture_item_matrix_overproliferation,"The concept comes from the legacy FAOSTAT item-by-element expansion matrix. Even when source-valid, the remaining yield/area/production/animal-count slices add low marginal variety and would re-saturate an already agriculture-heavy catalog; v16.2.6 deliberately prefers a small set of recognizable representative food/agriculture anchors.",Keep excluded from the playable core. Reconsider only if a future category is both highly recognizable and demonstrably distinct from retained crop/livestock/food anchors.,,
1317,"Largest Onions and shallots, green harvested area",Vegetables · QCL:'01253.01:5312,FAOSTAT,,generic_v15_rejected_only,verified,retain_exclusion,confirm_reasoned_exclusion,agriculture_item_matrix_overproliferation,"The concept comes from the legacy FAOSTAT item-by-element expansion matrix. Even when source-valid, the remaining yield/area/production/animal-count slices add low marginal variety and would re-saturate an already agriculture-heavy catalog; v16.2.6 deliberately prefers a small set of recognizable representative food/agriculture anchors.",Keep excluded from the playable core. Reconsider only if a future category is both highly recognizable and demonstrably distinct from retained crop/livestock/food anchors.,,
1318,"Most onions and shallots, green produced",Vegetables · QCL:'01253.01:5510,FAOSTAT,,generic_v15_rejected_only,verified,retain_exclusion,confirm_reasoned_exclusion,agriculture_item_matrix_overproliferation,"The concept comes from the legacy FAOSTAT item-by-element expansion matrix. Even when source-valid, the remaining yield/area/production/animal-count slices add low marginal variety and would re-saturate an already agriculture-heavy catalog; v16.2.6 deliberately prefers a small set of recognizable representative food/agriculture anchors.",Keep excluded from the playable core. Reconsider only if a future category is both highly recognizable and demonstrably distinct from retained crop/livestock/food anchors.,,
1319,"Largest Lentils, dry harvested area",Agriculture · QCL:'01704:5312,FAOSTAT,,generic_v15_rejected_only,verified,retain_exclusion,confirm_reasoned_exclusion,agriculture_item_matrix_overproliferation,"The concept comes from the legacy FAOSTAT item-by-element expansion matrix. Even when source-valid, the remaining yield/area/production/animal-count slices add low marginal variety and would re-saturate an already agriculture-heavy catalog; v16.2.6 deliberately prefers a small set of recognizable representative food/agriculture anchors.",Keep excluded from the playable core. Reconsider only if a future category is both highly recognizable and demonstrably distinct from retained crop/livestock/food anchors.,,
1320,"Most lentils, dry produced",Agriculture · QCL:'01704:5510,FAOSTAT,,generic_v15_rejected_only,verified,retain_exclusion,confirm_reasoned_exclusion,agriculture_item_matrix_overproliferation,"The concept comes from the legacy FAOSTAT item-by-element expansion matrix. Even when source-valid, the remaining yield/area/production/animal-count slices add low marginal variety and would re-saturate an already agriculture-heavy catalog; v16.2.6 deliberately prefers a small set of recognizable representative food/agriculture anchors.",Keep excluded from the playable core. Reconsider only if a future category is both highly recognizable and demonstrably distinct from retained crop/livestock/food anchors.,,
1321,"Highest Ginger, raw yield",Agriculture · QCL:'01657:5412,FAOSTAT,,generic_v15_rejected_only,verified,retain_exclusion,confirm_reasoned_exclusion,agriculture_item_matrix_overproliferation,"The concept comes from the legacy FAOSTAT item-by-element expansion matrix. Even when source-valid, the remaining yield/area/production/animal-count slices add low marginal variety and would re-saturate an already agriculture-heavy catalog; v16.2.6 deliberately prefers a small set of recognizable representative food/agriculture anchors.",Keep excluded from the playable core. Reconsider only if a future category is both highly recognizable and demonstrably distinct from retained crop/livestock/food anchors.,,
1322,Most blueberries produced,Agriculture · QCL:'01355.01:5510,FAOSTAT,,generic_v15_rejected_only,verified,retain_exclusion,confirm_reasoned_exclusion,agriculture_item_matrix_overproliferation,"The concept comes from the legacy FAOSTAT item-by-element expansion matrix. Even when source-valid, the remaining yield/area/production/animal-count slices add low marginal variety and would re-saturate an already agriculture-heavy catalog; v16.2.6 deliberately prefers a small set of recognizable representative food/agriculture anchors.",Keep excluded from the playable core. Reconsider only if a future category is both highly recognizable and demonstrably distinct from retained crop/livestock/food anchors.,,
1323,Highest Blueberries yield,Agriculture · QCL:'01355.01:5412,FAOSTAT,,generic_v15_rejected_only,verified,retain_exclusion,confirm_reasoned_exclusion,agriculture_item_matrix_overproliferation,"The concept comes from the legacy FAOSTAT item-by-element expansion matrix. Even when source-valid, the remaining yield/area/production/animal-count slices add low marginal variety and would re-saturate an already agriculture-heavy catalog; v16.2.6 deliberately prefers a small set of recognizable representative food/agriculture anchors.",Keep excluded from the playable core. Reconsider only if a future category is both highly recognizable and demonstrably distinct from retained crop/livestock/food anchors.,,
1324,Lowest primary out-of-school rate,Education · ROFST.1.CP,UNESCO UIS,78,generic_v15_rejected_only,verified,advance_to_validation,clear_generic_legacy_block,broad_intuitive_distinct,"Out-of-school rates are intuitive, globally meaningful education-access measures; primary and upper-secondary provide meaningfully different stages without keeping every adjacent stage.",Validate the UNESCO UIS source-family rows and retain only these stage anchors unless later playtesting supports more.,family:unesco:lowest-primary-out-of-school,ready_for_source_family_validation
1329,Most coconut oil produced,Agriculture · QCL:'2166:5510,FAOSTAT,,generic_v15_rejected_only,verified,retain_exclusion,confirm_reasoned_exclusion,agriculture_item_matrix_overproliferation,"The concept comes from the legacy FAOSTAT item-by-element expansion matrix. Even when source-valid, the remaining yield/area/production/animal-count slices add low marginal variety and would re-saturate an already agriculture-heavy catalog; v16.2.6 deliberately prefers a small set of recognizable representative food/agriculture anchors.",Keep excluded from the playable core. Reconsider only if a future category is both highly recognizable and demonstrably distinct from retained crop/livestock/food anchors.,,
1330,Most oil of sesame seed produced,Agriculture · QCL:'21691.07:5510,FAOSTAT,,generic_v15_rejected_only,verified,retain_exclusion,confirm_reasoned_exclusion,agriculture_item_matrix_overproliferation,"The concept comes from the legacy FAOSTAT item-by-element expansion matrix. Even when source-valid, the remaining yield/area/production/animal-count slices add low marginal variety and would re-saturate an already agriculture-heavy catalog; v16.2.6 deliberately prefers a small set of recognizable representative food/agriculture anchors.",Keep excluded from the playable core. Reconsider only if a future category is both highly recognizable and demonstrably distinct from retained crop/livestock/food anchors.,,
1331,"Most edible offals of horses and other equines, fresh, chilled or frozen produced",Livestock · QCL:'21159.01:5510,FAOSTAT,,generic_v15_rejected_only,verified,retain_exclusion,confirm_reasoned_exclusion,agriculture_item_matrix_overproliferation,"The concept comes from the legacy FAOSTAT item-by-element expansion matrix. Even when source-valid, the remaining yield/area/production/animal-count slices add low marginal variety and would re-saturate an already agriculture-heavy catalog; v16.2.6 deliberately prefers a small set of recognizable representative food/agriculture anchors.",Keep excluded from the playable core. Reconsider only if a future category is both highly recognizable and demonstrably distinct from retained crop/livestock/food anchors.,,
1332,Largest Rabbits and hares stocks,Livestock · QCL:'02191:5112,FAOSTAT,,generic_v15_rejected_only,verified,retain_exclusion,confirm_reasoned_exclusion,agriculture_item_matrix_overproliferation,"The concept comes from the legacy FAOSTAT item-by-element expansion matrix. Even when source-valid, the remaining yield/area/production/animal-count slices add low marginal variety and would re-saturate an already agriculture-heavy catalog; v16.2.6 deliberately prefers a small set of recognizable representative food/agriculture anchors.",Keep excluded from the playable core. Reconsider only if a future category is both highly recognizable and demonstrably distinct from retained crop/livestock/food anchors.,,
1333,Largest Plantains and cooking bananas harvested area,Fruit · QCL:'01313:5312,FAOSTAT,,generic_v15_rejected_only,verified,retain_exclusion,confirm_reasoned_exclusion,agriculture_item_matrix_overproliferation,"The concept comes from the legacy FAOSTAT item-by-element expansion matrix. Even when source-valid, the remaining yield/area/production/animal-count slices add low marginal variety and would re-saturate an already agriculture-heavy catalog; v16.2.6 deliberately prefers a small set of recognizable representative food/agriculture anchors.",Keep excluded from the playable core. Reconsider only if a future category is both highly recognizable and demonstrably distinct from retained crop/livestock/food anchors.,,
1334,"Largest Chick peas, dry harvested area",Agriculture · QCL:'01703:5312,FAOSTAT,,generic_v15_rejected_only,verified,retain_exclusion,confirm_reasoned_exclusion,agriculture_item_matrix_overproliferation,"The concept comes from the legacy FAOSTAT item-by-element expansion matrix. Even when source-valid, the remaining yield/area/production/animal-count slices add low marginal variety and would re-saturate an already agriculture-heavy catalog; v16.2.6 deliberately prefers a small set of recognizable representative food/agriculture anchors.",Keep excluded from the playable core. Reconsider only if a future category is both highly recognizable and demonstrably distinct from retained crop/livestock/food anchors.,,
1335,"Most chick peas, dry produced",Agriculture · QCL:'01703:5510,FAOSTAT,,generic_v15_rejected_only,verified,retain_exclusion,confirm_reasoned_exclusion,agriculture_item_matrix_overproliferation,"The concept comes from the legacy FAOSTAT item-by-element expansion matrix. Even when source-valid, the remaining yield/area/production/animal-count slices add low marginal variety and would re-saturate an already agriculture-heavy catalog; v16.2.6 deliberately prefers a small set of recognizable representative food/agriculture anchors.",Keep excluded from the playable core. Reconsider only if a future category is both highly recognizable and demonstrably distinct from retained crop/livestock/food anchors.,,
1336,Most taro produced,Agriculture · QCL:'01550:5510,FAOSTAT,,generic_v15_rejected_only,verified,retain_exclusion,confirm_reasoned_exclusion,agriculture_item_matrix_overproliferation,"The concept comes from the legacy FAOSTAT item-by-element expansion matrix. Even when source-valid, the remaining yield/area/production/animal-count slices add low marginal variety and would re-saturate an already agriculture-heavy catalog; v16.2.6 deliberately prefers a small set of recognizable representative food/agriculture anchors.",Keep excluded from the playable core. Reconsider only if a future category is both highly recognizable and demonstrably distinct from retained crop/livestock/food anchors.,,
1337,Highest Taro yield,Agriculture · QCL:'01550:5412,FAOSTAT,,generic_v15_rejected_only,verified,retain_exclusion,confirm_reasoned_exclusion,agriculture_item_matrix_overproliferation,"The concept comes from the legacy FAOSTAT item-by-element expansion matrix. Even when source-valid, the remaining yield/area/production/animal-count slices add low marginal variety and would re-saturate an already agriculture-heavy catalog; v16.2.6 deliberately prefers a small set of recognizable representative food/agriculture anchors.",Keep excluded from the playable core. Reconsider only if a future category is both highly recognizable and demonstrably distinct from retained crop/livestock/food anchors.,,
1338,Largest Tea leaves harvested area,Crops · QCL:'01620:5312,FAOSTAT,,generic_v15_rejected_only,verified,retain_exclusion,confirm_reasoned_exclusion,agriculture_item_matrix_overproliferation,"The concept comes from the legacy FAOSTAT item-by-element expansion matrix. Even when source-valid, the remaining yield/area/production/animal-count slices add low marginal variety and would re-saturate an already agriculture-heavy catalog; v16.2.6 deliberately prefers a small set of recognizable representative food/agriculture anchors.",Keep excluded from the playable core. Reconsider only if a future category is both highly recognizable and demonstrably distinct from retained crop/livestock/food anchors.,,
1339,"Most game meat, fresh, chilled or frozen produced",Livestock · QCL:'21170.02:5510,FAOSTAT,,generic_v15_rejected_only,verified,retain_exclusion,confirm_reasoned_exclusion,agriculture_item_matrix_overproliferation,"The concept comes from the legacy FAOSTAT item-by-element expansion matrix. Even when source-valid, the remaining yield/area/production/animal-count slices add low marginal variety and would re-saturate an already agriculture-heavy catalog; v16.2.6 deliberately prefers a small set of recognizable representative food/agriculture anchors.",Keep excluded from the playable core. Reconsider only if a future category is both highly recognizable and demonstrably distinct from retained crop/livestock/food anchors.,,
1340,Most tea leaves produced,Crops · QCL:'01620:5510,FAOSTAT,,generic_v15_rejected_only,verified,retain_exclusion,confirm_reasoned_exclusion,agriculture_item_matrix_overproliferation,"The concept comes from the legacy FAOSTAT item-by-element expansion matrix. Even when source-valid, the remaining yield/area/production/animal-count slices add low marginal variety and would re-saturate an already agriculture-heavy catalog; v16.2.6 deliberately prefers a small set of recognizable representative food/agriculture anchors.",Keep excluded from the playable core. Reconsider only if a future category is both highly recognizable and demonstrably distinct from retained crop/livestock/food anchors.,,
1341,"Highest Pepper (Piper spp.), raw yield",Vegetables · QCL:'01651:5412,FAOSTAT,,generic_v15_rejected_only,verified,retain_exclusion,confirm_reasoned_exclusion,agriculture_item_matrix_overproliferation,"The concept comes from the legacy FAOSTAT item-by-element expansion matrix. Even when source-valid, the remaining yield/area/production/animal-count slices add low marginal variety and would re-saturate an already agriculture-heavy catalog; v16.2.6 deliberately prefers a small set of recognizable representative food/agriculture anchors.",Keep excluded from the playable core. Reconsider only if a future category is both highly recognizable and demonstrably distinct from retained crop/livestock/food anchors.,,
1342,"Largest Pepper (Piper spp.), raw harvested area",Vegetables · QCL:'01651:5312,FAOSTAT,,generic_v15_rejected_only,verified,retain_exclusion,confirm_reasoned_exclusion,agriculture_item_matrix_overproliferation,"The concept comes from the legacy FAOSTAT item-by-element expansion matrix. Even when source-valid, the remaining yield/area/production/animal-count slices add low marginal variety and would re-saturate an already agriculture-heavy catalog; v16.2.6 deliberately prefers a small set of recognizable representative food/agriculture anchors.",Keep excluded from the playable core. Reconsider only if a future category is both highly recognizable and demonstrably distinct from retained crop/livestock/food anchors.,,
1343,Highest Oil palm fruit yield,Fruit · QCL:'01491.01:5412,FAOSTAT,,generic_v15_rejected_only,verified,retain_exclusion,confirm_reasoned_exclusion,agriculture_item_matrix_overproliferation,"The concept comes from the legacy FAOSTAT item-by-element expansion matrix. Even when source-valid, the remaining yield/area/production/animal-count slices add low marginal variety and would re-saturate an already agriculture-heavy catalog; v16.2.6 deliberately prefers a small set of recognizable representative food/agriculture anchors.",Keep excluded from the playable core. Reconsider only if a future category is both highly recognizable and demonstrably distinct from retained crop/livestock/food anchors.,,
1344,Largest Currants harvested area,Agriculture · QCL:'01351.01:5312,FAOSTAT,,generic_v15_rejected_only,verified,retain_exclusion,confirm_reasoned_exclusion,agriculture_item_matrix_overproliferation,"The concept comes from the legacy FAOSTAT item-by-element expansion matrix. Even when source-valid, the remaining yield/area/production/animal-count slices add low marginal variety and would re-saturate an already agriculture-heavy catalog; v16.2.6 deliberately prefers a small set of recognizable representative food/agriculture anchors.",Keep excluded from the playable core. Reconsider only if a future category is both highly recognizable and demonstrably distinct from retained crop/livestock/food anchors.,,
1345,Most currants produced,Agriculture · QCL:'01351.01:5510,FAOSTAT,,generic_v15_rejected_only,verified,retain_exclusion,confirm_reasoned_exclusion,agriculture_item_matrix_overproliferation,"The concept comes from the legacy FAOSTAT item-by-element expansion matrix. Even when source-valid, the remaining yield/area/production/animal-count slices add low marginal variety and would re-saturate an already agriculture-heavy catalog; v16.2.6 deliberately prefers a small set of recognizable representative food/agriculture anchors.",Keep excluded from the playable core. Reconsider only if a future category is both highly recognizable and demonstrably distinct from retained crop/livestock/food anchors.,,
1346,"Largest Ginger, raw harvested area",Agriculture · QCL:'01657:5312,FAOSTAT,,generic_v15_rejected_only,verified,retain_exclusion,confirm_reasoned_exclusion,agriculture_item_matrix_overproliferation,"The concept comes from the legacy FAOSTAT item-by-element expansion matrix. Even when source-valid, the remaining yield/area/production/animal-count slices add low marginal variety and would re-saturate an already agriculture-heavy catalog; v16.2.6 deliberately prefers a small set of recognizable representative food/agriculture anchors.",Keep excluded from the playable core. Reconsider only if a future category is both highly recognizable and demonstrably distinct from retained crop/livestock/food anchors.,,
1347,"Most ginger, raw produced",Agriculture · QCL:'01657:5510,FAOSTAT,,generic_v15_rejected_only,verified,retain_exclusion,confirm_reasoned_exclusion,agriculture_item_matrix_overproliferation,"The concept comes from the legacy FAOSTAT item-by-element expansion matrix. Even when source-valid, the remaining yield/area/production/animal-count slices add low marginal variety and would re-saturate an already agriculture-heavy catalog; v16.2.6 deliberately prefers a small set of recognizable representative food/agriculture anchors.",Keep excluded from the playable core. Reconsider only if a future category is both highly recognizable and demonstrably distinct from retained crop/livestock/food anchors.,,
1348,Highest Olives yield,Agriculture · QCL:'01450:5412,FAOSTAT,,generic_v15_rejected_only,verified,retain_exclusion,confirm_reasoned_exclusion,agriculture_item_matrix_overproliferation,"The concept comes from the legacy FAOSTAT item-by-element expansion matrix. Even when source-valid, the remaining yield/area/production/animal-count slices add low marginal variety and would re-saturate an already agriculture-heavy catalog; v16.2.6 deliberately prefers a small set of recognizable representative food/agriculture anchors.",Keep excluded from the playable core. Reconsider only if a future category is both highly recognizable and demonstrably distinct from retained crop/livestock/food anchors.,,
1349,Highest Sour cherries yield,Agriculture · QCL:'01344.01:5412,FAOSTAT,,generic_v15_rejected_only,verified,retain_exclusion,confirm_reasoned_exclusion,agriculture_item_matrix_overproliferation,"The concept comes from the legacy FAOSTAT item-by-element expansion matrix. Even when source-valid, the remaining yield/area/production/animal-count slices add low marginal variety and would re-saturate an already agriculture-heavy catalog; v16.2.6 deliberately prefers a small set of recognizable representative food/agriculture anchors.",Keep excluded from the playable core. Reconsider only if a future category is both highly recognizable and demonstrably distinct from retained crop/livestock/food anchors.,,
1350,"Most cashew nuts, in shell produced",Agriculture · QCL:'01372:5510,FAOSTAT,,generic_v15_rejected_only,verified,retain_exclusion,confirm_reasoned_exclusion,agriculture_item_matrix_overproliferation,"The concept comes from the legacy FAOSTAT item-by-element expansion matrix. Even when source-valid, the remaining yield/area/production/animal-count slices add low marginal variety and would re-saturate an already agriculture-heavy catalog; v16.2.6 deliberately prefers a small set of recognizable representative food/agriculture anchors.",Keep excluded from the playable core. Reconsider only if a future category is both highly recognizable and demonstrably distinct from retained crop/livestock/food anchors.,,
1351,Most quinces produced,Agriculture · QCL:'01342.02:5510,FAOSTAT,,generic_v15_rejected_only,verified,retain_exclusion,confirm_reasoned_exclusion,agriculture_item_matrix_overproliferation,"The concept comes from the legacy FAOSTAT item-by-element expansion matrix. Even when source-valid, the remaining yield/area/production/animal-count slices add low marginal variety and would re-saturate an already agriculture-heavy catalog; v16.2.6 deliberately prefers a small set of recognizable representative food/agriculture anchors.",Keep excluded from the playable core. Reconsider only if a future category is both highly recognizable and demonstrably distinct from retained crop/livestock/food anchors.,,
1357,Highest secondary-school enrollment,Education · GER.2T3,UNESCO UIS,77,generic_v15_rejected_only,verified,retain_exclusion,confirm_reasoned_exclusion,family_density_near_duplicate_v16_2_6_final_curation,"Plausible in isolation, but too close to a stronger retained stage/subject/infrastructure anchor or part of an over-dense education family; needs family-level curation before any legacy block is cleared. Final v16.2.6 curation decision: this concept is not selected for the playable core, so there is no reason to leave its legacy state unresolved.","Keep excluded for v16.2.6. A future release may explicitly reopen it, but the historical rejection is now backed by this current editorial curation decision.",family:unesco:highest-secondary-enrollment,ready_for_source_family_validation
1359,Highest gross fixed capital formation,Economy · NE.GDI.FTOT.KD.ZG,World Bank,77,generic_v15_rejected_only,verified,retain_exclusion,confirm_reasoned_exclusion,macro_overproliferation,"One of many national-accounts total/constant-price/growth variants with low marginal player value, jargon-heavy naming, or a near-duplicate preferred alternative; economy is already overrepresented.",Keep excluded; do not rebuild the old national-accounts matrix. Reconsider only a separately justified plain-English concept.,,
1365,"Highest net bilateral aid flows from DAC donors, Total",Economy · DC.DAC.TOTL.CD,World Bank,,generic_v16_2_3_batch_reason,verified,retain_exclusion,confirm_reasoned_exclusion,donor_aid_flow_matrix_overproliferation,Country-by-donor and agency-specific aid-flow slices form a highly repetitive matrix and are not strong standalone world-knowledge questions for the core game.,"Keep excluded; retain only broad, intuitive aid/development-finance concepts if separately justified.",,
1370,"Highest net official flows from UN agencies, WHO",Economy · DT.NFL.WHOL.CD,World Bank,,generic_v16_2_3_batch_reason,verified,retain_exclusion,confirm_reasoned_exclusion,donor_aid_flow_matrix_overproliferation,Country-by-donor and agency-specific aid-flow slices form a highly repetitive matrix and are not strong standalone world-knowledge questions for the core game.,"Keep excluded; retain only broad, intuitive aid/development-finance concepts if separately justified.",,
1373,"Highest external debt stocks, long-term",Economy · DT.DOD.DLXF.CD,World Bank,,generic_v16_2_3_batch_reason,verified,retain_exclusion,confirm_reasoned_exclusion,macro_finance_overproliferation,"This is a specialized balance-sheet, debt-service, financial-market, monetary, or government-finance series from the overgrown macro matrix. It is either jargon-heavy, size-dominated, denominator-sensitive, or too close to stronger retained economy anchors.",Keep excluded from the core catalog; a future macro category must have a plain-English definition and clear distinct player value.,,
1374,"Highest external debt stocks, public and publicly guaranteed (PPG)",Economy · DT.DOD.DPPG.CD,World Bank,,generic_v16_2_3_batch_reason,verified,retain_exclusion,confirm_reasoned_exclusion,macro_finance_overproliferation,"This is a specialized balance-sheet, debt-service, financial-market, monetary, or government-finance series from the overgrown macro matrix. It is either jargon-heavy, size-dominated, denominator-sensitive, or too close to stronger retained economy anchors.",Keep excluded from the core catalog; a future macro category must have a plain-English definition and clear distinct player value.,,
1375,"Highest external debt stocks, short-term",Economy · DT.DOD.DSTC.CD,World Bank,,generic_v16_2_3_batch_reason,verified,retain_exclusion,confirm_reasoned_exclusion,macro_finance_overproliferation,"This is a specialized balance-sheet, debt-service, financial-market, monetary, or government-finance series from the overgrown macro matrix. It is either jargon-heavy, size-dominated, denominator-sensitive, or too close to stronger retained economy anchors.",Keep excluded from the core catalog; a future macro category must have a plain-English definition and clear distinct player value.,,
1376,"Highest external debt stocks, total",Economy · DT.DOD.DECT.CD,World Bank,,generic_v16_2_3_batch_reason,verified,retain_exclusion,confirm_reasoned_exclusion,macro_finance_overproliferation,"This is a specialized balance-sheet, debt-service, financial-market, monetary, or government-finance series from the overgrown macro matrix. It is either jargon-heavy, size-dominated, denominator-sensitive, or too close to stronger retained economy anchors.",Keep excluded from the core catalog; a future macro category must have a plain-English definition and clear distinct player value.,,
1379,Highest use of IMF credit,Economy · DT.DOD.DIMF.CD,World Bank,,generic_v16_2_3_batch_reason,verified,retain_exclusion,confirm_reasoned_exclusion,macro_finance_overproliferation,"This is a specialized balance-sheet, debt-service, financial-market, monetary, or government-finance series from the overgrown macro matrix. It is either jargon-heavy, size-dominated, denominator-sensitive, or too close to stronger retained economy anchors.",Keep excluded from the core catalog; a future macro category must have a plain-English definition and clear distinct player value.,,
1380,Highest Cereals n.e.c. yield,Crops · QCL:'01199.90:5412,FAOSTAT,,generic_v15_rejected_only,verified,retain_exclusion,confirm_reasoned_exclusion,agriculture_item_matrix_overproliferation,"The concept comes from the legacy FAOSTAT item-by-element expansion matrix. Even when source-valid, the remaining yield/area/production/animal-count slices add low marginal variety and would re-saturate an already agriculture-heavy catalog; v16.2.6 deliberately prefers a small set of recognizable representative food/agriculture anchors.",Keep excluded from the playable core. Reconsider only if a future category is both highly recognizable and demonstrably distinct from retained crop/livestock/food anchors.,,
1381,Most oil of linseed produced,Agriculture · QCL:'21691.12:5510,FAOSTAT,,generic_v15_rejected_only,verified,retain_exclusion,confirm_reasoned_exclusion,agriculture_item_matrix_overproliferation,"The concept comes from the legacy FAOSTAT item-by-element expansion matrix. Even when source-valid, the remaining yield/area/production/animal-count slices add low marginal variety and would re-saturate an already agriculture-heavy catalog; v16.2.6 deliberately prefers a small set of recognizable representative food/agriculture anchors.",Keep excluded from the playable core. Reconsider only if a future category is both highly recognizable and demonstrably distinct from retained crop/livestock/food anchors.,,
1382,Largest Taro harvested area,Agriculture · QCL:'01550:5312,FAOSTAT,,generic_v15_rejected_only,verified,retain_exclusion,confirm_reasoned_exclusion,agriculture_item_matrix_overproliferation,"The concept comes from the legacy FAOSTAT item-by-element expansion matrix. Even when source-valid, the remaining yield/area/production/animal-count slices add low marginal variety and would re-saturate an already agriculture-heavy catalog; v16.2.6 deliberately prefers a small set of recognizable representative food/agriculture anchors.",Keep excluded from the playable core. Reconsider only if a future category is both highly recognizable and demonstrably distinct from retained crop/livestock/food anchors.,,
1383,"Most meat of rabbits and hares, fresh or chilled produced",Livestock · QCL:'21114:5510,FAOSTAT,,generic_v15_rejected_only,verified,retain_exclusion,confirm_reasoned_exclusion,agriculture_item_matrix_overproliferation,"The concept comes from the legacy FAOSTAT item-by-element expansion matrix. Even when source-valid, the remaining yield/area/production/animal-count slices add low marginal variety and would re-saturate an already agriculture-heavy catalog; v16.2.6 deliberately prefers a small set of recognizable representative food/agriculture anchors.",Keep excluded from the playable core. Reconsider only if a future category is both highly recognizable and demonstrably distinct from retained crop/livestock/food anchors.,,
1384,Most beeswax produced,Agriculture · QCL:'02960.01:5510,FAOSTAT,,generic_v15_rejected_only,verified,retain_exclusion,confirm_reasoned_exclusion,agriculture_item_matrix_overproliferation,"The concept comes from the legacy FAOSTAT item-by-element expansion matrix. Even when source-valid, the remaining yield/area/production/animal-count slices add low marginal variety and would re-saturate an already agriculture-heavy catalog; v16.2.6 deliberately prefers a small set of recognizable representative food/agriculture anchors.",Keep excluded from the playable core. Reconsider only if a future category is both highly recognizable and demonstrably distinct from retained crop/livestock/food anchors.,,
1385,"Highest Meat of rabbits and hares, fresh or chilled yield",Livestock · QCL:'21114:5424,FAOSTAT,,generic_v15_rejected_only,verified,retain_exclusion,confirm_reasoned_exclusion,agriculture_item_matrix_overproliferation,"The concept comes from the legacy FAOSTAT item-by-element expansion matrix. Even when source-valid, the remaining yield/area/production/animal-count slices add low marginal variety and would re-saturate an already agriculture-heavy catalog; v16.2.6 deliberately prefers a small set of recognizable representative food/agriculture anchors.",Keep excluded from the playable core. Reconsider only if a future category is both highly recognizable and demonstrably distinct from retained crop/livestock/food anchors.,,
1386,"Highest Cow peas, dry yield",Agriculture · QCL:'01706:5412,FAOSTAT,,generic_v15_rejected_only,verified,retain_exclusion,confirm_reasoned_exclusion,agriculture_item_matrix_overproliferation,"The concept comes from the legacy FAOSTAT item-by-element expansion matrix. Even when source-valid, the remaining yield/area/production/animal-count slices add low marginal variety and would re-saturate an already agriculture-heavy catalog; v16.2.6 deliberately prefers a small set of recognizable representative food/agriculture anchors.",Keep excluded from the playable core. Reconsider only if a future category is both highly recognizable and demonstrably distinct from retained crop/livestock/food anchors.,,
1387,"Largest Cow peas, dry harvested area",Agriculture · QCL:'01706:5312,FAOSTAT,,generic_v15_rejected_only,verified,retain_exclusion,confirm_reasoned_exclusion,agriculture_item_matrix_overproliferation,"The concept comes from the legacy FAOSTAT item-by-element expansion matrix. Even when source-valid, the remaining yield/area/production/animal-count slices add low marginal variety and would re-saturate an already agriculture-heavy catalog; v16.2.6 deliberately prefers a small set of recognizable representative food/agriculture anchors.",Keep excluded from the playable core. Reconsider only if a future category is both highly recognizable and demonstrably distinct from retained crop/livestock/food anchors.,,
1388,"Largest Hazelnuts, in shell harvested area",Agriculture · QCL:'01374:5312,FAOSTAT,,generic_v15_rejected_only,verified,retain_exclusion,confirm_reasoned_exclusion,agriculture_item_matrix_overproliferation,"The concept comes from the legacy FAOSTAT item-by-element expansion matrix. Even when source-valid, the remaining yield/area/production/animal-count slices add low marginal variety and would re-saturate an already agriculture-heavy catalog; v16.2.6 deliberately prefers a small set of recognizable representative food/agriculture anchors.",Keep excluded from the playable core. Reconsider only if a future category is both highly recognizable and demonstrably distinct from retained crop/livestock/food anchors.,,
1389,"Most hazelnuts, in shell produced",Agriculture · QCL:'01374:5510,FAOSTAT,,generic_v15_rejected_only,verified,retain_exclusion,confirm_reasoned_exclusion,agriculture_item_matrix_overproliferation,"The concept comes from the legacy FAOSTAT item-by-element expansion matrix. Even when source-valid, the remaining yield/area/production/animal-count slices add low marginal variety and would re-saturate an already agriculture-heavy catalog; v16.2.6 deliberately prefers a small set of recognizable representative food/agriculture anchors.",Keep excluded from the playable core. Reconsider only if a future category is both highly recognizable and demonstrably distinct from retained crop/livestock/food anchors.,,
1390,"Highest Meat of camels, fresh or chilled yield",Livestock · QCL:'21117.01:5417,FAOSTAT,,generic_v15_rejected_only,verified,retain_exclusion,confirm_reasoned_exclusion,agriculture_item_matrix_overproliferation,"The concept comes from the legacy FAOSTAT item-by-element expansion matrix. Even when source-valid, the remaining yield/area/production/animal-count slices add low marginal variety and would re-saturate an already agriculture-heavy catalog; v16.2.6 deliberately prefers a small set of recognizable representative food/agriculture anchors.",Keep excluded from the playable core. Reconsider only if a future category is both highly recognizable and demonstrably distinct from retained crop/livestock/food anchors.,,
1391,"Most Edible offals of camels and other camelids, fresh, chilled or frozen producing animals",Livestock · QCL:'21159.02:5320,FAOSTAT,,generic_v15_rejected_only,verified,retain_exclusion,confirm_reasoned_exclusion,agriculture_item_matrix_overproliferation,"The concept comes from the legacy FAOSTAT item-by-element expansion matrix. Even when source-valid, the remaining yield/area/production/animal-count slices add low marginal variety and would re-saturate an already agriculture-heavy catalog; v16.2.6 deliberately prefers a small set of recognizable representative food/agriculture anchors.",Keep excluded from the playable core. Reconsider only if a future category is both highly recognizable and demonstrably distinct from retained crop/livestock/food anchors.,,
1392,Most Fat of camels producing animals,Livestock · QCL:'21519.02:5320,FAOSTAT,,generic_v15_rejected_only,verified,retain_exclusion,confirm_reasoned_exclusion,agriculture_item_matrix_overproliferation,"The concept comes from the legacy FAOSTAT item-by-element expansion matrix. Even when source-valid, the remaining yield/area/production/animal-count slices add low marginal variety and would re-saturate an already agriculture-heavy catalog; v16.2.6 deliberately prefers a small set of recognizable representative food/agriculture anchors.",Keep excluded from the playable core. Reconsider only if a future category is both highly recognizable and demonstrably distinct from retained crop/livestock/food anchors.,,
1393,"Most meat of camels, fresh or chilled produced",Livestock · QCL:'21117.01:5510,FAOSTAT,,generic_v15_rejected_only,verified,retain_exclusion,confirm_reasoned_exclusion,agriculture_item_matrix_overproliferation,"The concept comes from the legacy FAOSTAT item-by-element expansion matrix. Even when source-valid, the remaining yield/area/production/animal-count slices add low marginal variety and would re-saturate an already agriculture-heavy catalog; v16.2.6 deliberately prefers a small set of recognizable representative food/agriculture anchors.",Keep excluded from the playable core. Reconsider only if a future category is both highly recognizable and demonstrably distinct from retained crop/livestock/food anchors.,,
1394,"Most Meat of camels, fresh or chilled producing animals",Livestock · QCL:'21117.01:5320,FAOSTAT,,generic_v15_rejected_only,verified,retain_exclusion,confirm_reasoned_exclusion,agriculture_item_matrix_overproliferation,"The concept comes from the legacy FAOSTAT item-by-element expansion matrix. Even when source-valid, the remaining yield/area/production/animal-count slices add low marginal variety and would re-saturate an already agriculture-heavy catalog; v16.2.6 deliberately prefers a small set of recognizable representative food/agriculture anchors.",Keep excluded from the playable core. Reconsider only if a future category is both highly recognizable and demonstrably distinct from retained crop/livestock/food anchors.,,
1395,Highest Dates yield,Agriculture · QCL:'01314:5412,FAOSTAT,,generic_v15_rejected_only,verified,retain_exclusion,confirm_reasoned_exclusion,agriculture_item_matrix_overproliferation,"The concept comes from the legacy FAOSTAT item-by-element expansion matrix. Even when source-valid, the remaining yield/area/production/animal-count slices add low marginal variety and would re-saturate an already agriculture-heavy catalog; v16.2.6 deliberately prefers a small set of recognizable representative food/agriculture anchors.",Keep excluded from the playable core. Reconsider only if a future category is both highly recognizable and demonstrably distinct from retained crop/livestock/food anchors.,,
1396,Largest Dates harvested area,Agriculture · QCL:'01314:5312,FAOSTAT,,generic_v15_rejected_only,verified,retain_exclusion,confirm_reasoned_exclusion,agriculture_item_matrix_overproliferation,"The concept comes from the legacy FAOSTAT item-by-element expansion matrix. Even when source-valid, the remaining yield/area/production/animal-count slices add low marginal variety and would re-saturate an already agriculture-heavy catalog; v16.2.6 deliberately prefers a small set of recognizable representative food/agriculture anchors.",Keep excluded from the playable core. Reconsider only if a future category is both highly recognizable and demonstrably distinct from retained crop/livestock/food anchors.,,
1397,Largest Other stone fruits harvested area,Fruit · QCL:'01349.20:5312,FAOSTAT,,generic_v15_rejected_only,verified,retain_exclusion,confirm_reasoned_exclusion,agriculture_item_matrix_overproliferation,"The concept comes from the legacy FAOSTAT item-by-element expansion matrix. Even when source-valid, the remaining yield/area/production/animal-count slices add low marginal variety and would re-saturate an already agriculture-heavy catalog; v16.2.6 deliberately prefers a small set of recognizable representative food/agriculture anchors.",Keep excluded from the playable core. Reconsider only if a future category is both highly recognizable and demonstrably distinct from retained crop/livestock/food anchors.,,
1398,Most dates produced,Agriculture · QCL:'01314:5510,FAOSTAT,,generic_v15_rejected_only,verified,retain_exclusion,confirm_reasoned_exclusion,agriculture_item_matrix_overproliferation,"The concept comes from the legacy FAOSTAT item-by-element expansion matrix. Even when source-valid, the remaining yield/area/production/animal-count slices add low marginal variety and would re-saturate an already agriculture-heavy catalog; v16.2.6 deliberately prefers a small set of recognizable representative food/agriculture anchors.",Keep excluded from the playable core. Reconsider only if a future category is both highly recognizable and demonstrably distinct from retained crop/livestock/food anchors.,,
1399,Most other stone fruits produced,Fruit · QCL:'01349.20:5510,FAOSTAT,,generic_v15_rejected_only,verified,retain_exclusion,confirm_reasoned_exclusion,agriculture_item_matrix_overproliferation,"The concept comes from the legacy FAOSTAT item-by-element expansion matrix. Even when source-valid, the remaining yield/area/production/animal-count slices add low marginal variety and would re-saturate an already agriculture-heavy catalog; v16.2.6 deliberately prefers a small set of recognizable representative food/agriculture anchors.",Keep excluded from the playable core. Reconsider only if a future category is both highly recognizable and demonstrably distinct from retained crop/livestock/food anchors.,,
1400,Highest Quinces yield,Agriculture · QCL:'01342.02:5412,FAOSTAT,,generic_v15_rejected_only,verified,retain_exclusion,confirm_reasoned_exclusion,agriculture_item_matrix_overproliferation,"The concept comes from the legacy FAOSTAT item-by-element expansion matrix. Even when source-valid, the remaining yield/area/production/animal-count slices add low marginal variety and would re-saturate an already agriculture-heavy catalog; v16.2.6 deliberately prefers a small set of recognizable representative food/agriculture anchors.",Keep excluded from the playable core. Reconsider only if a future category is both highly recognizable and demonstrably distinct from retained crop/livestock/food anchors.,,
1401,"Largest Cashew nuts, in shell harvested area",Agriculture · QCL:'01372:5312,FAOSTAT,,generic_v15_rejected_only,verified,retain_exclusion,confirm_reasoned_exclusion,agriculture_item_matrix_overproliferation,"The concept comes from the legacy FAOSTAT item-by-element expansion matrix. Even when source-valid, the remaining yield/area/production/animal-count slices add low marginal variety and would re-saturate an already agriculture-heavy catalog; v16.2.6 deliberately prefers a small set of recognizable representative food/agriculture anchors.",Keep excluded from the playable core. Reconsider only if a future category is both highly recognizable and demonstrably distinct from retained crop/livestock/food anchors.,,
1402,"Highest Cashew nuts, in shell yield",Agriculture · QCL:'01372:5412,FAOSTAT,,generic_v15_rejected_only,verified,retain_exclusion,confirm_reasoned_exclusion,agriculture_item_matrix_overproliferation,"The concept comes from the legacy FAOSTAT item-by-element expansion matrix. Even when source-valid, the remaining yield/area/production/animal-count slices add low marginal variety and would re-saturate an already agriculture-heavy catalog; v16.2.6 deliberately prefers a small set of recognizable representative food/agriculture anchors.",Keep excluded from the playable core. Reconsider only if a future category is both highly recognizable and demonstrably distinct from retained crop/livestock/food anchors.,,
1403,"Highest Hazelnuts, in shell yield",Agriculture · QCL:'01374:5412,FAOSTAT,,generic_v15_rejected_only,verified,retain_exclusion,confirm_reasoned_exclusion,agriculture_item_matrix_overproliferation,"The concept comes from the legacy FAOSTAT item-by-element expansion matrix. Even when source-valid, the remaining yield/area/production/animal-count slices add low marginal variety and would re-saturate an already agriculture-heavy catalog; v16.2.6 deliberately prefers a small set of recognizable representative food/agriculture anchors.",Keep excluded from the playable core. Reconsider only if a future category is both highly recognizable and demonstrably distinct from retained crop/livestock/food anchors.,,
1406,"Highest energy use (kg of oil equivalent) per $1,000 GDP",Energy · EG.USE.COMM.GD.PP.KD,World Bank,,generic_v16_2_3_batch_reason,verified,retain_exclusion,confirm_reasoned_exclusion,world_bank_low_marginal_value_or_density,"After first-principles re-review, this leftover World Bank concept does not clear v16.2.6’s bar for distinct, intuitive, non-redundant player value relative to the curated catalog and recovered source families.","Keep excluded. A future release may reconsider only with a clearly distinct definition, strong source path and demonstrated player value.",,
1407,Highest gDP per unit of energy use,Energy · EG.GDP.PUSE.KO.PP.KD,World Bank,,generic_v16_2_3_batch_reason,verified,clear_legacy_block_current_path_governs,clear_generic_legacy_block,current_canonical_path_governs,"This legacy row collides with a current retained/validated-path concept (Highest gDP per unit of energy use). The old rejected source/path must remain dead, but its title-level legacy veto must not disable the current canonical path.","Clear only the historical title/semantic veto. Keep the old source row excluded and let the current category pass the normal source, quality, duplicate and editorial gates.",existing:EG.GDP.PUSE.KO.PP,retained_rewritten
1408,Highest net ODA received per capita,Economy · DT.ODA.ODAT.PC.ZS,World Bank,,generic_v16_2_3_batch_reason,verified,retain_exclusion,confirm_reasoned_exclusion,world_bank_low_marginal_value_or_density,"After first-principles re-review, this leftover World Bank concept does not clear v16.2.6’s bar for distinct, intuitive, non-redundant player value relative to the curated catalog and recovered source families.","Keep excluded. A future release may reconsider only with a clearly distinct definition, strong source path and demonstrated player value.",,
1410,"Highest net bilateral aid flows from DAC donors, United States",Economy · DC.DAC.USAL.CD,World Bank,,generic_v16_2_3_batch_reason,verified,retain_exclusion,confirm_reasoned_exclusion,donor_aid_flow_matrix_overproliferation,Country-by-donor and agency-specific aid-flow slices form a highly repetitive matrix and are not strong standalone world-knowledge questions for the core game.,"Keep excluded; retain only broad, intuitive aid/development-finance concepts if separately justified.",,
1411,"Highest debt service on external debt, total",Economy · DT.TDS.DECT.CD,World Bank,,generic_v16_2_3_batch_reason,verified,retain_exclusion,confirm_reasoned_exclusion,macro_finance_overproliferation,"This is a specialized balance-sheet, debt-service, financial-market, monetary, or government-finance series from the overgrown macro matrix. It is either jargon-heavy, size-dominated, denominator-sensitive, or too close to stronger retained economy anchors.",Keep excluded from the core catalog; a future macro category must have a plain-English definition and clear distinct player value.,,
1412,Highest multilateral debt service,Economy · DT.TDS.MLAT.CD,World Bank,,generic_v16_2_3_batch_reason,verified,retain_exclusion,confirm_reasoned_exclusion,macro_finance_overproliferation,"This is a specialized balance-sheet, debt-service, financial-market, monetary, or government-finance series from the overgrown macro matrix. It is either jargon-heavy, size-dominated, denominator-sensitive, or too close to stronger retained economy anchors.",Keep excluded from the core catalog; a future macro category must have a plain-English definition and clear distinct player value.,,
1413,"Highest net financial flows, multilateral",Economy · DT.NFL.MLAT.CD,World Bank,,generic_v16_2_3_batch_reason,verified,retain_exclusion,confirm_reasoned_exclusion,macro_finance_overproliferation,"This is a specialized balance-sheet, debt-service, financial-market, monetary, or government-finance series from the overgrown macro matrix. It is either jargon-heavy, size-dominated, denominator-sensitive, or too close to stronger retained economy anchors.",Keep excluded from the core catalog; a future macro category must have a plain-English definition and clear distinct player value.,,
1423,"Highest Edible roots and tubers with high starch or inulin content, n.e.c., fresh yield",Agriculture · QCL:'01599.10:5412,FAOSTAT,,generic_v15_rejected_only,verified,retain_exclusion,confirm_reasoned_exclusion,agriculture_item_matrix_overproliferation,"The concept comes from the legacy FAOSTAT item-by-element expansion matrix. Even when source-valid, the remaining yield/area/production/animal-count slices add low marginal variety and would re-saturate an already agriculture-heavy catalog; v16.2.6 deliberately prefers a small set of recognizable representative food/agriculture anchors.",Keep excluded from the playable core. Reconsider only if a future category is both highly recognizable and demonstrably distinct from retained crop/livestock/food anchors.,,
1424,Most oil of maize produced,Crops · QCL:'21691.02:5510,FAOSTAT,,generic_v15_rejected_only,verified,retain_exclusion,confirm_reasoned_exclusion,agriculture_item_matrix_overproliferation,"The concept comes from the legacy FAOSTAT item-by-element expansion matrix. Even when source-valid, the remaining yield/area/production/animal-count slices add low marginal variety and would re-saturate an already agriculture-heavy catalog; v16.2.6 deliberately prefers a small set of recognizable representative food/agriculture anchors.",Keep excluded from the playable core. Reconsider only if a future category is both highly recognizable and demonstrably distinct from retained crop/livestock/food anchors.,,
1425,"Most whey, dry produced",Agriculture · QCL:'22130.02:5510,FAOSTAT,,generic_v15_rejected_only,verified,retain_exclusion,confirm_reasoned_exclusion,agriculture_item_matrix_overproliferation,"The concept comes from the legacy FAOSTAT item-by-element expansion matrix. Even when source-valid, the remaining yield/area/production/animal-count slices add low marginal variety and would re-saturate an already agriculture-heavy catalog; v16.2.6 deliberately prefers a small set of recognizable representative food/agriculture anchors.",Keep excluded from the playable core. Reconsider only if a future category is both highly recognizable and demonstrably distinct from retained crop/livestock/food anchors.,,
1426,Largest Oil palm fruit harvested area,Fruit · QCL:'01491.01:5312,FAOSTAT,,generic_v15_rejected_only,verified,retain_exclusion,confirm_reasoned_exclusion,agriculture_item_matrix_overproliferation,"The concept comes from the legacy FAOSTAT item-by-element expansion matrix. Even when source-valid, the remaining yield/area/production/animal-count slices add low marginal variety and would re-saturate an already agriculture-heavy catalog; v16.2.6 deliberately prefers a small set of recognizable representative food/agriculture anchors.",Keep excluded from the playable core. Reconsider only if a future category is both highly recognizable and demonstrably distinct from retained crop/livestock/food anchors.,,
1427,"Most Meat of rabbits and hares, fresh or chilled producing animals",Livestock · QCL:'21114:5321,FAOSTAT,,generic_v15_rejected_only,verified,retain_exclusion,confirm_reasoned_exclusion,agriculture_item_matrix_overproliferation,"The concept comes from the legacy FAOSTAT item-by-element expansion matrix. Even when source-valid, the remaining yield/area/production/animal-count slices add low marginal variety and would re-saturate an already agriculture-heavy catalog; v16.2.6 deliberately prefers a small set of recognizable representative food/agriculture anchors.",Keep excluded from the playable core. Reconsider only if a future category is both highly recognizable and demonstrably distinct from retained crop/livestock/food anchors.,,
1428,Most oil palm fruit produced,Fruit · QCL:'01491.01:5510,FAOSTAT,,generic_v15_rejected_only,verified,retain_exclusion,confirm_reasoned_exclusion,agriculture_item_matrix_overproliferation,"The concept comes from the legacy FAOSTAT item-by-element expansion matrix. Even when source-valid, the remaining yield/area/production/animal-count slices add low marginal variety and would re-saturate an already agriculture-heavy catalog; v16.2.6 deliberately prefers a small set of recognizable representative food/agriculture anchors.",Keep excluded from the playable core. Reconsider only if a future category is both highly recognizable and demonstrably distinct from retained crop/livestock/food anchors.,,
1429,Most artichokes produced,Agriculture · QCL:'01216:5510,FAOSTAT,,generic_v15_rejected_only,verified,retain_exclusion,confirm_reasoned_exclusion,agriculture_item_matrix_overproliferation,"The concept comes from the legacy FAOSTAT item-by-element expansion matrix. Even when source-valid, the remaining yield/area/production/animal-count slices add low marginal variety and would re-saturate an already agriculture-heavy catalog; v16.2.6 deliberately prefers a small set of recognizable representative food/agriculture anchors.",Keep excluded from the playable core. Reconsider only if a future category is both highly recognizable and demonstrably distinct from retained crop/livestock/food anchors.,,
1430,"Most cow peas, dry produced",Agriculture · QCL:'01706:5510,FAOSTAT,,generic_v15_rejected_only,verified,retain_exclusion,confirm_reasoned_exclusion,agriculture_item_matrix_overproliferation,"The concept comes from the legacy FAOSTAT item-by-element expansion matrix. Even when source-valid, the remaining yield/area/production/animal-count slices add low marginal variety and would re-saturate an already agriculture-heavy catalog; v16.2.6 deliberately prefers a small set of recognizable representative food/agriculture anchors.",Keep excluded from the playable core. Reconsider only if a future category is both highly recognizable and demonstrably distinct from retained crop/livestock/food anchors.,,
1431,Most yoghurt produced,Agriculture · QCL:'22230.01:5510,FAOSTAT,,generic_v15_rejected_only,verified,retain_exclusion,confirm_reasoned_exclusion,agriculture_item_matrix_overproliferation,"The concept comes from the legacy FAOSTAT item-by-element expansion matrix. Even when source-valid, the remaining yield/area/production/animal-count slices add low marginal variety and would re-saturate an already agriculture-heavy catalog; v16.2.6 deliberately prefers a small set of recognizable representative food/agriculture anchors.",Keep excluded from the playable core. Reconsider only if a future category is both highly recognizable and demonstrably distinct from retained crop/livestock/food anchors.,,
1432,Largest Artichokes harvested area,Agriculture · QCL:'01216:5312,FAOSTAT,,generic_v15_rejected_only,verified,retain_exclusion,confirm_reasoned_exclusion,agriculture_item_matrix_overproliferation,"The concept comes from the legacy FAOSTAT item-by-element expansion matrix. Even when source-valid, the remaining yield/area/production/animal-count slices add low marginal variety and would re-saturate an already agriculture-heavy catalog; v16.2.6 deliberately prefers a small set of recognizable representative food/agriculture anchors.",Keep excluded from the playable core. Reconsider only if a future category is both highly recognizable and demonstrably distinct from retained crop/livestock/food anchors.,,
1433,"Most edible offals of camels and other camelids, fresh, chilled or frozen produced",Livestock · QCL:'21159.02:5510,FAOSTAT,,generic_v15_rejected_only,verified,retain_exclusion,confirm_reasoned_exclusion,agriculture_item_matrix_overproliferation,"The concept comes from the legacy FAOSTAT item-by-element expansion matrix. Even when source-valid, the remaining yield/area/production/animal-count slices add low marginal variety and would re-saturate an already agriculture-heavy catalog; v16.2.6 deliberately prefers a small set of recognizable representative food/agriculture anchors.",Keep excluded from the playable core. Reconsider only if a future category is both highly recognizable and demonstrably distinct from retained crop/livestock/food anchors.,,
1434,Most fat of camels produced,Livestock · QCL:'21519.02:5510,FAOSTAT,,generic_v15_rejected_only,verified,retain_exclusion,confirm_reasoned_exclusion,agriculture_item_matrix_overproliferation,"The concept comes from the legacy FAOSTAT item-by-element expansion matrix. Even when source-valid, the remaining yield/area/production/animal-count slices add low marginal variety and would re-saturate an already agriculture-heavy catalog; v16.2.6 deliberately prefers a small set of recognizable representative food/agriculture anchors.",Keep excluded from the playable core. Reconsider only if a future category is both highly recognizable and demonstrably distinct from retained crop/livestock/food anchors.,,
1435,Largest Quinces harvested area,Agriculture · QCL:'01342.02:5312,FAOSTAT,,generic_v15_rejected_only,verified,retain_exclusion,confirm_reasoned_exclusion,agriculture_item_matrix_overproliferation,"The concept comes from the legacy FAOSTAT item-by-element expansion matrix. Even when source-valid, the remaining yield/area/production/animal-count slices add low marginal variety and would re-saturate an already agriculture-heavy catalog; v16.2.6 deliberately prefers a small set of recognizable representative food/agriculture anchors.",Keep excluded from the playable core. Reconsider only if a future category is both highly recognizable and demonstrably distinct from retained crop/livestock/food anchors.,,
1436,Largest Lupins harvested area,Agriculture · QCL:'01709.02:5312,FAOSTAT,,generic_v15_rejected_only,verified,retain_exclusion,confirm_reasoned_exclusion,agriculture_item_matrix_overproliferation,"The concept comes from the legacy FAOSTAT item-by-element expansion matrix. Even when source-valid, the remaining yield/area/production/animal-count slices add low marginal variety and would re-saturate an already agriculture-heavy catalog; v16.2.6 deliberately prefers a small set of recognizable representative food/agriculture anchors.",Keep excluded from the playable core. Reconsider only if a future category is both highly recognizable and demonstrably distinct from retained crop/livestock/food anchors.,,
1437,Most lupins produced,Agriculture · QCL:'01709.02:5510,FAOSTAT,,generic_v15_rejected_only,verified,retain_exclusion,confirm_reasoned_exclusion,agriculture_item_matrix_overproliferation,"The concept comes from the legacy FAOSTAT item-by-element expansion matrix. Even when source-valid, the remaining yield/area/production/animal-count slices add low marginal variety and would re-saturate an already agriculture-heavy catalog; v16.2.6 deliberately prefers a small set of recognizable representative food/agriculture anchors.",Keep excluded from the playable core. Reconsider only if a future category is both highly recognizable and demonstrably distinct from retained crop/livestock/food anchors.,,
1438,Highest Natural rubber in primary forms yield,Agriculture · QCL:'01950.01:5412,FAOSTAT,,generic_v15_rejected_only,verified,retain_exclusion,confirm_reasoned_exclusion,agriculture_item_matrix_overproliferation,"The concept comes from the legacy FAOSTAT item-by-element expansion matrix. Even when source-valid, the remaining yield/area/production/animal-count slices add low marginal variety and would re-saturate an already agriculture-heavy catalog; v16.2.6 deliberately prefers a small set of recognizable representative food/agriculture anchors.",Keep excluded from the playable core. Reconsider only if a future category is both highly recognizable and demonstrably distinct from retained crop/livestock/food anchors.,,
1439,Largest Natural rubber in primary forms harvested area,Agriculture · QCL:'01950.01:5312,FAOSTAT,,generic_v15_rejected_only,verified,retain_exclusion,confirm_reasoned_exclusion,agriculture_item_matrix_overproliferation,"The concept comes from the legacy FAOSTAT item-by-element expansion matrix. Even when source-valid, the remaining yield/area/production/animal-count slices add low marginal variety and would re-saturate an already agriculture-heavy catalog; v16.2.6 deliberately prefers a small set of recognizable representative food/agriculture anchors.",Keep excluded from the playable core. Reconsider only if a future category is both highly recognizable and demonstrably distinct from retained crop/livestock/food anchors.,,
1440,Most natural rubber in primary forms produced,Agriculture · QCL:'01950.01:5510,FAOSTAT,,generic_v15_rejected_only,verified,retain_exclusion,confirm_reasoned_exclusion,agriculture_item_matrix_overproliferation,"The concept comes from the legacy FAOSTAT item-by-element expansion matrix. Even when source-valid, the remaining yield/area/production/animal-count slices add low marginal variety and would re-saturate an already agriculture-heavy catalog; v16.2.6 deliberately prefers a small set of recognizable representative food/agriculture anchors.",Keep excluded from the playable core. Reconsider only if a future category is both highly recognizable and demonstrably distinct from retained crop/livestock/food anchors.,,
1441,Highest Other stone fruits yield,Fruit · QCL:'01349.20:5412,FAOSTAT,,generic_v15_rejected_only,verified,retain_exclusion,confirm_reasoned_exclusion,agriculture_item_matrix_overproliferation,"The concept comes from the legacy FAOSTAT item-by-element expansion matrix. Even when source-valid, the remaining yield/area/production/animal-count slices add low marginal variety and would re-saturate an already agriculture-heavy catalog; v16.2.6 deliberately prefers a small set of recognizable representative food/agriculture anchors.",Keep excluded from the playable core. Reconsider only if a future category is both highly recognizable and demonstrably distinct from retained crop/livestock/food anchors.,,
1442,Highest education spending share of GDP,Government · XGDP.FSGOV,UNESCO UIS,75,generic_v15_rejected_only,verified,advance_to_validation,clear_generic_legacy_block,broad_intuitive_distinct,"Distinct, understandable education/science-system dimension that adds breadth beyond enrollment/completion without being a demographic slice.",Validate the recovered UIS series and coverage; keep fail-closed until the source-family gate passes.,family:unesco:highest-education-spending-gdp,ready_for_source_family_validation
1443,Highest tertiary enrollment,Education · GER.5T8,UNESCO UIS,75,generic_v15_rejected_only,verified,advance_to_validation,clear_generic_legacy_block,broad_intuitive_distinct,"Distinct, understandable education/science-system dimension that adds breadth beyond enrollment/completion without being a demographic slice.",Validate the recovered UIS series and coverage; keep fail-closed until the source-family gate passes.,family:unesco:highest-tertiary-enrollment,ready_for_source_family_validation
1444,Highest changes in inventories,Economy · NE.GDI.STKB.CN,World Bank,,generic_v16_2_3_batch_reason,verified,retain_exclusion,confirm_reasoned_exclusion,current_tracker_nonplayable_or_removed,"The current v16.2.6 tracker independently resolves this concept as removed or non-playable, so the historical rejection now has a current reason rather than relying on legacy status alone.",Keep excluded unless a future release explicitly reverses the current tracker decision with new source/editorial evidence.,existing:NE.GDI.STKB.CD,removed_clarity
1445,"Highest net bilateral aid flows from DAC donors, European Union institutions",Economy · DC.DAC.CECL.CD,World Bank,,generic_v16_2_3_batch_reason,verified,retain_exclusion,confirm_reasoned_exclusion,donor_aid_flow_matrix_overproliferation,Country-by-donor and agency-specific aid-flow slices form a highly repetitive matrix and are not strong standalone world-knowledge questions for the core game.,"Keep excluded; retain only broad, intuitive aid/development-finance concepts if separately justified.",,
1446,"Highest net bilateral aid flows from DAC donors, Canada",Economy · DC.DAC.CANL.CD,World Bank,,generic_v16_2_3_batch_reason,verified,retain_exclusion,confirm_reasoned_exclusion,donor_aid_flow_matrix_overproliferation,Country-by-donor and agency-specific aid-flow slices form a highly repetitive matrix and are not strong standalone world-knowledge questions for the core game.,"Keep excluded; retain only broad, intuitive aid/development-finance concepts if separately justified.",,
1447,"Highest net bilateral aid flows from DAC donors, Japan",Economy · DC.DAC.JPNL.CD,World Bank,,generic_v16_2_3_batch_reason,verified,retain_exclusion,confirm_reasoned_exclusion,donor_aid_flow_matrix_overproliferation,Country-by-donor and agency-specific aid-flow slices form a highly repetitive matrix and are not strong standalone world-knowledge questions for the core game.,"Keep excluded; retain only broad, intuitive aid/development-finance concepts if separately justified.",,
1448,"Highest net bilateral aid flows from DAC donors, Germany",Economy · DC.DAC.DEUL.CD,World Bank,,generic_v16_2_3_batch_reason,verified,retain_exclusion,confirm_reasoned_exclusion,donor_aid_flow_matrix_overproliferation,Country-by-donor and agency-specific aid-flow slices form a highly repetitive matrix and are not strong standalone world-knowledge questions for the core game.,"Keep excluded; retain only broad, intuitive aid/development-finance concepts if separately justified.",,
1450,"Highest debt service on external debt, public and publicly guaranteed (PPG)",Economy · DT.TDS.DPPG.CD,World Bank,,generic_v16_2_3_batch_reason,verified,retain_exclusion,confirm_reasoned_exclusion,macro_finance_overproliferation,"This is a specialized balance-sheet, debt-service, financial-market, monetary, or government-finance series from the overgrown macro matrix. It is either jargon-heavy, size-dominated, denominator-sensitive, or too close to stronger retained economy anchors.",Keep excluded from the core catalog; a future macro category must have a plain-English definition and clear distinct player value.,,
1451,"Highest pPG, official creditors",Economy · DT.NFL.OFFT.CD,World Bank,,generic_v16_2_3_batch_reason,verified,retain_exclusion,confirm_reasoned_exclusion,macro_finance_overproliferation,"This is a specialized balance-sheet, debt-service, financial-market, monetary, or government-finance series from the overgrown macro matrix. It is either jargon-heavy, size-dominated, denominator-sensitive, or too close to stronger retained economy anchors.",Keep excluded from the core catalog; a future macro category must have a plain-English definition and clear distinct player value.,,
1455,Largest sports-equipment exports,Trade · 9506,UN Comtrade,75,generic_v15_rejected_only,verified,retain_exclusion,confirm_reasoned_exclusion,product_specific_trade_niche,Sports-equipment exports is a narrow product-trade slice and the product decision explicitly removed it; it does not justify more economy/trade density.,Keep excluded; do not restore through another trade source.,,
1471,"Largest Edible roots and tubers with high starch or inulin content, n.e.c., fresh harvested area",Agriculture · QCL:'01599.10:5312,FAOSTAT,,generic_v15_rejected_only,verified,retain_exclusion,confirm_reasoned_exclusion,agriculture_item_matrix_overproliferation,"The concept comes from the legacy FAOSTAT item-by-element expansion matrix. Even when source-valid, the remaining yield/area/production/animal-count slices add low marginal variety and would re-saturate an already agriculture-heavy catalog; v16.2.6 deliberately prefers a small set of recognizable representative food/agriculture anchors.",Keep excluded from the playable core. Reconsider only if a future category is both highly recognizable and demonstrably distinct from retained crop/livestock/food anchors.,,
1472,"Most cheese from milk of sheep, fresh or processed produced",Livestock · QCL:'22253:5510,FAOSTAT,,generic_v15_rejected_only,verified,retain_exclusion,confirm_reasoned_exclusion,agriculture_item_matrix_overproliferation,"The concept comes from the legacy FAOSTAT item-by-element expansion matrix. Even when source-valid, the remaining yield/area/production/animal-count slices add low marginal variety and would re-saturate an already agriculture-heavy catalog; v16.2.6 deliberately prefers a small set of recognizable representative food/agriculture anchors.",Keep excluded from the playable core. Reconsider only if a future category is both highly recognizable and demonstrably distinct from retained crop/livestock/food anchors.,,
1473,Most palm oil produced,Agriculture · QCL:'2165:5510,FAOSTAT,,generic_v15_rejected_only,verified,retain_exclusion,confirm_reasoned_exclusion,agriculture_item_matrix_overproliferation,"The concept comes from the legacy FAOSTAT item-by-element expansion matrix. Even when source-valid, the remaining yield/area/production/animal-count slices add low marginal variety and would re-saturate an already agriculture-heavy catalog; v16.2.6 deliberately prefers a small set of recognizable representative food/agriculture anchors.",Keep excluded from the playable core. Reconsider only if a future category is both highly recognizable and demonstrably distinct from retained crop/livestock/food anchors.,,
1474,"Most cheese from milk of goats, fresh or processed produced",Livestock · QCL:'22254:5510,FAOSTAT,,generic_v15_rejected_only,verified,retain_exclusion,confirm_reasoned_exclusion,agriculture_item_matrix_overproliferation,"The concept comes from the legacy FAOSTAT item-by-element expansion matrix. Even when source-valid, the remaining yield/area/production/animal-count slices add low marginal variety and would re-saturate an already agriculture-heavy catalog; v16.2.6 deliberately prefers a small set of recognizable representative food/agriculture anchors.",Keep excluded from the playable core. Reconsider only if a future category is both highly recognizable and demonstrably distinct from retained crop/livestock/food anchors.,,
1475,Largest Kiwi fruit harvested area,Fruit · QCL:'01352:5312,FAOSTAT,,generic_v15_rejected_only,verified,retain_exclusion,confirm_reasoned_exclusion,agriculture_item_matrix_overproliferation,"The concept comes from the legacy FAOSTAT item-by-element expansion matrix. Even when source-valid, the remaining yield/area/production/animal-count slices add low marginal variety and would re-saturate an already agriculture-heavy catalog; v16.2.6 deliberately prefers a small set of recognizable representative food/agriculture anchors.",Keep excluded from the playable core. Reconsider only if a future category is both highly recognizable and demonstrably distinct from retained crop/livestock/food anchors.,,
1476,Most kiwi fruit produced,Fruit · QCL:'01352:5510,FAOSTAT,,generic_v15_rejected_only,verified,retain_exclusion,confirm_reasoned_exclusion,agriculture_item_matrix_overproliferation,"The concept comes from the legacy FAOSTAT item-by-element expansion matrix. Even when source-valid, the remaining yield/area/production/animal-count slices add low marginal variety and would re-saturate an already agriculture-heavy catalog; v16.2.6 deliberately prefers a small set of recognizable representative food/agriculture anchors.",Keep excluded from the playable core. Reconsider only if a future category is both highly recognizable and demonstrably distinct from retained crop/livestock/food anchors.,,
1477,"Largest Chestnuts, in shell harvested area",Agriculture · QCL:'01373:5312,FAOSTAT,,generic_v15_rejected_only,verified,retain_exclusion,confirm_reasoned_exclusion,agriculture_item_matrix_overproliferation,"The concept comes from the legacy FAOSTAT item-by-element expansion matrix. Even when source-valid, the remaining yield/area/production/animal-count slices add low marginal variety and would re-saturate an already agriculture-heavy catalog; v16.2.6 deliberately prefers a small set of recognizable representative food/agriculture anchors.",Keep excluded from the playable core. Reconsider only if a future category is both highly recognizable and demonstrably distinct from retained crop/livestock/food anchors.,,
1478,"Most chestnuts, in shell produced",Agriculture · QCL:'01373:5510,FAOSTAT,,generic_v15_rejected_only,verified,retain_exclusion,confirm_reasoned_exclusion,agriculture_item_matrix_overproliferation,"The concept comes from the legacy FAOSTAT item-by-element expansion matrix. Even when source-valid, the remaining yield/area/production/animal-count slices add low marginal variety and would re-saturate an already agriculture-heavy catalog; v16.2.6 deliberately prefers a small set of recognizable representative food/agriculture anchors.",Keep excluded from the playable core. Reconsider only if a future category is both highly recognizable and demonstrably distinct from retained crop/livestock/food anchors.,,
1479,"Most eggs from other birds in shell, fresh, n.e.c. produced",Agriculture · QCL:'0232:5513,FAOSTAT,,generic_v15_rejected_only,verified,retain_exclusion,confirm_reasoned_exclusion,agriculture_item_matrix_overproliferation,"The concept comes from the legacy FAOSTAT item-by-element expansion matrix. Even when source-valid, the remaining yield/area/production/animal-count slices add low marginal variety and would re-saturate an already agriculture-heavy catalog; v16.2.6 deliberately prefers a small set of recognizable representative food/agriculture anchors.",Keep excluded from the playable core. Reconsider only if a future category is both highly recognizable and demonstrably distinct from retained crop/livestock/food anchors.,,
1480,"Most other meat of mammals, fresh or chilled produced",Livestock · QCL:'21119.90:5510,FAOSTAT,,generic_v15_rejected_only,verified,retain_exclusion,confirm_reasoned_exclusion,agriculture_item_matrix_overproliferation,"The concept comes from the legacy FAOSTAT item-by-element expansion matrix. Even when source-valid, the remaining yield/area/production/animal-count slices add low marginal variety and would re-saturate an already agriculture-heavy catalog; v16.2.6 deliberately prefers a small set of recognizable representative food/agriculture anchors.",Keep excluded from the playable core. Reconsider only if a future category is both highly recognizable and demonstrably distinct from retained crop/livestock/food anchors.,,
1481,Highest Castor oil seeds yield,Agriculture · QCL:'01447:5412,FAOSTAT,,generic_v15_rejected_only,verified,retain_exclusion,confirm_reasoned_exclusion,agriculture_item_matrix_overproliferation,"The concept comes from the legacy FAOSTAT item-by-element expansion matrix. Even when source-valid, the remaining yield/area/production/animal-count slices add low marginal variety and would re-saturate an already agriculture-heavy catalog; v16.2.6 deliberately prefers a small set of recognizable representative food/agriculture anchors.",Keep excluded from the playable core. Reconsider only if a future category is both highly recognizable and demonstrably distinct from retained crop/livestock/food anchors.,,
1483,Largest mapped land area,Geography · largest-geodesic-land-area,Natural Earth,,duplicate_explicit,verified,clear_legacy_block_current_path_governs,clear_generic_legacy_block,current_canonical_path_governs,"This legacy row collides with a current retained/validated-path concept (Largest mapped land area). The old rejected source/path must remain dead, but its title-level legacy veto must not disable the current canonical path.","Clear only the historical title/semantic veto. Keep the old source row excluded and let the current category pass the normal source, quality, duplicate and editorial gates.",family:naturalearthcountry:largest-geodesic-land-area,ready_for_source_family_validation
1488,Highest universal-health-coverage score,Healthcare · UHC_AVAILABILITY_SCORE,WHO,74,generic_v15_rejected_only,failed,advance_to_validation,clear_generic_legacy_block,broad_health_anchor,"Broad, recognizable public-health or health-system measure that adds a distinct player-facing dimension and is not merely a demographic slice.","Validate the WHO source-family series, denominator, year consistency and coverage; retain fail-closed status until those gates pass.",family:who:highest-uhc-service-coverage,ready_for_source_family_validation
1492,Lowest average rainfall,Climate · AG.LND.PRCP.MM,World Bank,74,generic_v15_rejected_only,failed,advance_to_validation,clear_generic_legacy_block,high_value_source_repair,"Average rainfall is intuitive physical-world knowledge and belongs in a weak catalog domain; the historical WDI integrity failure is a source-path problem, not a reason to discard the concept.",Use a validated climate source rather than the failed historical path; resolve definition/year aggregation before activation.,,
1501,"Highest net bilateral aid flows from DAC donors, Korea, Rep.",Economy · DC.DAC.KORL.CD,World Bank,,generic_v16_2_3_batch_reason,verified,retain_exclusion,confirm_reasoned_exclusion,donor_aid_flow_matrix_overproliferation,Country-by-donor and agency-specific aid-flow slices form a highly repetitive matrix and are not strong standalone world-knowledge questions for the core game.,"Keep excluded; retain only broad, intuitive aid/development-finance concepts if separately justified.",,
1503,Highest broad money,Economy · FM.LBL.BMNY.CN,World Bank,,generic_v16_2_3_batch_reason,failed,retain_exclusion,confirm_reasoned_exclusion,cross_country_comparability_invalid,"This World Bank path is denominated in national/local-currency units or another non-comparable country-specific price basis. Absolute cross-country ranking would compare incompatible units, which is a hard v16.2.6 integrity failure.",Keep permanently blocked unless replaced by a genuinely comparable common-currency/PPP or dimensionless series with a separately validated definition.,,
1505,"Highest net bilateral aid flows from DAC donors, France",Economy · DC.DAC.FRAL.CD,World Bank,,generic_v16_2_3_batch_reason,verified,retain_exclusion,confirm_reasoned_exclusion,donor_aid_flow_matrix_overproliferation,Country-by-donor and agency-specific aid-flow slices form a highly repetitive matrix and are not strong standalone world-knowledge questions for the core game.,"Keep excluded; retain only broad, intuitive aid/development-finance concepts if separately justified.",,
1514,"Highest Other citrus fruit, n.e.c. yield",Fruit · QCL:'01329:5412,FAOSTAT,,generic_v15_rejected_only,verified,retain_exclusion,confirm_reasoned_exclusion,agriculture_item_matrix_overproliferation,"The concept comes from the legacy FAOSTAT item-by-element expansion matrix. Even when source-valid, the remaining yield/area/production/animal-count slices add low marginal variety and would re-saturate an already agriculture-heavy catalog; v16.2.6 deliberately prefers a small set of recognizable representative food/agriculture anchors.",Keep excluded from the playable core. Reconsider only if a future category is both highly recognizable and demonstrably distinct from retained crop/livestock/food anchors.,,
1515,"Most edible roots and tubers with high starch or inulin content, n.e.c., fresh produced",Agriculture · QCL:'01599.10:5510,FAOSTAT,,generic_v15_rejected_only,verified,retain_exclusion,confirm_reasoned_exclusion,agriculture_item_matrix_overproliferation,"The concept comes from the legacy FAOSTAT item-by-element expansion matrix. Even when source-valid, the remaining yield/area/production/animal-count slices add low marginal variety and would re-saturate an already agriculture-heavy catalog; v16.2.6 deliberately prefers a small set of recognizable representative food/agriculture anchors.",Keep excluded from the playable core. Reconsider only if a future category is both highly recognizable and demonstrably distinct from retained crop/livestock/food anchors.,,
1516,Largest Geese stocks,Agriculture · QCL:'02153:5112,FAOSTAT,,generic_v15_rejected_only,verified,retain_exclusion,confirm_reasoned_exclusion,agriculture_item_matrix_overproliferation,"The concept comes from the legacy FAOSTAT item-by-element expansion matrix. Even when source-valid, the remaining yield/area/production/animal-count slices add low marginal variety and would re-saturate an already agriculture-heavy catalog; v16.2.6 deliberately prefers a small set of recognizable representative food/agriculture anchors.",Keep excluded from the playable core. Reconsider only if a future category is both highly recognizable and demonstrably distinct from retained crop/livestock/food anchors.,,
1517,Most cheese from skimmed cow milk produced,Dairy · QCL:'22251.02:5510,FAOSTAT,,generic_v15_rejected_only,verified,retain_exclusion,confirm_reasoned_exclusion,agriculture_item_matrix_overproliferation,"The concept comes from the legacy FAOSTAT item-by-element expansion matrix. Even when source-valid, the remaining yield/area/production/animal-count slices add low marginal variety and would re-saturate an already agriculture-heavy catalog; v16.2.6 deliberately prefers a small set of recognizable representative food/agriculture anchors.",Keep excluded from the playable core. Reconsider only if a future category is both highly recognizable and demonstrably distinct from retained crop/livestock/food anchors.,,
1518,"Most eggs from other birds in shell, fresh, n.e.c. produced",Agriculture · QCL:'0232:5510,FAOSTAT,,generic_v15_rejected_only,verified,retain_exclusion,confirm_reasoned_exclusion,agriculture_item_matrix_overproliferation,"The concept comes from the legacy FAOSTAT item-by-element expansion matrix. Even when source-valid, the remaining yield/area/production/animal-count slices add low marginal variety and would re-saturate an already agriculture-heavy catalog; v16.2.6 deliberately prefers a small set of recognizable representative food/agriculture anchors.",Keep excluded from the playable core. Reconsider only if a future category is both highly recognizable and demonstrably distinct from retained crop/livestock/food anchors.,,
1519,Largest Castor oil seeds harvested area,Agriculture · QCL:'01447:5312,FAOSTAT,,generic_v15_rejected_only,verified,retain_exclusion,confirm_reasoned_exclusion,agriculture_item_matrix_overproliferation,"The concept comes from the legacy FAOSTAT item-by-element expansion matrix. Even when source-valid, the remaining yield/area/production/animal-count slices add low marginal variety and would re-saturate an already agriculture-heavy catalog; v16.2.6 deliberately prefers a small set of recognizable representative food/agriculture anchors.",Keep excluded from the playable core. Reconsider only if a future category is both highly recognizable and demonstrably distinct from retained crop/livestock/food anchors.,,
1520,"Highest Anise, badian, coriander, cumin, caraway, fennel and juniper berries, raw yield",Agriculture · QCL:'01654:5412,FAOSTAT,,generic_v15_rejected_only,verified,retain_exclusion,confirm_reasoned_exclusion,agriculture_item_matrix_overproliferation,"The concept comes from the legacy FAOSTAT item-by-element expansion matrix. Even when source-valid, the remaining yield/area/production/animal-count slices add low marginal variety and would re-saturate an already agriculture-heavy catalog; v16.2.6 deliberately prefers a small set of recognizable representative food/agriculture anchors.",Keep excluded from the playable core. Reconsider only if a future category is both highly recognizable and demonstrably distinct from retained crop/livestock/food anchors.,,
1521,Largest Mixed grain harvested area,Agriculture · QCL:'01199.02:5312,FAOSTAT,,generic_v15_rejected_only,verified,retain_exclusion,confirm_reasoned_exclusion,agriculture_item_matrix_overproliferation,"The concept comes from the legacy FAOSTAT item-by-element expansion matrix. Even when source-valid, the remaining yield/area/production/animal-count slices add low marginal variety and would re-saturate an already agriculture-heavy catalog; v16.2.6 deliberately prefers a small set of recognizable representative food/agriculture anchors.",Keep excluded from the playable core. Reconsider only if a future category is both highly recognizable and demonstrably distinct from retained crop/livestock/food anchors.,,
1522,Most mixed grain produced,Agriculture · QCL:'01199.02:5510,FAOSTAT,,generic_v15_rejected_only,verified,retain_exclusion,confirm_reasoned_exclusion,agriculture_item_matrix_overproliferation,"The concept comes from the legacy FAOSTAT item-by-element expansion matrix. Even when source-valid, the remaining yield/area/production/animal-count slices add low marginal variety and would re-saturate an already agriculture-heavy catalog; v16.2.6 deliberately prefers a small set of recognizable representative food/agriculture anchors.",Keep excluded from the playable core. Reconsider only if a future category is both highly recognizable and demonstrably distinct from retained crop/livestock/food anchors.,,
1523,Most Raw milk of camel milk-producing animals,Livestock · QCL:'02293:5318,FAOSTAT,,generic_v15_rejected_only,verified,retain_exclusion,confirm_reasoned_exclusion,agriculture_item_matrix_overproliferation,"The concept comes from the legacy FAOSTAT item-by-element expansion matrix. Even when source-valid, the remaining yield/area/production/animal-count slices add low marginal variety and would re-saturate an already agriculture-heavy catalog; v16.2.6 deliberately prefers a small set of recognizable representative food/agriculture anchors.",Keep excluded from the playable core. Reconsider only if a future category is both highly recognizable and demonstrably distinct from retained crop/livestock/food anchors.,,
1528,"Highest net official flows from UN agencies, ILO",Economy · DT.NFL.ILOG.CD,World Bank,,generic_v16_2_3_batch_reason,verified,retain_exclusion,confirm_reasoned_exclusion,donor_aid_flow_matrix_overproliferation,Country-by-donor and agency-specific aid-flow slices form a highly repetitive matrix and are not strong standalone world-knowledge questions for the core game.,"Keep excluded; retain only broad, intuitive aid/development-finance concepts if separately justified.",,
1529,"Highest net official flows from UN agencies, FAO",Economy · DT.NFL.FAOG.CD,World Bank,,generic_v16_2_3_batch_reason,verified,retain_exclusion,confirm_reasoned_exclusion,donor_aid_flow_matrix_overproliferation,Country-by-donor and agency-specific aid-flow slices form a highly repetitive matrix and are not strong standalone world-knowledge questions for the core game.,"Keep excluded; retain only broad, intuitive aid/development-finance concepts if separately justified.",,
1531,"Highest net bilateral aid flows from DAC donors, Sweden",Economy · DC.DAC.SWEL.CD,World Bank,,generic_v16_2_3_batch_reason,verified,retain_exclusion,confirm_reasoned_exclusion,donor_aid_flow_matrix_overproliferation,Country-by-donor and agency-specific aid-flow slices form a highly repetitive matrix and are not strong standalone world-knowledge questions for the core game.,"Keep excluded; retain only broad, intuitive aid/development-finance concepts if separately justified.",,
1539,Most oil of palm kernel produced,Agriculture · QCL:'21691.14:5510,FAOSTAT,,generic_v15_rejected_only,verified,retain_exclusion,confirm_reasoned_exclusion,agriculture_item_matrix_overproliferation,"The concept comes from the legacy FAOSTAT item-by-element expansion matrix. Even when source-valid, the remaining yield/area/production/animal-count slices add low marginal variety and would re-saturate an already agriculture-heavy catalog; v16.2.6 deliberately prefers a small set of recognizable representative food/agriculture anchors.",Keep excluded from the playable core. Reconsider only if a future category is both highly recognizable and demonstrably distinct from retained crop/livestock/food anchors.,,
1540,Most palm kernels produced,Agriculture · QCL:'01491.02:5510,FAOSTAT,,generic_v15_rejected_only,verified,retain_exclusion,confirm_reasoned_exclusion,agriculture_item_matrix_overproliferation,"The concept comes from the legacy FAOSTAT item-by-element expansion matrix. Even when source-valid, the remaining yield/area/production/animal-count slices add low marginal variety and would re-saturate an already agriculture-heavy catalog; v16.2.6 deliberately prefers a small set of recognizable representative food/agriculture anchors.",Keep excluded from the playable core. Reconsider only if a future category is both highly recognizable and demonstrably distinct from retained crop/livestock/food anchors.,,
1541,Most olive oil produced,Agriculture · QCL:'2167:5510,FAOSTAT,,generic_v15_rejected_only,verified,retain_exclusion,confirm_reasoned_exclusion,agriculture_item_matrix_overproliferation,"The concept comes from the legacy FAOSTAT item-by-element expansion matrix. Even when source-valid, the remaining yield/area/production/animal-count slices add low marginal variety and would re-saturate an already agriculture-heavy catalog; v16.2.6 deliberately prefers a small set of recognizable representative food/agriculture anchors.",Keep excluded from the playable core. Reconsider only if a future category is both highly recognizable and demonstrably distinct from retained crop/livestock/food anchors.,,
1542,Most castor oil seeds produced,Agriculture · QCL:'01447:5510,FAOSTAT,,generic_v15_rejected_only,verified,retain_exclusion,confirm_reasoned_exclusion,agriculture_item_matrix_overproliferation,"The concept comes from the legacy FAOSTAT item-by-element expansion matrix. Even when source-valid, the remaining yield/area/production/animal-count slices add low marginal variety and would re-saturate an already agriculture-heavy catalog; v16.2.6 deliberately prefers a small set of recognizable representative food/agriculture anchors.",Keep excluded from the playable core. Reconsider only if a future category is both highly recognizable and demonstrably distinct from retained crop/livestock/food anchors.,,
1543,Largest Hop cones harvested area,Agriculture · QCL:'01659:5312,FAOSTAT,,generic_v15_rejected_only,verified,retain_exclusion,confirm_reasoned_exclusion,agriculture_item_matrix_overproliferation,"The concept comes from the legacy FAOSTAT item-by-element expansion matrix. Even when source-valid, the remaining yield/area/production/animal-count slices add low marginal variety and would re-saturate an already agriculture-heavy catalog; v16.2.6 deliberately prefers a small set of recognizable representative food/agriculture anchors.",Keep excluded from the playable core. Reconsider only if a future category is both highly recognizable and demonstrably distinct from retained crop/livestock/food anchors.,,
1544,"Largest Anise, badian, coriander, cumin, caraway, fennel and juniper berries, raw harvested area",Agriculture · QCL:'01654:5312,FAOSTAT,,generic_v15_rejected_only,verified,retain_exclusion,confirm_reasoned_exclusion,agriculture_item_matrix_overproliferation,"The concept comes from the legacy FAOSTAT item-by-element expansion matrix. Even when source-valid, the remaining yield/area/production/animal-count slices add low marginal variety and would re-saturate an already agriculture-heavy catalog; v16.2.6 deliberately prefers a small set of recognizable representative food/agriculture anchors.",Keep excluded from the playable core. Reconsider only if a future category is both highly recognizable and demonstrably distinct from retained crop/livestock/food anchors.,,
1545,"Most anise, badian, coriander, cumin, caraway, fennel and juniper berries, raw produced",Agriculture · QCL:'01654:5510,FAOSTAT,,generic_v15_rejected_only,verified,retain_exclusion,confirm_reasoned_exclusion,agriculture_item_matrix_overproliferation,"The concept comes from the legacy FAOSTAT item-by-element expansion matrix. Even when source-valid, the remaining yield/area/production/animal-count slices add low marginal variety and would re-saturate an already agriculture-heavy catalog; v16.2.6 deliberately prefers a small set of recognizable representative food/agriculture anchors.",Keep excluded from the playable core. Reconsider only if a future category is both highly recognizable and demonstrably distinct from retained crop/livestock/food anchors.,,
1546,Most hop cones produced,Agriculture · QCL:'01659:5510,FAOSTAT,,generic_v15_rejected_only,verified,retain_exclusion,confirm_reasoned_exclusion,agriculture_item_matrix_overproliferation,"The concept comes from the legacy FAOSTAT item-by-element expansion matrix. Even when source-valid, the remaining yield/area/production/animal-count slices add low marginal variety and would re-saturate an already agriculture-heavy catalog; v16.2.6 deliberately prefers a small set of recognizable representative food/agriculture anchors.",Keep excluded from the playable core. Reconsider only if a future category is both highly recognizable and demonstrably distinct from retained crop/livestock/food anchors.,,
1547,Lowest youth NEET rate,Labor · EIP_NEET_SEX_RT_A,ILOSTAT,72,generic_v15_rejected_only,verified,retain_exclusion,confirm_reasoned_exclusion,specialized_or_jargon,NEET/time-related-underemployment terminology is specialized and less immediately interpretable than stronger labor-market measures; the core catalog should not multiply technical labor variants.,Keep excluded from the core playable catalog.,family:ilostat:lowest-neet-rate,ready_for_source_family_validation
1548,Highest outbound student mobility,Education · MOR.5T8.40505,UNESCO UIS,72,generic_v15_rejected_only,verified,advance_to_validation,clear_generic_legacy_block,broad_intuitive_distinct,"Distinct, understandable education/science-system dimension that adds breadth beyond enrollment/completion without being a demographic slice.",Validate the recovered UIS series and coverage; keep fail-closed until the source-family gate passes.,family:unesco:highest-outbound-student-mobility,ready_for_source_family_validation
1551,"Highest net bilateral aid flows from DAC donors, United Kingdom",Economy · DC.DAC.GBRL.CD,World Bank,,generic_v16_2_3_batch_reason,verified,retain_exclusion,confirm_reasoned_exclusion,donor_aid_flow_matrix_overproliferation,Country-by-donor and agency-specific aid-flow slices form a highly repetitive matrix and are not strong standalone world-knowledge questions for the core game.,"Keep excluded; retain only broad, intuitive aid/development-finance concepts if separately justified.",,
1552,"Highest net bilateral aid flows from DAC donors, Italy",Economy · DC.DAC.ITAL.CD,World Bank,,generic_v16_2_3_batch_reason,verified,retain_exclusion,confirm_reasoned_exclusion,donor_aid_flow_matrix_overproliferation,Country-by-donor and agency-specific aid-flow slices form a highly repetitive matrix and are not strong standalone world-knowledge questions for the core game.,"Keep excluded; retain only broad, intuitive aid/development-finance concepts if separately justified.",,
1553,"Highest net bilateral aid flows from DAC donors, Australia",Economy · DC.DAC.AUSL.CD,World Bank,,generic_v16_2_3_batch_reason,verified,retain_exclusion,confirm_reasoned_exclusion,donor_aid_flow_matrix_overproliferation,Country-by-donor and agency-specific aid-flow slices form a highly repetitive matrix and are not strong standalone world-knowledge questions for the core game.,"Keep excluded; retain only broad, intuitive aid/development-finance concepts if separately justified.",,
1554,Highest broad money to total reserves ratio,Economy · FM.LBL.BMNY.IR.ZS,World Bank,,generic_v16_2_3_batch_reason,verified,retain_exclusion,confirm_reasoned_exclusion,macro_finance_overproliferation,"This is a specialized balance-sheet, debt-service, financial-market, monetary, or government-finance series from the overgrown macro matrix. It is either jargon-heavy, size-dominated, denominator-sensitive, or too close to stronger retained economy anchors.",Keep excluded from the core catalog; a future macro category must have a plain-English definition and clear distinct player value.,,
1555,"Highest net official flows from UN agencies, UNICEF",Economy · DT.NFL.UNCF.CD,World Bank,,generic_v16_2_3_batch_reason,verified,retain_exclusion,confirm_reasoned_exclusion,donor_aid_flow_matrix_overproliferation,Country-by-donor and agency-specific aid-flow slices form a highly repetitive matrix and are not strong standalone world-knowledge questions for the core game.,"Keep excluded; retain only broad, intuitive aid/development-finance concepts if separately justified.",,
1557,Highest carbon dioxide (CO2) net fluxes from LULUCF - Other Land,Environment · EN.GHG.CO2.LU.OL.MT.CE.AR5,World Bank,72,generic_v15_rejected_only,verified,retain_exclusion,confirm_reasoned_exclusion,emissions_overproliferation,"This is part of the previously overgrown emissions matrix (gas/sector/LULUCF variants). Even when technically valid, it is too repetitive or specialized relative to a small set of broad emissions anchors.",Keep excluded; any future emissions expansion must demonstrate a genuinely new player-facing concept rather than another gas/sector slice.,,
1559,"Highest net official flows from UN agencies, UNFPA",Economy · DT.NFL.UNFP.CD,World Bank,,generic_v16_2_3_batch_reason,verified,retain_exclusion,confirm_reasoned_exclusion,donor_aid_flow_matrix_overproliferation,Country-by-donor and agency-specific aid-flow slices form a highly repetitive matrix and are not strong standalone world-knowledge questions for the core game.,"Keep excluded; retain only broad, intuitive aid/development-finance concepts if separately justified.",,
1564,Most raw milk of buffalo produced,Livestock · QCL:'02212:5510,FAOSTAT,,generic_v15_rejected_only,verified,retain_exclusion,confirm_reasoned_exclusion,agriculture_item_matrix_overproliferation,"The concept comes from the legacy FAOSTAT item-by-element expansion matrix. Even when source-valid, the remaining yield/area/production/animal-count slices add low marginal variety and would re-saturate an already agriculture-heavy catalog; v16.2.6 deliberately prefers a small set of recognizable representative food/agriculture anchors.",Keep excluded from the playable core. Reconsider only if a future category is both highly recognizable and demonstrably distinct from retained crop/livestock/food anchors.,,
1565,"Most Meat of geese, fresh or chilled producing animals",Livestock · QCL:'21123:5321,FAOSTAT,,generic_v15_rejected_only,verified,retain_exclusion,confirm_reasoned_exclusion,agriculture_item_matrix_overproliferation,"The concept comes from the legacy FAOSTAT item-by-element expansion matrix. Even when source-valid, the remaining yield/area/production/animal-count slices add low marginal variety and would re-saturate an already agriculture-heavy catalog; v16.2.6 deliberately prefers a small set of recognizable representative food/agriculture anchors.",Keep excluded from the playable core. Reconsider only if a future category is both highly recognizable and demonstrably distinct from retained crop/livestock/food anchors.,,
1566,Highest Lupins yield,Agriculture · QCL:'01709.02:5412,FAOSTAT,,generic_v15_rejected_only,verified,retain_exclusion,confirm_reasoned_exclusion,agriculture_item_matrix_overproliferation,"The concept comes from the legacy FAOSTAT item-by-element expansion matrix. Even when source-valid, the remaining yield/area/production/animal-count slices add low marginal variety and would re-saturate an already agriculture-heavy catalog; v16.2.6 deliberately prefers a small set of recognizable representative food/agriculture anchors.",Keep excluded from the playable core. Reconsider only if a future category is both highly recognizable and demonstrably distinct from retained crop/livestock/food anchors.,,
1584,"Highest net bilateral aid flows from DAC donors, Switzerland",Economy · DC.DAC.CHEL.CD,World Bank,,generic_v16_2_3_batch_reason,verified,retain_exclusion,confirm_reasoned_exclusion,donor_aid_flow_matrix_overproliferation,Country-by-donor and agency-specific aid-flow slices form a highly repetitive matrix and are not strong standalone world-knowledge questions for the core game.,"Keep excluded; retain only broad, intuitive aid/development-finance concepts if separately justified.",,
1585,"Highest net bilateral aid flows from DAC donors, Austria",Economy · DC.DAC.AUTL.CD,World Bank,,generic_v16_2_3_batch_reason,verified,retain_exclusion,confirm_reasoned_exclusion,donor_aid_flow_matrix_overproliferation,Country-by-donor and agency-specific aid-flow slices form a highly repetitive matrix and are not strong standalone world-knowledge questions for the core game.,"Keep excluded; retain only broad, intuitive aid/development-finance concepts if separately justified.",,
1587,Highest carbon dioxide (CO2) emissions from Waste,Environment · EN.GHG.CO2.WA.MT.CE.AR5,World Bank,,generic_v16_2_3_batch_reason,verified,retain_exclusion,confirm_reasoned_exclusion,emissions_matrix_overproliferation,This is another gas/sector/accounting slice from the legacy emissions matrix. It is technically interpretable but too repetitive and specialized relative to the small set of broad emissions anchors retained for players.,"Keep excluded; future emissions additions must be materially different player-facing concepts, not another matrix cell.",,
1588,"Highest external debt stocks, private nonguaranteed (PNG)",Economy · DT.DOD.DPNG.CD,World Bank,,generic_v16_2_3_batch_reason,verified,retain_exclusion,confirm_reasoned_exclusion,macro_finance_overproliferation,"This is a specialized balance-sheet, debt-service, financial-market, monetary, or government-finance series from the overgrown macro matrix. It is either jargon-heavy, size-dominated, denominator-sensitive, or too close to stronger retained economy anchors.",Keep excluded from the core catalog; a future macro category must have a plain-English definition and clear distinct player value.,,
1589,Highest cPIA public sector management and institutions cluster average,Climate · IQ.CPA.PUBS.XQ,World Bank,,generic_v16_2_3_batch_reason,verified,retain_exclusion,confirm_reasoned_exclusion,specialized_composite_jargon,CPIA cluster scores are specialized expert-policy composites with limited intuitive meaning for general players and would add a dense block of closely related governance scores.,Keep excluded; use broader recognizable governance/democracy indices instead.,,
1591,"Most whey, condensed produced",Agriculture · QCL:'22130.03:5510,FAOSTAT,,generic_v15_rejected_only,verified,retain_exclusion,confirm_reasoned_exclusion,agriculture_item_matrix_overproliferation,"The concept comes from the legacy FAOSTAT item-by-element expansion matrix. Even when source-valid, the remaining yield/area/production/animal-count slices add low marginal variety and would re-saturate an already agriculture-heavy catalog; v16.2.6 deliberately prefers a small set of recognizable representative food/agriculture anchors.",Keep excluded from the playable core. Reconsider only if a future category is both highly recognizable and demonstrably distinct from retained crop/livestock/food anchors.,,
1592,"Largest True hemp, raw or retted harvested area",Agriculture · QCL:'01929.02:5312,FAOSTAT,,generic_v15_rejected_only,verified,retain_exclusion,confirm_reasoned_exclusion,agriculture_item_matrix_overproliferation,"The concept comes from the legacy FAOSTAT item-by-element expansion matrix. Even when source-valid, the remaining yield/area/production/animal-count slices add low marginal variety and would re-saturate an already agriculture-heavy catalog; v16.2.6 deliberately prefers a small set of recognizable representative food/agriculture anchors.",Keep excluded from the playable core. Reconsider only if a future category is both highly recognizable and demonstrably distinct from retained crop/livestock/food anchors.,,
1593,"Highest Chestnuts, in shell yield",Agriculture · QCL:'01373:5412,FAOSTAT,,generic_v15_rejected_only,verified,retain_exclusion,confirm_reasoned_exclusion,agriculture_item_matrix_overproliferation,"The concept comes from the legacy FAOSTAT item-by-element expansion matrix. Even when source-valid, the remaining yield/area/production/animal-count slices add low marginal variety and would re-saturate an already agriculture-heavy catalog; v16.2.6 deliberately prefers a small set of recognizable representative food/agriculture anchors.",Keep excluded from the playable core. Reconsider only if a future category is both highly recognizable and demonstrably distinct from retained crop/livestock/food anchors.,,
1594,Highest Kiwi fruit yield,Fruit · QCL:'01352:5412,FAOSTAT,,generic_v15_rejected_only,verified,retain_exclusion,confirm_reasoned_exclusion,agriculture_item_matrix_overproliferation,"The concept comes from the legacy FAOSTAT item-by-element expansion matrix. Even when source-valid, the remaining yield/area/production/animal-count slices add low marginal variety and would re-saturate an already agriculture-heavy catalog; v16.2.6 deliberately prefers a small set of recognizable representative food/agriculture anchors.",Keep excluded from the playable core. Reconsider only if a future category is both highly recognizable and demonstrably distinct from retained crop/livestock/food anchors.,,
1602,Lowest diabetes death rate,Health · SA_0000001440,WHO,70,generic_v15_rejected_only,verified,retain_exclusion,confirm_reasoned_exclusion,cause_specific_health_density_v16_2_6_final_curation,"Understandable cause-specific mortality measure, but shipping multiple disease-by-disease death-rate categories risks replacing breadth with a health-cause matrix. Final v16.2.6 curation decision: this concept is not selected for the playable core, so there is no reason to leave its legacy state unresolved.","Keep excluded for v16.2.6. A future release may explicitly reopen it, but the historical rejection is now backed by this current editorial curation decision.",family:who:lowest-diabetes-death-rate,ready_for_source_family_validation
1603,Lowest labor underutilization,Labor · LUU_XLU2_SEX_RT_A,ILOSTAT,,category_specific_or_product_decision,verified,retain_exclusion,confirm_reasoned_exclusion,current_tracker_nonplayable_or_removed,"The current v16.2.6 tracker independently resolves this concept as removed or non-playable, so the historical rejection now has a current reason rather than relying on legacy status alone.",Keep excluded unless a future release explicitly reverses the current tracker decision with new source/editorial evidence.,family:ilostat:lowest-labor-underutilization,hold_for_individual_editorial_review
1604,Lowest time-related underemployment,Labor · EMP_XTRU_SEX_RT_A,ILOSTAT,70,generic_v15_rejected_only,verified,retain_exclusion,confirm_reasoned_exclusion,specialized_or_jargon,NEET/time-related-underemployment terminology is specialized and less immediately interpretable than stronger labor-market measures; the core catalog should not multiply technical labor variants.,Keep excluded from the core playable catalog.,family:ilostat:lowest-time-underemployment,hold_for_individual_editorial_review
1605,"Highest revenue, excluding grants",Government · GC.REV.XGRT.CN,World Bank,,generic_v16_2_3_batch_reason,failed,retain_exclusion,confirm_reasoned_exclusion,cross_country_comparability_invalid,"This World Bank path is denominated in national/local-currency units or another non-comparable country-specific price basis. Absolute cross-country ranking would compare incompatible units, which is a hard v16.2.6 integrity failure.",Keep permanently blocked unless replaced by a genuinely comparable common-currency/PPP or dimensionless series with a separately validated definition.,,
1606,Highest tax revenue,Government · GC.TAX.TOTL.CN,World Bank,,generic_v16_2_3_batch_reason,failed,retain_exclusion,confirm_reasoned_exclusion,cross_country_comparability_invalid,"This World Bank path is denominated in national/local-currency units or another non-comparable country-specific price basis. Absolute cross-country ranking would compare incompatible units, which is a hard v16.2.6 integrity failure.",Keep permanently blocked unless replaced by a genuinely comparable common-currency/PPP or dimensionless series with a separately validated definition.,,
1607,Highest taxes on goods and services,Government · GC.TAX.GSRV.CN,World Bank,,generic_v16_2_3_batch_reason,failed,retain_exclusion,confirm_reasoned_exclusion,cross_country_comparability_invalid,"This World Bank path is denominated in national/local-currency units or another non-comparable country-specific price basis. Absolute cross-country ranking would compare incompatible units, which is a hard v16.2.6 integrity failure.",Keep permanently blocked unless replaced by a genuinely comparable common-currency/PPP or dimensionless series with a separately validated definition.,,
1609,Highest compensation of employees,Government · GC.XPN.COMP.CN,World Bank,,generic_v16_2_3_batch_reason,failed,retain_exclusion,confirm_reasoned_exclusion,cross_country_comparability_invalid,"This World Bank path is denominated in national/local-currency units or another non-comparable country-specific price basis. Absolute cross-country ranking would compare incompatible units, which is a hard v16.2.6 integrity failure.",Keep permanently blocked unless replaced by a genuinely comparable common-currency/PPP or dimensionless series with a separately validated definition.,,
1610,Highest goods and services expense,Government · GC.XPN.GSRV.CN,World Bank,,generic_v16_2_3_batch_reason,failed,retain_exclusion,confirm_reasoned_exclusion,cross_country_comparability_invalid,"This World Bank path is denominated in national/local-currency units or another non-comparable country-specific price basis. Absolute cross-country ranking would compare incompatible units, which is a hard v16.2.6 integrity failure.",Keep permanently blocked unless replaced by a genuinely comparable common-currency/PPP or dimensionless series with a separately validated definition.,,
1611,Highest interest payments,Government · GC.XPN.INTP.CN,World Bank,,generic_v16_2_3_batch_reason,failed,retain_exclusion,confirm_reasoned_exclusion,cross_country_comparability_invalid,"This World Bank path is denominated in national/local-currency units or another non-comparable country-specific price basis. Absolute cross-country ranking would compare incompatible units, which is a hard v16.2.6 integrity failure.",Keep permanently blocked unless replaced by a genuinely comparable common-currency/PPP or dimensionless series with a separately validated definition.,,
1612,Highest subsidies and other transfers,Government · GC.XPN.TRFT.CN,World Bank,,generic_v16_2_3_batch_reason,failed,retain_exclusion,confirm_reasoned_exclusion,cross_country_comparability_invalid,"This World Bank path is denominated in national/local-currency units or another non-comparable country-specific price basis. Absolute cross-country ranking would compare incompatible units, which is a hard v16.2.6 integrity failure.",Keep permanently blocked unless replaced by a genuinely comparable common-currency/PPP or dimensionless series with a separately validated definition.,,
1615,Highest container port traffic,Infrastructure · IS.SHP.GOOD.TU,World Bank,,generic_v16_2_3_batch_reason,verified,clear_legacy_block_current_path_governs,clear_generic_legacy_block,current_canonical_path_governs,"This legacy row collides with a current retained/validated-path concept (Most container port traffic). The old rejected source/path must remain dead, but its title-level legacy veto must not disable the current canonical path.","Clear only the historical title/semantic veto. Keep the old source row excluded and let the current category pass the normal source, quality, duplicate and editorial gates.",family:worldbankinfra:container-port-traffic,ready_for_source_family_validation
1617,"Highest net bilateral aid flows from DAC donors, Poland",Economy · DC.DAC.POLL.CD,World Bank,,generic_v16_2_3_batch_reason,verified,retain_exclusion,confirm_reasoned_exclusion,donor_aid_flow_matrix_overproliferation,Country-by-donor and agency-specific aid-flow slices form a highly repetitive matrix and are not strong standalone world-knowledge questions for the core game.,"Keep excluded; retain only broad, intuitive aid/development-finance concepts if separately justified.",,
1621,Highest deposit interest rate,Economy · FR.INR.DPST,World Bank,,generic_v16_2_3_batch_reason,verified,retain_exclusion,confirm_reasoned_exclusion,macro_finance_overproliferation,"This is a specialized balance-sheet, debt-service, financial-market, monetary, or government-finance series from the overgrown macro matrix. It is either jargon-heavy, size-dominated, denominator-sensitive, or too close to stronger retained economy anchors.",Keep excluded from the core catalog; a future macro category must have a plain-English definition and clear distinct player value.,,
1622,Highest lending interest rate,Economy · FR.INR.LEND,World Bank,,generic_v16_2_3_batch_reason,verified,retain_exclusion,confirm_reasoned_exclusion,macro_finance_overproliferation,"This is a specialized balance-sheet, debt-service, financial-market, monetary, or government-finance series from the overgrown macro matrix. It is either jargon-heavy, size-dominated, denominator-sensitive, or too close to stronger retained economy anchors.",Keep excluded from the core catalog; a future macro category must have a plain-English definition and clear distinct player value.,,
1623,Highest methane (CH4) emissions from Industrial Processes,Environment · EN.GHG.CH4.IP.MT.CE.AR5,World Bank,,generic_v16_2_3_batch_reason,verified,retain_exclusion,confirm_reasoned_exclusion,emissions_matrix_overproliferation,This is another gas/sector/accounting slice from the legacy emissions matrix. It is technically interpretable but too repetitive and specialized relative to the small set of broad emissions anchors retained for players.,"Keep excluded; future emissions additions must be materially different player-facing concepts, not another matrix cell.",,
1624,Highest cPIA economic management cluster average,Government · IQ.CPA.ECON.XQ,World Bank,,generic_v16_2_3_batch_reason,verified,retain_exclusion,confirm_reasoned_exclusion,specialized_composite_jargon,CPIA cluster scores are specialized expert-policy composites with limited intuitive meaning for general players and would add a dense block of closely related governance scores.,Keep excluded; use broader recognizable governance/democracy indices instead.,,
1625,Highest cPIA policies for social inclusion/equity cluster average,Government · IQ.CPA.SOCI.XQ,World Bank,,generic_v16_2_3_batch_reason,verified,retain_exclusion,confirm_reasoned_exclusion,specialized_composite_jargon,CPIA cluster scores are specialized expert-policy composites with limited intuitive meaning for general players and would add a dense block of closely related governance scores.,Keep excluded; use broader recognizable governance/democracy indices instead.,,
1628,Most raw milk of camel produced,Livestock · QCL:'02293:5510,FAOSTAT,,generic_v15_rejected_only,verified,retain_exclusion,confirm_reasoned_exclusion,agriculture_item_matrix_overproliferation,"The concept comes from the legacy FAOSTAT item-by-element expansion matrix. Even when source-valid, the remaining yield/area/production/animal-count slices add low marginal variety and would re-saturate an already agriculture-heavy catalog; v16.2.6 deliberately prefers a small set of recognizable representative food/agriculture anchors.",Keep excluded from the playable core. Reconsider only if a future category is both highly recognizable and demonstrably distinct from retained crop/livestock/food anchors.,,
1629,"Most Buffalo fat, unrendered producing animals",Livestock · QCL:'21513:5320,FAOSTAT,,generic_v15_rejected_only,verified,retain_exclusion,confirm_reasoned_exclusion,agriculture_item_matrix_overproliferation,"The concept comes from the legacy FAOSTAT item-by-element expansion matrix. Even when source-valid, the remaining yield/area/production/animal-count slices add low marginal variety and would re-saturate an already agriculture-heavy catalog; v16.2.6 deliberately prefers a small set of recognizable representative food/agriculture anchors.",Keep excluded from the playable core. Reconsider only if a future category is both highly recognizable and demonstrably distinct from retained crop/livestock/food anchors.,,
1630,"Most Edible offal of buffalo, fresh, chilled or frozen producing animals",Livestock · QCL:'21152:5320,FAOSTAT,,generic_v15_rejected_only,verified,retain_exclusion,confirm_reasoned_exclusion,agriculture_item_matrix_overproliferation,"The concept comes from the legacy FAOSTAT item-by-element expansion matrix. Even when source-valid, the remaining yield/area/production/animal-count slices add low marginal variety and would re-saturate an already agriculture-heavy catalog; v16.2.6 deliberately prefers a small set of recognizable representative food/agriculture anchors.",Keep excluded from the playable core. Reconsider only if a future category is both highly recognizable and demonstrably distinct from retained crop/livestock/food anchors.,,
1631,"Most Meat of buffalo, fresh or chilled producing animals",Livestock · QCL:'21112:5320,FAOSTAT,,generic_v15_rejected_only,verified,retain_exclusion,confirm_reasoned_exclusion,agriculture_item_matrix_overproliferation,"The concept comes from the legacy FAOSTAT item-by-element expansion matrix. Even when source-valid, the remaining yield/area/production/animal-count slices add low marginal variety and would re-saturate an already agriculture-heavy catalog; v16.2.6 deliberately prefers a small set of recognizable representative food/agriculture anchors.",Keep excluded from the playable core. Reconsider only if a future category is both highly recognizable and demonstrably distinct from retained crop/livestock/food anchors.,,
1632,Most Raw hides and skins of buffaloes producing animals,Livestock · QCL:'02951.03:5320,FAOSTAT,,generic_v15_rejected_only,verified,retain_exclusion,confirm_reasoned_exclusion,agriculture_item_matrix_overproliferation,"The concept comes from the legacy FAOSTAT item-by-element expansion matrix. Even when source-valid, the remaining yield/area/production/animal-count slices add low marginal variety and would re-saturate an already agriculture-heavy catalog; v16.2.6 deliberately prefers a small set of recognizable representative food/agriculture anchors.",Keep excluded from the playable core. Reconsider only if a future category is both highly recognizable and demonstrably distinct from retained crop/livestock/food anchors.,,
1633,Highest Artichokes yield,Agriculture · QCL:'01216:5412,FAOSTAT,,generic_v15_rejected_only,verified,retain_exclusion,confirm_reasoned_exclusion,agriculture_item_matrix_overproliferation,"The concept comes from the legacy FAOSTAT item-by-element expansion matrix. Even when source-valid, the remaining yield/area/production/animal-count slices add low marginal variety and would re-saturate an already agriculture-heavy catalog; v16.2.6 deliberately prefers a small set of recognizable representative food/agriculture anchors.",Keep excluded from the playable core. Reconsider only if a future category is both highly recognizable and demonstrably distinct from retained crop/livestock/food anchors.,,
1634,Highest Hop cones yield,Agriculture · QCL:'01659:5412,FAOSTAT,,generic_v15_rejected_only,verified,retain_exclusion,confirm_reasoned_exclusion,agriculture_item_matrix_overproliferation,"The concept comes from the legacy FAOSTAT item-by-element expansion matrix. Even when source-valid, the remaining yield/area/production/animal-count slices add low marginal variety and would re-saturate an already agriculture-heavy catalog; v16.2.6 deliberately prefers a small set of recognizable representative food/agriculture anchors.",Keep excluded from the playable core. Reconsider only if a future category is both highly recognizable and demonstrably distinct from retained crop/livestock/food anchors.,,
1636,Lowest primary-school repetition rate,Education · REPR.1.G1.CP,UNESCO UIS,69,generic_v15_rejected_only,verified,retain_exclusion,confirm_reasoned_exclusion,family_density_near_duplicate_v16_2_6_final_curation,"Plausible in isolation, but too close to a stronger retained stage/subject/infrastructure anchor or part of an over-dense education family; needs family-level curation before any legacy block is cleared. Final v16.2.6 curation decision: this concept is not selected for the playable core, so there is no reason to leave its legacy state unresolved.","Keep excluded for v16.2.6. A future release may explicitly reopen it, but the historical rejection is now backed by this current editorial curation decision.",family:unesco:lowest-primary-repetition,ready_for_source_family_validation
1637,Highest share of women in management,Labor · SDG_0552_NOC_RT_A,ILOSTAT,69,generic_v15_rejected_only,verified,advance_to_validation,clear_generic_legacy_block,broad_labor_anchor,Distinct and reasonably intuitive labor-market/workplace measure that broadens the catalog beyond unemployment and output statistics.,Validate ILOSTAT series definitions/coverage and use plain-English copy before activation.,family:ilostat:highest-women-management,ready_for_source_family_validation
1638,Highest school internet access,Technology · SCHBSP.1.WINTERN,UNESCO UIS,69,generic_v15_rejected_only,verified,advance_to_validation,clear_generic_legacy_block,infrastructure_breadth,Concrete school-infrastructure measure that players can readily interpret; selected as an anchor from a larger cluster rather than shipping every closely related facility indicator.,Validate the UIS school-infrastructure series; preserve family caps so internet/electricity/sanitation do not proliferate into a near-duplicate block.,family:unesco:highest-school-internet,ready_for_source_family_validation
1641,Highest net investment in nonfinancial assets,Government · GC.NFN.TOTL.CN,World Bank,,generic_v16_2_3_batch_reason,failed,retain_exclusion,confirm_reasoned_exclusion,cross_country_comparability_invalid,"This World Bank path is denominated in national/local-currency units or another non-comparable country-specific price basis. Absolute cross-country ranking would compare incompatible units, which is a hard v16.2.6 integrity failure.",Keep permanently blocked unless replaced by a genuinely comparable common-currency/PPP or dimensionless series with a separately validated definition.,,
1643,Highest other expense,Government · GC.XPN.OTHR.CN,World Bank,,generic_v16_2_3_batch_reason,failed,retain_exclusion,confirm_reasoned_exclusion,cross_country_comparability_invalid,"This World Bank path is denominated in national/local-currency units or another non-comparable country-specific price basis. Absolute cross-country ranking would compare incompatible units, which is a hard v16.2.6 integrity failure.",Keep permanently blocked unless replaced by a genuinely comparable common-currency/PPP or dimensionless series with a separately validated definition.,,
1645,"Highest taxes on income, profits and capital gains",Government · GC.TAX.YPKG.CN,World Bank,,generic_v16_2_3_batch_reason,failed,retain_exclusion,confirm_reasoned_exclusion,cross_country_comparability_invalid,"This World Bank path is denominated in national/local-currency units or another non-comparable country-specific price basis. Absolute cross-country ranking would compare incompatible units, which is a hard v16.2.6 integrity failure.",Keep permanently blocked unless replaced by a genuinely comparable common-currency/PPP or dimensionless series with a separately validated definition.,,
1646,"Highest net official flows from UN agencies, IAEA",Economy · DT.NFL.IAEA.CD,World Bank,,generic_v16_2_3_batch_reason,verified,retain_exclusion,confirm_reasoned_exclusion,donor_aid_flow_matrix_overproliferation,Country-by-donor and agency-specific aid-flow slices form a highly repetitive matrix and are not strong standalone world-knowledge questions for the core game.,"Keep excluded; retain only broad, intuitive aid/development-finance concepts if separately justified.",,
1647,"Highest net bilateral aid flows from DAC donors, Spain",Economy · DC.DAC.ESPL.CD,World Bank,,generic_v16_2_3_batch_reason,verified,retain_exclusion,confirm_reasoned_exclusion,donor_aid_flow_matrix_overproliferation,Country-by-donor and agency-specific aid-flow slices form a highly repetitive matrix and are not strong standalone world-knowledge questions for the core game.,"Keep excluded; retain only broad, intuitive aid/development-finance concepts if separately justified.",,
1649,Highest changes in inventories,Economy · NE.GDI.STKB.KN,World Bank,,generic_v16_2_3_batch_reason,verified,retain_exclusion,confirm_reasoned_exclusion,current_tracker_nonplayable_or_removed,"The current v16.2.6 tracker independently resolves this concept as removed or non-playable, so the historical rejection now has a current reason rather than relying on legacy status alone.",Keep excluded unless a future release explicitly reverses the current tracker decision with new source/editorial evidence.,existing:NE.GDI.STKB.CD,removed_clarity
1650,Highest borrowers from commercial banks,Economy · FB.CBK.BRWR.P3,World Bank,,generic_v16_2_3_batch_reason,verified,retain_exclusion,confirm_reasoned_exclusion,world_bank_low_marginal_value_or_density,"After first-principles re-review, this leftover World Bank concept does not clear v16.2.6’s bar for distinct, intuitive, non-redundant player value relative to the curated catalog and recovered source families.","Keep excluded. A future release may reconsider only with a clearly distinct definition, strong source path and demonstrated player value.",,
1651,Highest depositors with commercial banks,Economy · FB.CBK.DPTR.P3,World Bank,,generic_v16_2_3_batch_reason,verified,retain_exclusion,confirm_reasoned_exclusion,world_bank_low_marginal_value_or_density,"After first-principles re-review, this leftover World Bank concept does not clear v16.2.6’s bar for distinct, intuitive, non-redundant player value relative to the curated catalog and recovered source families.","Keep excluded. A future release may reconsider only with a clearly distinct definition, strong source path and demonstrated player value.",,
1652,"Highest net financial flows, RDB concessional",Economy · DT.NFL.RDBC.CD,World Bank,,generic_v16_2_3_batch_reason,verified,retain_exclusion,confirm_reasoned_exclusion,macro_finance_overproliferation,"This is a specialized balance-sheet, debt-service, financial-market, monetary, or government-finance series from the overgrown macro matrix. It is either jargon-heavy, size-dominated, denominator-sensitive, or too close to stronger retained economy anchors.",Keep excluded from the core catalog; a future macro category must have a plain-English definition and clear distinct player value.,,
1653,Highest interest rate spread,Economy · FR.INR.LNDP,World Bank,,generic_v16_2_3_batch_reason,verified,retain_exclusion,confirm_reasoned_exclusion,macro_finance_overproliferation,"This is a specialized balance-sheet, debt-service, financial-market, monetary, or government-finance series from the overgrown macro matrix. It is either jargon-heavy, size-dominated, denominator-sensitive, or too close to stronger retained economy anchors.",Keep excluded from the core catalog; a future macro category must have a plain-English definition and clear distinct player value.,,
1654,Highest cPIA structural policies cluster average,Government · IQ.CPA.STRC.XQ,World Bank,,generic_v16_2_3_batch_reason,verified,retain_exclusion,confirm_reasoned_exclusion,specialized_composite_jargon,CPIA cluster scores are specialized expert-policy composites with limited intuitive meaning for general players and would add a dense block of closely related governance scores.,Keep excluded; use broader recognizable governance/democracy indices instead.,,
1656,Highest market capitalization of listed domestic companies,Economy · CM.MKT.LCAP.CD,World Bank,,generic_v16_2_3_batch_reason,verified,retain_exclusion,confirm_reasoned_exclusion,macro_finance_overproliferation,"This is a specialized balance-sheet, debt-service, financial-market, monetary, or government-finance series from the overgrown macro matrix. It is either jargon-heavy, size-dominated, denominator-sensitive, or too close to stronger retained economy anchors.",Keep excluded from the core catalog; a future macro category must have a plain-English definition and clear distinct player value.,,
1658,"Highest listed domestic companies, total",Economy · CM.MKT.LDOM.NO,World Bank,,generic_v16_2_3_batch_reason,verified,retain_exclusion,confirm_reasoned_exclusion,macro_finance_overproliferation,"This is a specialized balance-sheet, debt-service, financial-market, monetary, or government-finance series from the overgrown macro matrix. It is either jargon-heavy, size-dominated, denominator-sensitive, or too close to stronger retained economy anchors.",Keep excluded from the core catalog; a future macro category must have a plain-English definition and clear distinct player value.,,
1663,Highest Raw milk of camel yield,Livestock · QCL:'02293:5417,FAOSTAT,,generic_v15_rejected_only,verified,retain_exclusion,confirm_reasoned_exclusion,agriculture_item_matrix_overproliferation,"The concept comes from the legacy FAOSTAT item-by-element expansion matrix. Even when source-valid, the remaining yield/area/production/animal-count slices add low marginal variety and would re-saturate an already agriculture-heavy catalog; v16.2.6 deliberately prefers a small set of recognizable representative food/agriculture anchors.",Keep excluded from the playable core. Reconsider only if a future category is both highly recognizable and demonstrably distinct from retained crop/livestock/food anchors.,,
1664,"Most true hemp, raw or retted produced",Agriculture · QCL:'01929.02:5510,FAOSTAT,,generic_v15_rejected_only,verified,retain_exclusion,confirm_reasoned_exclusion,agriculture_item_matrix_overproliferation,"The concept comes from the legacy FAOSTAT item-by-element expansion matrix. Even when source-valid, the remaining yield/area/production/animal-count slices add low marginal variety and would re-saturate an already agriculture-heavy catalog; v16.2.6 deliberately prefers a small set of recognizable representative food/agriculture anchors.",Keep excluded from the playable core. Reconsider only if a future category is both highly recognizable and demonstrably distinct from retained crop/livestock/food anchors.,,
1665,"Highest Meat of buffalo, fresh or chilled yield",Livestock · QCL:'21112:5417,FAOSTAT,,generic_v15_rejected_only,verified,retain_exclusion,confirm_reasoned_exclusion,agriculture_item_matrix_overproliferation,"The concept comes from the legacy FAOSTAT item-by-element expansion matrix. Even when source-valid, the remaining yield/area/production/animal-count slices add low marginal variety and would re-saturate an already agriculture-heavy catalog; v16.2.6 deliberately prefers a small set of recognizable representative food/agriculture anchors.",Keep excluded from the playable core. Reconsider only if a future category is both highly recognizable and demonstrably distinct from retained crop/livestock/food anchors.,,
1666,"Highest Pigeon peas, dry yield",Livestock · QCL:'01707:5412,FAOSTAT,,generic_v15_rejected_only,verified,retain_exclusion,confirm_reasoned_exclusion,agriculture_item_matrix_overproliferation,"The concept comes from the legacy FAOSTAT item-by-element expansion matrix. Even when source-valid, the remaining yield/area/production/animal-count slices add low marginal variety and would re-saturate an already agriculture-heavy catalog; v16.2.6 deliberately prefers a small set of recognizable representative food/agriculture anchors.",Keep excluded from the playable core. Reconsider only if a future category is both highly recognizable and demonstrably distinct from retained crop/livestock/food anchors.,,
1667,"Most pigeon peas, dry produced",Livestock · QCL:'01707:5510,FAOSTAT,,generic_v15_rejected_only,verified,retain_exclusion,confirm_reasoned_exclusion,agriculture_item_matrix_overproliferation,"The concept comes from the legacy FAOSTAT item-by-element expansion matrix. Even when source-valid, the remaining yield/area/production/animal-count slices add low marginal variety and would re-saturate an already agriculture-heavy catalog; v16.2.6 deliberately prefers a small set of recognizable representative food/agriculture anchors.",Keep excluded from the playable core. Reconsider only if a future category is both highly recognizable and demonstrably distinct from retained crop/livestock/food anchors.,,
1671,Highest school computer access,Technology · SCHBSP.1.WCOMPUT,UNESCO UIS,68,generic_v15_rejected_only,verified,retain_exclusion,confirm_reasoned_exclusion,family_density_near_duplicate_v16_2_6_final_curation,"Plausible in isolation, but too close to a stronger retained stage/subject/infrastructure anchor or part of an over-dense education family; needs family-level curation before any legacy block is cleared. Final v16.2.6 curation decision: this concept is not selected for the playable core, so there is no reason to leave its legacy state unresolved.","Keep excluded for v16.2.6. A future release may explicitly reopen it, but the historical rejection is now backed by this current editorial curation decision.",family:unesco:highest-school-computers,ready_for_source_family_validation
1672,Lowest cancer death rate,Health · SA_0000001438,WHO,68,generic_v15_rejected_only,verified,retain_exclusion,confirm_reasoned_exclusion,cause_specific_health_density_v16_2_6_final_curation,"Understandable cause-specific mortality measure, but shipping multiple disease-by-disease death-rate categories risks replacing breadth with a health-cause matrix. Final v16.2.6 curation decision: this concept is not selected for the playable core, so there is no reason to leave its legacy state unresolved.","Keep excluded for v16.2.6. A future release may explicitly reopen it, but the historical rejection is now backed by this current editorial curation decision.",family:who:lowest-cancer-death-rate,ready_for_source_family_validation
1673,Lowest informal-employment rate,Labor · EMP_NIFL_SEX_RT_A,ILOSTAT,68,generic_v15_rejected_only,verified,advance_to_validation,clear_generic_legacy_block,broad_labor_anchor,Distinct and reasonably intuitive labor-market/workplace measure that broadens the catalog beyond unemployment and output statistics.,Validate ILOSTAT series definitions/coverage and use plain-English copy before activation.,family:ilostat:lowest-informal-employment,ready_for_source_family_validation
1674,"Highest iFC, private nonguaranteed",Economy · DT.NFL.NIFC.CD,World Bank,,generic_v16_2_3_batch_reason,verified,retain_exclusion,confirm_reasoned_exclusion,macro_finance_overproliferation,"This is a specialized balance-sheet, debt-service, financial-market, monetary, or government-finance series from the overgrown macro matrix. It is either jargon-heavy, size-dominated, denominator-sensitive, or too close to stronger retained economy anchors.",Keep excluded from the core catalog; a future macro category must have a plain-English definition and clear distinct player value.,,
1675,Highest net lending (+) / net borrowing (-),Government · GC.NLD.TOTL.CN,World Bank,,generic_v16_2_3_batch_reason,failed,retain_exclusion,confirm_reasoned_exclusion,cross_country_comparability_invalid,"This World Bank path is denominated in national/local-currency units or another non-comparable country-specific price basis. Absolute cross-country ranking would compare incompatible units, which is a hard v16.2.6 integrity failure.",Keep permanently blocked unless replaced by a genuinely comparable common-currency/PPP or dimensionless series with a separately validated definition.,,
1676,Highest grants and other revenue,Government · GC.REV.GOTR.CN,World Bank,,generic_v16_2_3_batch_reason,failed,retain_exclusion,confirm_reasoned_exclusion,cross_country_comparability_invalid,"This World Bank path is denominated in national/local-currency units or another non-comparable country-specific price basis. Absolute cross-country ranking would compare incompatible units, which is a hard v16.2.6 integrity failure.",Keep permanently blocked unless replaced by a genuinely comparable common-currency/PPP or dimensionless series with a separately validated definition.,,
1678,"Highest net bilateral aid flows from DAC donors, Ireland",Economy · DC.DAC.IRLL.CD,World Bank,,generic_v16_2_3_batch_reason,verified,retain_exclusion,confirm_reasoned_exclusion,donor_aid_flow_matrix_overproliferation,Country-by-donor and agency-specific aid-flow slices form a highly repetitive matrix and are not strong standalone world-knowledge questions for the core game.,"Keep excluded; retain only broad, intuitive aid/development-finance concepts if separately justified.",,
1679,"Highest net bilateral aid flows from DAC donors, Norway",Economy · DC.DAC.NORL.CD,World Bank,,generic_v16_2_3_batch_reason,verified,retain_exclusion,confirm_reasoned_exclusion,donor_aid_flow_matrix_overproliferation,Country-by-donor and agency-specific aid-flow slices form a highly repetitive matrix and are not strong standalone world-knowledge questions for the core game.,"Keep excluded; retain only broad, intuitive aid/development-finance concepts if separately justified.",,
1680,"Highest pPG, private creditors",Economy · DT.NFL.PRVT.CD,World Bank,,generic_v16_2_3_batch_reason,verified,retain_exclusion,confirm_reasoned_exclusion,macro_finance_overproliferation,"This is a specialized balance-sheet, debt-service, financial-market, monetary, or government-finance series from the overgrown macro matrix. It is either jargon-heavy, size-dominated, denominator-sensitive, or too close to stronger retained economy anchors.",Keep excluded from the core catalog; a future macro category must have a plain-English definition and clear distinct player value.,,
1682,Most internally displaced people,Displacement · population:coa:idps,UNHCR,68,generic_v15_rejected_only,verified,advance_to_validation,clear_generic_legacy_block,broad_intuitive_distinct,"Broad, recognizable displacement measure with a distinct player-facing question; the old generic rejection is not a sufficient reason to suppress it.",Use the recovered UNHCR Refugee Data Finder importer; validate coverage/year consistency and then clear the legacy-only blocker.,family:unhcr:most-internally-displaced-people,ready_for_source_family_validation
1683,"Highest Meat of geese, fresh or chilled yield",Livestock · QCL:'21123:5424,FAOSTAT,,generic_v15_rejected_only,verified,retain_exclusion,confirm_reasoned_exclusion,agriculture_item_matrix_overproliferation,"The concept comes from the legacy FAOSTAT item-by-element expansion matrix. Even when source-valid, the remaining yield/area/production/animal-count slices add low marginal variety and would re-saturate an already agriculture-heavy catalog; v16.2.6 deliberately prefers a small set of recognizable representative food/agriculture anchors.",Keep excluded from the playable core. Reconsider only if a future category is both highly recognizable and demonstrably distinct from retained crop/livestock/food anchors.,,
1684,"Largest Pigeon peas, dry harvested area",Livestock · QCL:'01707:5312,FAOSTAT,,generic_v15_rejected_only,verified,retain_exclusion,confirm_reasoned_exclusion,agriculture_item_matrix_overproliferation,"The concept comes from the legacy FAOSTAT item-by-element expansion matrix. Even when source-valid, the remaining yield/area/production/animal-count slices add low marginal variety and would re-saturate an already agriculture-heavy catalog; v16.2.6 deliberately prefers a small set of recognizable representative food/agriculture anchors.",Keep excluded from the playable core. Reconsider only if a future category is both highly recognizable and demonstrably distinct from retained crop/livestock/food anchors.,,
1685,"Most meat of buffalo, fresh or chilled produced",Livestock · QCL:'21112:5510,FAOSTAT,,generic_v15_rejected_only,verified,retain_exclusion,confirm_reasoned_exclusion,agriculture_item_matrix_overproliferation,"The concept comes from the legacy FAOSTAT item-by-element expansion matrix. Even when source-valid, the remaining yield/area/production/animal-count slices add low marginal variety and would re-saturate an already agriculture-heavy catalog; v16.2.6 deliberately prefers a small set of recognizable representative food/agriculture anchors.",Keep excluded from the playable core. Reconsider only if a future category is both highly recognizable and demonstrably distinct from retained crop/livestock/food anchors.,,
1687,Longest average working week,Labor · HOW_UEES_SEX_NB_A,ILOSTAT,67,generic_v15_rejected_only,verified,advance_to_validation,clear_generic_legacy_block,broad_labor_anchor,Distinct and reasonably intuitive labor-market/workplace measure that broadens the catalog beyond unemployment and output statistics.,Validate ILOSTAT series definitions/coverage and use plain-English copy before activation.,family:ilostat:longest-working-week,ready_for_source_family_validation
1688,Most researchers per million people,Science · RESDEN.INHAB.TFTE,UNESCO UIS,67,generic_v15_rejected_only,verified,advance_to_validation,clear_generic_legacy_block,broad_intuitive_distinct,"Distinct, understandable education/science-system dimension that adds breadth beyond enrollment/completion without being a demographic slice.",Validate the recovered UIS series and coverage; keep fail-closed until the source-family gate passes.,family:unesco:most-researchers,ready_for_source_family_validation
1689,"Highest net official flows from UN agencies, UNDP",Economy · DT.NFL.UNDP.CD,World Bank,,generic_v16_2_3_batch_reason,verified,retain_exclusion,confirm_reasoned_exclusion,donor_aid_flow_matrix_overproliferation,Country-by-donor and agency-specific aid-flow slices form a highly repetitive matrix and are not strong standalone world-knowledge questions for the core game.,"Keep excluded; retain only broad, intuitive aid/development-finance concepts if separately justified.",,
1691,"Highest net official flows from UN agencies, IFAD",Economy · DT.NFL.IFAD.CD,World Bank,,generic_v16_2_3_batch_reason,verified,retain_exclusion,confirm_reasoned_exclusion,donor_aid_flow_matrix_overproliferation,Country-by-donor and agency-specific aid-flow slices form a highly repetitive matrix and are not strong standalone world-knowledge questions for the core game.,"Keep excluded; retain only broad, intuitive aid/development-finance concepts if separately justified.",,
1692,Highest commercial banks and other lending (PPG + PNG),Economy · DT.NFL.PCBO.CD,World Bank,,generic_v16_2_3_batch_reason,verified,retain_exclusion,confirm_reasoned_exclusion,macro_finance_overproliferation,"This is a specialized balance-sheet, debt-service, financial-market, monetary, or government-finance series from the overgrown macro matrix. It is either jargon-heavy, size-dominated, denominator-sensitive, or too close to stronger retained economy anchors.",Keep excluded from the core catalog; a future macro category must have a plain-English definition and clear distinct player value.,,
1693,"Highest pPG, commercial banks",Economy · DT.NFL.PCBK.CD,World Bank,,generic_v16_2_3_batch_reason,verified,retain_exclusion,confirm_reasoned_exclusion,macro_finance_overproliferation,"This is a specialized balance-sheet, debt-service, financial-market, monetary, or government-finance series from the overgrown macro matrix. It is either jargon-heavy, size-dominated, denominator-sensitive, or too close to stronger retained economy anchors.",Keep excluded from the core catalog; a future macro category must have a plain-English definition and clear distinct player value.,,
1694,"Highest net flows on external debt, private nonguaranteed (PNG)",Economy · DT.NFL.DPNG.CD,World Bank,,generic_v16_2_3_batch_reason,verified,retain_exclusion,confirm_reasoned_exclusion,macro_finance_overproliferation,"This is a specialized balance-sheet, debt-service, financial-market, monetary, or government-finance series from the overgrown macro matrix. It is either jargon-heavy, size-dominated, denominator-sensitive, or too close to stronger retained economy anchors.",Keep excluded from the core catalog; a future macro category must have a plain-English definition and clear distinct player value.,,
1695,Highest Raw hides and skins of buffaloes yield,Livestock · QCL:'02951.03:5417,FAOSTAT,,generic_v15_rejected_only,verified,retain_exclusion,confirm_reasoned_exclusion,agriculture_item_matrix_overproliferation,"The concept comes from the legacy FAOSTAT item-by-element expansion matrix. Even when source-valid, the remaining yield/area/production/animal-count slices add low marginal variety and would re-saturate an already agriculture-heavy catalog; v16.2.6 deliberately prefers a small set of recognizable representative food/agriculture anchors.",Keep excluded from the playable core. Reconsider only if a future category is both highly recognizable and demonstrably distinct from retained crop/livestock/food anchors.,,
1696,"Most buffalo fat, unrendered produced",Livestock · QCL:'21513:5510,FAOSTAT,,generic_v15_rejected_only,verified,retain_exclusion,confirm_reasoned_exclusion,agriculture_item_matrix_overproliferation,"The concept comes from the legacy FAOSTAT item-by-element expansion matrix. Even when source-valid, the remaining yield/area/production/animal-count slices add low marginal variety and would re-saturate an already agriculture-heavy catalog; v16.2.6 deliberately prefers a small set of recognizable representative food/agriculture anchors.",Keep excluded from the playable core. Reconsider only if a future category is both highly recognizable and demonstrably distinct from retained crop/livestock/food anchors.,,
1697,"Most edible offal of buffalo, fresh, chilled or frozen produced",Livestock · QCL:'21152:5510,FAOSTAT,,generic_v15_rejected_only,verified,retain_exclusion,confirm_reasoned_exclusion,agriculture_item_matrix_overproliferation,"The concept comes from the legacy FAOSTAT item-by-element expansion matrix. Even when source-valid, the remaining yield/area/production/animal-count slices add low marginal variety and would re-saturate an already agriculture-heavy catalog; v16.2.6 deliberately prefers a small set of recognizable representative food/agriculture anchors.",Keep excluded from the playable core. Reconsider only if a future category is both highly recognizable and demonstrably distinct from retained crop/livestock/food anchors.,,
1698,Most raw hides and skins of buffaloes produced,Livestock · QCL:'02951.03:5510,FAOSTAT,,generic_v15_rejected_only,verified,retain_exclusion,confirm_reasoned_exclusion,agriculture_item_matrix_overproliferation,"The concept comes from the legacy FAOSTAT item-by-element expansion matrix. Even when source-valid, the remaining yield/area/production/animal-count slices add low marginal variety and would re-saturate an already agriculture-heavy catalog; v16.2.6 deliberately prefers a small set of recognizable representative food/agriculture anchors.",Keep excluded from the playable core. Reconsider only if a future category is both highly recognizable and demonstrably distinct from retained crop/livestock/food anchors.,,
1701,Highest school electricity access,Infrastructure · SCHBSP.1.WELEC,UNESCO UIS,66,generic_v15_rejected_only,verified,advance_to_validation,clear_generic_legacy_block,infrastructure_breadth,Concrete school-infrastructure measure that players can readily interpret; selected as an anchor from a larger cluster rather than shipping every closely related facility indicator.,Validate the UIS school-infrastructure series; preserve family caps so internet/electricity/sanitation do not proliferate into a near-duplicate block.,family:unesco:highest-school-electricity,ready_for_source_family_validation
1704,"Highest net bilateral aid flows from DAC donors, Belgium",Economy · DC.DAC.BELL.CD,World Bank,,generic_v16_2_3_batch_reason,verified,retain_exclusion,confirm_reasoned_exclusion,donor_aid_flow_matrix_overproliferation,Country-by-donor and agency-specific aid-flow slices form a highly repetitive matrix and are not strong standalone world-knowledge questions for the core game.,"Keep excluded; retain only broad, intuitive aid/development-finance concepts if separately justified.",,
1705,"Highest net bilateral aid flows from DAC donors, Luxembourg",Economy · DC.DAC.LUXL.CD,World Bank,,generic_v16_2_3_batch_reason,verified,retain_exclusion,confirm_reasoned_exclusion,donor_aid_flow_matrix_overproliferation,Country-by-donor and agency-specific aid-flow slices form a highly repetitive matrix and are not strong standalone world-knowledge questions for the core game.,"Keep excluded; retain only broad, intuitive aid/development-finance concepts if separately justified.",,
1706,"Highest pNG, commercial banks and other creditors",Economy · DT.NFL.PNGC.CD,World Bank,,generic_v16_2_3_batch_reason,verified,retain_exclusion,confirm_reasoned_exclusion,macro_finance_overproliferation,"This is a specialized balance-sheet, debt-service, financial-market, monetary, or government-finance series from the overgrown macro matrix. It is either jargon-heavy, size-dominated, denominator-sensitive, or too close to stronger retained economy anchors.",Keep excluded from the core catalog; a future macro category must have a plain-English definition and clear distinct player value.,,
1708,"Highest net financial flows, RDB nonconcessional",Economy · DT.NFL.RDBN.CD,World Bank,,generic_v16_2_3_batch_reason,verified,retain_exclusion,confirm_reasoned_exclusion,macro_finance_overproliferation,"This is a specialized balance-sheet, debt-service, financial-market, monetary, or government-finance series from the overgrown macro matrix. It is either jargon-heavy, size-dominated, denominator-sensitive, or too close to stronger retained economy anchors.",Keep excluded from the core catalog; a future macro category must have a plain-English definition and clear distinct player value.,,
1709,Highest cPIA debt policy rating,Government · IQ.CPA.DEBT.XQ,World Bank,,generic_v16_2_3_batch_reason,verified,retain_exclusion,confirm_reasoned_exclusion,specialized_composite_jargon,CPIA cluster scores are specialized expert-policy composites with limited intuitive meaning for general players and would add a dense block of closely related governance scores.,Keep excluded; use broader recognizable governance/democracy indices instead.,,
1710,Highest cPIA fiscal policy rating,Government · IQ.CPA.FISP.XQ,World Bank,,generic_v16_2_3_batch_reason,verified,retain_exclusion,confirm_reasoned_exclusion,specialized_composite_jargon,CPIA cluster scores are specialized expert-policy composites with limited intuitive meaning for general players and would add a dense block of closely related governance scores.,Keep excluded; use broader recognizable governance/democracy indices instead.,,
1711,Highest cPIA macroeconomic management rating,Government · IQ.CPA.MACR.XQ,World Bank,,generic_v16_2_3_batch_reason,verified,retain_exclusion,confirm_reasoned_exclusion,specialized_composite_jargon,CPIA cluster scores are specialized expert-policy composites with limited intuitive meaning for general players and would add a dense block of closely related governance scores.,Keep excluded; use broader recognizable governance/democracy indices instead.,,
1712,Highest cPIA quality of public administration rating,Government · IQ.CPA.PADM.XQ,World Bank,,generic_v16_2_3_batch_reason,verified,retain_exclusion,confirm_reasoned_exclusion,specialized_composite_jargon,CPIA cluster scores are specialized expert-policy composites with limited intuitive meaning for general players and would add a dense block of closely related governance scores.,Keep excluded; use broader recognizable governance/democracy indices instead.,,
1713,"Most flax, raw or retted produced",Agriculture · QCL:'01929.01:5510,FAOSTAT,,generic_v15_rejected_only,verified,retain_exclusion,confirm_reasoned_exclusion,agriculture_item_matrix_overproliferation,"The concept comes from the legacy FAOSTAT item-by-element expansion matrix. Even when source-valid, the remaining yield/area/production/animal-count slices add low marginal variety and would re-saturate an already agriculture-heavy catalog; v16.2.6 deliberately prefers a small set of recognizable representative food/agriculture anchors.",Keep excluded from the playable core. Reconsider only if a future category is both highly recognizable and demonstrably distinct from retained crop/livestock/food anchors.,,
1714,"Most meat of geese, fresh or chilled produced",Livestock · QCL:'21123:5510,FAOSTAT,,generic_v15_rejected_only,verified,retain_exclusion,confirm_reasoned_exclusion,agriculture_item_matrix_overproliferation,"The concept comes from the legacy FAOSTAT item-by-element expansion matrix. Even when source-valid, the remaining yield/area/production/animal-count slices add low marginal variety and would re-saturate an already agriculture-heavy catalog; v16.2.6 deliberately prefers a small set of recognizable representative food/agriculture anchors.",Keep excluded from the playable core. Reconsider only if a future category is both highly recognizable and demonstrably distinct from retained crop/livestock/food anchors.,,
1715,"Largest Flax, raw or retted harvested area",Agriculture · QCL:'01929.01:5312,FAOSTAT,,generic_v15_rejected_only,verified,retain_exclusion,confirm_reasoned_exclusion,agriculture_item_matrix_overproliferation,"The concept comes from the legacy FAOSTAT item-by-element expansion matrix. Even when source-valid, the remaining yield/area/production/animal-count slices add low marginal variety and would re-saturate an already agriculture-heavy catalog; v16.2.6 deliberately prefers a small set of recognizable representative food/agriculture anchors.",Keep excluded from the playable core. Reconsider only if a future category is both highly recognizable and demonstrably distinct from retained crop/livestock/food anchors.,,
1720,Highest school drinking-water access,Infrastructure · SCHBSP.1.WWATA,UNESCO UIS,65,generic_v15_rejected_only,verified,retain_exclusion,confirm_reasoned_exclusion,family_density_near_duplicate_v16_2_6_final_curation,"Plausible in isolation, but too close to a stronger retained stage/subject/infrastructure anchor or part of an over-dense education family; needs family-level curation before any legacy block is cleared. Final v16.2.6 curation decision: this concept is not selected for the playable core, so there is no reason to leave its legacy state unresolved.","Keep excluded for v16.2.6. A future release may explicitly reopen it, but the historical rejection is now backed by this current editorial curation decision.",family:unesco:highest-school-drinking-water,ready_for_source_family_validation
1721,Highest school handwashing access,Infrastructure · SCHBSP.1.WWASH,UNESCO UIS,65,generic_v15_rejected_only,verified,retain_exclusion,confirm_reasoned_exclusion,family_density_near_duplicate_v16_2_6_final_curation,"Plausible in isolation, but too close to a stronger retained stage/subject/infrastructure anchor or part of an over-dense education family; needs family-level curation before any legacy block is cleared. Final v16.2.6 curation decision: this concept is not selected for the playable core, so there is no reason to leave its legacy state unresolved.","Keep excluded for v16.2.6. A future release may explicitly reopen it, but the historical rejection is now backed by this current editorial curation decision.",family:unesco:highest-school-handwashing,ready_for_source_family_validation
1724,Highest taxes on international trade,Government · GC.TAX.INTT.CN,World Bank,,generic_v16_2_3_batch_reason,failed,retain_exclusion,confirm_reasoned_exclusion,cross_country_comparability_invalid,"This World Bank path is denominated in national/local-currency units or another non-comparable country-specific price basis. Absolute cross-country ranking would compare incompatible units, which is a hard v16.2.6 integrity failure.",Keep permanently blocked unless replaced by a genuinely comparable common-currency/PPP or dimensionless series with a separately validated definition.,,
1726,"Highest net bilateral aid flows from DAC donors, Hungary",Economy · DC.DAC.HUNL.CD,World Bank,,generic_v16_2_3_batch_reason,verified,retain_exclusion,confirm_reasoned_exclusion,donor_aid_flow_matrix_overproliferation,Country-by-donor and agency-specific aid-flow slices form a highly repetitive matrix and are not strong standalone world-knowledge questions for the core game.,"Keep excluded; retain only broad, intuitive aid/development-finance concepts if separately justified.",,
1727,"Highest net bilateral aid flows from DAC donors, Denmark",Economy · DC.DAC.DNKL.CD,World Bank,,generic_v16_2_3_batch_reason,verified,retain_exclusion,confirm_reasoned_exclusion,donor_aid_flow_matrix_overproliferation,Country-by-donor and agency-specific aid-flow slices form a highly repetitive matrix and are not strong standalone world-knowledge questions for the core game.,"Keep excluded; retain only broad, intuitive aid/development-finance concepts if separately justified.",,
1728,"Highest net official flows from UN agencies, WFP",Economy · DT.NFL.WFPG.CD,World Bank,,generic_v16_2_3_batch_reason,verified,retain_exclusion,confirm_reasoned_exclusion,donor_aid_flow_matrix_overproliferation,Country-by-donor and agency-specific aid-flow slices form a highly repetitive matrix and are not strong standalone world-knowledge questions for the core game.,"Keep excluded; retain only broad, intuitive aid/development-finance concepts if separately justified.",,
1729,"Highest individuals using the Internet, female",Infrastructure · IT.NET.USER.FE.ZS,World Bank,65,generic_v15_rejected_only,,retain_exclusion,confirm_reasoned_exclusion,subgroup_slice,Demographic subgroup slice of a broader access/use concept; the default catalog should prefer the all-population measure unless the subgroup itself is the central idea.,Keep excluded from the core playable catalog.,,
1730,"Highest individuals using the Internet, male",Infrastructure · IT.NET.USER.MA.ZS,World Bank,65,generic_v15_rejected_only,,retain_exclusion,confirm_reasoned_exclusion,subgroup_slice,Demographic subgroup slice of a broader access/use concept; the default catalog should prefer the all-population measure unless the subgroup itself is the central idea.,Keep excluded from the core playable catalog.,,
1732,Highest cPIA building human resources rating,Government · IQ.CPA.HRES.XQ,World Bank,,generic_v16_2_3_batch_reason,verified,retain_exclusion,confirm_reasoned_exclusion,specialized_composite_jargon,CPIA cluster scores are specialized expert-policy composites with limited intuitive meaning for general players and would add a dense block of closely related governance scores.,Keep excluded; use broader recognizable governance/democracy indices instead.,,
1733,Highest cPIA efficiency of revenue mobilization rating,Government · IQ.CPA.REVN.XQ,World Bank,,generic_v16_2_3_batch_reason,verified,retain_exclusion,confirm_reasoned_exclusion,specialized_composite_jargon,CPIA cluster scores are specialized expert-policy composites with limited intuitive meaning for general players and would add a dense block of closely related governance scores.,Keep excluded; use broader recognizable governance/democracy indices instead.,,
1734,Highest cPIA equity of public resource use rating,Government · IQ.CPA.PRES.XQ,World Bank,,generic_v16_2_3_batch_reason,verified,retain_exclusion,confirm_reasoned_exclusion,specialized_composite_jargon,CPIA cluster scores are specialized expert-policy composites with limited intuitive meaning for general players and would add a dense block of closely related governance scores.,Keep excluded; use broader recognizable governance/democracy indices instead.,,
1735,Highest cPIA financial sector rating,Government · IQ.CPA.FINS.XQ,World Bank,,generic_v16_2_3_batch_reason,verified,retain_exclusion,confirm_reasoned_exclusion,specialized_composite_jargon,CPIA cluster scores are specialized expert-policy composites with limited intuitive meaning for general players and would add a dense block of closely related governance scores.,Keep excluded; use broader recognizable governance/democracy indices instead.,,
1736,Highest cPIA gender equality rating,Government · IQ.CPA.GNDR.XQ,World Bank,,generic_v16_2_3_batch_reason,verified,retain_exclusion,confirm_reasoned_exclusion,specialized_composite_jargon,CPIA cluster scores are specialized expert-policy composites with limited intuitive meaning for general players and would add a dense block of closely related governance scores.,Keep excluded; use broader recognizable governance/democracy indices instead.,,
1737,Highest cPIA property rights and rule-based governance rating,Government · IQ.CPA.PROP.XQ,World Bank,,generic_v16_2_3_batch_reason,verified,retain_exclusion,confirm_reasoned_exclusion,specialized_composite_jargon,CPIA cluster scores are specialized expert-policy composites with limited intuitive meaning for general players and would add a dense block of closely related governance scores.,Keep excluded; use broader recognizable governance/democracy indices instead.,,
1738,Highest cPIA quality of budgetary and financial management rating,Government · IQ.CPA.FINQ.XQ,World Bank,,generic_v16_2_3_batch_reason,verified,retain_exclusion,confirm_reasoned_exclusion,specialized_composite_jargon,CPIA cluster scores are specialized expert-policy composites with limited intuitive meaning for general players and would add a dense block of closely related governance scores.,Keep excluded; use broader recognizable governance/democracy indices instead.,,
1739,Highest cPIA social protection rating,Government · IQ.CPA.PROT.XQ,World Bank,,generic_v16_2_3_batch_reason,verified,retain_exclusion,confirm_reasoned_exclusion,specialized_composite_jargon,CPIA cluster scores are specialized expert-policy composites with limited intuitive meaning for general players and would add a dense block of closely related governance scores.,Keep excluded; use broader recognizable governance/democracy indices instead.,,
1742,"Highest pPG, IBRD",Economy · DT.DOD.MIBR.CD,World Bank,,generic_v16_2_3_batch_reason,verified,retain_exclusion,confirm_reasoned_exclusion,macro_finance_overproliferation,"This is a specialized balance-sheet, debt-service, financial-market, monetary, or government-finance series from the overgrown macro matrix. It is either jargon-heavy, size-dominated, denominator-sensitive, or too close to stronger retained economy anchors.",Keep excluded from the core catalog; a future macro category must have a plain-English definition and clear distinct player value.,,
1743,"Most cheese from milk of buffalo, fresh or processed produced",Livestock · QCL:'22252:5510,FAOSTAT,,generic_v15_rejected_only,verified,retain_exclusion,confirm_reasoned_exclusion,agriculture_item_matrix_overproliferation,"The concept comes from the legacy FAOSTAT item-by-element expansion matrix. Even when source-valid, the remaining yield/area/production/animal-count slices add low marginal variety and would re-saturate an already agriculture-heavy catalog; v16.2.6 deliberately prefers a small set of recognizable representative food/agriculture anchors.",Keep excluded from the playable core. Reconsider only if a future category is both highly recognizable and demonstrably distinct from retained crop/livestock/food anchors.,,
1766,Largest average time to clear imports through customs,Development · IC.CUS.DURS.IM,World Bank,,generic_v16_2_3_batch_reason,verified,retain_exclusion,confirm_reasoned_exclusion,world_bank_low_marginal_value_or_density,"After first-principles re-review, this leftover World Bank concept does not clear v16.2.6’s bar for distinct, intuitive, non-redundant player value relative to the curated catalog and recovered source families.","Keep excluded. A future release may reconsider only with a clearly distinct definition, strong source path and demonstrated player value.",,
1767,Highest time required to obtain an operating license,Economy · IC.FRM.DURS,World Bank,,generic_v16_2_3_batch_reason,verified,retain_exclusion,confirm_reasoned_exclusion,world_bank_low_marginal_value_or_density,"After first-principles re-review, this leftover World Bank concept does not clear v16.2.6’s bar for distinct, intuitive, non-redundant player value relative to the curated catalog and recovered source families.","Keep excluded. A future release may reconsider only with a clearly distinct definition, strong source path and demonstrated player value.",,
1768,Largest number of visits or required meetings with tax officials,Economy · IC.TAX.METG,World Bank,,generic_v16_2_3_batch_reason,verified,retain_exclusion,confirm_reasoned_exclusion,world_bank_low_marginal_value_or_density,"After first-principles re-review, this leftover World Bank concept does not clear v16.2.6’s bar for distinct, intuitive, non-redundant player value relative to the curated catalog and recovered source families.","Keep excluded. A future release may reconsider only with a clearly distinct definition, strong source path and demonstrated player value.",,
1770,Highest time to obtain an electrical connection,Energy · IC.ELC.DURS,World Bank,,generic_v16_2_3_batch_reason,verified,retain_exclusion,confirm_reasoned_exclusion,world_bank_low_marginal_value_or_density,"After first-principles re-review, this leftover World Bank concept does not clear v16.2.6’s bar for distinct, intuitive, non-redundant player value relative to the curated catalog and recovered source families.","Keep excluded. A future release may reconsider only with a clearly distinct definition, strong source path and demonstrated player value.",,
1771,"Highest net official flows from UN agencies, SPRP",Development · DT.NFL.SPRP.CD,World Bank,,generic_v16_2_3_batch_reason,verified,retain_exclusion,confirm_reasoned_exclusion,donor_aid_flow_matrix_overproliferation,Country-by-donor and agency-specific aid-flow slices form a highly repetitive matrix and are not strong standalone world-knowledge questions for the core game.,"Keep excluded; retain only broad, intuitive aid/development-finance concepts if separately justified.",,
1772,"Highest net official flows from UN agencies, UNAIDS",Economy · DT.NFL.UNAI.CD,World Bank,,generic_v16_2_3_batch_reason,verified,retain_exclusion,confirm_reasoned_exclusion,donor_aid_flow_matrix_overproliferation,Country-by-donor and agency-specific aid-flow slices form a highly repetitive matrix and are not strong standalone world-knowledge questions for the core game.,"Keep excluded; retain only broad, intuitive aid/development-finance concepts if separately justified.",,
1773,Highest customs and other import duties,Government · GC.TAX.IMPT.CN,World Bank,,generic_v16_2_3_batch_reason,failed,retain_exclusion,confirm_reasoned_exclusion,cross_country_comparability_invalid,"This World Bank path is denominated in national/local-currency units or another non-comparable country-specific price basis. Absolute cross-country ranking would compare incompatible units, which is a hard v16.2.6 integrity failure.",Keep permanently blocked unless replaced by a genuinely comparable common-currency/PPP or dimensionless series with a separately validated definition.,,
1774,"Highest net bilateral aid flows from DAC donors, Finland",Economy · DC.DAC.FINL.CD,World Bank,,generic_v16_2_3_batch_reason,verified,retain_exclusion,confirm_reasoned_exclusion,donor_aid_flow_matrix_overproliferation,Country-by-donor and agency-specific aid-flow slices form a highly repetitive matrix and are not strong standalone world-knowledge questions for the core game.,"Keep excluded; retain only broad, intuitive aid/development-finance concepts if separately justified.",,
1775,Most refugees returned home,Displacement · solutions:coo:returned_refugees,UNHCR,64,generic_v15_rejected_only,verified,retain_exclusion,confirm_reasoned_exclusion,family_density_specialty_v16_2_6_final_curation,"Understandable, but it is a narrower solutions/returns measure and adds less breadth than the core asylum/refugee/displacement stock categories. Final v16.2.6 curation decision: this concept is not selected for the playable core, so there is no reason to leave its legacy state unresolved.","Keep excluded for v16.2.6. A future release may explicitly reopen it, but the historical rejection is now backed by this current editorial curation decision.",family:unhcr:most-refugees-returned-home,ready_for_source_family_validation
1776,"Highest net official flows from UN agencies, UNWOMEN",Development · DT.NFL.UNWN.CD,World Bank,,generic_v16_2_3_batch_reason,verified,retain_exclusion,confirm_reasoned_exclusion,donor_aid_flow_matrix_overproliferation,Country-by-donor and agency-specific aid-flow slices form a highly repetitive matrix and are not strong standalone world-knowledge questions for the core game.,"Keep excluded; retain only broad, intuitive aid/development-finance concepts if separately justified.",,
1777,"Highest net bilateral aid flows from DAC donors, Netherlands",Economy · DC.DAC.NLDL.CD,World Bank,,generic_v16_2_3_batch_reason,verified,retain_exclusion,confirm_reasoned_exclusion,donor_aid_flow_matrix_overproliferation,Country-by-donor and agency-specific aid-flow slices form a highly repetitive matrix and are not strong standalone world-knowledge questions for the core game.,"Keep excluded; retain only broad, intuitive aid/development-finance concepts if separately justified.",,
1778,Highest social contributions,Government · GC.REV.SOCL.CN,World Bank,,generic_v16_2_3_batch_reason,failed,retain_exclusion,confirm_reasoned_exclusion,cross_country_comparability_invalid,"This World Bank path is denominated in national/local-currency units or another non-comparable country-specific price basis. Absolute cross-country ranking would compare incompatible units, which is a hard v16.2.6 integrity failure.",Keep permanently blocked unless replaced by a genuinely comparable common-currency/PPP or dimensionless series with a separately validated definition.,,
1779,Highest cPIA business regulatory environment rating,Government · IQ.CPA.BREG.XQ,World Bank,,generic_v16_2_3_batch_reason,verified,retain_exclusion,confirm_reasoned_exclusion,specialized_composite_jargon,CPIA cluster scores are specialized expert-policy composites with limited intuitive meaning for general players and would add a dense block of closely related governance scores.,Keep excluded; use broader recognizable governance/democracy indices instead.,,
1780,Highest cPIA policy and institutions for environmental sustainability rating,Government · IQ.CPA.ENVR.XQ,World Bank,,generic_v16_2_3_batch_reason,verified,retain_exclusion,confirm_reasoned_exclusion,specialized_composite_jargon,CPIA cluster scores are specialized expert-policy composites with limited intuitive meaning for general players and would add a dense block of closely related governance scores.,Keep excluded; use broader recognizable governance/democracy indices instead.,,
1781,Largest average time to clear exports through customs,Economy · IC.CUS.DURS.EX,World Bank,,generic_v16_2_3_batch_reason,verified,retain_exclusion,confirm_reasoned_exclusion,world_bank_low_marginal_value_or_density,"After first-principles re-review, this leftover World Bank concept does not clear v16.2.6’s bar for distinct, intuitive, non-redundant player value relative to the curated catalog and recovered source families.","Keep excluded. A future release may reconsider only with a clearly distinct definition, strong source path and demonstrated player value.",,
1783,Highest school sanitation access,Infrastructure · SCHBSP.1.WTOILA,UNESCO UIS,63,generic_v15_rejected_only,verified,advance_to_validation,clear_generic_legacy_block,infrastructure_breadth,Concrete school-infrastructure measure that players can readily interpret; selected as an anchor from a larger cluster rather than shipping every closely related facility indicator.,Validate the UIS school-infrastructure series; preserve family caps so internet/electricity/sanitation do not proliferate into a near-duplicate block.,family:unesco:highest-school-sanitation,ready_for_source_family_validation
1784,Lowest youth unemployment rate,Labor · UNE_3EAP_SEX_AGE_DSB_RT_A,ILOSTAT,63,generic_v15_rejected_only,,retain_exclusion,confirm_reasoned_exclusion,labor_methodology_or_density_v16_2_6_final_curation,"Potentially useful, but either jargon/denominator-sensitive, source-repair dependent, a subgroup variant, or a lower-priority specialty labor measure; it needs family-level comparison before activation. Final v16.2.6 curation decision: this concept is not selected for the playable core, so there is no reason to leave its legacy state unresolved.","Keep excluded for v16.2.6. A future release may explicitly reopen it, but the historical rejection is now backed by this current editorial curation decision.",family:ilostat:lowest-youth-unemployment,ready_for_source_family_validation
1790,Highest energy intensity level of primary energy,Energy · EG.EGY.PRIM.PP.KD,World Bank,,generic_v16_2_3_batch_reason,verified,retain_exclusion,confirm_reasoned_exclusion,world_bank_low_marginal_value_or_density,"After first-principles re-review, this leftover World Bank concept does not clear v16.2.6’s bar for distinct, intuitive, non-redundant player value relative to the curated catalog and recovered source families.","Keep excluded. A future release may reconsider only with a clearly distinct definition, strong source path and demonstrated player value.",,
1792,"Highest net financial flows, IBRD",Economy · DT.NFL.MIBR.CD,World Bank,,generic_v16_2_3_batch_reason,verified,retain_exclusion,confirm_reasoned_exclusion,macro_finance_overproliferation,"This is a specialized balance-sheet, debt-service, financial-market, monetary, or government-finance series from the overgrown macro matrix. It is either jargon-heavy, size-dominated, denominator-sensitive, or too close to stronger retained economy anchors.",Keep excluded from the core catalog; a future macro category must have a plain-English definition and clear distinct player value.,,
1796,Highest skilled birth-attendance rate,Maternal Health · MDG_0000000025,WHO,62,generic_v15_rejected_only,,advance_to_validation,clear_generic_legacy_block,broad_health_anchor,"Broad, recognizable public-health or health-system measure that adds a distinct player-facing dimension and is not merely a demographic slice.","Validate the WHO source-family series, denominator, year consistency and coverage; retain fail-closed status until those gates pass.",family:who:highest-skilled-birth-attendance,ready_for_source_family_validation
1797,Highest expense,Government · GC.XPN.TOTL.CN,World Bank,,generic_v16_2_3_batch_reason,failed,retain_exclusion,confirm_reasoned_exclusion,cross_country_comparability_invalid,"This World Bank path is denominated in national/local-currency units or another non-comparable country-specific price basis. Absolute cross-country ranking would compare incompatible units, which is a hard v16.2.6 integrity failure.",Keep permanently blocked unless replaced by a genuinely comparable common-currency/PPP or dimensionless series with a separately validated definition.,,
1800,"Highest net bilateral aid flows from DAC donors, Portugal",Economy · DC.DAC.PRTL.CD,World Bank,,generic_v16_2_3_batch_reason,verified,retain_exclusion,confirm_reasoned_exclusion,donor_aid_flow_matrix_overproliferation,Country-by-donor and agency-specific aid-flow slices form a highly repetitive matrix and are not strong standalone world-knowledge questions for the core game.,"Keep excluded; retain only broad, intuitive aid/development-finance concepts if separately justified.",,
1801,"Highest net bilateral aid flows from DAC donors, Czechia",Economy · DC.DAC.CZEL.CD,World Bank,,generic_v16_2_3_batch_reason,verified,retain_exclusion,confirm_reasoned_exclusion,donor_aid_flow_matrix_overproliferation,Country-by-donor and agency-specific aid-flow slices form a highly repetitive matrix and are not strong standalone world-knowledge questions for the core game.,"Keep excluded; retain only broad, intuitive aid/development-finance concepts if separately justified.",,
1802,"Highest net incurrence of liabilities, total",Government · GC.LBL.TOTL.CN,World Bank,,generic_v16_2_3_batch_reason,failed,retain_exclusion,confirm_reasoned_exclusion,cross_country_comparability_invalid,"This World Bank path is denominated in national/local-currency units or another non-comparable country-specific price basis. Absolute cross-country ranking would compare incompatible units, which is a hard v16.2.6 integrity failure.",Keep permanently blocked unless replaced by a genuinely comparable common-currency/PPP or dimensionless series with a separately validated definition.,,
1804,"Highest net bilateral aid flows from DAC donors, New Zealand",Economy · DC.DAC.NZLL.CD,World Bank,,generic_v16_2_3_batch_reason,verified,retain_exclusion,confirm_reasoned_exclusion,donor_aid_flow_matrix_overproliferation,Country-by-donor and agency-specific aid-flow slices form a highly repetitive matrix and are not strong standalone world-knowledge questions for the core game.,"Keep excluded; retain only broad, intuitive aid/development-finance concepts if separately justified.",,
1805,"Highest gross fixed capital formation, private sector",Economy · NE.GDI.FPRV.CN,World Bank,62,generic_v15_rejected_only,,retain_exclusion,confirm_reasoned_exclusion,cross_country_comparability_invalid,"Absolute local-currency or linked/local-currency series is not valid for direct cross-country ranking; this is a hard comparability failure, not merely an old editorial preference.",Keep excluded under the permanent local-currency comparability gate.,,
1806,"Highest gross fixed capital formation, private sector",Economy · NE.GDI.FPRV.ZS,World Bank,62,generic_v15_rejected_only,,retain_exclusion,confirm_reasoned_exclusion,macro_or_landuse_curation_v16_2_6_final_curation,"Potentially understandable after careful naming, but it sits in an already dense macro/land-use family and is not strong enough to clear the legacy block without comparing nearby alternatives. Final v16.2.6 curation decision: this concept is not selected for the playable core, so there is no reason to leave its legacy state unresolved.","Keep excluded for v16.2.6. A future release may explicitly reopen it, but the historical rejection is now backed by this current editorial curation decision.",,
1809,Highest other taxes,Government · GC.TAX.OTHR.CN,World Bank,,generic_v16_2_3_batch_reason,failed,retain_exclusion,confirm_reasoned_exclusion,cross_country_comparability_invalid,"This World Bank path is denominated in national/local-currency units or another non-comparable country-specific price basis. Absolute cross-country ranking would compare incompatible units, which is a hard v16.2.6 integrity failure.",Keep permanently blocked unless replaced by a genuinely comparable common-currency/PPP or dimensionless series with a separately validated definition.,,
1813,"Highest pPG, IDA",Economy · DT.DOD.MIDA.CD,World Bank,,generic_v16_2_3_batch_reason,verified,retain_exclusion,confirm_reasoned_exclusion,macro_finance_overproliferation,"This is a specialized balance-sheet, debt-service, financial-market, monetary, or government-finance series from the overgrown macro matrix. It is either jargon-heavy, size-dominated, denominator-sensitive, or too close to stronger retained economy anchors.",Keep excluded from the core catalog; a future macro category must have a plain-English definition and clear distinct player value.,,
1815,Highest cPIA trade rating,Government · IQ.CPA.TRAD.XQ,World Bank,,generic_v16_2_3_batch_reason,verified,retain_exclusion,confirm_reasoned_exclusion,specialized_composite_jargon,CPIA cluster scores are specialized expert-policy composites with limited intuitive meaning for general players and would add a dense block of closely related governance scores.,Keep excluded; use broader recognizable governance/democracy indices instead.,,
1816,Most other people needing international protection,Displacement · population:coa:oip,UNHCR,61,generic_v15_rejected_only,,retain_exclusion,confirm_reasoned_exclusion,specialized_or_jargon,Too specialized for the core playable catalog: the label depends on UNHCR-specific status terminology or a narrow return-flow subcategory rather than broadly recognizable world knowledge.,Keep excluded; do not reactivate merely because the UNHCR source now validates.,family:unhcr:most-other-people-needing-protection,ready_for_source_family_validation
1817,Highest survival to the last grade of primary school,Education · SR.1.GLAST.CP,UNESCO UIS,60,generic_v15_rejected_only,verified,retain_exclusion,confirm_reasoned_exclusion,family_density_near_duplicate_v16_2_6_final_curation,"Plausible in isolation, but too close to a stronger retained stage/subject/infrastructure anchor or part of an over-dense education family; needs family-level curation before any legacy block is cleared. Final v16.2.6 curation decision: this concept is not selected for the playable core, so there is no reason to leave its legacy state unresolved.","Keep excluded for v16.2.6. A future release may explicitly reopen it, but the historical rejection is now backed by this current editorial curation decision.",family:unesco:highest-primary-survival,ready_for_source_family_validation
1819,Highest lower-secondary reading proficiency,Education · READ.LOWERSEC,UNESCO UIS,60,generic_v15_rejected_only,verified,advance_to_validation,clear_generic_legacy_block,learning_outcome_anchor,"Reading and mathematics proficiency are distinct, recognizable learning outcomes; lower-secondary is retained as the common stage anchor to avoid four stage-by-subject variants.",Validate UIS assessment comparability and country coverage; do not automatically add the corresponding primary-stage duplicates.,family:unesco:highest-reading-proficiency-lower-secondary,ready_for_source_family_validation
1820,Highest net acquisition of financial assets,Government · GC.AST.TOTL.CN,World Bank,,generic_v16_2_3_batch_reason,failed,retain_exclusion,confirm_reasoned_exclusion,cross_country_comparability_invalid,"This World Bank path is denominated in national/local-currency units or another non-comparable country-specific price basis. Absolute cross-country ranking would compare incompatible units, which is a hard v16.2.6 integrity failure.",Keep permanently blocked unless replaced by a genuinely comparable common-currency/PPP or dimensionless series with a separately validated definition.,,
1821,"Highest portfolio investment, bonds (PPG + PNG)",Economy · DT.NFL.BOND.CD,World Bank,,generic_v16_2_3_batch_reason,verified,retain_exclusion,confirm_reasoned_exclusion,macro_finance_overproliferation,"This is a specialized balance-sheet, debt-service, financial-market, monetary, or government-finance series from the overgrown macro matrix. It is either jargon-heavy, size-dominated, denominator-sensitive, or too close to stronger retained economy anchors.",Keep excluded from the core catalog; a future macro category must have a plain-English definition and clear distinct player value.,,
1822,"Highest pPG, bonds",Economy · DT.NFL.PBND.CD,World Bank,,generic_v16_2_3_batch_reason,verified,retain_exclusion,confirm_reasoned_exclusion,macro_finance_overproliferation,"This is a specialized balance-sheet, debt-service, financial-market, monetary, or government-finance series from the overgrown macro matrix. It is either jargon-heavy, size-dominated, denominator-sensitive, or too close to stronger retained economy anchors.",Keep excluded from the core catalog; a future macro category must have a plain-English definition and clear distinct player value.,,
1826,Most internally displaced people returned,Displacement · solutions:coa:returned_idps,UNHCR,60,generic_v15_rejected_only,,retain_exclusion,confirm_reasoned_exclusion,specialized_or_jargon,Too specialized for the core playable catalog: the label depends on UNHCR-specific status terminology or a narrow return-flow subcategory rather than broadly recognizable world knowledge.,Keep excluded; do not reactivate merely because the UNHCR source now validates.,family:unhcr:most-returned-idps,ready_for_source_family_validation
1827,Highest youth literacy rate,Education · LR.AG15T24,UNESCO UIS,59,generic_v15_rejected_only,,retain_exclusion,confirm_reasoned_exclusion,subgroup_slice,Youth literacy is an age-sliced variant of the broader literacy concept; the catalog should prefer adult/general literacy rather than multiplying demographic variants.,Keep excluded unless a future mode explicitly calls for demographic subgroup categories.,family:unesco:highest-youth-literacy,ready_for_source_family_validation
1828,Highest investment in energy with private participation,Energy · IE.PPI.ENGY.CD,World Bank,,generic_v16_2_3_batch_reason,verified,retain_exclusion,confirm_reasoned_exclusion,world_bank_low_marginal_value_or_density,"After first-principles re-review, this leftover World Bank concept does not clear v16.2.6’s bar for distinct, intuitive, non-redundant player value relative to the curated catalog and recovered source families.","Keep excluded. A future release may reconsider only with a clearly distinct definition, strong source path and demonstrated player value.",,
1829,Highest public private partnerships investment in energy,Infrastructure · IE.PPN.ENGY.CD,World Bank,,generic_v16_2_3_batch_reason,verified,retain_exclusion,confirm_reasoned_exclusion,world_bank_low_marginal_value_or_density,"After first-principles re-review, this leftover World Bank concept does not clear v16.2.6’s bar for distinct, intuitive, non-redundant player value relative to the curated catalog and recovered source families.","Keep excluded. A future release may reconsider only with a clearly distinct definition, strong source path and demonstrated player value.",,
1830,Highest primary mathematics proficiency,Education · MATH.PRIMARY,UNESCO UIS,58,generic_v15_rejected_only,verified,retain_exclusion,confirm_reasoned_exclusion,family_density_near_duplicate_v16_2_6_final_curation,"Plausible in isolation, but too close to a stronger retained stage/subject/infrastructure anchor or part of an over-dense education family; needs family-level curation before any legacy block is cleared. Final v16.2.6 curation decision: this concept is not selected for the playable core, so there is no reason to leave its legacy state unresolved.","Keep excluded for v16.2.6. A future release may explicitly reopen it, but the historical rejection is now backed by this current editorial curation decision.",family:unesco:highest-math-proficiency-primary,ready_for_source_family_validation
1831,"Highest firms that introduced a new product/service and process, and spent on R&D",Development · IC.FRM.NPRD.ZS,World Bank,,generic_v16_2_3_batch_reason,verified,retain_exclusion,confirm_reasoned_exclusion,world_bank_low_marginal_value_or_density,"After first-principles re-review, this leftover World Bank concept does not clear v16.2.6’s bar for distinct, intuitive, non-redundant player value relative to the curated catalog and recovered source families.","Keep excluded. A future release may reconsider only with a clearly distinct definition, strong source path and demonstrated player value.",,
1832,Highest lower-secondary mathematics proficiency,Education · MATH.LOWERSEC,UNESCO UIS,58,generic_v15_rejected_only,verified,advance_to_validation,clear_generic_legacy_block,learning_outcome_anchor,"Reading and mathematics proficiency are distinct, recognizable learning outcomes; lower-secondary is retained as the common stage anchor to avoid four stage-by-subject variants.",Validate UIS assessment comparability and country coverage; do not automatically add the corresponding primary-stage duplicates.,family:unesco:highest-math-proficiency-lower-secondary,ready_for_source_family_validation
1833,"Highest net bilateral aid flows from DAC donors, Lithuania",Development · DC.DAC.LTUL.CD,World Bank,,generic_v16_2_3_batch_reason,verified,retain_exclusion,confirm_reasoned_exclusion,donor_aid_flow_matrix_overproliferation,Country-by-donor and agency-specific aid-flow slices form a highly repetitive matrix and are not strong standalone world-knowledge questions for the core game.,"Keep excluded; retain only broad, intuitive aid/development-finance concepts if separately justified.",,
1835,Highest b-READY: Business Entry Pillar 3: Operational Efficiency of Business Entry,Development · IC.BRE.BE.P3,World Bank,,generic_v16_2_3_batch_reason,verified,retain_exclusion,confirm_reasoned_exclusion,world_bank_low_marginal_value_or_density,"After first-principles re-review, this leftover World Bank concept does not clear v16.2.6’s bar for distinct, intuitive, non-redundant player value relative to the curated catalog and recovered source families.","Keep excluded. A future release may reconsider only with a clearly distinct definition, strong source path and demonstrated player value.",,
1844,Highest b-READY: Labor Pillar 1: Quality of Labor Regulations,Development · IC.BRE.LB.P1,World Bank,,generic_v16_2_3_batch_reason,verified,retain_exclusion,confirm_reasoned_exclusion,world_bank_low_marginal_value_or_density,"After first-principles re-review, this leftover World Bank concept does not clear v16.2.6’s bar for distinct, intuitive, non-redundant player value relative to the curated catalog and recovered source families.","Keep excluded. A future release may reconsider only with a clearly distinct definition, strong source path and demonstrated player value.",,
1845,Highest b-READY: Labor Pillar 2: Adequacy of Public Services for Labor,Development · IC.BRE.LB.P2,World Bank,,generic_v16_2_3_batch_reason,verified,retain_exclusion,confirm_reasoned_exclusion,world_bank_low_marginal_value_or_density,"After first-principles re-review, this leftover World Bank concept does not clear v16.2.6’s bar for distinct, intuitive, non-redundant player value relative to the curated catalog and recovered source families.","Keep excluded. A future release may reconsider only with a clearly distinct definition, strong source path and demonstrated player value.",,
1847,Highest b-READY: Pillar 1: Regulatory Framework,Development · IC.BRE.P1.RF,World Bank,,generic_v16_2_3_batch_reason,verified,retain_exclusion,confirm_reasoned_exclusion,world_bank_low_marginal_value_or_density,"After first-principles re-review, this leftover World Bank concept does not clear v16.2.6’s bar for distinct, intuitive, non-redundant player value relative to the curated catalog and recovered source families.","Keep excluded. A future release may reconsider only with a clearly distinct definition, strong source path and demonstrated player value.",,
1848,Highest b-READY: Pillar 2: Public Services,Development · IC.BRE.P2.PS,World Bank,,generic_v16_2_3_batch_reason,verified,retain_exclusion,confirm_reasoned_exclusion,world_bank_low_marginal_value_or_density,"After first-principles re-review, this leftover World Bank concept does not clear v16.2.6’s bar for distinct, intuitive, non-redundant player value relative to the curated catalog and recovered source families.","Keep excluded. A future release may reconsider only with a clearly distinct definition, strong source path and demonstrated player value.",,
1849,Highest b-READY: Pillar 3: Operational Efficiency,Development · IC.BRE.P3.OE,World Bank,,generic_v16_2_3_batch_reason,verified,retain_exclusion,confirm_reasoned_exclusion,world_bank_low_marginal_value_or_density,"After first-principles re-review, this leftover World Bank concept does not clear v16.2.6’s bar for distinct, intuitive, non-redundant player value relative to the curated catalog and recovered source families.","Keep excluded. A future release may reconsider only with a clearly distinct definition, strong source path and demonstrated player value.",,
1850,Highest b-READY: Taxation Pillar 1: Quality of Regulations on Taxation,Development · IC.BRE.TX.P1,World Bank,,generic_v16_2_3_batch_reason,verified,retain_exclusion,confirm_reasoned_exclusion,world_bank_low_marginal_value_or_density,"After first-principles re-review, this leftover World Bank concept does not clear v16.2.6’s bar for distinct, intuitive, non-redundant player value relative to the curated catalog and recovered source families.","Keep excluded. A future release may reconsider only with a clearly distinct definition, strong source path and demonstrated player value.",,
1855,"Highest net ODA provided, total",Development · DC.ODA.TOTL.KD,World Bank,,generic_v16_2_3_batch_reason,verified,retain_exclusion,confirm_reasoned_exclusion,world_bank_low_marginal_value_or_density,"After first-principles re-review, this leftover World Bank concept does not clear v16.2.6’s bar for distinct, intuitive, non-redundant player value relative to the curated catalog and recovered source families.","Keep excluded. A future release may reconsider only with a clearly distinct definition, strong source path and demonstrated player value.",,
1856,"Highest net ODA provided, total",Development · DC.ODA.TOTL.CD,World Bank,,generic_v16_2_3_batch_reason,verified,retain_exclusion,confirm_reasoned_exclusion,world_bank_low_marginal_value_or_density,"After first-principles re-review, this leftover World Bank concept does not clear v16.2.6’s bar for distinct, intuitive, non-redundant player value relative to the curated catalog and recovered source families.","Keep excluded. A future release may reconsider only with a clearly distinct definition, strong source path and demonstrated player value.",,
1857,Highest adult literacy rate,Education · LR.AG15T99,UNESCO UIS,57,generic_v15_rejected_only,,advance_to_validation,clear_generic_legacy_block,broad_intuitive_distinct,"Adult literacy is a broad, familiar national outcome and is preferable to narrower age-slice variants.",Resolve/validate the current UIS literacy series and coverage before activation.,family:unesco:highest-adult-literacy,ready_for_source_family_validation
1858,"Highest net official flows from UN agencies, UNHCR",Economy · DT.NFL.UNCR.CD,World Bank,,generic_v16_2_3_batch_reason,verified,retain_exclusion,confirm_reasoned_exclusion,donor_aid_flow_matrix_overproliferation,Country-by-donor and agency-specific aid-flow slices form a highly repetitive matrix and are not strong standalone world-knowledge questions for the core game.,"Keep excluded; retain only broad, intuitive aid/development-finance concepts if separately justified.",,
1859,"Highest pPG, other private creditors",Economy · DT.NFL.PROP.CD,World Bank,,generic_v16_2_3_batch_reason,verified,retain_exclusion,confirm_reasoned_exclusion,macro_finance_overproliferation,"This is a specialized balance-sheet, debt-service, financial-market, monetary, or government-finance series from the overgrown macro matrix. It is either jargon-heavy, size-dominated, denominator-sensitive, or too close to stronger retained economy anchors.",Keep excluded from the core catalog; a future macro category must have a plain-English definition and clear distinct player value.,,
1871,"Highest net financial flows, IMF nonconcessional",Economy · DT.NFL.IMFN.CD,World Bank,,generic_v16_2_3_batch_reason,verified,retain_exclusion,confirm_reasoned_exclusion,macro_finance_overproliferation,"This is a specialized balance-sheet, debt-service, financial-market, monetary, or government-finance series from the overgrown macro matrix. It is either jargon-heavy, size-dominated, denominator-sensitive, or too close to stronger retained economy anchors.",Keep excluded from the core catalog; a future macro category must have a plain-English definition and clear distinct player value.,,
1872,"Highest net official flows from UN agencies, SDGFUND",Development · DT.NFL.SDGF.CD,World Bank,,generic_v16_2_3_batch_reason,verified,retain_exclusion,confirm_reasoned_exclusion,donor_aid_flow_matrix_overproliferation,Country-by-donor and agency-specific aid-flow slices form a highly repetitive matrix and are not strong standalone world-knowledge questions for the core game.,"Keep excluded; retain only broad, intuitive aid/development-finance concepts if separately justified.",,
1874,"Highest net official flows from UN agencies, UNIDO",Development · DT.NFL.UNIDO.CD,World Bank,,generic_v16_2_3_batch_reason,verified,retain_exclusion,confirm_reasoned_exclusion,donor_aid_flow_matrix_overproliferation,Country-by-donor and agency-specific aid-flow slices form a highly repetitive matrix and are not strong standalone world-knowledge questions for the core game.,"Keep excluded; retain only broad, intuitive aid/development-finance concepts if separately justified.",,
1875,"Highest net official flows from UN agencies, UNPBF",Economy · DT.NFL.UNPB.CD,World Bank,,generic_v16_2_3_batch_reason,verified,retain_exclusion,confirm_reasoned_exclusion,donor_aid_flow_matrix_overproliferation,Country-by-donor and agency-specific aid-flow slices form a highly repetitive matrix and are not strong standalone world-knowledge questions for the core game.,"Keep excluded; retain only broad, intuitive aid/development-finance concepts if separately justified.",,
1878,Highest carbon dioxide (CO2) net fluxes from LULUCF - Organic Soil,Environment · EN.GHG.CO2.LU.OS.MT.CE.AR5,World Bank,55,generic_v15_rejected_only,,retain_exclusion,confirm_reasoned_exclusion,emissions_overproliferation,"This is part of the previously overgrown emissions matrix (gas/sector/LULUCF variants). Even when technically valid, it is too repetitive or specialized relative to a small set of broad emissions anchors.",Keep excluded; any future emissions expansion must demonstrate a genuinely new player-facing concept rather than another gas/sector slice.,,
1879,"Highest net official flows from UN agencies, CERF",Development · DT.NFL.CERF.CD,World Bank,,generic_v16_2_3_batch_reason,verified,retain_exclusion,confirm_reasoned_exclusion,donor_aid_flow_matrix_overproliferation,Country-by-donor and agency-specific aid-flow slices form a highly repetitive matrix and are not strong standalone world-knowledge questions for the core game.,"Keep excluded; retain only broad, intuitive aid/development-finance concepts if separately justified.",,
1880,"Highest central government debt, total",Government · GC.DOD.TOTL.CN,World Bank,,generic_v16_2_3_batch_reason,failed,retain_exclusion,confirm_reasoned_exclusion,cross_country_comparability_invalid,"This World Bank path is denominated in national/local-currency units or another non-comparable country-specific price basis. Absolute cross-country ranking would compare incompatible units, which is a hard v16.2.6 integrity failure.",Keep permanently blocked unless replaced by a genuinely comparable common-currency/PPP or dimensionless series with a separately validated definition.,,
1882,"Highest net bilateral aid flows from DAC donors, Iceland",Economy · DC.DAC.ISLL.CD,World Bank,,generic_v16_2_3_batch_reason,verified,retain_exclusion,confirm_reasoned_exclusion,donor_aid_flow_matrix_overproliferation,Country-by-donor and agency-specific aid-flow slices form a highly repetitive matrix and are not strong standalone world-knowledge questions for the core game.,"Keep excluded; retain only broad, intuitive aid/development-finance concepts if separately justified.",,
1883,"Highest pNG, bonds",Economy · DT.NFL.PNGB.CD,World Bank,,generic_v16_2_3_batch_reason,verified,retain_exclusion,confirm_reasoned_exclusion,macro_finance_overproliferation,"This is a specialized balance-sheet, debt-service, financial-market, monetary, or government-finance series from the overgrown macro matrix. It is either jargon-heavy, size-dominated, denominator-sensitive, or too close to stronger retained economy anchors.",Keep excluded from the core catalog; a future macro category must have a plain-English definition and clear distinct player value.,,
1884,Largest taxes on exports,Government · GC.TAX.EXPT.CN,World Bank,,generic_v16_2_3_batch_reason,failed,retain_exclusion,confirm_reasoned_exclusion,cross_country_comparability_invalid,"This World Bank path is denominated in national/local-currency units or another non-comparable country-specific price basis. Absolute cross-country ranking would compare incompatible units, which is a hard v16.2.6 integrity failure.",Keep permanently blocked unless replaced by a genuinely comparable common-currency/PPP or dimensionless series with a separately validated definition.,,
1886,"Highest net ODA provided, to the least developed countries",Development · DC.ODA.TLDC.CD,World Bank,,generic_v16_2_3_batch_reason,verified,retain_exclusion,confirm_reasoned_exclusion,world_bank_low_marginal_value_or_density,"After first-principles re-review, this leftover World Bank concept does not clear v16.2.6’s bar for distinct, intuitive, non-redundant player value relative to the curated catalog and recovered source families.","Keep excluded. A future release may reconsider only with a clearly distinct definition, strong source path and demonstrated player value.",,
1888,"Highest net bilateral aid flows from DAC donors, Slovenia",Economy · DC.DAC.SVNL.CD,World Bank,,generic_v16_2_3_batch_reason,verified,retain_exclusion,confirm_reasoned_exclusion,donor_aid_flow_matrix_overproliferation,Country-by-donor and agency-specific aid-flow slices form a highly repetitive matrix and are not strong standalone world-knowledge questions for the core game.,"Keep excluded; retain only broad, intuitive aid/development-finance concepts if separately justified.",,
1889,"Highest net bilateral aid flows from DAC donors, Slovak Republic",Economy · DC.DAC.SVKL.CD,World Bank,,generic_v16_2_3_batch_reason,verified,retain_exclusion,confirm_reasoned_exclusion,donor_aid_flow_matrix_overproliferation,Country-by-donor and agency-specific aid-flow slices form a highly repetitive matrix and are not strong standalone world-knowledge questions for the core game.,"Keep excluded; retain only broad, intuitive aid/development-finance concepts if separately justified.",,
1890,"Highest net bilateral aid flows from DAC donors, Estonia",Development · DC.DAC.ESTL.CD,World Bank,,generic_v16_2_3_batch_reason,verified,retain_exclusion,confirm_reasoned_exclusion,donor_aid_flow_matrix_overproliferation,Country-by-donor and agency-specific aid-flow slices form a highly repetitive matrix and are not strong standalone world-knowledge questions for the core game.,"Keep excluded; retain only broad, intuitive aid/development-finance concepts if separately justified.",,
1893,Lowest alcohol-attributable death rate,Health · SA_0000001807_AA,WHO,52,generic_v15_rejected_only,,retain_exclusion,confirm_reasoned_exclusion,specialty_health_density_v16_2_6_final_curation,"Potentially valid but narrower/specialized than stronger health anchors or closely related to another retained access/care measure. Final v16.2.6 curation decision: this concept is not selected for the playable core, so there is no reason to leave its legacy state unresolved.","Keep excluded for v16.2.6. A future release may explicitly reopen it, but the historical rejection is now backed by this current editorial curation decision.",family:who:lowest-harmful-alcohol-use,hold_for_individual_editorial_review
1895,Highest renewable energy consumption,Energy · EG.FEC.RNEW\.ZS,World Bank,51,generic_v15_rejected_only,,advance_to_validation,clear_generic_legacy_block,broad_intuitive_distinct,"Renewable-energy consumption share is a broad and understandable energy-system measure, distinct from renewable electricity generation/share.","Resolve the exact current series, validate country coverage and denominator, and keep fail-closed until source-family checks pass.",,
1896,Highest investment in transport with private participation,Infrastructure · IE.PPI.TRAN.CD,World Bank,,generic_v16_2_3_batch_reason,verified,retain_exclusion,confirm_reasoned_exclusion,world_bank_low_marginal_value_or_density,"After first-principles re-review, this leftover World Bank concept does not clear v16.2.6’s bar for distinct, intuitive, non-redundant player value relative to the curated catalog and recovered source families.","Keep excluded. A future release may reconsider only with a clearly distinct definition, strong source path and demonstrated player value.",,
1897,Highest public private partnerships investment in transport,Infrastructure · IE.PPN.TRAN.CD,World Bank,,generic_v16_2_3_batch_reason,verified,retain_exclusion,confirm_reasoned_exclusion,world_bank_low_marginal_value_or_density,"After first-principles re-review, this leftover World Bank concept does not clear v16.2.6’s bar for distinct, intuitive, non-redundant player value relative to the curated catalog and recovered source families.","Keep excluded. A future release may reconsider only with a clearly distinct definition, strong source path and demonstrated player value.",,
1898,Highest primary reading proficiency,Education · READ.PRIMARY,UNESCO UIS,50,generic_v15_rejected_only,verified,retain_exclusion,confirm_reasoned_exclusion,family_density_near_duplicate_v16_2_6_final_curation,"Plausible in isolation, but too close to a stronger retained stage/subject/infrastructure anchor or part of an over-dense education family; needs family-level curation before any legacy block is cleared. Final v16.2.6 curation decision: this concept is not selected for the playable core, so there is no reason to leave its legacy state unresolved.","Keep excluded for v16.2.6. A future release may explicitly reopen it, but the historical rejection is now backed by this current editorial curation decision.",family:unesco:highest-reading-proficiency-primary,ready_for_source_family_validation
1899,Highest investment in ICT with private participation,Infrastructure · IE.PPI.ICTI.CD,World Bank,,generic_v16_2_3_batch_reason,verified,retain_exclusion,confirm_reasoned_exclusion,world_bank_low_marginal_value_or_density,"After first-principles re-review, this leftover World Bank concept does not clear v16.2.6’s bar for distinct, intuitive, non-redundant player value relative to the curated catalog and recovered source families.","Keep excluded. A future release may reconsider only with a clearly distinct definition, strong source path and demonstrated player value.",,
1900,Highest public private partnerships investment in ICT,Infrastructure · IE.PPN.ICTI.CD,World Bank,,generic_v16_2_3_batch_reason,verified,retain_exclusion,confirm_reasoned_exclusion,world_bank_low_marginal_value_or_density,"After first-principles re-review, this leftover World Bank concept does not clear v16.2.6’s bar for distinct, intuitive, non-redundant player value relative to the curated catalog and recovered source families.","Keep excluded. A future release may reconsider only with a clearly distinct definition, strong source path and demonstrated player value.",,
1901,"Highest net official flows from UN agencies, UNEP",Economy · DT.NFL.UNEP.CD,World Bank,,generic_v16_2_3_batch_reason,verified,retain_exclusion,confirm_reasoned_exclusion,donor_aid_flow_matrix_overproliferation,Country-by-donor and agency-specific aid-flow slices form a highly repetitive matrix and are not strong standalone world-knowledge questions for the core game.,"Keep excluded; retain only broad, intuitive aid/development-finance concepts if separately justified.",,
1902,Highest collective-bargaining coverage,Labor · ILR_CBCT_NOC_RT_A,ILOSTAT,48,generic_v15_rejected_only,verified,retain_exclusion,confirm_reasoned_exclusion,labor_methodology_or_density_v16_2_6_final_curation,"Potentially useful, but either jargon/denominator-sensitive, source-repair dependent, a subgroup variant, or a lower-priority specialty labor measure; it needs family-level comparison before activation. Final v16.2.6 curation decision: this concept is not selected for the playable core, so there is no reason to leave its legacy state unresolved.","Keep excluded for v16.2.6. A future release may explicitly reopen it, but the historical rejection is now backed by this current editorial curation decision.",family:ilostat:highest-collective-bargaining,hold_for_individual_editorial_review
1903,"Highest net financial flows, IMF concessional",Economy · DT.NFL.IMFC.CD,World Bank,,generic_v16_2_3_batch_reason,verified,retain_exclusion,confirm_reasoned_exclusion,macro_finance_overproliferation,"This is a specialized balance-sheet, debt-service, financial-market, monetary, or government-finance series from the overgrown macro matrix. It is either jargon-heavy, size-dominated, denominator-sensitive, or too close to stronger retained economy anchors.",Keep excluded from the core catalog; a future macro category must have a plain-English definition and clear distinct player value.,,
1905,"Highest net bilateral aid flows from DAC donors, Greece",Economy · DC.DAC.GRCL.CD,World Bank,,generic_v16_2_3_batch_reason,verified,retain_exclusion,confirm_reasoned_exclusion,donor_aid_flow_matrix_overproliferation,Country-by-donor and agency-specific aid-flow slices form a highly repetitive matrix and are not strong standalone world-knowledge questions for the core game.,"Keep excluded; retain only broad, intuitive aid/development-finance concepts if separately justified.",,
1906,"Highest net official flows from UN agencies, UNCOVID",Development · DT.NFL.UNCV.CD,World Bank,,generic_v16_2_3_batch_reason,verified,retain_exclusion,confirm_reasoned_exclusion,donor_aid_flow_matrix_overproliferation,Country-by-donor and agency-specific aid-flow slices form a highly repetitive matrix and are not strong standalone world-knowledge questions for the core game.,"Keep excluded; retain only broad, intuitive aid/development-finance concepts if separately justified.",,
1907,"Highest net official flows from UN agencies, UNCDF",Development · DT.NFL.UNCD.CD,World Bank,,generic_v16_2_3_batch_reason,verified,retain_exclusion,confirm_reasoned_exclusion,donor_aid_flow_matrix_overproliferation,Country-by-donor and agency-specific aid-flow slices form a highly repetitive matrix and are not strong standalone world-knowledge questions for the core game.,"Keep excluded; retain only broad, intuitive aid/development-finance concepts if separately justified.",,
1908,Highest doctor density,Healthcare · HWF_0001,WHO,45,generic_v15_rejected_only,,advance_to_validation,clear_generic_legacy_block,broad_health_anchor,"Broad, recognizable public-health or health-system measure that adds a distinct player-facing dimension and is not merely a demographic slice.","Validate the WHO source-family series, denominator, year consistency and coverage; retain fail-closed status until those gates pass.",family:who:highest-doctor-density,ready_for_source_family_validation
1909,Lowest cigarette-smoking rate,Health · Yth_curr_cig_smoking,WHO,45,generic_v15_rejected_only,,advance_to_validation,clear_generic_legacy_block,broad_health_anchor,"Broad, recognizable public-health or health-system measure that adds a distinct player-facing dimension and is not merely a demographic slice.","Validate the WHO source-family series, denominator, year consistency and coverage; retain fail-closed status until those gates pass.",family:who:lowest-cigarette-smoking,ready_for_source_family_validation
1910,Highest pharmacist density,Healthcare · HWF_0014,WHO,45,generic_v15_rejected_only,,retain_exclusion,confirm_reasoned_exclusion,specialty_health_density_v16_2_6_final_curation,"Potentially valid but narrower/specialized than stronger health anchors or closely related to another retained access/care measure. Final v16.2.6 curation decision: this concept is not selected for the playable core, so there is no reason to leave its legacy state unresolved.","Keep excluded for v16.2.6. A future release may explicitly reopen it, but the historical rejection is now backed by this current editorial curation decision.",family:who:highest-pharmacist-density,ready_for_source_family_validation
1911,Highest antenatal-care coverage,Maternal Health · WHS4_154,WHO,45,generic_v15_rejected_only,,retain_exclusion,confirm_reasoned_exclusion,specialty_health_density_v16_2_6_final_curation,"Potentially valid but narrower/specialized than stronger health anchors or closely related to another retained access/care measure. Final v16.2.6 curation decision: this concept is not selected for the playable core, so there is no reason to leave its legacy state unresolved.","Keep excluded for v16.2.6. A future release may explicitly reopen it, but the historical rejection is now backed by this current editorial curation decision.",family:who:highest-antenatal-care,ready_for_source_family_validation
1912,"Highest net official flows from UN agencies, WTO-ITC",Development · DT.NFL.WITC.CD,World Bank,,generic_v16_2_3_batch_reason,verified,retain_exclusion,confirm_reasoned_exclusion,donor_aid_flow_matrix_overproliferation,Country-by-donor and agency-specific aid-flow slices form a highly repetitive matrix and are not strong standalone world-knowledge questions for the core game.,"Keep excluded; retain only broad, intuitive aid/development-finance concepts if separately justified.",,
1914,Highest life expectancy,Health · WHOSIS_000001,WHO,42,generic_v15_rejected_only,,advance_to_validation,clear_generic_legacy_block,source_superseded_concept_retained,Life expectancy is a core world-knowledge category; the concept should survive even though the old WHO row was rejected because the current build has a preferred UN WPP source path.,Use UN World Population Prospects 2024 as the preferred source and clear only the historical generic-title veto.,candidate:074,ready_for_validated_import
1917,Highest handwashing access,Infrastructure · WSH_HYGIENE_BASIC,WHO,39,generic_v15_rejected_only,,advance_to_validation,clear_generic_legacy_block,broad_health_anchor,"Broad, recognizable public-health or health-system measure that adds a distinct player-facing dimension and is not merely a demographic slice.","Validate the WHO source-family series, denominator, year consistency and coverage; retain fail-closed status until those gates pass.",family:who:highest-handwashing-access,ready_for_source_family_validation
1918,Highest healthy life expectancy,Health · WHOSIS_000002,WHO,38,generic_v15_rejected_only,,retain_exclusion,confirm_reasoned_exclusion,near_duplicate_less_intuitive,Healthy life expectancy is substantially less intuitive to players and too close to the stronger ordinary life-expectancy category for the core catalog.,Keep excluded; retain ordinary life expectancy as the anchor.,family:who:highest-healthy-life-expectancy,ready_for_source_family_validation
1919,Lowest high-blood-pressure rate,Health · NCD_HYP_PREVALENCE_A,WHO,38,generic_v15_rejected_only,failed,advance_to_validation,clear_generic_legacy_block,broad_health_anchor,"Broad, recognizable public-health or health-system measure that adds a distinct player-facing dimension and is not merely a demographic slice.","Validate the WHO source-family series, denominator, year consistency and coverage; retain fail-closed status until those gates pass.",family:who:lowest-high-blood-pressure-rate,ready_for_source_family_validation
1920,Highest investment in water and sanitation with private participation,Infrastructure · IE.PPI.WATR.CD,World Bank,,generic_v16_2_3_batch_reason,verified,retain_exclusion,confirm_reasoned_exclusion,world_bank_low_marginal_value_or_density,"After first-principles re-review, this leftover World Bank concept does not clear v16.2.6’s bar for distinct, intuitive, non-redundant player value relative to the curated catalog and recovered source families.","Keep excluded. A future release may reconsider only with a clearly distinct definition, strong source path and demonstrated player value.",,
1921,Highest public private partnerships investment in water and sanitation,Infrastructure · IE.PPN.WATR.CD,World Bank,,generic_v16_2_3_batch_reason,verified,retain_exclusion,confirm_reasoned_exclusion,world_bank_low_marginal_value_or_density,"After first-principles re-review, this leftover World Bank concept does not clear v16.2.6’s bar for distinct, intuitive, non-redundant player value relative to the curated catalog and recovered source families.","Keep excluded. A future release may reconsider only with a clearly distinct definition, strong source path and demonstrated player value.",,
1922,Highest hospital-bed density,Healthcare · GDO_q9x1_3,WHO,33,generic_v15_rejected_only,,advance_to_validation,clear_generic_legacy_block,broad_health_anchor,"Broad, recognizable public-health or health-system measure that adds a distinct player-facing dimension and is not merely a demographic slice.","Validate the WHO source-family series, denominator, year consistency and coverage; retain fail-closed status until those gates pass.",family:who:highest-hospital-bed-density,ready_for_source_family_validation
1923,"Highest net official flows from UN agencies, UNRWA",Economy · DT.NFL.UNRW\.CD,World Bank,,generic_v16_2_3_batch_reason,verified,retain_exclusion,confirm_reasoned_exclusion,donor_aid_flow_matrix_overproliferation,Country-by-donor and agency-specific aid-flow slices form a highly repetitive matrix and are not strong standalone world-knowledge questions for the core game.,"Keep excluded; retain only broad, intuitive aid/development-finance concepts if separately justified.",,
1924,Lowest suicide rate,Health · MH_12,WHO,25,generic_v15_rejected_only,,advance_to_validation,clear_generic_legacy_block,broad_health_anchor,"Broad, recognizable public-health or health-system measure that adds a distinct player-facing dimension and is not merely a demographic slice.","Validate the WHO source-family series, denominator, year consistency and coverage; retain fail-closed status until those gates pass.",family:who:lowest-suicide-rate,ready_for_source_family_validation
1926,Highest mineral-rent dependence,Resources · NY.GDP.MINR.RT.ZS,World Bank,,category_specific_or_product_decision,verified,retain_exclusion,confirm_reasoned_exclusion,explicit_legacy_product_or_duplicate_decision,"This was not merely an unexplained legacy rejection: it carried an explicit product/duplicate decision, and no current canonical category requires the title veto to be lifted.",Preserve the exclusion; reconsider only through an explicit future product decision.,,
1927,Highest natural-gas-rent dependence,Resources · NY.GDP.NGAS.RT.ZS,World Bank,,category_specific_or_product_decision,verified,retain_exclusion,confirm_reasoned_exclusion,explicit_legacy_product_or_duplicate_decision,"This was not merely an unexplained legacy rejection: it carried an explicit product/duplicate decision, and no current canonical category requires the title veto to be lifted.",Preserve the exclusion; reconsider only through an explicit future product decision.,,
1928,Highest oil-rent dependence,Resources · NY.GDP.PETR.RT.ZS,World Bank,,category_specific_or_product_decision,verified,retain_exclusion,confirm_reasoned_exclusion,explicit_legacy_product_or_duplicate_decision,"This was not merely an unexplained legacy rejection: it carried an explicit product/duplicate decision, and no current canonical category requires the title veto to be lifted.",Preserve the exclusion; reconsider only through an explicit future product decision.,,
1929,Highest renewable electricity share,Energy · EG.ELC.RNEW\.ZS,World Bank,,category_specific_or_product_decision,verified,retain_exclusion,confirm_reasoned_exclusion,explicit_legacy_product_or_duplicate_decision,"This was not merely an unexplained legacy rejection: it carried an explicit product/duplicate decision, and no current canonical category requires the title veto to be lifted.",Preserve the exclusion; reconsider only through an explicit future product decision.,,
1930,Lowest road fatality rate,Transport · SH.STA.TRAF.P5,World Bank,,category_specific_or_product_decision,verified,retain_exclusion,confirm_reasoned_exclusion,explicit_legacy_product_or_duplicate_decision,"This was not merely an unexplained legacy rejection: it carried an explicit product/duplicate decision, and no current canonical category requires the title veto to be lifted.",Preserve the exclusion; reconsider only through an explicit future product decision.,,
1931,Most rail freight,Transport · IS.RRS.GOOD.MT.K6,World Bank,,category_specific_or_product_decision,verified,retain_exclusion,confirm_reasoned_exclusion,explicit_legacy_product_or_duplicate_decision,"This was not merely an unexplained legacy rejection: it carried an explicit product/duplicate decision, and no current canonical category requires the title veto to be lifted.",Preserve the exclusion; reconsider only through an explicit future product decision.,,
1932,Most rail passenger travel,Transport · IS.RRS.PASG.KM,World Bank,,category_specific_or_product_decision,verified,clear_legacy_block_current_path_governs,clear_generic_legacy_block,current_canonical_path_governs,"This legacy row collides with a current retained/validated-path concept (Most rail passenger travel). The old rejected source/path must remain dead, but its title-level legacy veto must not disable the current canonical path.","Clear only the historical title/semantic veto. Keep the old source row excluded and let the current category pass the normal source, quality, duplicate and editorial gates.",family:worldbankinfra:rail-passengers,ready_for_source_family_validation
1933,Most resident patent applications,Knowledge · IP.PAT.RESD,World Bank,,category_specific_or_product_decision,verified,retain_exclusion,confirm_reasoned_exclusion,explicit_legacy_product_or_duplicate_decision,"This was not merely an unexplained legacy rejection: it carried an explicit product/duplicate decision, and no current canonical category requires the title veto to be lifted.",Preserve the exclusion; reconsider only through an explicit future product decision.,,
