category_title,source,domain_and_series,source_line,legacy_rejection_basis_seed,required_v16_2_6_action
Most asylum seekers originating,UNHCR,Displacement · population:coo:asylum_seekers,589,generic_v15_rejected_only,full first-principles re-review; old status alone is not a sufficient reason
Highest cabbage yield,FAOSTAT,Vegetables · QCL:'01212:5412,594,generic_v15_rejected_only,full first-principles re-review; old status alone is not a sufficient reason
Highest carrots and turnips yield,FAOSTAT,Vegetables · QCL:'01251:5412,595,generic_v15_rejected_only,full first-principles re-review; old status alone is not a sufficient reason
Highest wheat yield,FAOSTAT,Crops · QCL:'0111:5412,596,generic_v15_rejected_only,full first-principles re-review; old status alone is not a sufficient reason
Highest barley yield,FAOSTAT,Crops · QCL:'0115:5412,598,generic_v15_rejected_only,full first-principles re-review; old status alone is not a sufficient reason
Lowest upper-secondary out-of-school rate,UNESCO UIS,Education · ROFST.MOD.3,600,generic_v15_rejected_only,full first-principles re-review; old status alone is not a sufficient reason
Lowest lower-secondary out-of-school rate,UNESCO UIS,Education · ROFST.MOD.2,601,generic_v15_rejected_only,full first-principles re-review; old status alone is not a sufficient reason
Most fruit produced,FAOSTAT,Fruit · QCL:'F1738:5412,602,generic_v15_rejected_only,full first-principles re-review; old status alone is not a sufficient reason
"Highest Roots and Tubers, Total yield",FAOSTAT,Agriculture · QCL:'F1720:5412,603,generic_v15_rejected_only,full first-principles re-review; old status alone is not a sufficient reason
Highest Vegetables Primary yield,FAOSTAT,Vegetables · QCL:'F1735:5412,604,generic_v15_rejected_only,full first-principles re-review; old status alone is not a sufficient reason
Highest milk yield per cow,FAOSTAT,Livestock · QCL:'02211:5417,605,generic_v15_rejected_only,full first-principles re-review; old status alone is not a sufficient reason
Highest primary-school completion rate,UNESCO UIS,Education · CR.MOD.1,606,generic_v15_rejected_only,full first-principles re-review; old status alone is not a sufficient reason
Highest upper-secondary completion rate,UNESCO UIS,Education · CR.MOD.3,607,generic_v15_rejected_only,full first-principles re-review; old status alone is not a sufficient reason
Modeled lower-secondary completion rate,UNESCO UIS,Education · CR.MOD.2,608,generic_v15_rejected_only,full first-principles re-review; old status alone is not a sufficient reason
Most asylum seekers hosted,UNHCR,Displacement · population:coa:asylum_seekers,609,generic_v15_rejected_only,full first-principles re-review; old status alone is not a sufficient reason
Highest corn yield,FAOSTAT,Crops · QCL:'0112:5412,610,generic_v15_rejected_only,full first-principles re-review; old status alone is not a sufficient reason
Highest potatoes yield,FAOSTAT,Crops · QCL:'01510:5412,611,generic_v15_rejected_only,full first-principles re-review; old status alone is not a sufficient reason
Highest onions and shallots yield,FAOSTAT,Vegetables · QCL:'01253.02:5412,612,generic_v15_rejected_only,full first-principles re-review; old status alone is not a sufficient reason
Highest Sugar Crops Primary yield,FAOSTAT,Crops · QCL:'F1723:5412,613,generic_v15_rejected_only,full first-principles re-review; old status alone is not a sufficient reason
Highest cucumbers and gherkins yield,FAOSTAT,Vegetables · QCL:'01232:5412,614,generic_v15_rejected_only,full first-principles re-review; old status alone is not a sufficient reason
Highest green chilies and peppers yield,FAOSTAT,Vegetables · QCL:'01231:5412,615,generic_v15_rejected_only,full first-principles re-review; old status alone is not a sufficient reason
Largest Wheat harvested area,FAOSTAT,Crops · QCL:'0111:5312,616,generic_v15_rejected_only,full first-principles re-review; old status alone is not a sufficient reason
Highest rice yield,FAOSTAT,Crops · QCL:'0113:5412,618,generic_v15_rejected_only,full first-principles re-review; old status alone is not a sufficient reason
Largest Barley harvested area,FAOSTAT,Crops · QCL:'0115:5312,619,generic_v15_rejected_only,full first-principles re-review; old status alone is not a sufficient reason
Highest Green garlic yield,FAOSTAT,Agriculture · QCL:'01252:5412,620,generic_v15_rejected_only,full first-principles re-review; old status alone is not a sufficient reason
Highest lemons and limes yield,FAOSTAT,Fruit · QCL:'01322:5412,621,generic_v15_rejected_only,full first-principles re-review; old status alone is not a sufficient reason
Highest lettuce and chicory yield,FAOSTAT,Agriculture · QCL:'01214:5412,622,generic_v15_rejected_only,full first-principles re-review; old status alone is not a sufficient reason
"Highest Other beans, green yield",FAOSTAT,Crops · QCL:'01241.90:5412,623,generic_v15_rejected_only,full first-principles re-review; old status alone is not a sufficient reason
Highest soybeans yield,FAOSTAT,Crops · QCL:'0141:5412,624,generic_v15_rejected_only,full first-principles re-review; old status alone is not a sufficient reason
"Highest Beef and Buffalo Meat, primary yield",FAOSTAT,Livestock · QCL:'F1806:5417,626,generic_v15_rejected_only,full first-principles re-review; old status alone is not a sufficient reason
"Highest Meat of cattle with the bone, fresh or chilled yield",FAOSTAT,Livestock · QCL:'21111.01:5417,628,generic_v15_rejected_only,full first-principles re-review; old status alone is not a sufficient reason
"Highest Meat of chickens, fresh or chilled yield",FAOSTAT,Livestock · QCL:'21121:5424,629,generic_v15_rejected_only,full first-principles re-review; old status alone is not a sufficient reason
"Highest Meat, Poultry yield",FAOSTAT,Livestock · QCL:'F1808:5424,630,generic_v15_rejected_only,full first-principles re-review; old status alone is not a sufficient reason
"Highest Milk, Total yield",FAOSTAT,Dairy · QCL:'F1780:5417,631,generic_v15_rejected_only,full first-principles re-review; old status alone is not a sufficient reason
"Largest Cereals, primary harvested area",FAOSTAT,Crops · QCL:'F1717:5312,633,generic_v15_rejected_only,full first-principles re-review; old status alone is not a sufficient reason
"Highest Cereals, primary yield",FAOSTAT,Crops · QCL:'F1717:5412,635,generic_v15_rejected_only,full first-principles re-review; old status alone is not a sufficient reason
"Highest Other vegetables, fresh n.e.c. yield",FAOSTAT,Vegetables · QCL:'01290.90:5412,637,generic_v15_rejected_only,full first-principles re-review; old status alone is not a sufficient reason
Highest tomatoes yield,FAOSTAT,Vegetables · QCL:'01234:5412,640,generic_v15_rejected_only,full first-principles re-review; old status alone is not a sufficient reason
Largest Potatoes harvested area,FAOSTAT,Crops · QCL:'01510:5312,641,generic_v15_rejected_only,full first-principles re-review; old status alone is not a sufficient reason
"Largest Onions and shallots, dry (excluding dehydrated) harvested area",FAOSTAT,Vegetables · QCL:'01253.02:5312,644,generic_v15_rejected_only,full first-principles re-review; old status alone is not a sufficient reason
"Highest Citrus Fruit, Total yield",FAOSTAT,Fruit · QCL:'F1804:5412,647,generic_v15_rejected_only,full first-principles re-review; old status alone is not a sufficient reason
"Largest Treenuts, Total harvested area",FAOSTAT,Agriculture · QCL:'F1729:5312,649,generic_v15_rejected_only,full first-principles re-review; old status alone is not a sufficient reason
"Largest Pumpkins, squash and gourds harvested area",FAOSTAT,Agriculture · QCL:'01235:5312,652,generic_v15_rejected_only,full first-principles re-review; old status alone is not a sufficient reason
"Highest pumpkins, squash, and gourds yield",FAOSTAT,Agriculture · QCL:'01235:5412,653,generic_v15_rejected_only,full first-principles re-review; old status alone is not a sufficient reason
Highest watermelons yield,FAOSTAT,Agriculture · QCL:'01221:5412,654,generic_v15_rejected_only,full first-principles re-review; old status alone is not a sufficient reason
"Highest Treenuts, Total yield",FAOSTAT,Agriculture · QCL:'F1729:5412,655,generic_v15_rejected_only,full first-principles re-review; old status alone is not a sufficient reason
Highest bananas yield,FAOSTAT,Fruit · QCL:'01312:5412,657,generic_v15_rejected_only,full first-principles re-review; old status alone is not a sufficient reason
Highest oranges yield,FAOSTAT,Fruit · QCL:'01323:5412,658,generic_v15_rejected_only,full first-principles re-review; old status alone is not a sufficient reason
Largest Other pulses n.e.c. harvested area,FAOSTAT,Agriculture · QCL:'01709.90:5312,659,generic_v15_rejected_only,full first-principles re-review; old status alone is not a sufficient reason
Highest peanuts yield,FAOSTAT,Agriculture · QCL:'0142:5412,660,generic_v15_rejected_only,full first-principles re-review; old status alone is not a sufficient reason
Most green garlic produced,FAOSTAT,Agriculture · QCL:'01252:5510,661,generic_v15_rejected_only,full first-principles re-review; old status alone is not a sufficient reason
Highest Raw milk of goats yield,FAOSTAT,Livestock · QCL:'02292:5417,663,generic_v15_rejected_only,full first-principles re-review; old status alone is not a sufficient reason
Largest Green garlic harvested area,FAOSTAT,Agriculture · QCL:'01252:5312,664,generic_v15_rejected_only,full first-principles re-review; old status alone is not a sufficient reason
"Largest Peas, dry harvested area",FAOSTAT,Agriculture · QCL:'01705:5312,665,generic_v15_rejected_only,full first-principles re-review; old status alone is not a sufficient reason
Highest dry peas yield,FAOSTAT,Agriculture · QCL:'01705:5412,666,generic_v15_rejected_only,full first-principles re-review; old status alone is not a sufficient reason
Highest cauliflower and broccoli yield,FAOSTAT,Agriculture · QCL:'01213:5412,667,generic_v15_rejected_only,full first-principles re-review; old status alone is not a sufficient reason
Highest apples yield,FAOSTAT,Fruit · QCL:'01341:5412,668,generic_v15_rejected_only,full first-principles re-review; old status alone is not a sufficient reason
Most fruit produced,FAOSTAT,Fruit · QCL:'F1738:5312,670,generic_v15_rejected_only,full first-principles re-review; old status alone is not a sufficient reason
"Most meat, Total produced",FAOSTAT,Livestock · QCL:'F1765:5510,671,generic_v15_rejected_only,full first-principles re-review; old status alone is not a sufficient reason
"Largest Roots and Tubers, Total harvested area",FAOSTAT,Agriculture · QCL:'F1720:5312,673,generic_v15_rejected_only,full first-principles re-review; old status alone is not a sufficient reason
Largest Vegetables Primary harvested area,FAOSTAT,Vegetables · QCL:'F1735:5312,674,generic_v15_rejected_only,full first-principles re-review; old status alone is not a sufficient reason
"Most Beef and Buffalo Meat, primary producing animals",FAOSTAT,Livestock · QCL:'F1806:5320,677,generic_v15_rejected_only,full first-principles re-review; old status alone is not a sufficient reason
"Most meat, Poultry produced",FAOSTAT,Livestock · QCL:'F1808:5510,679,generic_v15_rejected_only,full first-principles re-review; old status alone is not a sufficient reason
"Most Cattle fat, unrendered producing animals",FAOSTAT,Livestock · QCL:'21512:5320,680,generic_v15_rejected_only,full first-principles re-review; old status alone is not a sufficient reason
"Most Edible offal of cattle, fresh, chilled or frozen producing animals",FAOSTAT,Livestock · QCL:'21151:5320,681,generic_v15_rejected_only,full first-principles re-review; old status alone is not a sufficient reason
"Most meat of cattle with the bone, fresh or chilled produced",FAOSTAT,Livestock · QCL:'21111.01:5510,682,generic_v15_rejected_only,full first-principles re-review; old status alone is not a sufficient reason
"Most Meat of cattle with the bone, fresh or chilled producing animals",FAOSTAT,Livestock · QCL:'21111.01:5320,683,generic_v15_rejected_only,full first-principles re-review; old status alone is not a sufficient reason
Most Raw hides and skins of cattle producing animals,FAOSTAT,Livestock · QCL:'02951.01:5320,684,generic_v15_rejected_only,full first-principles re-review; old status alone is not a sufficient reason
"Most Milk, Total milk-producing animals",FAOSTAT,Livestock · QCL:'F1780:5318,687,generic_v15_rejected_only,full first-principles re-review; old status alone is not a sufficient reason
"Most milk, Total produced",FAOSTAT,Dairy · QCL:'F1780:5510,688,generic_v15_rejected_only,full first-principles re-review; old status alone is not a sufficient reason
Most Raw milk of cattle milk-producing animals,FAOSTAT,Livestock · QCL:'02211:5318,689,generic_v15_rejected_only,full first-principles re-review; old status alone is not a sufficient reason
"Most meat of sheep, fresh or chilled produced",FAOSTAT,Livestock · QCL:'21115:5510,692,generic_v15_rejected_only,full first-principles re-review; old status alone is not a sufficient reason
"Largest Pulses, Total harvested area",FAOSTAT,Agriculture · QCL:'F1726:5312,693,generic_v15_rejected_only,full first-principles re-review; old status alone is not a sufficient reason
"Highest Pulses, Total yield",FAOSTAT,Agriculture · QCL:'F1726:5412,695,generic_v15_rejected_only,full first-principles re-review; old status alone is not a sufficient reason
Largest Maize (corn) harvested area,FAOSTAT,Crops · QCL:'0112:5312,696,generic_v15_rejected_only,full first-principles re-review; old status alone is not a sufficient reason
"Most Edible offal of pigs, fresh, chilled or frozen producing animals",FAOSTAT,Livestock · QCL:'21153:5320,698,generic_v15_rejected_only,full first-principles re-review; old status alone is not a sufficient reason
Most Fat of pigs producing animals,FAOSTAT,Livestock · QCL:'21511.01:5320,699,generic_v15_rejected_only,full first-principles re-review; old status alone is not a sufficient reason
"Most Meat of pig with the bone, fresh or chilled producing animals",FAOSTAT,Livestock · QCL:'21113.01:5320,700,generic_v15_rejected_only,full first-principles re-review; old status alone is not a sufficient reason
Highest Eggs Primary yield,FAOSTAT,Agriculture · QCL:'F1783:5424,702,generic_v15_rejected_only,full first-principles re-review; old status alone is not a sufficient reason
"Highest Hen eggs in shell, fresh yield",FAOSTAT,Agriculture · QCL:'0231:5424,703,generic_v15_rejected_only,full first-principles re-review; old status alone is not a sufficient reason
Largest Tomatoes harvested area,FAOSTAT,Vegetables · QCL:'01234:5312,704,generic_v15_rejected_only,full first-principles re-review; old status alone is not a sufficient reason
"Highest Oilcrops, Oil Equivalent yield",FAOSTAT,Crops · QCL:'F1732:5412,705,generic_v15_rejected_only,full first-principles re-review; old status alone is not a sufficient reason
"Highest Oilcrops, Cake Equivalent yield",FAOSTAT,Crops · QCL:'F1841:5412,706,generic_v15_rejected_only,full first-principles re-review; old status alone is not a sufficient reason
Largest Cabbages harvested area,FAOSTAT,Vegetables · QCL:'01212:5312,707,generic_v15_rejected_only,full first-principles re-review; old status alone is not a sufficient reason
Largest Sugar Crops Primary harvested area,FAOSTAT,Crops · QCL:'F1723:5312,708,generic_v15_rejected_only,full first-principles re-review; old status alone is not a sufficient reason
Most sugar Crops Primary produced,FAOSTAT,Crops · QCL:'F1723:5510,709,generic_v15_rejected_only,full first-principles re-review; old status alone is not a sufficient reason
Largest Rice harvested area,FAOSTAT,Crops · QCL:'0113:5312,711,generic_v15_rejected_only,full first-principles re-review; old status alone is not a sufficient reason
Largest Cucumbers and gherkins harvested area,FAOSTAT,Vegetables · QCL:'01232:5312,713,generic_v15_rejected_only,full first-principles re-review; old status alone is not a sufficient reason
Largest Watermelons harvested area,FAOSTAT,Agriculture · QCL:'01221:5312,715,generic_v15_rejected_only,full first-principles re-review; old status alone is not a sufficient reason
Largest Carrots and turnips harvested area,FAOSTAT,Vegetables · QCL:'01251:5312,716,generic_v15_rejected_only,full first-principles re-review; old status alone is not a sufficient reason
"Largest Chillies and peppers, green (Capsicum spp. and Pimenta spp.) harvested area",FAOSTAT,Vegetables · QCL:'01231:5312,717,generic_v15_rejected_only,full first-principles re-review; old status alone is not a sufficient reason
Highest Unmanufactured tobacco yield,FAOSTAT,Agriculture · QCL:'01970:5412,719,generic_v15_rejected_only,full first-principles re-review; old status alone is not a sufficient reason
Largest Sorghum harvested area,FAOSTAT,Agriculture · QCL:'0114:5312,720,generic_v15_rejected_only,full first-principles re-review; old status alone is not a sufficient reason
Largest Soya beans harvested area,FAOSTAT,Crops · QCL:'0141:5312,722,generic_v15_rejected_only,full first-principles re-review; old status alone is not a sufficient reason
Most other pulses n.e.c. produced,FAOSTAT,Agriculture · QCL:'01709.90:5510,723,generic_v15_rejected_only,full first-principles re-review; old status alone is not a sufficient reason
Highest sorghum yield,FAOSTAT,Agriculture · QCL:'0114:5412,725,generic_v15_rejected_only,full first-principles re-review; old status alone is not a sufficient reason
"Largest Groundnuts, excluding shelled harvested area",FAOSTAT,Agriculture · QCL:'0142:5312,726,generic_v15_rejected_only,full first-principles re-review; old status alone is not a sufficient reason
Highest sweet potatoes yield,FAOSTAT,Crops · QCL:'01530:5412,728,generic_v15_rejected_only,full first-principles re-review; old status alone is not a sufficient reason
Highest dry beans yield,FAOSTAT,Crops · QCL:'01701:5412,730,generic_v15_rejected_only,full first-principles re-review; old status alone is not a sufficient reason
"Largest Beans, dry harvested area",FAOSTAT,Crops · QCL:'01701:5312,731,generic_v15_rejected_only,full first-principles re-review; old status alone is not a sufficient reason
"Most other beans, green produced",FAOSTAT,Crops · QCL:'01241.90:5510,733,generic_v15_rejected_only,full first-principles re-review; old status alone is not a sufficient reason
"Largest Other beans, green harvested area",FAOSTAT,Crops · QCL:'01241.90:5312,734,generic_v15_rejected_only,full first-principles re-review; old status alone is not a sufficient reason
Most Raw milk of goats milk-producing animals,FAOSTAT,Livestock · QCL:'02292:5318,736,generic_v15_rejected_only,full first-principles re-review; old status alone is not a sufficient reason
Largest Cantaloupes and other melons harvested area,FAOSTAT,Agriculture · QCL:'01229:5312,737,generic_v15_rejected_only,full first-principles re-review; old status alone is not a sufficient reason
Largest Lettuce and chicory harvested area,FAOSTAT,Agriculture · QCL:'01214:5312,738,generic_v15_rejected_only,full first-principles re-review; old status alone is not a sufficient reason
"Highest mangoes, guavas, and mangosteens yield",FAOSTAT,Fruit · QCL:'01316:5412,740,generic_v15_rejected_only,full first-principles re-review; old status alone is not a sufficient reason
Largest Grapes harvested area,FAOSTAT,Fruit · QCL:'01330:5312,741,generic_v15_rejected_only,full first-principles re-review; old status alone is not a sufficient reason
Highest grapes yield,FAOSTAT,Fruit · QCL:'01330:5412,745,generic_v15_rejected_only,full first-principles re-review; old status alone is not a sufficient reason
Highest melons yield,FAOSTAT,Agriculture · QCL:'01229:5412,746,generic_v15_rejected_only,full first-principles re-review; old status alone is not a sufficient reason
"Most Meat of chickens, fresh or chilled producing animals",FAOSTAT,Livestock · QCL:'21121:5321,747,generic_v15_rejected_only,full first-principles re-review; old status alone is not a sufficient reason
"Most Meat, Poultry producing animals",FAOSTAT,Livestock · QCL:'F1808:5321,748,generic_v15_rejected_only,full first-principles re-review; old status alone is not a sufficient reason
Most Sheep and Goat Meat producing animals,FAOSTAT,Livestock · QCL:'F1807:5320,749,generic_v15_rejected_only,full first-principles re-review; old status alone is not a sufficient reason
"Most other vegetables, fresh n.e.c. produced",FAOSTAT,Vegetables · QCL:'01290.90:5510,750,generic_v15_rejected_only,full first-principles re-review; old status alone is not a sufficient reason
"Largest Other vegetables, fresh n.e.c. harvested area",FAOSTAT,Vegetables · QCL:'01290.90:5312,751,generic_v15_rejected_only,full first-principles re-review; old status alone is not a sufficient reason
Largest Poultry Birds stocks,FAOSTAT,Livestock · QCL:'F2029:5112,753,generic_v15_rejected_only,full first-principles re-review; old status alone is not a sufficient reason
"Most Edible offal of sheep, fresh, chilled or frozen producing animals",FAOSTAT,Livestock · QCL:'21155:5320,754,generic_v15_rejected_only,full first-principles re-review; old status alone is not a sufficient reason
"Most Meat of sheep, fresh or chilled producing animals",FAOSTAT,Livestock · QCL:'21115:5320,755,generic_v15_rejected_only,full first-principles re-review; old status alone is not a sufficient reason
Most Raw hides and skins of sheep or lambs producing animals,FAOSTAT,Livestock · QCL:'02953:5320,756,generic_v15_rejected_only,full first-principles re-review; old status alone is not a sufficient reason
"Most Sheep fat, unrendered producing animals",FAOSTAT,Livestock · QCL:'21514:5320,757,generic_v15_rejected_only,full first-principles re-review; old status alone is not a sufficient reason
"Highest Hen eggs in shell, fresh yield",FAOSTAT,Agriculture · QCL:'0231:5413,758,generic_v15_rejected_only,full first-principles re-review; old status alone is not a sufficient reason
"Most Edible offal of goat, fresh, chilled or frozen producing animals",FAOSTAT,Livestock · QCL:'21156:5320,760,generic_v15_rejected_only,full first-principles re-review; old status alone is not a sufficient reason
"Most Goat fat, unrendered producing animals",FAOSTAT,Livestock · QCL:'21515:5320,761,generic_v15_rejected_only,full first-principles re-review; old status alone is not a sufficient reason
"Most Meat of goat, fresh or chilled producing animals",FAOSTAT,Livestock · QCL:'21116:5320,762,generic_v15_rejected_only,full first-principles re-review; old status alone is not a sufficient reason
Most Raw hides and skins of goats or kids producing animals,FAOSTAT,Livestock · QCL:'02954:5320,763,generic_v15_rejected_only,full first-principles re-review; old status alone is not a sufficient reason
"Most meat of goat, fresh or chilled produced",FAOSTAT,Livestock · QCL:'21116:5510,764,generic_v15_rejected_only,full first-principles re-review; old status alone is not a sufficient reason
Most eggs Primary produced,FAOSTAT,Agriculture · QCL:'F1783:5510,765,generic_v15_rejected_only,full first-principles re-review; old status alone is not a sufficient reason
"Most hen eggs in shell, fresh produced",FAOSTAT,Agriculture · QCL:'0231:5510,766,generic_v15_rejected_only,full first-principles re-review; old status alone is not a sufficient reason
"Highest Meat of pig with the bone, fresh or chilled yield",FAOSTAT,Livestock · QCL:'21113.01:5417,767,generic_v15_rejected_only,full first-principles re-review; old status alone is not a sufficient reason
"Largest Citrus Fruit, Total harvested area",FAOSTAT,Fruit · QCL:'F1804:5312,768,generic_v15_rejected_only,full first-principles re-review; old status alone is not a sufficient reason
"Most citrus Fruit, Total produced",FAOSTAT,Fruit · QCL:'F1804:5510,769,generic_v15_rejected_only,full first-principles re-review; old status alone is not a sufficient reason
Largest Bananas harvested area,FAOSTAT,Fruit · QCL:'01312:5312,770,generic_v15_rejected_only,full first-principles re-review; old status alone is not a sufficient reason
"Highest Other fruits, n.e.c. yield",FAOSTAT,Fruit · QCL:'01359.90:5412,773,generic_v15_rejected_only,full first-principles re-review; old status alone is not a sufficient reason
Largest Oranges harvested area,FAOSTAT,Fruit · QCL:'01323:5312,774,generic_v15_rejected_only,full first-principles re-review; old status alone is not a sufficient reason
Largest Unmanufactured tobacco harvested area,FAOSTAT,Agriculture · QCL:'01970:5312,775,generic_v15_rejected_only,full first-principles re-review; old status alone is not a sufficient reason
Largest Lemons and limes harvested area,FAOSTAT,Fruit · QCL:'01322:5312,778,generic_v15_rejected_only,full first-principles re-review; old status alone is not a sufficient reason
Highest Other pulses n.e.c. yield,FAOSTAT,Agriculture · QCL:'01709.90:5412,780,generic_v15_rejected_only,full first-principles re-review; old status alone is not a sufficient reason
Largest Sweet potatoes harvested area,FAOSTAT,Crops · QCL:'01530:5312,781,generic_v15_rejected_only,full first-principles re-review; old status alone is not a sufficient reason
"Highest Fibre Crops, Fibre Equivalent yield",FAOSTAT,Crops · QCL:'F17530:5412,783,generic_v15_rejected_only,full first-principles re-review; old status alone is not a sufficient reason
Largest Eggplants (aubergines) harvested area,FAOSTAT,Agriculture · QCL:'01233:5312,784,generic_v15_rejected_only,full first-principles re-review; old status alone is not a sufficient reason
Largest Cauliflowers and broccoli harvested area,FAOSTAT,Agriculture · QCL:'01213:5312,786,generic_v15_rejected_only,full first-principles re-review; old status alone is not a sufficient reason
Highest sugarcane yield,FAOSTAT,Crops · QCL:'01802:5412,788,generic_v15_rejected_only,full first-principles re-review; old status alone is not a sufficient reason
Largest Apples harvested area,FAOSTAT,Fruit · QCL:'01341:5312,789,generic_v15_rejected_only,full first-principles re-review; old status alone is not a sufficient reason
Highest cassava yield,FAOSTAT,Crops · QCL:'01520.01:5412,790,generic_v15_rejected_only,full first-principles re-review; old status alone is not a sufficient reason
Highest eggplants yield,FAOSTAT,Agriculture · QCL:'01233:5412,791,generic_v15_rejected_only,full first-principles re-review; old status alone is not a sufficient reason
Highest urban population share,World Bank,Population · SP.URB.TOTL.IN.ZS,795,generic_v15_rejected_only,full first-principles re-review; old status alone is not a sufficient reason
Largest rural population,World Bank,Population · SP.RUR.TOTL,797,generic_v15_rejected_only,full first-principles re-review; old status alone is not a sufficient reason
Largest urban population,World Bank,Population · SP.URB.TOTL,798,generic_v15_rejected_only,full first-principles re-review; old status alone is not a sufficient reason
Farthest from the equator,Natural Earth,Geography · farthest-from-equator,801,generic_v15_rejected_only,full first-principles re-review; old status alone is not a sufficient reason
Largest east-west span,Natural Earth,Geography · largest-east-west-span,805,generic_v15_rejected_only,full first-principles re-review; old status alone is not a sufficient reason
Largest geographic span,Natural Earth,Geography · largest-geographic-span,806,generic_v15_rejected_only,full first-principles re-review; old status alone is not a sufficient reason
Largest north-south span,Natural Earth,Geography · largest-north-south-span,807,generic_v15_rejected_only,full first-principles re-review; old status alone is not a sufficient reason
Largest protected share of land and sea,World Bank,Climate · ER.PTD.TOTL.ZS,808,category_specific_or_product_decision,presume authoritative; verify exact rationale and preserve unless explicitly reversed
Northernmost country,Natural Earth,Geography · northernmost-country,809,generic_v15_rejected_only,full first-principles re-review; old status alone is not a sufficient reason
Southernmost country,Natural Earth,Geography · southernmost-country,810,generic_v15_rejected_only,full first-principles re-review; old status alone is not a sufficient reason
Highest clean-cooking-fuel access,WHO,Infrastructure · PHE_HHAIR_POP_CLEAN_FUELS,813,generic_v15_rejected_only,full first-principles re-review; old status alone is not a sufficient reason
Highest employment-to-population ratio,ILOSTAT,Labor · EMP_2WAP_SEX_AGE_RT_A,816,generic_v15_rejected_only,full first-principles re-review; old status alone is not a sufficient reason
Highest labor-income share of GDP,ILOSTAT,Labor · SDG_1041_NOC_RT_A,817,generic_v15_rejected_only,full first-principles re-review; old status alone is not a sufficient reason
Highest output per worker,ILOSTAT,Economy · GDP_205U_NOC_NB_A,818,generic_v15_rejected_only,full first-principles re-review; old status alone is not a sufficient reason
Lowest unemployment,World Bank,Labor · SL.UEM.TOTL.ZS,820,generic_v15_rejected_only,full first-principles re-review; old status alone is not a sufficient reason
Most Eggs Primary laying animals,FAOSTAT,Agriculture · QCL:'F1783:5313,822,generic_v15_rejected_only,full first-principles re-review; old status alone is not a sufficient reason
"Most Hen eggs in shell, fresh laying animals",FAOSTAT,Agriculture · QCL:'0231:5313,823,generic_v15_rejected_only,full first-principles re-review; old status alone is not a sufficient reason
"Largest Oilcrops, Oil Equivalent harvested area",FAOSTAT,Crops · QCL:'F1732:5312,825,generic_v15_rejected_only,full first-principles re-review; old status alone is not a sufficient reason
"Most oilcrops, Oil Equivalent produced",FAOSTAT,Crops · QCL:'F1732:5510,826,generic_v15_rejected_only,full first-principles re-review; old status alone is not a sufficient reason
"Largest Oilcrops, Cake Equivalent harvested area",FAOSTAT,Crops · QCL:'F1841:5312,827,generic_v15_rejected_only,full first-principles re-review; old status alone is not a sufficient reason
"Most cattle fat, unrendered produced",FAOSTAT,Livestock · QCL:'21512:5510,828,generic_v15_rejected_only,full first-principles re-review; old status alone is not a sufficient reason
"Most edible offal of cattle, fresh, chilled or frozen produced",FAOSTAT,Livestock · QCL:'21151:5510,829,generic_v15_rejected_only,full first-principles re-review; old status alone is not a sufficient reason
"Most oilcrops, Cake Equivalent produced",FAOSTAT,Crops · QCL:'F1841:5510,830,generic_v15_rejected_only,full first-principles re-review; old status alone is not a sufficient reason
Most raw hides and skins of cattle produced,FAOSTAT,Livestock · QCL:'02951.01:5510,831,generic_v15_rejected_only,full first-principles re-review; old status alone is not a sufficient reason
"Most edible offal of sheep, fresh, chilled or frozen produced",FAOSTAT,Livestock · QCL:'21155:5510,832,generic_v15_rejected_only,full first-principles re-review; old status alone is not a sufficient reason
Most raw hides and skins of sheep or lambs produced,FAOSTAT,Livestock · QCL:'02953:5510,833,generic_v15_rejected_only,full first-principles re-review; old status alone is not a sufficient reason
"Most sheep fat, unrendered produced",FAOSTAT,Livestock · QCL:'21514:5510,834,generic_v15_rejected_only,full first-principles re-review; old status alone is not a sufficient reason
"Most edible offal of goat, fresh, chilled or frozen produced",FAOSTAT,Livestock · QCL:'21156:5510,836,generic_v15_rejected_only,full first-principles re-review; old status alone is not a sufficient reason
"Most goat fat, unrendered produced",FAOSTAT,Livestock · QCL:'21515:5510,837,generic_v15_rejected_only,full first-principles re-review; old status alone is not a sufficient reason
Most raw hides and skins of goats or kids produced,FAOSTAT,Livestock · QCL:'02954:5510,838,generic_v15_rejected_only,full first-principles re-review; old status alone is not a sufficient reason
"Highest account ownership at a financial institution or with a mobile-money-service provider, young adults",World Bank,Economy · FX.OWN.TOTL.YG.ZS,846,generic_v15_rejected_only,full first-principles re-review; old status alone is not a sufficient reason
"Most edible offal of pigs, fresh, chilled or frozen produced",FAOSTAT,Livestock · QCL:'21153:5510,847,generic_v15_rejected_only,full first-principles re-review; old status alone is not a sufficient reason
Most fat of pigs produced,FAOSTAT,Livestock · QCL:'21511.01:5510,848,generic_v15_rejected_only,full first-principles re-review; old status alone is not a sufficient reason
"Largest Other fruits, n.e.c. harvested area",FAOSTAT,Fruit · QCL:'01359.90:5312,849,generic_v15_rejected_only,full first-principles re-review; old status alone is not a sufficient reason
"Most other fruits, n.e.c. produced",FAOSTAT,Fruit · QCL:'01359.90:5510,850,generic_v15_rejected_only,full first-principles re-review; old status alone is not a sufficient reason
"Most fibre Crops, Fibre Equivalent produced",FAOSTAT,Crops · QCL:'F17530:5510,851,generic_v15_rejected_only,full first-principles re-review; old status alone is not a sufficient reason
Most butter of cow milk produced,FAOSTAT,Dairy · QCL:'22241.01:5510,852,generic_v15_rejected_only,full first-principles re-review; old status alone is not a sufficient reason
"Largest Fibre Crops, Fibre Equivalent harvested area",FAOSTAT,Crops · QCL:'F17530:5312,853,generic_v15_rejected_only,full first-principles re-review; old status alone is not a sufficient reason
Largest bee population,FAOSTAT,Agriculture · QCL:'02196:5114,854,generic_v15_rejected_only,full first-principles re-review; old status alone is not a sufficient reason
"Largest Mangoes, guavas and mangosteens harvested area",FAOSTAT,Fruit · QCL:'01316:5312,855,generic_v15_rejected_only,full first-principles re-review; old status alone is not a sufficient reason
"Largest Cassava, fresh harvested area",FAOSTAT,Crops · QCL:'01520.01:5312,857,generic_v15_rejected_only,full first-principles re-review; old status alone is not a sufficient reason
Highest plums and sloes yield,FAOSTAT,Agriculture · QCL:'01346:5412,859,generic_v15_rejected_only,full first-principles re-review; old status alone is not a sufficient reason
Highest pears yield,FAOSTAT,Agriculture · QCL:'01342.01:5412,860,generic_v15_rejected_only,full first-principles re-review; old status alone is not a sufficient reason
Highest pineapple yield,FAOSTAT,Fruit · QCL:'01318:5412,862,generic_v15_rejected_only,full first-principles re-review; old status alone is not a sufficient reason
Highest green peas yield,FAOSTAT,Agriculture · QCL:'01242:5412,863,generic_v15_rejected_only,full first-principles re-review; old status alone is not a sufficient reason
Highest strawberries yield,FAOSTAT,Agriculture · QCL:'01354:5412,864,generic_v15_rejected_only,full first-principles re-review; old status alone is not a sufficient reason
Highest coconuts yield,FAOSTAT,Agriculture · QCL:'01460:5412,865,generic_v15_rejected_only,full first-principles re-review; old status alone is not a sufficient reason
Highest peaches and nectarines yield,FAOSTAT,Agriculture · QCL:'01345:5412,866,generic_v15_rejected_only,full first-principles re-review; old status alone is not a sufficient reason
Highest oats yield,FAOSTAT,Agriculture · QCL:'0117:5412,867,generic_v15_rejected_only,full first-principles re-review; old status alone is not a sufficient reason
Highest coffee yield,FAOSTAT,Crops · QCL:'01610:5412,868,generic_v15_rejected_only,full first-principles re-review; old status alone is not a sufficient reason
Highest millet yield,FAOSTAT,Agriculture · QCL:'0118:5412,869,generic_v15_rejected_only,full first-principles re-review; old status alone is not a sufficient reason
Highest sunflower seeds yield,FAOSTAT,Agriculture · QCL:'01445:5412,870,generic_v15_rejected_only,full first-principles re-review; old status alone is not a sufficient reason
Highest avocado yield,FAOSTAT,Fruit · QCL:'01311:5412,872,generic_v15_rejected_only,full first-principles re-review; old status alone is not a sufficient reason
Highest grapefruits and pomelos yield,FAOSTAT,Fruit · QCL:'01321:5412,873,generic_v15_rejected_only,full first-principles re-review; old status alone is not a sufficient reason
Highest mandarins and tangerines yield,FAOSTAT,Agriculture · QCL:'01324:5412,874,generic_v15_rejected_only,full first-principles re-review; old status alone is not a sufficient reason
Highest sesame seeds yield,FAOSTAT,Agriculture · QCL:'01444:5412,875,generic_v15_rejected_only,full first-principles re-review; old status alone is not a sufficient reason
Highest Sheep and Goat Meat yield,FAOSTAT,Livestock · QCL:'F1807:5417,877,generic_v15_rejected_only,full first-principles re-review; old status alone is not a sufficient reason
"Highest Meat of sheep, fresh or chilled yield",FAOSTAT,Livestock · QCL:'21115:5417,878,generic_v15_rejected_only,full first-principles re-review; old status alone is not a sufficient reason
Most cheese from whole cow milk produced,FAOSTAT,Dairy · QCL:'22251.01:5510,881,generic_v15_rejected_only,full first-principles re-review; old status alone is not a sufficient reason
Largest Avocados harvested area,FAOSTAT,Fruit · QCL:'01311:5312,882,generic_v15_rejected_only,full first-principles re-review; old status alone is not a sufficient reason
Largest Sugar cane harvested area,FAOSTAT,Crops · QCL:'01802:5312,883,generic_v15_rejected_only,full first-principles re-review; old status alone is not a sufficient reason
"Most other tropical fruits, n.e.c. produced",FAOSTAT,Fruit · QCL:'01319:5510,885,generic_v15_rejected_only,full first-principles re-review; old status alone is not a sufficient reason
Largest Peaches and nectarines harvested area,FAOSTAT,Agriculture · QCL:'01345:5312,886,generic_v15_rejected_only,full first-principles re-review; old status alone is not a sufficient reason
Largest Plums and sloes harvested area,FAOSTAT,Agriculture · QCL:'01346:5312,888,generic_v15_rejected_only,full first-principles re-review; old status alone is not a sufficient reason
Largest Pears harvested area,FAOSTAT,Agriculture · QCL:'01342.01:5312,890,generic_v15_rejected_only,full first-principles re-review; old status alone is not a sufficient reason
Most raw milk of sheep produced,FAOSTAT,Livestock · QCL:'02291:5510,891,generic_v15_rejected_only,full first-principles re-review; old status alone is not a sufficient reason
Highest apricot yield,FAOSTAT,Agriculture · QCL:'01343:5412,894,generic_v15_rejected_only,full first-principles re-review; old status alone is not a sufficient reason
Highest industry share of GDP,World Bank,Economy · NV.IND.TOTL.ZS,896,generic_v15_rejected_only,full first-principles re-review; old status alone is not a sufficient reason
Highest services share of GDP,World Bank,Economy · NV.SRV.TOTL.ZS,897,generic_v15_rejected_only,full first-principles re-review; old status alone is not a sufficient reason
Fastest labor-productivity growth,ILOSTAT,Economy · SDG_0821_NOC_RT_A,899,generic_v15_rejected_only,full first-principles re-review; old status alone is not a sufficient reason
"Highest Meat of goat, fresh or chilled yield",FAOSTAT,Livestock · QCL:'21116:5417,901,generic_v15_rejected_only,full first-principles re-review; old status alone is not a sufficient reason
"Most skim Milk & Buttermilk, Dry produced",FAOSTAT,Dairy · QCL:'F1809:5510,903,generic_v15_rejected_only,full first-principles re-review; old status alone is not a sufficient reason
Highest Raw hides and skins of cattle yield,FAOSTAT,Livestock · QCL:'02951.01:5417,905,generic_v15_rejected_only,full first-principles re-review; old status alone is not a sufficient reason
"Most buttermilk, dry produced",FAOSTAT,Dairy · QCL:'22230.04:5510,908,generic_v15_rejected_only,full first-principles re-review; old status alone is not a sufficient reason
Most skim milk of cows produced,FAOSTAT,Dairy · QCL:'22110.02:5510,910,generic_v15_rejected_only,full first-principles re-review; old status alone is not a sufficient reason
Most molasses produced,FAOSTAT,Agriculture · QCL:'23540:5510,912,generic_v15_rejected_only,full first-principles re-review; old status alone is not a sufficient reason
"Largest Other tropical fruits, n.e.c. harvested area",FAOSTAT,Fruit · QCL:'01319:5312,913,generic_v15_rejected_only,full first-principles re-review; old status alone is not a sufficient reason
Largest Pomelos and grapefruits harvested area,FAOSTAT,Fruit · QCL:'01321:5312,915,generic_v15_rejected_only,full first-principles re-review; old status alone is not a sufficient reason
"Highest Seed cotton, unginned yield",FAOSTAT,Crops · QCL:'01921.01:5412,918,generic_v15_rejected_only,full first-principles re-review; old status alone is not a sufficient reason
"Largest Peas, green harvested area",FAOSTAT,Agriculture · QCL:'01242:5312,919,generic_v15_rejected_only,full first-principles re-review; old status alone is not a sufficient reason
Largest Pineapples harvested area,FAOSTAT,Fruit · QCL:'01318:5312,920,generic_v15_rejected_only,full first-principles re-review; old status alone is not a sufficient reason
Largest Sunflower seed harvested area,FAOSTAT,Agriculture · QCL:'01445:5312,921,generic_v15_rejected_only,full first-principles re-review; old status alone is not a sufficient reason
Largest Strawberries harvested area,FAOSTAT,Agriculture · QCL:'01354:5312,923,generic_v15_rejected_only,full first-principles re-review; old status alone is not a sufficient reason
Largest Oats harvested area,FAOSTAT,Agriculture · QCL:'0117:5312,925,generic_v15_rejected_only,full first-principles re-review; old status alone is not a sufficient reason
"Most green tea (not fermented), black tea (fermented) and partly fermented tea, in immediate packings of a content not exceeding 3 kg produced",FAOSTAT,Crops · QCL:'23913:5510,928,generic_v15_rejected_only,full first-principles re-review; old status alone is not a sufficient reason
Most soya bean oil produced,FAOSTAT,Crops · QCL:'2161:5510,929,generic_v15_rejected_only,full first-principles re-review; old status alone is not a sufficient reason
"Largest Tangerines, mandarins, clementines harvested area",FAOSTAT,Agriculture · QCL:'01324:5312,930,generic_v15_rejected_only,full first-principles re-review; old status alone is not a sufficient reason
"Most seed cotton, unginned produced",FAOSTAT,Crops · QCL:'01921.01:5510,931,generic_v15_rejected_only,full first-principles re-review; old status alone is not a sufficient reason
"Largest Seed cotton, unginned harvested area",FAOSTAT,Crops · QCL:'01921.01:5312,932,generic_v15_rejected_only,full first-principles re-review; old status alone is not a sufficient reason
Most Raw milk of sheep milk-producing animals,FAOSTAT,Livestock · QCL:'02291:5318,933,generic_v15_rejected_only,full first-principles re-review; old status alone is not a sufficient reason
"Highest Other tropical fruits, n.e.c. yield",FAOSTAT,Fruit · QCL:'01319:5412,935,generic_v15_rejected_only,full first-principles re-review; old status alone is not a sufficient reason
Highest methane (CH4) emissions (total) excluding LULUCF,World Bank,Environment · EN.GHG.CH4.ZG.AR5,946,generic_v15_rejected_only,full first-principles re-review; old status alone is not a sufficient reason
Highest nitrous oxide (N2O) emissions (total) excluding LULUCF,World Bank,Environment · EN.GHG.N2O.MT.CE.AR5,950,generic_v15_rejected_only,full first-principles re-review; old status alone is not a sufficient reason
Highest nitrous oxide (N2O) emissions (total) excluding LULUCF,World Bank,Environment · EN.GHG.N2O.ZG.AR5,951,generic_v15_rejected_only,full first-principles re-review; old status alone is not a sufficient reason
Highest total greenhouse gas emissions excluding LULUCF,World Bank,Environment · EN.GHG.TOT.ZG.AR5,956,generic_v15_rejected_only,full first-principles re-review; old status alone is not a sufficient reason
Highest carbon dioxide (CO2) emissions (total) excluding LULUCF,World Bank,Environment · EN.GHG.CO2.ZG.AR5,959,generic_v15_rejected_only,full first-principles re-review; old status alone is not a sufficient reason
Highest internet usage,World Bank,Technology · IT.NET.USER.ZS,966,generic_v15_rejected_only,full first-principles re-review; old status alone is not a sufficient reason
Highest methane (CH4) emissions from Fugitive Emissions (Energy),World Bank,Environment · EN.GHG.CH4.FE.MT.CE.AR5,968,generic_v15_rejected_only,full first-principles re-review; old status alone is not a sufficient reason
Highest methane (CH4) emissions from Industrial Combustion (Energy),World Bank,Environment · EN.GHG.CH4.IC.MT.CE.AR5,969,generic_v15_rejected_only,full first-principles re-review; old status alone is not a sufficient reason
Highest methane (CH4) emissions from Power Industry (Energy),World Bank,Environment · EN.GHG.CH4.PI.MT.CE.AR5,970,generic_v15_rejected_only,full first-principles re-review; old status alone is not a sufficient reason
Highest nitrous oxide (N2O) emissions from Building (Energy),World Bank,Environment · EN.GHG.N2O.BU.MT.CE.AR5,972,generic_v15_rejected_only,full first-principles re-review; old status alone is not a sufficient reason
Highest nitrous oxide (N2O) emissions from Industrial Combustion (Energy),World Bank,Environment · EN.GHG.N2O.IC.MT.CE.AR5,973,generic_v15_rejected_only,full first-principles re-review; old status alone is not a sufficient reason
Highest nitrous oxide (N2O) emissions from Power Industry (Energy),World Bank,Environment · EN.GHG.N2O.PI.MT.CE.AR5,974,generic_v15_rejected_only,full first-principles re-review; old status alone is not a sufficient reason
Highest nitrous oxide (N2O) emissions from Transport (Energy),World Bank,Environment · EN.GHG.N2O.TR.MT.CE.AR5,975,generic_v15_rejected_only,full first-principles re-review; old status alone is not a sufficient reason
Highest carbon intensity of GDP,World Bank,Environment · EN.GHG.CO2.RT.GDP.PP.KD,976,generic_v15_rejected_only,full first-principles re-review; old status alone is not a sufficient reason
Most cotton seed produced,FAOSTAT,Crops · QCL:'0143:5510,1000,generic_v15_rejected_only,full first-principles re-review; old status alone is not a sufficient reason
Most margarine and shortening produced,FAOSTAT,Agriculture · QCL:'21700.02:5510,1001,generic_v15_rejected_only,full first-principles re-review; old status alone is not a sufficient reason
"Most other nuts (excluding wild edible nuts and groundnuts), in shell, n.e.c. produced",FAOSTAT,Agriculture · QCL:'01379.90:5510,1003,generic_v15_rejected_only,full first-principles re-review; old status alone is not a sufficient reason
Largest Apricots harvested area,FAOSTAT,Agriculture · QCL:'01343:5312,1004,generic_v15_rejected_only,full first-principles re-review; old status alone is not a sufficient reason
Largest Millet harvested area,FAOSTAT,Agriculture · QCL:'0118:5312,1005,generic_v15_rejected_only,full first-principles re-review; old status alone is not a sufficient reason
Highest Raw milk of sheep yield,FAOSTAT,Livestock · QCL:'02291:5417,1007,generic_v15_rejected_only,full first-principles re-review; old status alone is not a sufficient reason
"Largest Coffee, green harvested area",FAOSTAT,Crops · QCL:'01610:5312,1008,generic_v15_rejected_only,full first-principles re-review; old status alone is not a sufficient reason
Highest Spinach yield,FAOSTAT,Agriculture · QCL:'01215:5412,1009,generic_v15_rejected_only,full first-principles re-review; old status alone is not a sufficient reason
Largest Rape or colza seed harvested area,FAOSTAT,Agriculture · QCL:'01443:5312,1010,generic_v15_rejected_only,full first-principles re-review; old status alone is not a sufficient reason
Most rape or colza seed produced,FAOSTAT,Agriculture · QCL:'01443:5510,1011,generic_v15_rejected_only,full first-principles re-review; old status alone is not a sufficient reason
Highest Rape or colza seed yield,FAOSTAT,Agriculture · QCL:'01443:5412,1012,generic_v15_rejected_only,full first-principles re-review; old status alone is not a sufficient reason
Highest Rye yield,FAOSTAT,Agriculture · QCL:'0116:5412,1013,generic_v15_rejected_only,full first-principles re-review; old status alone is not a sufficient reason
Highest nitrous oxide (N2O) emissions from Fugitive Emissions (Energy),World Bank,Environment · EN.GHG.N2O.FE.MT.CE.AR5,1016,generic_v15_rejected_only,full first-principles re-review; old status alone is not a sufficient reason
Highest Raw hides and skins of sheep or lambs yield,FAOSTAT,Livestock · QCL:'02953:5417,1025,generic_v15_rejected_only,full first-principles re-review; old status alone is not a sufficient reason
"Largest Other nuts (excluding wild edible nuts and groundnuts), in shell, n.e.c. harvested area",FAOSTAT,Agriculture · QCL:'01379.90:5312,1028,generic_v15_rejected_only,full first-principles re-review; old status alone is not a sufficient reason
"Largest Coconuts, in shell harvested area",FAOSTAT,Agriculture · QCL:'01460:5312,1029,generic_v15_rejected_only,full first-principles re-review; old status alone is not a sufficient reason
Most spinach produced,FAOSTAT,Agriculture · QCL:'01215:5510,1033,generic_v15_rejected_only,full first-principles re-review; old status alone is not a sufficient reason
Largest Cherries harvested area,FAOSTAT,Agriculture · QCL:'01344.02:5312,1035,generic_v15_rejected_only,full first-principles re-review; old status alone is not a sufficient reason
"Highest Broad beans and horse beans, dry yield",FAOSTAT,Livestock · QCL:'01702:5412,1036,generic_v15_rejected_only,full first-principles re-review; old status alone is not a sufficient reason
Largest Rye harvested area,FAOSTAT,Agriculture · QCL:'0116:5312,1037,generic_v15_rejected_only,full first-principles re-review; old status alone is not a sufficient reason
Most rye produced,FAOSTAT,Agriculture · QCL:'0116:5510,1038,generic_v15_rejected_only,full first-principles re-review; old status alone is not a sufficient reason
Largest Sugar beet harvested area,FAOSTAT,Crops · QCL:'01801:5312,1039,generic_v15_rejected_only,full first-principles re-review; old status alone is not a sufficient reason
Highest current account balance,World Bank,Economy · BN.CAB.XOKA.CD,1041,generic_v16_2_3_batch_reason,reason-aware re-review required; determine which reason actually applied
Largest exports,World Bank,Economy · NE.EXP.GNFS.CD,1045,generic_v15_rejected_only,full first-principles re-review; old status alone is not a sufficient reason
Largest imports,World Bank,Economy · NE.IMP.GNFS.CD,1046,generic_v15_rejected_only,full first-principles re-review; old status alone is not a sufficient reason
Most groundnut oil produced,FAOSTAT,Agriculture · QCL:'2162:5510,1053,generic_v15_rejected_only,full first-principles re-review; old status alone is not a sufficient reason
Most cottonseed oil produced,FAOSTAT,Crops · QCL:'2168:5510,1054,generic_v15_rejected_only,full first-principles re-review; old status alone is not a sufficient reason
"Most meat of ducks, fresh or chilled produced",FAOSTAT,Livestock · QCL:'21122:5510,1056,generic_v15_rejected_only,full first-principles re-review; old status alone is not a sufficient reason
"Most Meat of ducks, fresh or chilled producing animals",FAOSTAT,Livestock · QCL:'21122:5321,1057,generic_v15_rejected_only,full first-principles re-review; old status alone is not a sufficient reason
"Largest Other oil seeds, n.e.c. harvested area",FAOSTAT,Agriculture · QCL:'01449.90:5312,1058,generic_v15_rejected_only,full first-principles re-review; old status alone is not a sufficient reason
"Most shorn wool, greasy, including fleece-washed shorn wool produced",FAOSTAT,Agriculture · QCL:'02941:5510,1059,generic_v15_rejected_only,full first-principles re-review; old status alone is not a sufficient reason
Largest Sesame seed harvested area,FAOSTAT,Agriculture · QCL:'01444:5312,1060,generic_v15_rejected_only,full first-principles re-review; old status alone is not a sufficient reason
"Highest Meat of ducks, fresh or chilled yield",FAOSTAT,Livestock · QCL:'21122:5424,1061,generic_v15_rejected_only,full first-principles re-review; old status alone is not a sufficient reason
Highest Papayas yield,FAOSTAT,Agriculture · QCL:'01317:5412,1062,generic_v15_rejected_only,full first-principles re-review; old status alone is not a sufficient reason
Largest Papayas harvested area,FAOSTAT,Agriculture · QCL:'01317:5312,1063,generic_v15_rejected_only,full first-principles re-review; old status alone is not a sufficient reason
Largest Spinach harvested area,FAOSTAT,Agriculture · QCL:'01215:5312,1064,generic_v15_rejected_only,full first-principles re-review; old status alone is not a sufficient reason
"Largest Broad beans and horse beans, dry harvested area",FAOSTAT,Livestock · QCL:'01702:5312,1065,generic_v15_rejected_only,full first-principles re-review; old status alone is not a sufficient reason
"Most broad beans and horse beans, dry produced",FAOSTAT,Livestock · QCL:'01702:5510,1066,generic_v15_rejected_only,full first-principles re-review; old status alone is not a sufficient reason
"Largest Walnuts, in shell harvested area",FAOSTAT,Agriculture · QCL:'01376:5312,1067,generic_v15_rejected_only,full first-principles re-review; old status alone is not a sufficient reason
Highest Sugar beet yield,FAOSTAT,Crops · QCL:'01801:5412,1068,generic_v15_rejected_only,full first-principles re-review; old status alone is not a sufficient reason
Largest Other berries and fruits of the genus vaccinium n.e.c. harvested area,FAOSTAT,Fruit · QCL:'01355.90:5312,1069,generic_v15_rejected_only,full first-principles re-review; old status alone is not a sufficient reason
Highest carbon dioxide (CO2) emissions from Fugitive Emissions (Energy),World Bank,Environment · EN.GHG.CO2.FE.MT.CE.AR5,1075,generic_v15_rejected_only,full first-principles re-review; old status alone is not a sufficient reason
Highest estimated dairy consumption per person,FAOSTAT Food Balances,Food consumption · FBS:dairy-products,1080,duplicate_explicit,preserve exclusion unless duplicate target is removed or concept materially differs
Highest final consumption expenditure,World Bank,Economy · NE.CON.TOTL.ZS,1105,generic_v15_rejected_only,full first-principles re-review; old status alone is not a sufficient reason
Highest general government final consumption expenditure,World Bank,Economy · NE.CON.GOVT.ZS,1106,generic_v15_rejected_only,full first-principles re-review; old status alone is not a sufficient reason
Highest final consumption expenditure,World Bank,Economy · NE.CON.TOTL.CD,1107,generic_v15_rejected_only,full first-principles re-review; old status alone is not a sufficient reason
Highest government consumption,World Bank,Government · NE.CON.GOVT.CD,1108,generic_v15_rejected_only,full first-principles re-review; old status alone is not a sufficient reason
Highest gross national expenditure,World Bank,Economy · NE.DAB.TOTL.ZS,1109,generic_v15_rejected_only,full first-principles re-review; old status alone is not a sufficient reason
Highest households and NPISHs final consumption expenditure,World Bank,Economy · NE.CON.PRVT.ZS,1110,generic_v15_rejected_only,full first-principles re-review; old status alone is not a sufficient reason
Highest gross national expenditure,World Bank,Economy · NE.DAB.TOTL.CD,1111,generic_v15_rejected_only,full first-principles re-review; old status alone is not a sufficient reason
Highest household consumption,World Bank,Economy · NE.CON.PRVT.CD,1112,generic_v15_rejected_only,full first-principles re-review; old status alone is not a sufficient reason
Highest final consumption expenditure,World Bank,Economy · NE.CON.TOTL.KD,1113,generic_v15_rejected_only,full first-principles re-review; old status alone is not a sufficient reason
"Highest households and NPISHs Final consumption expenditure per capita, PPP",World Bank,Development · NE.CON.PCAP.PP.KD,1115,generic_v15_rejected_only,full first-principles re-review; old status alone is not a sufficient reason
"Highest households and NPISHs Final consumption expenditure, PPP",World Bank,Economy · NE.CON.PRVT.PP.KD,1116,generic_v15_rejected_only,full first-principles re-review; old status alone is not a sufficient reason
Highest military expenditure,World Bank,Government · MS.MIL.XPND.CN,1119,duplicate_explicit,preserve exclusion unless duplicate target is removed or concept materially differs
Highest Raw hides and skins of goats or kids yield,FAOSTAT,Livestock · QCL:'02954:5417,1121,generic_v15_rejected_only,full first-principles re-review; old status alone is not a sufficient reason
"Most sunflower-seed oil, crude produced",FAOSTAT,Agriculture · QCL:'21631.01:5510,1122,generic_v15_rejected_only,full first-principles re-review; old status alone is not a sufficient reason
"Largest Other citrus fruit, n.e.c. harvested area",FAOSTAT,Fruit · QCL:'01329:5312,1123,generic_v15_rejected_only,full first-principles re-review; old status alone is not a sufficient reason
Most evaporated & Condensed Milk produced,FAOSTAT,Dairy · QCL:'F1816:5510,1124,generic_v15_rejected_only,full first-principles re-review; old status alone is not a sufficient reason
"Most other citrus fruit, n.e.c. produced",FAOSTAT,Fruit · QCL:'01329:5510,1125,generic_v15_rejected_only,full first-principles re-review; old status alone is not a sufficient reason
"Most cream, fresh produced",FAOSTAT,Dairy · QCL:'22120:5510,1126,generic_v15_rejected_only,full first-principles re-review; old status alone is not a sufficient reason
"Most other oil seeds, n.e.c. produced",FAOSTAT,Agriculture · QCL:'01449.90:5510,1127,generic_v15_rejected_only,full first-principles re-review; old status alone is not a sufficient reason
"Most Edible offals of horses and other equines, fresh, chilled or frozen producing animals",FAOSTAT,Livestock · QCL:'21159.01:5320,1128,generic_v15_rejected_only,full first-principles re-review; old status alone is not a sufficient reason
"Most Horse meat, fresh or chilled producing animals",FAOSTAT,Livestock · QCL:'21118.01:5320,1129,generic_v15_rejected_only,full first-principles re-review; old status alone is not a sufficient reason
"Highest Other oil seeds, n.e.c. yield",FAOSTAT,Agriculture · QCL:'01449.90:5412,1131,generic_v15_rejected_only,full first-principles re-review; old status alone is not a sufficient reason
"Most broad beans and horse beans, green produced",FAOSTAT,Livestock · QCL:'01243:5510,1132,generic_v15_rejected_only,full first-principles re-review; old status alone is not a sufficient reason
Highest Cherries yield,FAOSTAT,Agriculture · QCL:'01344.02:5412,1133,generic_v15_rejected_only,full first-principles re-review; old status alone is not a sufficient reason
"Largest Broad beans and horse beans, green harvested area",FAOSTAT,Livestock · QCL:'01243:5312,1134,generic_v15_rejected_only,full first-principles re-review; old status alone is not a sufficient reason
Largest Cereals n.e.c. harvested area,FAOSTAT,Crops · QCL:'01199.90:5312,1135,generic_v15_rejected_only,full first-principles re-review; old status alone is not a sufficient reason
"Most meat of turkeys, fresh or chilled produced",FAOSTAT,Livestock · QCL:'21124:5510,1136,generic_v15_rejected_only,full first-principles re-review; old status alone is not a sufficient reason
Most other berries and fruits of the genus vaccinium n.e.c. produced,FAOSTAT,Fruit · QCL:'01355.90:5510,1138,generic_v15_rejected_only,full first-principles re-review; old status alone is not a sufficient reason
"Highest Broad beans and horse beans, green yield",FAOSTAT,Livestock · QCL:'01243:5412,1139,generic_v15_rejected_only,full first-principles re-review; old status alone is not a sufficient reason
Highest Other berries and fruits of the genus vaccinium n.e.c. yield,FAOSTAT,Fruit · QCL:'01355.90:5412,1140,generic_v15_rejected_only,full first-principles re-review; old status alone is not a sufficient reason
"Highest Walnuts, in shell yield",FAOSTAT,Agriculture · QCL:'01376:5412,1141,generic_v15_rejected_only,full first-principles re-review; old status alone is not a sufficient reason
Most leeks and other alliaceous vegetables produced,FAOSTAT,Vegetables · QCL:'01254:5510,1142,generic_v15_rejected_only,full first-principles re-review; old status alone is not a sufficient reason
Highest Leeks and other alliaceous vegetables yield,FAOSTAT,Vegetables · QCL:'01254:5412,1143,generic_v15_rejected_only,full first-principles re-review; old status alone is not a sufficient reason
Most raspberries produced,FAOSTAT,Agriculture · QCL:'01353.01:5510,1144,generic_v15_rejected_only,full first-principles re-review; old status alone is not a sufficient reason
Highest fixed telephone subscriptions per 100 people,World Bank,Technology · IT.MLT.MAIN.P2,1154,generic_v15_rejected_only,full first-principles re-review; old status alone is not a sufficient reason
Largest agricultural land area,World Bank,Agriculture · AG.LND.AGRI.K2,1155,generic_v15_rejected_only,full first-principles re-review; old status alone is not a sufficient reason
Most separate land areas,Natural Earth,Geography · most-separate-land-areas,1157,generic_v15_rejected_only,full first-principles re-review; old status alone is not a sufficient reason
Highest primary-school enrollment,UNESCO UIS,Education · GER.1,1163,generic_v15_rejected_only,full first-principles re-review; old status alone is not a sufficient reason
Highest carbon dioxide (CO2) net fluxes from LULUCF - Forest Land,World Bank,Environment · EN.GHG.CO2.LU.FL.MT.CE.AR5,1166,generic_v15_rejected_only,full first-principles re-review; old status alone is not a sufficient reason
Most cereal produced,World Bank,Agriculture · AG.PRD.CREL.MT,1168,generic_v15_rejected_only,full first-principles re-review; old status alone is not a sufficient reason
Highest cereal yield,World Bank,Agriculture · AG.YLD.CREL.KG,1169,generic_v15_rejected_only,full first-principles re-review; old status alone is not a sufficient reason
Highest total greenhouse gas emissions including LULUCF,World Bank,Environment · EN.GHG.ALL.LU.MT.CE.AR5,1170,generic_v15_rejected_only,full first-principles re-review; old status alone is not a sufficient reason
Highest final consumption expenditure,World Bank,Economy · NE.CON.TOTL.CN,1173,generic_v15_rejected_only,full first-principles re-review; old status alone is not a sufficient reason
Highest general government final consumption expenditure,World Bank,Economy · NE.CON.GOVT.CN,1174,generic_v15_rejected_only,full first-principles re-review; old status alone is not a sufficient reason
Highest investment share,World Bank,Economy · NE.GDI.TOTL.ZS,1177,generic_v15_rejected_only,full first-principles re-review; old status alone is not a sufficient reason
Highest gross capital formation,World Bank,Economy · NE.GDI.TOTL.CD,1178,generic_v15_rejected_only,full first-principles re-review; old status alone is not a sufficient reason
Highest gross national expenditure,World Bank,Economy · NE.DAB.TOTL.CN,1179,generic_v15_rejected_only,full first-principles re-review; old status alone is not a sufficient reason
Highest households and NPISHs Final consumption expenditure,World Bank,Economy · NE.CON.PRVT.CN,1180,generic_v15_rejected_only,full first-principles re-review; old status alone is not a sufficient reason
Highest households and NPISHs final consumption expenditure: linked series,World Bank,Economy · NE.CON.PRVT.CN.AD,1181,generic_v15_rejected_only,full first-principles re-review; old status alone is not a sufficient reason
Highest final consumption expenditure,World Bank,Economy · NE.CON.TOTL.KN,1182,generic_v15_rejected_only,full first-principles re-review; old status alone is not a sufficient reason
Highest general government final consumption expenditure,World Bank,Economy · NE.CON.GOVT.KN,1184,generic_v15_rejected_only,full first-principles re-review; old status alone is not a sufficient reason
Highest households and NPISHs Final consumption expenditure,World Bank,Economy · NE.CON.PRVT.KN,1185,generic_v15_rejected_only,full first-principles re-review; old status alone is not a sufficient reason
Highest households and NPISHs Final consumption expenditure,World Bank,Economy · NE.CON.PRVT.KD,1187,generic_v15_rejected_only,full first-principles re-review; old status alone is not a sufficient reason
Highest households and NPISHs Final consumption expenditure per capita,World Bank,Economy · NE.CON.PRVT.PC.KD,1188,generic_v15_rejected_only,full first-principles re-review; old status alone is not a sufficient reason
Highest general government final consumption expenditure,World Bank,Economy · NE.CON.GOVT.KD,1189,generic_v15_rejected_only,full first-principles re-review; old status alone is not a sufficient reason
Highest gross national expenditure deflator,World Bank,Economy · NE.DAB.DEFL.ZS,1190,generic_v15_rejected_only,full first-principles re-review; old status alone is not a sufficient reason
"Highest households and NPISHs Final consumption expenditure per capita, PPP",World Bank,Development · NE.CON.PCAP.PP.CD,1193,generic_v15_rejected_only,full first-principles re-review; old status alone is not a sufficient reason
"Highest households and NPISHs Final consumption expenditure, PPP",World Bank,Economy · NE.CON.PRVT.PP.CD,1194,generic_v15_rejected_only,full first-principles re-review; old status alone is not a sufficient reason
Highest gross savings rate,World Bank,Economy · NY.GNS.ICTR.ZS,1196,generic_v15_rejected_only,full first-principles re-review; old status alone is not a sufficient reason
"Highest Other nuts (excluding wild edible nuts and groundnuts), in shell, n.e.c. yield",FAOSTAT,Agriculture · QCL:'01379.90:5412,1198,generic_v15_rejected_only,full first-principles re-review; old status alone is not a sufficient reason
Largest Figs harvested area,FAOSTAT,Agriculture · QCL:'01315:5312,1200,generic_v15_rejected_only,full first-principles re-review; old status alone is not a sufficient reason
Most cereals n.e.c. produced,FAOSTAT,Crops · QCL:'01199.90:5510,1201,generic_v15_rejected_only,full first-principles re-review; old status alone is not a sufficient reason
"Most Meat of turkeys, fresh or chilled producing animals",FAOSTAT,Livestock · QCL:'21124:5321,1202,generic_v15_rejected_only,full first-principles re-review; old status alone is not a sufficient reason
Highest Yams yield,FAOSTAT,Agriculture · QCL:'01540:5412,1203,generic_v15_rejected_only,full first-principles re-review; old status alone is not a sufficient reason
Highest Linseed yield,FAOSTAT,Agriculture · QCL:'01441:5412,1204,generic_v15_rejected_only,full first-principles re-review; old status alone is not a sufficient reason
Largest Raspberries harvested area,FAOSTAT,Agriculture · QCL:'01353.01:5312,1205,generic_v15_rejected_only,full first-principles re-review; old status alone is not a sufficient reason
Highest Raspberries yield,FAOSTAT,Agriculture · QCL:'01353.01:5412,1206,generic_v15_rejected_only,full first-principles re-review; old status alone is not a sufficient reason
Largest Triticale harvested area,FAOSTAT,Agriculture · QCL:'01191:5312,1207,generic_v15_rejected_only,full first-principles re-review; old status alone is not a sufficient reason
Highest Triticale yield,FAOSTAT,Agriculture · QCL:'01191:5412,1208,generic_v15_rejected_only,full first-principles re-review; old status alone is not a sufficient reason
Highest carbon dioxide (CO2) net fluxes from LULUCF - Total excluding non-tropical fires,World Bank,Environment · EN.GHG.CO2.LU.MT.CE.AR5,1209,generic_v15_rejected_only,full first-principles re-review; old status alone is not a sufficient reason
Highest gross fixed capital formation,World Bank,Economy · NE.GDI.FTOT.ZS,1212,generic_v15_rejected_only,full first-principles re-review; old status alone is not a sufficient reason
Highest gross fixed capital formation,World Bank,Economy · NE.GDI.FTOT.CN,1213,generic_v15_rejected_only,full first-principles re-review; old status alone is not a sufficient reason
Highest gross fixed capital formation,World Bank,Economy · NE.GDI.FTOT.CD,1214,generic_v15_rejected_only,full first-principles re-review; old status alone is not a sufficient reason
Highest gross national expenditure,World Bank,Economy · NE.DAB.TOTL.KN,1215,generic_v15_rejected_only,full first-principles re-review; old status alone is not a sufficient reason
Highest net foreign assets,World Bank,Economy · FM.AST.NFRG.CN,1216,generic_v16_2_3_batch_reason,reason-aware re-review required; determine which reason actually applied
Highest gross national expenditure,World Bank,Economy · NE.DAB.TOTL.KD,1217,generic_v15_rejected_only,full first-principles re-review; old status alone is not a sufficient reason
"Most pig fat, rendered produced",FAOSTAT,Livestock · QCL:'21521:5510,1231,generic_v15_rejected_only,full first-principles re-review; old status alone is not a sufficient reason
"Most rapeseed or canola oil, crude produced",FAOSTAT,Agriculture · QCL:'21641.01:5510,1232,generic_v15_rejected_only,full first-principles re-review; old status alone is not a sufficient reason
"Highest Other stimulant, spice and aromatic crops, n.e.c. yield",FAOSTAT,Crops · QCL:'01699:5412,1234,generic_v15_rejected_only,full first-principles re-review; old status alone is not a sufficient reason
"Largest Other stimulant, spice and aromatic crops, n.e.c. harvested area",FAOSTAT,Crops · QCL:'01699:5312,1235,generic_v15_rejected_only,full first-principles re-review; old status alone is not a sufficient reason
"Most other stimulant, spice and aromatic crops, n.e.c. produced",FAOSTAT,Crops · QCL:'01699:5510,1236,generic_v15_rejected_only,full first-principles re-review; old status alone is not a sufficient reason
"Largest Almonds, in shell harvested area",FAOSTAT,Agriculture · QCL:'01371:5312,1237,generic_v15_rejected_only,full first-principles re-review; old status alone is not a sufficient reason
"Highest Meat of turkeys, fresh or chilled yield",FAOSTAT,Livestock · QCL:'21124:5424,1239,generic_v15_rejected_only,full first-principles re-review; old status alone is not a sufficient reason
"Most horse meat, fresh or chilled produced",FAOSTAT,Livestock · QCL:'21118.01:5510,1240,generic_v15_rejected_only,full first-principles re-review; old status alone is not a sufficient reason
Largest Olives harvested area,FAOSTAT,Agriculture · QCL:'01450:5312,1241,generic_v15_rejected_only,full first-principles re-review; old status alone is not a sufficient reason
Highest Cocoa beans yield,FAOSTAT,Crops · QCL:'01640:5412,1242,generic_v15_rejected_only,full first-principles re-review; old status alone is not a sufficient reason
Largest Cocoa beans harvested area,FAOSTAT,Crops · QCL:'01640:5312,1243,generic_v15_rejected_only,full first-principles re-review; old status alone is not a sufficient reason
Most cocoa beans produced,FAOSTAT,Crops · QCL:'01640:5510,1244,generic_v15_rejected_only,full first-principles re-review; old status alone is not a sufficient reason
"Highest Chillies and peppers, dry (Capsicum spp., Pimenta spp.), raw yield",FAOSTAT,Vegetables · QCL:'01652:5412,1245,generic_v15_rejected_only,full first-principles re-review; old status alone is not a sufficient reason
Highest Okra yield,FAOSTAT,Agriculture · QCL:'01239.01:5412,1246,generic_v15_rejected_only,full first-principles re-review; old status alone is not a sufficient reason
Largest Linseed harvested area,FAOSTAT,Agriculture · QCL:'01441:5312,1247,generic_v15_rejected_only,full first-principles re-review; old status alone is not a sufficient reason
Largest Okra harvested area,FAOSTAT,Agriculture · QCL:'01239.01:5312,1248,generic_v15_rejected_only,full first-principles re-review; old status alone is not a sufficient reason
Most okra produced,FAOSTAT,Agriculture · QCL:'01239.01:5510,1249,generic_v15_rejected_only,full first-principles re-review; old status alone is not a sufficient reason
Largest Leeks and other alliaceous vegetables harvested area,FAOSTAT,Vegetables · QCL:'01254:5312,1250,generic_v15_rejected_only,full first-principles re-review; old status alone is not a sufficient reason
Most linseed produced,FAOSTAT,Agriculture · QCL:'01441:5510,1251,generic_v15_rejected_only,full first-principles re-review; old status alone is not a sufficient reason
Most triticale produced,FAOSTAT,Agriculture · QCL:'01191:5510,1252,generic_v15_rejected_only,full first-principles re-review; old status alone is not a sufficient reason
Largest Sour cherries harvested area,FAOSTAT,Agriculture · QCL:'01344.01:5312,1253,generic_v15_rejected_only,full first-principles re-review; old status alone is not a sufficient reason
Most sour cherries produced,FAOSTAT,Agriculture · QCL:'01344.01:5510,1254,generic_v15_rejected_only,full first-principles re-review; old status alone is not a sufficient reason
Most large separate land areas,Natural Earth,Geography · most-large-land-areas,1255,generic_v15_rejected_only,full first-principles re-review; old status alone is not a sufficient reason
Highest final consumption expenditure,World Bank,Economy · NE.CON.TOTL.KD.ZG,1256,generic_v15_rejected_only,full first-principles re-review; old status alone is not a sufficient reason
Highest households and NPISHs Final consumption expenditure,World Bank,Economy · NE.CON.PRVT.KD.ZG,1257,generic_v15_rejected_only,full first-principles re-review; old status alone is not a sufficient reason
Highest gross fixed capital formation,World Bank,Economy · NE.GDI.FTOT.KN,1258,generic_v15_rejected_only,full first-principles re-review; old status alone is not a sufficient reason
Highest gross capital formation,World Bank,Economy · NE.GDI.TOTL.KD,1259,generic_v15_rejected_only,full first-principles re-review; old status alone is not a sufficient reason
Highest gross fixed capital formation,World Bank,Economy · NE.GDI.FTOT.KD,1260,generic_v15_rejected_only,full first-principles re-review; old status alone is not a sufficient reason
Highest net domestic credit,World Bank,Economy · FM.AST.DOMS.CN,1261,generic_v16_2_3_batch_reason,reason-aware re-review required; determine which reason actually applied
Most whole milk powder produced,FAOSTAT,Dairy · QCL:'22211:5510,1271,generic_v15_rejected_only,full first-principles re-review; old status alone is not a sufficient reason
Most skim milk and whey powder produced,FAOSTAT,Dairy · QCL:'22212:5510,1272,generic_v15_rejected_only,full first-principles re-review; old status alone is not a sufficient reason
"Largest Chillies and peppers, dry (Capsicum spp., Pimenta spp.), raw harvested area",FAOSTAT,Vegetables · QCL:'01652:5312,1274,generic_v15_rejected_only,full first-principles re-review; old status alone is not a sufficient reason
"Most chillies and peppers, dry (Capsicum spp., Pimenta spp.), raw produced",FAOSTAT,Vegetables · QCL:'01652:5510,1275,generic_v15_rejected_only,full first-principles re-review; old status alone is not a sufficient reason
Largest Yams harvested area,FAOSTAT,Agriculture · QCL:'01540:5312,1276,generic_v15_rejected_only,full first-principles re-review; old status alone is not a sufficient reason
Most yams produced,FAOSTAT,Agriculture · QCL:'01540:5510,1277,generic_v15_rejected_only,full first-principles re-review; old status alone is not a sufficient reason
"Highest Horse meat, fresh or chilled yield",FAOSTAT,Livestock · QCL:'21118.01:5417,1278,generic_v15_rejected_only,full first-principles re-review; old status alone is not a sufficient reason
Most plantains and cooking bananas produced,FAOSTAT,Fruit · QCL:'01313:5510,1279,generic_v15_rejected_only,full first-principles re-review; old status alone is not a sufficient reason
"Highest Almonds, in shell yield",FAOSTAT,Agriculture · QCL:'01371:5412,1280,generic_v15_rejected_only,full first-principles re-review; old status alone is not a sufficient reason
Highest Figs yield,FAOSTAT,Agriculture · QCL:'01315:5412,1281,generic_v15_rejected_only,full first-principles re-review; old status alone is not a sufficient reason
Highest Tea leaves yield,FAOSTAT,Crops · QCL:'01620:5412,1282,generic_v15_rejected_only,full first-principles re-review; old status alone is not a sufficient reason
Highest Asparagus yield,FAOSTAT,Agriculture · QCL:'01211:5412,1283,generic_v15_rejected_only,full first-principles re-review; old status alone is not a sufficient reason
"Highest Lentils, dry yield",FAOSTAT,Agriculture · QCL:'01704:5412,1284,generic_v15_rejected_only,full first-principles re-review; old status alone is not a sufficient reason
Highest Currants yield,FAOSTAT,Agriculture · QCL:'01351.01:5412,1285,generic_v15_rejected_only,full first-principles re-review; old status alone is not a sufficient reason
Largest Blueberries harvested area,FAOSTAT,Agriculture · QCL:'01355.01:5312,1286,generic_v15_rejected_only,full first-principles re-review; old status alone is not a sufficient reason
Highest carbon dioxide (CO2) net fluxes from LULUCF - Deforestation,World Bank,Environment · EN.GHG.CO2.LU.DF.MT.CE.AR5,1288,generic_v15_rejected_only,full first-principles re-review; old status alone is not a sufficient reason
Highest general government final consumption expenditure,World Bank,Economy · NE.CON.GOVT.KD.ZG,1289,generic_v15_rejected_only,full first-principles re-review; old status alone is not a sufficient reason
Fastest households and NPISHs Final consumption expenditure per capita growth,World Bank,Economy · NE.CON.PRVT.PC.KD.ZG,1290,generic_v15_rejected_only,full first-principles re-review; old status alone is not a sufficient reason
Most tallow produced,FAOSTAT,Agriculture · QCL:'21523:5510,1303,generic_v15_rejected_only,full first-principles re-review; old status alone is not a sufficient reason
"Most whole milk, condensed produced",FAOSTAT,Dairy · QCL:'22222.01:5510,1304,generic_v15_rejected_only,full first-principles re-review; old status alone is not a sufficient reason
"Most whole milk, evaporated produced",FAOSTAT,Dairy · QCL:'22221.01:5510,1305,generic_v15_rejected_only,full first-principles re-review; old status alone is not a sufficient reason
Most olives produced,FAOSTAT,Agriculture · QCL:'01450:5510,1306,generic_v15_rejected_only,full first-principles re-review; old status alone is not a sufficient reason
"Highest Chick peas, dry yield",FAOSTAT,Agriculture · QCL:'01703:5412,1307,generic_v15_rejected_only,full first-principles re-review; old status alone is not a sufficient reason
Highest Plantains and cooking bananas yield,FAOSTAT,Fruit · QCL:'01313:5412,1308,generic_v15_rejected_only,full first-principles re-review; old status alone is not a sufficient reason
Most asparagus produced,FAOSTAT,Agriculture · QCL:'01211:5510,1309,generic_v15_rejected_only,full first-principles re-review; old status alone is not a sufficient reason
Largest Asparagus harvested area,FAOSTAT,Agriculture · QCL:'01211:5312,1310,generic_v15_rejected_only,full first-principles re-review; old status alone is not a sufficient reason
Most green corn (maize) produced,FAOSTAT,Crops · QCL:'01290.01:5510,1312,generic_v15_rejected_only,full first-principles re-review; old status alone is not a sufficient reason
Highest Green corn (maize) yield,FAOSTAT,Crops · QCL:'01290.01:5412,1313,generic_v15_rejected_only,full first-principles re-review; old status alone is not a sufficient reason
Largest Green corn (maize) harvested area,FAOSTAT,Crops · QCL:'01290.01:5312,1314,generic_v15_rejected_only,full first-principles re-review; old status alone is not a sufficient reason
"Most pepper (Piper spp.), raw produced",FAOSTAT,Vegetables · QCL:'01651:5510,1315,generic_v15_rejected_only,full first-principles re-review; old status alone is not a sufficient reason
"Highest Onions and shallots, green yield",FAOSTAT,Vegetables · QCL:'01253.01:5412,1316,generic_v15_rejected_only,full first-principles re-review; old status alone is not a sufficient reason
"Largest Onions and shallots, green harvested area",FAOSTAT,Vegetables · QCL:'01253.01:5312,1317,generic_v15_rejected_only,full first-principles re-review; old status alone is not a sufficient reason
"Most onions and shallots, green produced",FAOSTAT,Vegetables · QCL:'01253.01:5510,1318,generic_v15_rejected_only,full first-principles re-review; old status alone is not a sufficient reason
"Largest Lentils, dry harvested area",FAOSTAT,Agriculture · QCL:'01704:5312,1319,generic_v15_rejected_only,full first-principles re-review; old status alone is not a sufficient reason
"Most lentils, dry produced",FAOSTAT,Agriculture · QCL:'01704:5510,1320,generic_v15_rejected_only,full first-principles re-review; old status alone is not a sufficient reason
"Highest Ginger, raw yield",FAOSTAT,Agriculture · QCL:'01657:5412,1321,generic_v15_rejected_only,full first-principles re-review; old status alone is not a sufficient reason
Most blueberries produced,FAOSTAT,Agriculture · QCL:'01355.01:5510,1322,generic_v15_rejected_only,full first-principles re-review; old status alone is not a sufficient reason
Highest Blueberries yield,FAOSTAT,Agriculture · QCL:'01355.01:5412,1323,generic_v15_rejected_only,full first-principles re-review; old status alone is not a sufficient reason
Lowest primary out-of-school rate,UNESCO UIS,Education · ROFST.1.CP,1324,generic_v15_rejected_only,full first-principles re-review; old status alone is not a sufficient reason
Most coconut oil produced,FAOSTAT,Agriculture · QCL:'2166:5510,1329,generic_v15_rejected_only,full first-principles re-review; old status alone is not a sufficient reason
Most oil of sesame seed produced,FAOSTAT,Agriculture · QCL:'21691.07:5510,1330,generic_v15_rejected_only,full first-principles re-review; old status alone is not a sufficient reason
"Most edible offals of horses and other equines, fresh, chilled or frozen produced",FAOSTAT,Livestock · QCL:'21159.01:5510,1331,generic_v15_rejected_only,full first-principles re-review; old status alone is not a sufficient reason
Largest Rabbits and hares stocks,FAOSTAT,Livestock · QCL:'02191:5112,1332,generic_v15_rejected_only,full first-principles re-review; old status alone is not a sufficient reason
Largest Plantains and cooking bananas harvested area,FAOSTAT,Fruit · QCL:'01313:5312,1333,generic_v15_rejected_only,full first-principles re-review; old status alone is not a sufficient reason
"Largest Chick peas, dry harvested area",FAOSTAT,Agriculture · QCL:'01703:5312,1334,generic_v15_rejected_only,full first-principles re-review; old status alone is not a sufficient reason
"Most chick peas, dry produced",FAOSTAT,Agriculture · QCL:'01703:5510,1335,generic_v15_rejected_only,full first-principles re-review; old status alone is not a sufficient reason
Most taro produced,FAOSTAT,Agriculture · QCL:'01550:5510,1336,generic_v15_rejected_only,full first-principles re-review; old status alone is not a sufficient reason
Highest Taro yield,FAOSTAT,Agriculture · QCL:'01550:5412,1337,generic_v15_rejected_only,full first-principles re-review; old status alone is not a sufficient reason
Largest Tea leaves harvested area,FAOSTAT,Crops · QCL:'01620:5312,1338,generic_v15_rejected_only,full first-principles re-review; old status alone is not a sufficient reason
"Most game meat, fresh, chilled or frozen produced",FAOSTAT,Livestock · QCL:'21170.02:5510,1339,generic_v15_rejected_only,full first-principles re-review; old status alone is not a sufficient reason
Most tea leaves produced,FAOSTAT,Crops · QCL:'01620:5510,1340,generic_v15_rejected_only,full first-principles re-review; old status alone is not a sufficient reason
"Highest Pepper (Piper spp.), raw yield",FAOSTAT,Vegetables · QCL:'01651:5412,1341,generic_v15_rejected_only,full first-principles re-review; old status alone is not a sufficient reason
"Largest Pepper (Piper spp.), raw harvested area",FAOSTAT,Vegetables · QCL:'01651:5312,1342,generic_v15_rejected_only,full first-principles re-review; old status alone is not a sufficient reason
Highest Oil palm fruit yield,FAOSTAT,Fruit · QCL:'01491.01:5412,1343,generic_v15_rejected_only,full first-principles re-review; old status alone is not a sufficient reason
Largest Currants harvested area,FAOSTAT,Agriculture · QCL:'01351.01:5312,1344,generic_v15_rejected_only,full first-principles re-review; old status alone is not a sufficient reason
Most currants produced,FAOSTAT,Agriculture · QCL:'01351.01:5510,1345,generic_v15_rejected_only,full first-principles re-review; old status alone is not a sufficient reason
"Largest Ginger, raw harvested area",FAOSTAT,Agriculture · QCL:'01657:5312,1346,generic_v15_rejected_only,full first-principles re-review; old status alone is not a sufficient reason
"Most ginger, raw produced",FAOSTAT,Agriculture · QCL:'01657:5510,1347,generic_v15_rejected_only,full first-principles re-review; old status alone is not a sufficient reason
Highest Olives yield,FAOSTAT,Agriculture · QCL:'01450:5412,1348,generic_v15_rejected_only,full first-principles re-review; old status alone is not a sufficient reason
Highest Sour cherries yield,FAOSTAT,Agriculture · QCL:'01344.01:5412,1349,generic_v15_rejected_only,full first-principles re-review; old status alone is not a sufficient reason
"Most cashew nuts, in shell produced",FAOSTAT,Agriculture · QCL:'01372:5510,1350,generic_v15_rejected_only,full first-principles re-review; old status alone is not a sufficient reason
Most quinces produced,FAOSTAT,Agriculture · QCL:'01342.02:5510,1351,generic_v15_rejected_only,full first-principles re-review; old status alone is not a sufficient reason
Highest secondary-school enrollment,UNESCO UIS,Education · GER.2T3,1357,generic_v15_rejected_only,full first-principles re-review; old status alone is not a sufficient reason
Highest gross fixed capital formation,World Bank,Economy · NE.GDI.FTOT.KD.ZG,1359,generic_v15_rejected_only,full first-principles re-review; old status alone is not a sufficient reason
"Highest net bilateral aid flows from DAC donors, Total",World Bank,Economy · DC.DAC.TOTL.CD,1365,generic_v16_2_3_batch_reason,reason-aware re-review required; determine which reason actually applied
"Highest net official flows from UN agencies, WHO",World Bank,Economy · DT.NFL.WHOL.CD,1370,generic_v16_2_3_batch_reason,reason-aware re-review required; determine which reason actually applied
"Highest external debt stocks, long-term",World Bank,Economy · DT.DOD.DLXF.CD,1373,generic_v16_2_3_batch_reason,reason-aware re-review required; determine which reason actually applied
"Highest external debt stocks, public and publicly guaranteed (PPG)",World Bank,Economy · DT.DOD.DPPG.CD,1374,generic_v16_2_3_batch_reason,reason-aware re-review required; determine which reason actually applied
"Highest external debt stocks, short-term",World Bank,Economy · DT.DOD.DSTC.CD,1375,generic_v16_2_3_batch_reason,reason-aware re-review required; determine which reason actually applied
"Highest external debt stocks, total",World Bank,Economy · DT.DOD.DECT.CD,1376,generic_v16_2_3_batch_reason,reason-aware re-review required; determine which reason actually applied
Highest use of IMF credit,World Bank,Economy · DT.DOD.DIMF.CD,1379,generic_v16_2_3_batch_reason,reason-aware re-review required; determine which reason actually applied
Highest Cereals n.e.c. yield,FAOSTAT,Crops · QCL:'01199.90:5412,1380,generic_v15_rejected_only,full first-principles re-review; old status alone is not a sufficient reason
Most oil of linseed produced,FAOSTAT,Agriculture · QCL:'21691.12:5510,1381,generic_v15_rejected_only,full first-principles re-review; old status alone is not a sufficient reason
Largest Taro harvested area,FAOSTAT,Agriculture · QCL:'01550:5312,1382,generic_v15_rejected_only,full first-principles re-review; old status alone is not a sufficient reason
"Most meat of rabbits and hares, fresh or chilled produced",FAOSTAT,Livestock · QCL:'21114:5510,1383,generic_v15_rejected_only,full first-principles re-review; old status alone is not a sufficient reason
Most beeswax produced,FAOSTAT,Agriculture · QCL:'02960.01:5510,1384,generic_v15_rejected_only,full first-principles re-review; old status alone is not a sufficient reason
"Highest Meat of rabbits and hares, fresh or chilled yield",FAOSTAT,Livestock · QCL:'21114:5424,1385,generic_v15_rejected_only,full first-principles re-review; old status alone is not a sufficient reason
"Highest Cow peas, dry yield",FAOSTAT,Agriculture · QCL:'01706:5412,1386,generic_v15_rejected_only,full first-principles re-review; old status alone is not a sufficient reason
"Largest Cow peas, dry harvested area",FAOSTAT,Agriculture · QCL:'01706:5312,1387,generic_v15_rejected_only,full first-principles re-review; old status alone is not a sufficient reason
"Largest Hazelnuts, in shell harvested area",FAOSTAT,Agriculture · QCL:'01374:5312,1388,generic_v15_rejected_only,full first-principles re-review; old status alone is not a sufficient reason
"Most hazelnuts, in shell produced",FAOSTAT,Agriculture · QCL:'01374:5510,1389,generic_v15_rejected_only,full first-principles re-review; old status alone is not a sufficient reason
"Highest Meat of camels, fresh or chilled yield",FAOSTAT,Livestock · QCL:'21117.01:5417,1390,generic_v15_rejected_only,full first-principles re-review; old status alone is not a sufficient reason
"Most Edible offals of camels and other camelids, fresh, chilled or frozen producing animals",FAOSTAT,Livestock · QCL:'21159.02:5320,1391,generic_v15_rejected_only,full first-principles re-review; old status alone is not a sufficient reason
Most Fat of camels producing animals,FAOSTAT,Livestock · QCL:'21519.02:5320,1392,generic_v15_rejected_only,full first-principles re-review; old status alone is not a sufficient reason
"Most meat of camels, fresh or chilled produced",FAOSTAT,Livestock · QCL:'21117.01:5510,1393,generic_v15_rejected_only,full first-principles re-review; old status alone is not a sufficient reason
"Most Meat of camels, fresh or chilled producing animals",FAOSTAT,Livestock · QCL:'21117.01:5320,1394,generic_v15_rejected_only,full first-principles re-review; old status alone is not a sufficient reason
Highest Dates yield,FAOSTAT,Agriculture · QCL:'01314:5412,1395,generic_v15_rejected_only,full first-principles re-review; old status alone is not a sufficient reason
Largest Dates harvested area,FAOSTAT,Agriculture · QCL:'01314:5312,1396,generic_v15_rejected_only,full first-principles re-review; old status alone is not a sufficient reason
Largest Other stone fruits harvested area,FAOSTAT,Fruit · QCL:'01349.20:5312,1397,generic_v15_rejected_only,full first-principles re-review; old status alone is not a sufficient reason
Most dates produced,FAOSTAT,Agriculture · QCL:'01314:5510,1398,generic_v15_rejected_only,full first-principles re-review; old status alone is not a sufficient reason
Most other stone fruits produced,FAOSTAT,Fruit · QCL:'01349.20:5510,1399,generic_v15_rejected_only,full first-principles re-review; old status alone is not a sufficient reason
Highest Quinces yield,FAOSTAT,Agriculture · QCL:'01342.02:5412,1400,generic_v15_rejected_only,full first-principles re-review; old status alone is not a sufficient reason
"Largest Cashew nuts, in shell harvested area",FAOSTAT,Agriculture · QCL:'01372:5312,1401,generic_v15_rejected_only,full first-principles re-review; old status alone is not a sufficient reason
"Highest Cashew nuts, in shell yield",FAOSTAT,Agriculture · QCL:'01372:5412,1402,generic_v15_rejected_only,full first-principles re-review; old status alone is not a sufficient reason
"Highest Hazelnuts, in shell yield",FAOSTAT,Agriculture · QCL:'01374:5412,1403,generic_v15_rejected_only,full first-principles re-review; old status alone is not a sufficient reason
"Highest energy use (kg of oil equivalent) per $1,000 GDP",World Bank,Energy · EG.USE.COMM.GD.PP.KD,1406,generic_v16_2_3_batch_reason,reason-aware re-review required; determine which reason actually applied
Highest gDP per unit of energy use,World Bank,Energy · EG.GDP.PUSE.KO.PP.KD,1407,generic_v16_2_3_batch_reason,reason-aware re-review required; determine which reason actually applied
Highest net ODA received per capita,World Bank,Economy · DT.ODA.ODAT.PC.ZS,1408,generic_v16_2_3_batch_reason,reason-aware re-review required; determine which reason actually applied
"Highest net bilateral aid flows from DAC donors, United States",World Bank,Economy · DC.DAC.USAL.CD,1410,generic_v16_2_3_batch_reason,reason-aware re-review required; determine which reason actually applied
"Highest debt service on external debt, total",World Bank,Economy · DT.TDS.DECT.CD,1411,generic_v16_2_3_batch_reason,reason-aware re-review required; determine which reason actually applied
Highest multilateral debt service,World Bank,Economy · DT.TDS.MLAT.CD,1412,generic_v16_2_3_batch_reason,reason-aware re-review required; determine which reason actually applied
"Highest net financial flows, multilateral",World Bank,Economy · DT.NFL.MLAT.CD,1413,generic_v16_2_3_batch_reason,reason-aware re-review required; determine which reason actually applied
"Highest Edible roots and tubers with high starch or inulin content, n.e.c., fresh yield",FAOSTAT,Agriculture · QCL:'01599.10:5412,1423,generic_v15_rejected_only,full first-principles re-review; old status alone is not a sufficient reason
Most oil of maize produced,FAOSTAT,Crops · QCL:'21691.02:5510,1424,generic_v15_rejected_only,full first-principles re-review; old status alone is not a sufficient reason
"Most whey, dry produced",FAOSTAT,Agriculture · QCL:'22130.02:5510,1425,generic_v15_rejected_only,full first-principles re-review; old status alone is not a sufficient reason
Largest Oil palm fruit harvested area,FAOSTAT,Fruit · QCL:'01491.01:5312,1426,generic_v15_rejected_only,full first-principles re-review; old status alone is not a sufficient reason
"Most Meat of rabbits and hares, fresh or chilled producing animals",FAOSTAT,Livestock · QCL:'21114:5321,1427,generic_v15_rejected_only,full first-principles re-review; old status alone is not a sufficient reason
Most oil palm fruit produced,FAOSTAT,Fruit · QCL:'01491.01:5510,1428,generic_v15_rejected_only,full first-principles re-review; old status alone is not a sufficient reason
Most artichokes produced,FAOSTAT,Agriculture · QCL:'01216:5510,1429,generic_v15_rejected_only,full first-principles re-review; old status alone is not a sufficient reason
"Most cow peas, dry produced",FAOSTAT,Agriculture · QCL:'01706:5510,1430,generic_v15_rejected_only,full first-principles re-review; old status alone is not a sufficient reason
Most yoghurt produced,FAOSTAT,Agriculture · QCL:'22230.01:5510,1431,generic_v15_rejected_only,full first-principles re-review; old status alone is not a sufficient reason
Largest Artichokes harvested area,FAOSTAT,Agriculture · QCL:'01216:5312,1432,generic_v15_rejected_only,full first-principles re-review; old status alone is not a sufficient reason
"Most edible offals of camels and other camelids, fresh, chilled or frozen produced",FAOSTAT,Livestock · QCL:'21159.02:5510,1433,generic_v15_rejected_only,full first-principles re-review; old status alone is not a sufficient reason
Most fat of camels produced,FAOSTAT,Livestock · QCL:'21519.02:5510,1434,generic_v15_rejected_only,full first-principles re-review; old status alone is not a sufficient reason
Largest Quinces harvested area,FAOSTAT,Agriculture · QCL:'01342.02:5312,1435,generic_v15_rejected_only,full first-principles re-review; old status alone is not a sufficient reason
Largest Lupins harvested area,FAOSTAT,Agriculture · QCL:'01709.02:5312,1436,generic_v15_rejected_only,full first-principles re-review; old status alone is not a sufficient reason
Most lupins produced,FAOSTAT,Agriculture · QCL:'01709.02:5510,1437,generic_v15_rejected_only,full first-principles re-review; old status alone is not a sufficient reason
Highest Natural rubber in primary forms yield,FAOSTAT,Agriculture · QCL:'01950.01:5412,1438,generic_v15_rejected_only,full first-principles re-review; old status alone is not a sufficient reason
Largest Natural rubber in primary forms harvested area,FAOSTAT,Agriculture · QCL:'01950.01:5312,1439,generic_v15_rejected_only,full first-principles re-review; old status alone is not a sufficient reason
Most natural rubber in primary forms produced,FAOSTAT,Agriculture · QCL:'01950.01:5510,1440,generic_v15_rejected_only,full first-principles re-review; old status alone is not a sufficient reason
Highest Other stone fruits yield,FAOSTAT,Fruit · QCL:'01349.20:5412,1441,generic_v15_rejected_only,full first-principles re-review; old status alone is not a sufficient reason
Highest education spending share of GDP,UNESCO UIS,Government · XGDP.FSGOV,1442,generic_v15_rejected_only,full first-principles re-review; old status alone is not a sufficient reason
Highest tertiary enrollment,UNESCO UIS,Education · GER.5T8,1443,generic_v15_rejected_only,full first-principles re-review; old status alone is not a sufficient reason
Highest changes in inventories,World Bank,Economy · NE.GDI.STKB.CN,1444,generic_v16_2_3_batch_reason,reason-aware re-review required; determine which reason actually applied
"Highest net bilateral aid flows from DAC donors, European Union institutions",World Bank,Economy · DC.DAC.CECL.CD,1445,generic_v16_2_3_batch_reason,reason-aware re-review required; determine which reason actually applied
"Highest net bilateral aid flows from DAC donors, Canada",World Bank,Economy · DC.DAC.CANL.CD,1446,generic_v16_2_3_batch_reason,reason-aware re-review required; determine which reason actually applied
"Highest net bilateral aid flows from DAC donors, Japan",World Bank,Economy · DC.DAC.JPNL.CD,1447,generic_v16_2_3_batch_reason,reason-aware re-review required; determine which reason actually applied
"Highest net bilateral aid flows from DAC donors, Germany",World Bank,Economy · DC.DAC.DEUL.CD,1448,generic_v16_2_3_batch_reason,reason-aware re-review required; determine which reason actually applied
"Highest debt service on external debt, public and publicly guaranteed (PPG)",World Bank,Economy · DT.TDS.DPPG.CD,1450,generic_v16_2_3_batch_reason,reason-aware re-review required; determine which reason actually applied
"Highest pPG, official creditors",World Bank,Economy · DT.NFL.OFFT.CD,1451,generic_v16_2_3_batch_reason,reason-aware re-review required; determine which reason actually applied
Largest sports-equipment exports,UN Comtrade,Trade · 9506,1455,generic_v15_rejected_only,full first-principles re-review; old status alone is not a sufficient reason
"Largest Edible roots and tubers with high starch or inulin content, n.e.c., fresh harvested area",FAOSTAT,Agriculture · QCL:'01599.10:5312,1471,generic_v15_rejected_only,full first-principles re-review; old status alone is not a sufficient reason
"Most cheese from milk of sheep, fresh or processed produced",FAOSTAT,Livestock · QCL:'22253:5510,1472,generic_v15_rejected_only,full first-principles re-review; old status alone is not a sufficient reason
Most palm oil produced,FAOSTAT,Agriculture · QCL:'2165:5510,1473,generic_v15_rejected_only,full first-principles re-review; old status alone is not a sufficient reason
"Most cheese from milk of goats, fresh or processed produced",FAOSTAT,Livestock · QCL:'22254:5510,1474,generic_v15_rejected_only,full first-principles re-review; old status alone is not a sufficient reason
Largest Kiwi fruit harvested area,FAOSTAT,Fruit · QCL:'01352:5312,1475,generic_v15_rejected_only,full first-principles re-review; old status alone is not a sufficient reason
Most kiwi fruit produced,FAOSTAT,Fruit · QCL:'01352:5510,1476,generic_v15_rejected_only,full first-principles re-review; old status alone is not a sufficient reason
"Largest Chestnuts, in shell harvested area",FAOSTAT,Agriculture · QCL:'01373:5312,1477,generic_v15_rejected_only,full first-principles re-review; old status alone is not a sufficient reason
"Most chestnuts, in shell produced",FAOSTAT,Agriculture · QCL:'01373:5510,1478,generic_v15_rejected_only,full first-principles re-review; old status alone is not a sufficient reason
"Most eggs from other birds in shell, fresh, n.e.c. produced",FAOSTAT,Agriculture · QCL:'0232:5513,1479,generic_v15_rejected_only,full first-principles re-review; old status alone is not a sufficient reason
"Most other meat of mammals, fresh or chilled produced",FAOSTAT,Livestock · QCL:'21119.90:5510,1480,generic_v15_rejected_only,full first-principles re-review; old status alone is not a sufficient reason
Highest Castor oil seeds yield,FAOSTAT,Agriculture · QCL:'01447:5412,1481,generic_v15_rejected_only,full first-principles re-review; old status alone is not a sufficient reason
Largest mapped land area,Natural Earth,Geography · largest-geodesic-land-area,1483,duplicate_explicit,preserve exclusion unless duplicate target is removed or concept materially differs
Highest universal-health-coverage score,WHO,Healthcare · UHC_AVAILABILITY_SCORE,1488,generic_v15_rejected_only,full first-principles re-review; old status alone is not a sufficient reason
Lowest average rainfall,World Bank,Climate · AG.LND.PRCP.MM,1492,generic_v15_rejected_only,full first-principles re-review; old status alone is not a sufficient reason
"Highest net bilateral aid flows from DAC donors, Korea, Rep.",World Bank,Economy · DC.DAC.KORL.CD,1501,generic_v16_2_3_batch_reason,reason-aware re-review required; determine which reason actually applied
Highest broad money,World Bank,Economy · FM.LBL.BMNY.CN,1503,generic_v16_2_3_batch_reason,reason-aware re-review required; determine which reason actually applied
"Highest net bilateral aid flows from DAC donors, France",World Bank,Economy · DC.DAC.FRAL.CD,1505,generic_v16_2_3_batch_reason,reason-aware re-review required; determine which reason actually applied
"Highest Other citrus fruit, n.e.c. yield",FAOSTAT,Fruit · QCL:'01329:5412,1514,generic_v15_rejected_only,full first-principles re-review; old status alone is not a sufficient reason
"Most edible roots and tubers with high starch or inulin content, n.e.c., fresh produced",FAOSTAT,Agriculture · QCL:'01599.10:5510,1515,generic_v15_rejected_only,full first-principles re-review; old status alone is not a sufficient reason
Largest Geese stocks,FAOSTAT,Agriculture · QCL:'02153:5112,1516,generic_v15_rejected_only,full first-principles re-review; old status alone is not a sufficient reason
Most cheese from skimmed cow milk produced,FAOSTAT,Dairy · QCL:'22251.02:5510,1517,generic_v15_rejected_only,full first-principles re-review; old status alone is not a sufficient reason
"Most eggs from other birds in shell, fresh, n.e.c. produced",FAOSTAT,Agriculture · QCL:'0232:5510,1518,generic_v15_rejected_only,full first-principles re-review; old status alone is not a sufficient reason
Largest Castor oil seeds harvested area,FAOSTAT,Agriculture · QCL:'01447:5312,1519,generic_v15_rejected_only,full first-principles re-review; old status alone is not a sufficient reason
"Highest Anise, badian, coriander, cumin, caraway, fennel and juniper berries, raw yield",FAOSTAT,Agriculture · QCL:'01654:5412,1520,generic_v15_rejected_only,full first-principles re-review; old status alone is not a sufficient reason
Largest Mixed grain harvested area,FAOSTAT,Agriculture · QCL:'01199.02:5312,1521,generic_v15_rejected_only,full first-principles re-review; old status alone is not a sufficient reason
Most mixed grain produced,FAOSTAT,Agriculture · QCL:'01199.02:5510,1522,generic_v15_rejected_only,full first-principles re-review; old status alone is not a sufficient reason
Most Raw milk of camel milk-producing animals,FAOSTAT,Livestock · QCL:'02293:5318,1523,generic_v15_rejected_only,full first-principles re-review; old status alone is not a sufficient reason
"Highest net official flows from UN agencies, ILO",World Bank,Economy · DT.NFL.ILOG.CD,1528,generic_v16_2_3_batch_reason,reason-aware re-review required; determine which reason actually applied
"Highest net official flows from UN agencies, FAO",World Bank,Economy · DT.NFL.FAOG.CD,1529,generic_v16_2_3_batch_reason,reason-aware re-review required; determine which reason actually applied
"Highest net bilateral aid flows from DAC donors, Sweden",World Bank,Economy · DC.DAC.SWEL.CD,1531,generic_v16_2_3_batch_reason,reason-aware re-review required; determine which reason actually applied
Most oil of palm kernel produced,FAOSTAT,Agriculture · QCL:'21691.14:5510,1539,generic_v15_rejected_only,full first-principles re-review; old status alone is not a sufficient reason
Most palm kernels produced,FAOSTAT,Agriculture · QCL:'01491.02:5510,1540,generic_v15_rejected_only,full first-principles re-review; old status alone is not a sufficient reason
Most olive oil produced,FAOSTAT,Agriculture · QCL:'2167:5510,1541,generic_v15_rejected_only,full first-principles re-review; old status alone is not a sufficient reason
Most castor oil seeds produced,FAOSTAT,Agriculture · QCL:'01447:5510,1542,generic_v15_rejected_only,full first-principles re-review; old status alone is not a sufficient reason
Largest Hop cones harvested area,FAOSTAT,Agriculture · QCL:'01659:5312,1543,generic_v15_rejected_only,full first-principles re-review; old status alone is not a sufficient reason
"Largest Anise, badian, coriander, cumin, caraway, fennel and juniper berries, raw harvested area",FAOSTAT,Agriculture · QCL:'01654:5312,1544,generic_v15_rejected_only,full first-principles re-review; old status alone is not a sufficient reason
"Most anise, badian, coriander, cumin, caraway, fennel and juniper berries, raw produced",FAOSTAT,Agriculture · QCL:'01654:5510,1545,generic_v15_rejected_only,full first-principles re-review; old status alone is not a sufficient reason
Most hop cones produced,FAOSTAT,Agriculture · QCL:'01659:5510,1546,generic_v15_rejected_only,full first-principles re-review; old status alone is not a sufficient reason
Lowest youth NEET rate,ILOSTAT,Labor · EIP_NEET_SEX_RT_A,1547,generic_v15_rejected_only,full first-principles re-review; old status alone is not a sufficient reason
Highest outbound student mobility,UNESCO UIS,Education · MOR.5T8.40505,1548,generic_v15_rejected_only,full first-principles re-review; old status alone is not a sufficient reason
"Highest net bilateral aid flows from DAC donors, United Kingdom",World Bank,Economy · DC.DAC.GBRL.CD,1551,generic_v16_2_3_batch_reason,reason-aware re-review required; determine which reason actually applied
"Highest net bilateral aid flows from DAC donors, Italy",World Bank,Economy · DC.DAC.ITAL.CD,1552,generic_v16_2_3_batch_reason,reason-aware re-review required; determine which reason actually applied
"Highest net bilateral aid flows from DAC donors, Australia",World Bank,Economy · DC.DAC.AUSL.CD,1553,generic_v16_2_3_batch_reason,reason-aware re-review required; determine which reason actually applied
Highest broad money to total reserves ratio,World Bank,Economy · FM.LBL.BMNY.IR.ZS,1554,generic_v16_2_3_batch_reason,reason-aware re-review required; determine which reason actually applied
"Highest net official flows from UN agencies, UNICEF",World Bank,Economy · DT.NFL.UNCF.CD,1555,generic_v16_2_3_batch_reason,reason-aware re-review required; determine which reason actually applied
Highest carbon dioxide (CO2) net fluxes from LULUCF - Other Land,World Bank,Environment · EN.GHG.CO2.LU.OL.MT.CE.AR5,1557,generic_v15_rejected_only,full first-principles re-review; old status alone is not a sufficient reason
"Highest net official flows from UN agencies, UNFPA",World Bank,Economy · DT.NFL.UNFP.CD,1559,generic_v16_2_3_batch_reason,reason-aware re-review required; determine which reason actually applied
Most raw milk of buffalo produced,FAOSTAT,Livestock · QCL:'02212:5510,1564,generic_v15_rejected_only,full first-principles re-review; old status alone is not a sufficient reason
"Most Meat of geese, fresh or chilled producing animals",FAOSTAT,Livestock · QCL:'21123:5321,1565,generic_v15_rejected_only,full first-principles re-review; old status alone is not a sufficient reason
Highest Lupins yield,FAOSTAT,Agriculture · QCL:'01709.02:5412,1566,generic_v15_rejected_only,full first-principles re-review; old status alone is not a sufficient reason
"Highest net bilateral aid flows from DAC donors, Switzerland",World Bank,Economy · DC.DAC.CHEL.CD,1584,generic_v16_2_3_batch_reason,reason-aware re-review required; determine which reason actually applied
"Highest net bilateral aid flows from DAC donors, Austria",World Bank,Economy · DC.DAC.AUTL.CD,1585,generic_v16_2_3_batch_reason,reason-aware re-review required; determine which reason actually applied
Highest carbon dioxide (CO2) emissions from Waste,World Bank,Environment · EN.GHG.CO2.WA.MT.CE.AR5,1587,generic_v16_2_3_batch_reason,reason-aware re-review required; determine which reason actually applied
"Highest external debt stocks, private nonguaranteed (PNG)",World Bank,Economy · DT.DOD.DPNG.CD,1588,generic_v16_2_3_batch_reason,reason-aware re-review required; determine which reason actually applied
Highest cPIA public sector management and institutions cluster average,World Bank,Climate · IQ.CPA.PUBS.XQ,1589,generic_v16_2_3_batch_reason,reason-aware re-review required; determine which reason actually applied
"Most whey, condensed produced",FAOSTAT,Agriculture · QCL:'22130.03:5510,1591,generic_v15_rejected_only,full first-principles re-review; old status alone is not a sufficient reason
"Largest True hemp, raw or retted harvested area",FAOSTAT,Agriculture · QCL:'01929.02:5312,1592,generic_v15_rejected_only,full first-principles re-review; old status alone is not a sufficient reason
"Highest Chestnuts, in shell yield",FAOSTAT,Agriculture · QCL:'01373:5412,1593,generic_v15_rejected_only,full first-principles re-review; old status alone is not a sufficient reason
Highest Kiwi fruit yield,FAOSTAT,Fruit · QCL:'01352:5412,1594,generic_v15_rejected_only,full first-principles re-review; old status alone is not a sufficient reason
Lowest diabetes death rate,WHO,Health · SA_0000001440,1602,generic_v15_rejected_only,full first-principles re-review; old status alone is not a sufficient reason
Lowest labor underutilization,ILOSTAT,Labor · LUU_XLU2_SEX_RT_A,1603,category_specific_or_product_decision,presume authoritative; verify exact rationale and preserve unless explicitly reversed
Lowest time-related underemployment,ILOSTAT,Labor · EMP_XTRU_SEX_RT_A,1604,generic_v15_rejected_only,full first-principles re-review; old status alone is not a sufficient reason
"Highest revenue, excluding grants",World Bank,Government · GC.REV.XGRT.CN,1605,generic_v16_2_3_batch_reason,reason-aware re-review required; determine which reason actually applied
Highest tax revenue,World Bank,Government · GC.TAX.TOTL.CN,1606,generic_v16_2_3_batch_reason,reason-aware re-review required; determine which reason actually applied
Highest taxes on goods and services,World Bank,Government · GC.TAX.GSRV.CN,1607,generic_v16_2_3_batch_reason,reason-aware re-review required; determine which reason actually applied
Highest compensation of employees,World Bank,Government · GC.XPN.COMP.CN,1609,generic_v16_2_3_batch_reason,reason-aware re-review required; determine which reason actually applied
Highest goods and services expense,World Bank,Government · GC.XPN.GSRV.CN,1610,generic_v16_2_3_batch_reason,reason-aware re-review required; determine which reason actually applied
Highest interest payments,World Bank,Government · GC.XPN.INTP.CN,1611,generic_v16_2_3_batch_reason,reason-aware re-review required; determine which reason actually applied
Highest subsidies and other transfers,World Bank,Government · GC.XPN.TRFT.CN,1612,generic_v16_2_3_batch_reason,reason-aware re-review required; determine which reason actually applied
Highest container port traffic,World Bank,Infrastructure · IS.SHP.GOOD.TU,1615,generic_v16_2_3_batch_reason,reason-aware re-review required; determine which reason actually applied
"Highest net bilateral aid flows from DAC donors, Poland",World Bank,Economy · DC.DAC.POLL.CD,1617,generic_v16_2_3_batch_reason,reason-aware re-review required; determine which reason actually applied
Highest deposit interest rate,World Bank,Economy · FR.INR.DPST,1621,generic_v16_2_3_batch_reason,reason-aware re-review required; determine which reason actually applied
Highest lending interest rate,World Bank,Economy · FR.INR.LEND,1622,generic_v16_2_3_batch_reason,reason-aware re-review required; determine which reason actually applied
Highest methane (CH4) emissions from Industrial Processes,World Bank,Environment · EN.GHG.CH4.IP.MT.CE.AR5,1623,generic_v16_2_3_batch_reason,reason-aware re-review required; determine which reason actually applied
Highest cPIA economic management cluster average,World Bank,Government · IQ.CPA.ECON.XQ,1624,generic_v16_2_3_batch_reason,reason-aware re-review required; determine which reason actually applied
Highest cPIA policies for social inclusion/equity cluster average,World Bank,Government · IQ.CPA.SOCI.XQ,1625,generic_v16_2_3_batch_reason,reason-aware re-review required; determine which reason actually applied
Most raw milk of camel produced,FAOSTAT,Livestock · QCL:'02293:5510,1628,generic_v15_rejected_only,full first-principles re-review; old status alone is not a sufficient reason
"Most Buffalo fat, unrendered producing animals",FAOSTAT,Livestock · QCL:'21513:5320,1629,generic_v15_rejected_only,full first-principles re-review; old status alone is not a sufficient reason
"Most Edible offal of buffalo, fresh, chilled or frozen producing animals",FAOSTAT,Livestock · QCL:'21152:5320,1630,generic_v15_rejected_only,full first-principles re-review; old status alone is not a sufficient reason
"Most Meat of buffalo, fresh or chilled producing animals",FAOSTAT,Livestock · QCL:'21112:5320,1631,generic_v15_rejected_only,full first-principles re-review; old status alone is not a sufficient reason
Most Raw hides and skins of buffaloes producing animals,FAOSTAT,Livestock · QCL:'02951.03:5320,1632,generic_v15_rejected_only,full first-principles re-review; old status alone is not a sufficient reason
Highest Artichokes yield,FAOSTAT,Agriculture · QCL:'01216:5412,1633,generic_v15_rejected_only,full first-principles re-review; old status alone is not a sufficient reason
Highest Hop cones yield,FAOSTAT,Agriculture · QCL:'01659:5412,1634,generic_v15_rejected_only,full first-principles re-review; old status alone is not a sufficient reason
Lowest primary-school repetition rate,UNESCO UIS,Education · REPR.1.G1.CP,1636,generic_v15_rejected_only,full first-principles re-review; old status alone is not a sufficient reason
Highest share of women in management,ILOSTAT,Labor · SDG_0552_NOC_RT_A,1637,generic_v15_rejected_only,full first-principles re-review; old status alone is not a sufficient reason
Highest school internet access,UNESCO UIS,Technology · SCHBSP.1.WINTERN,1638,generic_v15_rejected_only,full first-principles re-review; old status alone is not a sufficient reason
Highest net investment in nonfinancial assets,World Bank,Government · GC.NFN.TOTL.CN,1641,generic_v16_2_3_batch_reason,reason-aware re-review required; determine which reason actually applied
Highest other expense,World Bank,Government · GC.XPN.OTHR.CN,1643,generic_v16_2_3_batch_reason,reason-aware re-review required; determine which reason actually applied
"Highest taxes on income, profits and capital gains",World Bank,Government · GC.TAX.YPKG.CN,1645,generic_v16_2_3_batch_reason,reason-aware re-review required; determine which reason actually applied
"Highest net official flows from UN agencies, IAEA",World Bank,Economy · DT.NFL.IAEA.CD,1646,generic_v16_2_3_batch_reason,reason-aware re-review required; determine which reason actually applied
"Highest net bilateral aid flows from DAC donors, Spain",World Bank,Economy · DC.DAC.ESPL.CD,1647,generic_v16_2_3_batch_reason,reason-aware re-review required; determine which reason actually applied
Highest changes in inventories,World Bank,Economy · NE.GDI.STKB.KN,1649,generic_v16_2_3_batch_reason,reason-aware re-review required; determine which reason actually applied
Highest borrowers from commercial banks,World Bank,Economy · FB.CBK.BRWR.P3,1650,generic_v16_2_3_batch_reason,reason-aware re-review required; determine which reason actually applied
Highest depositors with commercial banks,World Bank,Economy · FB.CBK.DPTR.P3,1651,generic_v16_2_3_batch_reason,reason-aware re-review required; determine which reason actually applied
"Highest net financial flows, RDB concessional",World Bank,Economy · DT.NFL.RDBC.CD,1652,generic_v16_2_3_batch_reason,reason-aware re-review required; determine which reason actually applied
Highest interest rate spread,World Bank,Economy · FR.INR.LNDP,1653,generic_v16_2_3_batch_reason,reason-aware re-review required; determine which reason actually applied
Highest cPIA structural policies cluster average,World Bank,Government · IQ.CPA.STRC.XQ,1654,generic_v16_2_3_batch_reason,reason-aware re-review required; determine which reason actually applied
Highest market capitalization of listed domestic companies,World Bank,Economy · CM.MKT.LCAP.CD,1656,generic_v16_2_3_batch_reason,reason-aware re-review required; determine which reason actually applied
"Highest listed domestic companies, total",World Bank,Economy · CM.MKT.LDOM.NO,1658,generic_v16_2_3_batch_reason,reason-aware re-review required; determine which reason actually applied
Highest Raw milk of camel yield,FAOSTAT,Livestock · QCL:'02293:5417,1663,generic_v15_rejected_only,full first-principles re-review; old status alone is not a sufficient reason
"Most true hemp, raw or retted produced",FAOSTAT,Agriculture · QCL:'01929.02:5510,1664,generic_v15_rejected_only,full first-principles re-review; old status alone is not a sufficient reason
"Highest Meat of buffalo, fresh or chilled yield",FAOSTAT,Livestock · QCL:'21112:5417,1665,generic_v15_rejected_only,full first-principles re-review; old status alone is not a sufficient reason
"Highest Pigeon peas, dry yield",FAOSTAT,Livestock · QCL:'01707:5412,1666,generic_v15_rejected_only,full first-principles re-review; old status alone is not a sufficient reason
"Most pigeon peas, dry produced",FAOSTAT,Livestock · QCL:'01707:5510,1667,generic_v15_rejected_only,full first-principles re-review; old status alone is not a sufficient reason
Highest school computer access,UNESCO UIS,Technology · SCHBSP.1.WCOMPUT,1671,generic_v15_rejected_only,full first-principles re-review; old status alone is not a sufficient reason
Lowest cancer death rate,WHO,Health · SA_0000001438,1672,generic_v15_rejected_only,full first-principles re-review; old status alone is not a sufficient reason
Lowest informal-employment rate,ILOSTAT,Labor · EMP_NIFL_SEX_RT_A,1673,generic_v15_rejected_only,full first-principles re-review; old status alone is not a sufficient reason
"Highest iFC, private nonguaranteed",World Bank,Economy · DT.NFL.NIFC.CD,1674,generic_v16_2_3_batch_reason,reason-aware re-review required; determine which reason actually applied
Highest net lending (+) / net borrowing (-),World Bank,Government · GC.NLD.TOTL.CN,1675,generic_v16_2_3_batch_reason,reason-aware re-review required; determine which reason actually applied
Highest grants and other revenue,World Bank,Government · GC.REV.GOTR.CN,1676,generic_v16_2_3_batch_reason,reason-aware re-review required; determine which reason actually applied
"Highest net bilateral aid flows from DAC donors, Ireland",World Bank,Economy · DC.DAC.IRLL.CD,1678,generic_v16_2_3_batch_reason,reason-aware re-review required; determine which reason actually applied
"Highest net bilateral aid flows from DAC donors, Norway",World Bank,Economy · DC.DAC.NORL.CD,1679,generic_v16_2_3_batch_reason,reason-aware re-review required; determine which reason actually applied
"Highest pPG, private creditors",World Bank,Economy · DT.NFL.PRVT.CD,1680,generic_v16_2_3_batch_reason,reason-aware re-review required; determine which reason actually applied
Most internally displaced people,UNHCR,Displacement · population:coa:idps,1682,generic_v15_rejected_only,full first-principles re-review; old status alone is not a sufficient reason
"Highest Meat of geese, fresh or chilled yield",FAOSTAT,Livestock · QCL:'21123:5424,1683,generic_v15_rejected_only,full first-principles re-review; old status alone is not a sufficient reason
"Largest Pigeon peas, dry harvested area",FAOSTAT,Livestock · QCL:'01707:5312,1684,generic_v15_rejected_only,full first-principles re-review; old status alone is not a sufficient reason
"Most meat of buffalo, fresh or chilled produced",FAOSTAT,Livestock · QCL:'21112:5510,1685,generic_v15_rejected_only,full first-principles re-review; old status alone is not a sufficient reason
Longest average working week,ILOSTAT,Labor · HOW_UEES_SEX_NB_A,1687,generic_v15_rejected_only,full first-principles re-review; old status alone is not a sufficient reason
Most researchers per million people,UNESCO UIS,Science · RESDEN.INHAB.TFTE,1688,generic_v15_rejected_only,full first-principles re-review; old status alone is not a sufficient reason
"Highest net official flows from UN agencies, UNDP",World Bank,Economy · DT.NFL.UNDP.CD,1689,generic_v16_2_3_batch_reason,reason-aware re-review required; determine which reason actually applied
"Highest net official flows from UN agencies, IFAD",World Bank,Economy · DT.NFL.IFAD.CD,1691,generic_v16_2_3_batch_reason,reason-aware re-review required; determine which reason actually applied
Highest commercial banks and other lending (PPG + PNG),World Bank,Economy · DT.NFL.PCBO.CD,1692,generic_v16_2_3_batch_reason,reason-aware re-review required; determine which reason actually applied
"Highest pPG, commercial banks",World Bank,Economy · DT.NFL.PCBK.CD,1693,generic_v16_2_3_batch_reason,reason-aware re-review required; determine which reason actually applied
"Highest net flows on external debt, private nonguaranteed (PNG)",World Bank,Economy · DT.NFL.DPNG.CD,1694,generic_v16_2_3_batch_reason,reason-aware re-review required; determine which reason actually applied
Highest Raw hides and skins of buffaloes yield,FAOSTAT,Livestock · QCL:'02951.03:5417,1695,generic_v15_rejected_only,full first-principles re-review; old status alone is not a sufficient reason
"Most buffalo fat, unrendered produced",FAOSTAT,Livestock · QCL:'21513:5510,1696,generic_v15_rejected_only,full first-principles re-review; old status alone is not a sufficient reason
"Most edible offal of buffalo, fresh, chilled or frozen produced",FAOSTAT,Livestock · QCL:'21152:5510,1697,generic_v15_rejected_only,full first-principles re-review; old status alone is not a sufficient reason
Most raw hides and skins of buffaloes produced,FAOSTAT,Livestock · QCL:'02951.03:5510,1698,generic_v15_rejected_only,full first-principles re-review; old status alone is not a sufficient reason
Highest school electricity access,UNESCO UIS,Infrastructure · SCHBSP.1.WELEC,1701,generic_v15_rejected_only,full first-principles re-review; old status alone is not a sufficient reason
"Highest net bilateral aid flows from DAC donors, Belgium",World Bank,Economy · DC.DAC.BELL.CD,1704,generic_v16_2_3_batch_reason,reason-aware re-review required; determine which reason actually applied
"Highest net bilateral aid flows from DAC donors, Luxembourg",World Bank,Economy · DC.DAC.LUXL.CD,1705,generic_v16_2_3_batch_reason,reason-aware re-review required; determine which reason actually applied
"Highest pNG, commercial banks and other creditors",World Bank,Economy · DT.NFL.PNGC.CD,1706,generic_v16_2_3_batch_reason,reason-aware re-review required; determine which reason actually applied
"Highest net financial flows, RDB nonconcessional",World Bank,Economy · DT.NFL.RDBN.CD,1708,generic_v16_2_3_batch_reason,reason-aware re-review required; determine which reason actually applied
Highest cPIA debt policy rating,World Bank,Government · IQ.CPA.DEBT.XQ,1709,generic_v16_2_3_batch_reason,reason-aware re-review required; determine which reason actually applied
Highest cPIA fiscal policy rating,World Bank,Government · IQ.CPA.FISP.XQ,1710,generic_v16_2_3_batch_reason,reason-aware re-review required; determine which reason actually applied
Highest cPIA macroeconomic management rating,World Bank,Government · IQ.CPA.MACR.XQ,1711,generic_v16_2_3_batch_reason,reason-aware re-review required; determine which reason actually applied
Highest cPIA quality of public administration rating,World Bank,Government · IQ.CPA.PADM.XQ,1712,generic_v16_2_3_batch_reason,reason-aware re-review required; determine which reason actually applied
"Most flax, raw or retted produced",FAOSTAT,Agriculture · QCL:'01929.01:5510,1713,generic_v15_rejected_only,full first-principles re-review; old status alone is not a sufficient reason
"Most meat of geese, fresh or chilled produced",FAOSTAT,Livestock · QCL:'21123:5510,1714,generic_v15_rejected_only,full first-principles re-review; old status alone is not a sufficient reason
"Largest Flax, raw or retted harvested area",FAOSTAT,Agriculture · QCL:'01929.01:5312,1715,generic_v15_rejected_only,full first-principles re-review; old status alone is not a sufficient reason
Highest school drinking-water access,UNESCO UIS,Infrastructure · SCHBSP.1.WWATA,1720,generic_v15_rejected_only,full first-principles re-review; old status alone is not a sufficient reason
Highest school handwashing access,UNESCO UIS,Infrastructure · SCHBSP.1.WWASH,1721,generic_v15_rejected_only,full first-principles re-review; old status alone is not a sufficient reason
Highest taxes on international trade,World Bank,Government · GC.TAX.INTT.CN,1724,generic_v16_2_3_batch_reason,reason-aware re-review required; determine which reason actually applied
"Highest net bilateral aid flows from DAC donors, Hungary",World Bank,Economy · DC.DAC.HUNL.CD,1726,generic_v16_2_3_batch_reason,reason-aware re-review required; determine which reason actually applied
"Highest net bilateral aid flows from DAC donors, Denmark",World Bank,Economy · DC.DAC.DNKL.CD,1727,generic_v16_2_3_batch_reason,reason-aware re-review required; determine which reason actually applied
"Highest net official flows from UN agencies, WFP",World Bank,Economy · DT.NFL.WFPG.CD,1728,generic_v16_2_3_batch_reason,reason-aware re-review required; determine which reason actually applied
"Highest individuals using the Internet, female",World Bank,Infrastructure · IT.NET.USER.FE.ZS,1729,generic_v15_rejected_only,full first-principles re-review; old status alone is not a sufficient reason
"Highest individuals using the Internet, male",World Bank,Infrastructure · IT.NET.USER.MA.ZS,1730,generic_v15_rejected_only,full first-principles re-review; old status alone is not a sufficient reason
Highest cPIA building human resources rating,World Bank,Government · IQ.CPA.HRES.XQ,1732,generic_v16_2_3_batch_reason,reason-aware re-review required; determine which reason actually applied
Highest cPIA efficiency of revenue mobilization rating,World Bank,Government · IQ.CPA.REVN.XQ,1733,generic_v16_2_3_batch_reason,reason-aware re-review required; determine which reason actually applied
Highest cPIA equity of public resource use rating,World Bank,Government · IQ.CPA.PRES.XQ,1734,generic_v16_2_3_batch_reason,reason-aware re-review required; determine which reason actually applied
Highest cPIA financial sector rating,World Bank,Government · IQ.CPA.FINS.XQ,1735,generic_v16_2_3_batch_reason,reason-aware re-review required; determine which reason actually applied
Highest cPIA gender equality rating,World Bank,Government · IQ.CPA.GNDR.XQ,1736,generic_v16_2_3_batch_reason,reason-aware re-review required; determine which reason actually applied
Highest cPIA property rights and rule-based governance rating,World Bank,Government · IQ.CPA.PROP.XQ,1737,generic_v16_2_3_batch_reason,reason-aware re-review required; determine which reason actually applied
Highest cPIA quality of budgetary and financial management rating,World Bank,Government · IQ.CPA.FINQ.XQ,1738,generic_v16_2_3_batch_reason,reason-aware re-review required; determine which reason actually applied
Highest cPIA social protection rating,World Bank,Government · IQ.CPA.PROT.XQ,1739,generic_v16_2_3_batch_reason,reason-aware re-review required; determine which reason actually applied
"Highest pPG, IBRD",World Bank,Economy · DT.DOD.MIBR.CD,1742,generic_v16_2_3_batch_reason,reason-aware re-review required; determine which reason actually applied
"Most cheese from milk of buffalo, fresh or processed produced",FAOSTAT,Livestock · QCL:'22252:5510,1743,generic_v15_rejected_only,full first-principles re-review; old status alone is not a sufficient reason
Largest average time to clear imports through customs,World Bank,Development · IC.CUS.DURS.IM,1766,generic_v16_2_3_batch_reason,reason-aware re-review required; determine which reason actually applied
Highest time required to obtain an operating license,World Bank,Economy · IC.FRM.DURS,1767,generic_v16_2_3_batch_reason,reason-aware re-review required; determine which reason actually applied
Largest number of visits or required meetings with tax officials,World Bank,Economy · IC.TAX.METG,1768,generic_v16_2_3_batch_reason,reason-aware re-review required; determine which reason actually applied
Highest time to obtain an electrical connection,World Bank,Energy · IC.ELC.DURS,1770,generic_v16_2_3_batch_reason,reason-aware re-review required; determine which reason actually applied
"Highest net official flows from UN agencies, SPRP",World Bank,Development · DT.NFL.SPRP.CD,1771,generic_v16_2_3_batch_reason,reason-aware re-review required; determine which reason actually applied
"Highest net official flows from UN agencies, UNAIDS",World Bank,Economy · DT.NFL.UNAI.CD,1772,generic_v16_2_3_batch_reason,reason-aware re-review required; determine which reason actually applied
Highest customs and other import duties,World Bank,Government · GC.TAX.IMPT.CN,1773,generic_v16_2_3_batch_reason,reason-aware re-review required; determine which reason actually applied
"Highest net bilateral aid flows from DAC donors, Finland",World Bank,Economy · DC.DAC.FINL.CD,1774,generic_v16_2_3_batch_reason,reason-aware re-review required; determine which reason actually applied
Most refugees returned home,UNHCR,Displacement · solutions:coo:returned_refugees,1775,generic_v15_rejected_only,full first-principles re-review; old status alone is not a sufficient reason
"Highest net official flows from UN agencies, UNWOMEN",World Bank,Development · DT.NFL.UNWN.CD,1776,generic_v16_2_3_batch_reason,reason-aware re-review required; determine which reason actually applied
"Highest net bilateral aid flows from DAC donors, Netherlands",World Bank,Economy · DC.DAC.NLDL.CD,1777,generic_v16_2_3_batch_reason,reason-aware re-review required; determine which reason actually applied
Highest social contributions,World Bank,Government · GC.REV.SOCL.CN,1778,generic_v16_2_3_batch_reason,reason-aware re-review required; determine which reason actually applied
Highest cPIA business regulatory environment rating,World Bank,Government · IQ.CPA.BREG.XQ,1779,generic_v16_2_3_batch_reason,reason-aware re-review required; determine which reason actually applied
Highest cPIA policy and institutions for environmental sustainability rating,World Bank,Government · IQ.CPA.ENVR.XQ,1780,generic_v16_2_3_batch_reason,reason-aware re-review required; determine which reason actually applied
Largest average time to clear exports through customs,World Bank,Economy · IC.CUS.DURS.EX,1781,generic_v16_2_3_batch_reason,reason-aware re-review required; determine which reason actually applied
Highest school sanitation access,UNESCO UIS,Infrastructure · SCHBSP.1.WTOILA,1783,generic_v15_rejected_only,full first-principles re-review; old status alone is not a sufficient reason
Lowest youth unemployment rate,ILOSTAT,Labor · UNE_3EAP_SEX_AGE_DSB_RT_A,1784,generic_v15_rejected_only,full first-principles re-review; old status alone is not a sufficient reason
Highest energy intensity level of primary energy,World Bank,Energy · EG.EGY.PRIM.PP.KD,1790,generic_v16_2_3_batch_reason,reason-aware re-review required; determine which reason actually applied
"Highest net financial flows, IBRD",World Bank,Economy · DT.NFL.MIBR.CD,1792,generic_v16_2_3_batch_reason,reason-aware re-review required; determine which reason actually applied
Highest skilled birth-attendance rate,WHO,Maternal Health · MDG_0000000025,1796,generic_v15_rejected_only,full first-principles re-review; old status alone is not a sufficient reason
Highest expense,World Bank,Government · GC.XPN.TOTL.CN,1797,generic_v16_2_3_batch_reason,reason-aware re-review required; determine which reason actually applied
"Highest net bilateral aid flows from DAC donors, Portugal",World Bank,Economy · DC.DAC.PRTL.CD,1800,generic_v16_2_3_batch_reason,reason-aware re-review required; determine which reason actually applied
"Highest net bilateral aid flows from DAC donors, Czechia",World Bank,Economy · DC.DAC.CZEL.CD,1801,generic_v16_2_3_batch_reason,reason-aware re-review required; determine which reason actually applied
"Highest net incurrence of liabilities, total",World Bank,Government · GC.LBL.TOTL.CN,1802,generic_v16_2_3_batch_reason,reason-aware re-review required; determine which reason actually applied
"Highest net bilateral aid flows from DAC donors, New Zealand",World Bank,Economy · DC.DAC.NZLL.CD,1804,generic_v16_2_3_batch_reason,reason-aware re-review required; determine which reason actually applied
"Highest gross fixed capital formation, private sector",World Bank,Economy · NE.GDI.FPRV.CN,1805,generic_v15_rejected_only,full first-principles re-review; old status alone is not a sufficient reason
"Highest gross fixed capital formation, private sector",World Bank,Economy · NE.GDI.FPRV.ZS,1806,generic_v15_rejected_only,full first-principles re-review; old status alone is not a sufficient reason
Highest other taxes,World Bank,Government · GC.TAX.OTHR.CN,1809,generic_v16_2_3_batch_reason,reason-aware re-review required; determine which reason actually applied
"Highest pPG, IDA",World Bank,Economy · DT.DOD.MIDA.CD,1813,generic_v16_2_3_batch_reason,reason-aware re-review required; determine which reason actually applied
Highest cPIA trade rating,World Bank,Government · IQ.CPA.TRAD.XQ,1815,generic_v16_2_3_batch_reason,reason-aware re-review required; determine which reason actually applied
Most other people needing international protection,UNHCR,Displacement · population:coa:oip,1816,generic_v15_rejected_only,full first-principles re-review; old status alone is not a sufficient reason
Highest survival to the last grade of primary school,UNESCO UIS,Education · SR.1.GLAST.CP,1817,generic_v15_rejected_only,full first-principles re-review; old status alone is not a sufficient reason
Highest lower-secondary reading proficiency,UNESCO UIS,Education · READ.LOWERSEC,1819,generic_v15_rejected_only,full first-principles re-review; old status alone is not a sufficient reason
Highest net acquisition of financial assets,World Bank,Government · GC.AST.TOTL.CN,1820,generic_v16_2_3_batch_reason,reason-aware re-review required; determine which reason actually applied
"Highest portfolio investment, bonds (PPG + PNG)",World Bank,Economy · DT.NFL.BOND.CD,1821,generic_v16_2_3_batch_reason,reason-aware re-review required; determine which reason actually applied
"Highest pPG, bonds",World Bank,Economy · DT.NFL.PBND.CD,1822,generic_v16_2_3_batch_reason,reason-aware re-review required; determine which reason actually applied
Most internally displaced people returned,UNHCR,Displacement · solutions:coa:returned_idps,1826,generic_v15_rejected_only,full first-principles re-review; old status alone is not a sufficient reason
Highest youth literacy rate,UNESCO UIS,Education · LR.AG15T24,1827,generic_v15_rejected_only,full first-principles re-review; old status alone is not a sufficient reason
Highest investment in energy with private participation,World Bank,Energy · IE.PPI.ENGY.CD,1828,generic_v16_2_3_batch_reason,reason-aware re-review required; determine which reason actually applied
Highest public private partnerships investment in energy,World Bank,Infrastructure · IE.PPN.ENGY.CD,1829,generic_v16_2_3_batch_reason,reason-aware re-review required; determine which reason actually applied
Highest primary mathematics proficiency,UNESCO UIS,Education · MATH.PRIMARY,1830,generic_v15_rejected_only,full first-principles re-review; old status alone is not a sufficient reason
"Highest firms that introduced a new product/service and process, and spent on R&D",World Bank,Development · IC.FRM.NPRD.ZS,1831,generic_v16_2_3_batch_reason,reason-aware re-review required; determine which reason actually applied
Highest lower-secondary mathematics proficiency,UNESCO UIS,Education · MATH.LOWERSEC,1832,generic_v15_rejected_only,full first-principles re-review; old status alone is not a sufficient reason
"Highest net bilateral aid flows from DAC donors, Lithuania",World Bank,Development · DC.DAC.LTUL.CD,1833,generic_v16_2_3_batch_reason,reason-aware re-review required; determine which reason actually applied
Highest b-READY: Business Entry Pillar 3: Operational Efficiency of Business Entry,World Bank,Development · IC.BRE.BE.P3,1835,generic_v16_2_3_batch_reason,reason-aware re-review required; determine which reason actually applied
Highest b-READY: Labor Pillar 1: Quality of Labor Regulations,World Bank,Development · IC.BRE.LB.P1,1844,generic_v16_2_3_batch_reason,reason-aware re-review required; determine which reason actually applied
Highest b-READY: Labor Pillar 2: Adequacy of Public Services for Labor,World Bank,Development · IC.BRE.LB.P2,1845,generic_v16_2_3_batch_reason,reason-aware re-review required; determine which reason actually applied
Highest b-READY: Pillar 1: Regulatory Framework,World Bank,Development · IC.BRE.P1.RF,1847,generic_v16_2_3_batch_reason,reason-aware re-review required; determine which reason actually applied
Highest b-READY: Pillar 2: Public Services,World Bank,Development · IC.BRE.P2.PS,1848,generic_v16_2_3_batch_reason,reason-aware re-review required; determine which reason actually applied
Highest b-READY: Pillar 3: Operational Efficiency,World Bank,Development · IC.BRE.P3.OE,1849,generic_v16_2_3_batch_reason,reason-aware re-review required; determine which reason actually applied
Highest b-READY: Taxation Pillar 1: Quality of Regulations on Taxation,World Bank,Development · IC.BRE.TX.P1,1850,generic_v16_2_3_batch_reason,reason-aware re-review required; determine which reason actually applied
"Highest net ODA provided, total",World Bank,Development · DC.ODA.TOTL.KD,1855,generic_v16_2_3_batch_reason,reason-aware re-review required; determine which reason actually applied
"Highest net ODA provided, total",World Bank,Development · DC.ODA.TOTL.CD,1856,generic_v16_2_3_batch_reason,reason-aware re-review required; determine which reason actually applied
Highest adult literacy rate,UNESCO UIS,Education · LR.AG15T99,1857,generic_v15_rejected_only,full first-principles re-review; old status alone is not a sufficient reason
"Highest net official flows from UN agencies, UNHCR",World Bank,Economy · DT.NFL.UNCR.CD,1858,generic_v16_2_3_batch_reason,reason-aware re-review required; determine which reason actually applied
"Highest pPG, other private creditors",World Bank,Economy · DT.NFL.PROP.CD,1859,generic_v16_2_3_batch_reason,reason-aware re-review required; determine which reason actually applied
"Highest net financial flows, IMF nonconcessional",World Bank,Economy · DT.NFL.IMFN.CD,1871,generic_v16_2_3_batch_reason,reason-aware re-review required; determine which reason actually applied
"Highest net official flows from UN agencies, SDGFUND",World Bank,Development · DT.NFL.SDGF.CD,1872,generic_v16_2_3_batch_reason,reason-aware re-review required; determine which reason actually applied
"Highest net official flows from UN agencies, UNIDO",World Bank,Development · DT.NFL.UNIDO.CD,1874,generic_v16_2_3_batch_reason,reason-aware re-review required; determine which reason actually applied
"Highest net official flows from UN agencies, UNPBF",World Bank,Economy · DT.NFL.UNPB.CD,1875,generic_v16_2_3_batch_reason,reason-aware re-review required; determine which reason actually applied
Highest carbon dioxide (CO2) net fluxes from LULUCF - Organic Soil,World Bank,Environment · EN.GHG.CO2.LU.OS.MT.CE.AR5,1878,generic_v15_rejected_only,full first-principles re-review; old status alone is not a sufficient reason
"Highest net official flows from UN agencies, CERF",World Bank,Development · DT.NFL.CERF.CD,1879,generic_v16_2_3_batch_reason,reason-aware re-review required; determine which reason actually applied
"Highest central government debt, total",World Bank,Government · GC.DOD.TOTL.CN,1880,generic_v16_2_3_batch_reason,reason-aware re-review required; determine which reason actually applied
"Highest net bilateral aid flows from DAC donors, Iceland",World Bank,Economy · DC.DAC.ISLL.CD,1882,generic_v16_2_3_batch_reason,reason-aware re-review required; determine which reason actually applied
"Highest pNG, bonds",World Bank,Economy · DT.NFL.PNGB.CD,1883,generic_v16_2_3_batch_reason,reason-aware re-review required; determine which reason actually applied
Largest taxes on exports,World Bank,Government · GC.TAX.EXPT.CN,1884,generic_v16_2_3_batch_reason,reason-aware re-review required; determine which reason actually applied
"Highest net ODA provided, to the least developed countries",World Bank,Development · DC.ODA.TLDC.CD,1886,generic_v16_2_3_batch_reason,reason-aware re-review required; determine which reason actually applied
"Highest net bilateral aid flows from DAC donors, Slovenia",World Bank,Economy · DC.DAC.SVNL.CD,1888,generic_v16_2_3_batch_reason,reason-aware re-review required; determine which reason actually applied
"Highest net bilateral aid flows from DAC donors, Slovak Republic",World Bank,Economy · DC.DAC.SVKL.CD,1889,generic_v16_2_3_batch_reason,reason-aware re-review required; determine which reason actually applied
"Highest net bilateral aid flows from DAC donors, Estonia",World Bank,Development · DC.DAC.ESTL.CD,1890,generic_v16_2_3_batch_reason,reason-aware re-review required; determine which reason actually applied
Lowest alcohol-attributable death rate,WHO,Health · SA_0000001807_AA,1893,generic_v15_rejected_only,full first-principles re-review; old status alone is not a sufficient reason
Highest renewable energy consumption,World Bank,Energy · EG.FEC.RNEW\.ZS,1895,generic_v15_rejected_only,full first-principles re-review; old status alone is not a sufficient reason
Highest investment in transport with private participation,World Bank,Infrastructure · IE.PPI.TRAN.CD,1896,generic_v16_2_3_batch_reason,reason-aware re-review required; determine which reason actually applied
Highest public private partnerships investment in transport,World Bank,Infrastructure · IE.PPN.TRAN.CD,1897,generic_v16_2_3_batch_reason,reason-aware re-review required; determine which reason actually applied
Highest primary reading proficiency,UNESCO UIS,Education · READ.PRIMARY,1898,generic_v15_rejected_only,full first-principles re-review; old status alone is not a sufficient reason
Highest investment in ICT with private participation,World Bank,Infrastructure · IE.PPI.ICTI.CD,1899,generic_v16_2_3_batch_reason,reason-aware re-review required; determine which reason actually applied
Highest public private partnerships investment in ICT,World Bank,Infrastructure · IE.PPN.ICTI.CD,1900,generic_v16_2_3_batch_reason,reason-aware re-review required; determine which reason actually applied
"Highest net official flows from UN agencies, UNEP",World Bank,Economy · DT.NFL.UNEP.CD,1901,generic_v16_2_3_batch_reason,reason-aware re-review required; determine which reason actually applied
Highest collective-bargaining coverage,ILOSTAT,Labor · ILR_CBCT_NOC_RT_A,1902,generic_v15_rejected_only,full first-principles re-review; old status alone is not a sufficient reason
"Highest net financial flows, IMF concessional",World Bank,Economy · DT.NFL.IMFC.CD,1903,generic_v16_2_3_batch_reason,reason-aware re-review required; determine which reason actually applied
"Highest net bilateral aid flows from DAC donors, Greece",World Bank,Economy · DC.DAC.GRCL.CD,1905,generic_v16_2_3_batch_reason,reason-aware re-review required; determine which reason actually applied
"Highest net official flows from UN agencies, UNCOVID",World Bank,Development · DT.NFL.UNCV.CD,1906,generic_v16_2_3_batch_reason,reason-aware re-review required; determine which reason actually applied
"Highest net official flows from UN agencies, UNCDF",World Bank,Development · DT.NFL.UNCD.CD,1907,generic_v16_2_3_batch_reason,reason-aware re-review required; determine which reason actually applied
Highest doctor density,WHO,Healthcare · HWF_0001,1908,generic_v15_rejected_only,full first-principles re-review; old status alone is not a sufficient reason
Lowest cigarette-smoking rate,WHO,Health · Yth_curr_cig_smoking,1909,generic_v15_rejected_only,full first-principles re-review; old status alone is not a sufficient reason
Highest pharmacist density,WHO,Healthcare · HWF_0014,1910,generic_v15_rejected_only,full first-principles re-review; old status alone is not a sufficient reason
Highest antenatal-care coverage,WHO,Maternal Health · WHS4_154,1911,generic_v15_rejected_only,full first-principles re-review; old status alone is not a sufficient reason
"Highest net official flows from UN agencies, WTO-ITC",World Bank,Development · DT.NFL.WITC.CD,1912,generic_v16_2_3_batch_reason,reason-aware re-review required; determine which reason actually applied
Highest life expectancy,WHO,Health · WHOSIS_000001,1914,generic_v15_rejected_only,full first-principles re-review; old status alone is not a sufficient reason
Highest handwashing access,WHO,Infrastructure · WSH_HYGIENE_BASIC,1917,generic_v15_rejected_only,full first-principles re-review; old status alone is not a sufficient reason
Highest healthy life expectancy,WHO,Health · WHOSIS_000002,1918,generic_v15_rejected_only,full first-principles re-review; old status alone is not a sufficient reason
Lowest high-blood-pressure rate,WHO,Health · NCD_HYP_PREVALENCE_A,1919,generic_v15_rejected_only,full first-principles re-review; old status alone is not a sufficient reason
Highest investment in water and sanitation with private participation,World Bank,Infrastructure · IE.PPI.WATR.CD,1920,generic_v16_2_3_batch_reason,reason-aware re-review required; determine which reason actually applied
Highest public private partnerships investment in water and sanitation,World Bank,Infrastructure · IE.PPN.WATR.CD,1921,generic_v16_2_3_batch_reason,reason-aware re-review required; determine which reason actually applied
Highest hospital-bed density,WHO,Healthcare · GDO_q9x1_3,1922,generic_v15_rejected_only,full first-principles re-review; old status alone is not a sufficient reason
"Highest net official flows from UN agencies, UNRWA",World Bank,Economy · DT.NFL.UNRW\.CD,1923,generic_v16_2_3_batch_reason,reason-aware re-review required; determine which reason actually applied
Lowest suicide rate,WHO,Health · MH_12,1924,generic_v15_rejected_only,full first-principles re-review; old status alone is not a sufficient reason
Highest mineral-rent dependence,World Bank,Resources · NY.GDP.MINR.RT.ZS,1926,category_specific_or_product_decision,presume authoritative; verify exact rationale and preserve unless explicitly reversed
Highest natural-gas-rent dependence,World Bank,Resources · NY.GDP.NGAS.RT.ZS,1927,category_specific_or_product_decision,presume authoritative; verify exact rationale and preserve unless explicitly reversed
Highest oil-rent dependence,World Bank,Resources · NY.GDP.PETR.RT.ZS,1928,category_specific_or_product_decision,presume authoritative; verify exact rationale and preserve unless explicitly reversed
Highest renewable electricity share,World Bank,Energy · EG.ELC.RNEW\.ZS,1929,category_specific_or_product_decision,presume authoritative; verify exact rationale and preserve unless explicitly reversed
Lowest road fatality rate,World Bank,Transport · SH.STA.TRAF.P5,1930,category_specific_or_product_decision,presume authoritative; verify exact rationale and preserve unless explicitly reversed
Most rail freight,World Bank,Transport · IS.RRS.GOOD.MT.K6,1931,category_specific_or_product_decision,presume authoritative; verify exact rationale and preserve unless explicitly reversed
Most rail passenger travel,World Bank,Transport · IS.RRS.PASG.KM,1932,category_specific_or_product_decision,presume authoritative; verify exact rationale and preserve unless explicitly reversed
Most resident patent applications,World Bank,Knowledge · IP.PAT.RESD,1933,category_specific_or_product_decision,presume authoritative; verify exact rationale and preserve unless explicitly reversed
