class,order,family,genus,species,subspecies,common_name,female_maturity_d,litter_or_clutch_size_n,litters_or_clutches_n_or_y,adult_body_mass_g,maximum_longevity_y,gestation_d,weaning_d,birth_or_hatching_weight_g,weaning_weight_g,egg_mass_g,incubation_d,fledging_age_d,male_maturity_d,inter_litter_or_interbirth_interval_y,female_body_mass_g,male_body_mass_g,no_sex_body_mass_g,egg_width_mm,egg_length_mm,fledging_mass_g,adult_svl_cm,male_svl_cm,female_svl_cm,birth_or_hatching_svl_cm,female_svl_at_maturity_cm,female_body_mass_at_maturity_g,no_sex_svl_cm,no_sex_maturity_d,dataset
Aves,Accipitriformes,Accipitridae,Aquila,chrysaetos,-999,Golden Eagle,-999,2,-999,-999,-999,-999,-999,-999,-999,-999,-999,-999,-999,-999,-999,-999,-999,-999,-999,-999,78,-999,-999,-999,-999,-999,-999,-999,"Boyer, A.G., Cartron, J-L.E., and J.H. Brown, 2009"
Aves,Accipitriformes,Accipitridae,Aquila,chrysaetos,-999,Golden Eagle,-999,-999,-999,3737.5,-999,-999,-999,-999,-999,-999,-999,-999,-999,-999,-999,3737.5,-999,-999,-999,-999,-999,-999,-999,-999,-999,-999,-999,-999,"Dunning, 1992"
Aves,Accipitriformes,Accipitridae,Aquila,chrysaetos,-999,Golden Eagle,-999,-999,-999,3900,-999,-999,-999,-999,-999,-999,-999,-999,-999,-999,-999,3900,-999,-999,-999,-999,-999,-999,-999,-999,-999,-999,-999,-999,"Dunning, 1992"
Aves,Accipitriformes,Accipitridae,Aquila,chrysaetos,-999,Golden Eagle,-999,-999,-999,4627,-999,-999,-999,-999,-999,-999,-999,-999,-999,-999,4627,-999,-999,-999,-999,-999,-999,-999,-999,-999,-999,-999,-999,-999,"Dunning, 1992"
Aves,Accipitriformes,Accipitridae,Aquila,chrysaetos,-999,Golden Eagle,-999,-999,-999,4677.5,-999,-999,-999,-999,-999,-999,-999,-999,-999,-999,4677.5,-999,-999,-999,-999,-999,-999,-999,-999,-999,-999,-999,-999,-999,"Dunning, 1992"
Aves,Accipitriformes,Accipitridae,Aquila,chrysaetos,-999,Golden Eagle,-999,2,-999,-999,-999,-999,-999,-999,-999,-999,-999,-999,-999,-999,-999,-999,-999,-999,-999,-999,-999,-999,-999,-999,-999,-999,-999,-999,"Jetz, Sekercioglu, and Bohning-Gaese, 2008"
Aves,Accipitriformes,Accipitridae,Aquila,chrysaetos,-999,Golden Eagle,-999,2,-999,4383,-999,-999,-999,-999,-999,142,-999,-999,-999,-999,5194,3572,-999,-999,-999,-999,-999,-999,-999,-999,-999,-999,-999,-999,"Szekely, Lislevand, and Figuerola, 2007"
Aves,Accipitriformes,Accipitridae,Aquila,chrysaetos,-999,Golden Eagle,1460,2,1,4800,48,-999,-999,110.6,-999,-999,40,-999,1460,-999,-999,-999,3000,-999,-999,-999,-999,-999,-999,-999,-999,-999,-999,-999,"de Magalhaes and Costa, 2009"
Aves,Accipitriformes,Accipitridae,Aquila,chrysaetos,-999,Golden Eagle,1460,-999,-999,5273,48,-999,-999,-999,-999,142,44,-999,-999,-999,-999,-999,-999,-999,-999,-999,-999,-999,-999,-999,-999,-999,-999,-999,"Ricklefs, 2010b"
Aves,Accipitriformes,Accipitridae,Aquila,chrysaetos,-999,Golden Eagle,1272.138,2,1,4193,25.66666667,-999,-999,97.5,-999,145,44,74,-999,-999,4707,3679,-999,-999,-999,-999,-999,-999,-999,-999,-999,-999,-999,-999,"Bennett, 1986"
Aves,Accipitriformes,Accipitridae,Aquila,chrysaetos,-999,Golden Eagle,-999,-999,-999,-999,30.75,-999,-999,-999,-999,-999,-999,-999,-999,-999,-999,-999,-999,-999,-999,-999,-999,-999,-999,-999,-999,-999,-999,-999,"Lutmerding, J.A. and A.S. Love, 2013"
Aves,Accipitriformes,Accipitridae,Aquila,chrysaetos,-999,Golden Eagle,-999,-999,-999,-999,32,-999,-999,-999,-999,-999,-999,-999,-999,-999,-999,-999,-999,-999,-999,-999,-999,-999,-999,-999,-999,-999,-999,-999,"Fransson, T., Kolehmainen, T., Kroon, C. et al., 2010"
Aves,Accipitriformes,Accipitridae,Aquila,chrysaetos,-999,Golden Eagle,-999,-999,-999,-999,10.4,-999,-999,-999,-999,-999,-999,-999,-999,-999,-999,-999,-999,-999,-999,-999,-999,-999,-999,-999,-999,-999,-999,-999,"Carey, J.R. and D.S. Judge, 2002"
Aves,Accipitriformes,Accipitridae,Aquila,chrysaetos,-999,Golden Eagle,-999,-999,-999,-999,17.1,-999,-999,-999,-999,-999,-999,-999,-999,-999,-999,-999,-999,-999,-999,-999,-999,-999,-999,-999,-999,-999,-999,-999,"Carey, J.R. and D.S. Judge, 2002"
Aves,Accipitriformes,Accipitridae,Aquila,chrysaetos,-999,Golden Eagle,-999,-999,-999,-999,25.7,-999,-999,-999,-999,-999,-999,-999,-999,-999,-999,-999,-999,-999,-999,-999,-999,-999,-999,-999,-999,-999,-999,-999,"Carey, J.R. and D.S. Judge, 2002"
Aves,Accipitriformes,Accipitridae,Aquila,chrysaetos,-999,Golden Eagle,-999,-999,-999,-999,38,-999,-999,-999,-999,-999,-999,-999,-999,-999,-999,-999,-999,-999,-999,-999,-999,-999,-999,-999,-999,-999,-999,-999,"Carey, J.R. and D.S. Judge, 2002"
Aves,Accipitriformes,Accipitridae,Aquila,chrysaetos,-999,Golden Eagle,-999,-999,-999,-999,-999,-999,-999,-999,-999,-999,-999,75,-999,-999,-999,-999,-999,-999,-999,-999,-999,-999,-999,-999,-999,-999,-999,-999,"Carrier, D.R., Auriemma, J., 1992"
Aves,Accipitriformes,Accipitridae,Aquila,chrysaetos,-999,Golden Eagle,-999,-999,-999,-999,-999,-999,-999,-999,-999,-999,-999,-999,-999,-999,-999,-999,3290,-999,-999,-999,-999,-999,-999,-999,-999,-999,-999,-999,"Iwaniuk, A.N., Nelson, J.E., 2002"
Aves,Accipitriformes,Accipitridae,Aquila,chrysaetos,-999,Golden Eagle,-999,-999,-999,-999,-999,-999,-999,-999,-999,-999,-999,-999,-999,-999,-999,-999,3991.5,-999,-999,-999,-999,-999,-999,-999,-999,-999,-999,-999,"Iwaniuk, A.N., Nelson, J.E., 2002"
Aves,Accipitriformes,Accipitridae,Aquila,chrysaetos,-999,Golden Eagle,-999,-999,-999,-999,-999,-999,-999,-999,-999,-999,-999,-999,-999,-999,-999,-999,-999,-999,-999,3803,-999,-999,-999,-999,-999,-999,-999,-999,"Martin, J.W., Carlson, B.A., 1998"
Aves,Accipitriformes,Accipitridae,Aquila,chrysaetos,-999,Golden Eagle,-999,-999,-999,-999,-999,-999,-999,-999,-999,-999,-999,-999,-999,-999,-999,-999,-999,-999,-999,3233,-999,-999,-999,-999,-999,-999,-999,-999,"Martin, J.W., Carlson, B.A., 1998"
Aves,Accipitriformes,Accipitridae,Aquila,chrysaetos,-999,Golden Eagle,-999,-999,-999,4195,46,-999,-999,-999,-999,-999,-999,-999,-999,-999,-999,-999,4195,-999,-999,-999,-999,-999,-999,-999,-999,-999,-999,-999,"Wasser, D.E. and P.W. Sherman, 2010"
Aves,Accipitriformes,Accipitridae,Aquila,chrysaetos,-999,Golden Eagle,-999,-999,-999,-999,32,-999,-999,-999,-999,-999,-999,-999,-999,-999,-999,-999,-999,-999,-999,-999,-999,-999,-999,-999,-999,-999,-999,-999,"Wasser, D.E. and P.W. Sherman, 2010"
Aves,Accipitriformes,Accipitridae,Aquila,chrysaetos,-999,Golden Eagle,-999,-999,-999,-999,-999,-999,-999,-999,-999,-999,44,-999,-999,-999,-999,-999,-999,-999,-999,-999,-999,-999,-999,-999,-999,-999,-999,-999,"BC Birds - Margalida, A., Arroyo, B.E., Bortolotti, G.R., et al, 2006"
Aves,Accipitriformes,Accipitridae,Haliaeetus,leucocephalus,-999,Bald Eagle,-999,3,-999,-999,-999,-999,-999,-999,-999,-999,-999,-999,-999,-999,-999,-999,-999,-999,-999,-999,80,-999,-999,-999,-999,-999,-999,-999,"Boyer, A.G., Cartron, J-L.E., and J.H. Brown, 2009"
Aves,Accipitriformes,Accipitridae,Haliaeetus,leucocephalus,-999,Bald Eagle,-999,-999,-999,4130,-999,-999,-999,-999,-999,-999,-999,-999,-999,-999,-999,4130,-999,-999,-999,-999,-999,-999,-999,-999,-999,-999,-999,-999,"Dunning, 1992"
Aves,Accipitriformes,Accipitridae,Haliaeetus,leucocephalus,-999,Bald Eagle,-999,-999,-999,4228,-999,-999,-999,-999,-999,-999,-999,-999,-999,-999,-999,4228,-999,-999,-999,-999,-999,-999,-999,-999,-999,-999,-999,-999,"Dunning, 1992"
Aves,Accipitriformes,Accipitridae,Haliaeetus,leucocephalus,-999,Bald Eagle,-999,-999,-999,5350,-999,-999,-999,-999,-999,-999,-999,-999,-999,-999,5350,-999,-999,-999,-999,-999,-999,-999,-999,-999,-999,-999,-999,-999,"Dunning, 1992"
Aves,Accipitriformes,Accipitridae,Haliaeetus,leucocephalus,-999,Bald Eagle,-999,-999,-999,5515.5,-999,-999,-999,-999,-999,-999,-999,-999,-999,-999,5515.5,-999,-999,-999,-999,-999,-999,-999,-999,-999,-999,-999,-999,-999,"Dunning, 1992"
Aves,Accipitriformes,Accipitridae,Haliaeetus,leucocephalus,-999,Bald Eagle,-999,2,-999,-999,-999,-999,-999,-999,-999,-999,-999,-999,-999,-999,-999,-999,-999,-999,-999,-999,-999,-999,-999,-999,-999,-999,-999,-999,"Jetz, Sekercioglu, and Bohning-Gaese, 2008"
Aves,Accipitriformes,Accipitridae,Haliaeetus,leucocephalus,-999,Bald Eagle,-999,2,-999,4740,-999,-999,-999,-999,-999,117,-999,-999,-999,-999,5350,4130,-999,-999,-999,-999,-999,-999,-999,-999,-999,-999,-999,-999,"Szekely, Lislevand, and Figuerola, 2007"
Aves,Accipitriformes,Accipitridae,Haliaeetus,leucocephalus,-999,Bald Eagle,1460,2,1,3175,48,-999,-999,-999,-999,-999,35,-999,1460,-999,-999,-999,-999,-999,-999,-999,-999,-999,-999,-999,-999,-999,-999,-999,"de Magalhaes and Costa, 2009"
Aves,Accipitriformes,Accipitridae,Haliaeetus,leucocephalus,-999,Bald Eagle,1460,-999,-999,5000,48,-999,-999,-999,-999,117,35,-999,-999,-999,-999,-999,-999,-999,-999,-999,-999,-999,-999,-999,-999,-999,-999,-999,"Ricklefs, 2010b"
Aves,Accipitriformes,Accipitridae,Haliaeetus,leucocephalus,-999,Bald Eagle,1817.34,2.5,1,4683.5,-999,-999,-999,-999,-999,117,34.5,73.5,-999,-999,5244,4123,-999,-999,-999,-999,-999,-999,-999,-999,-999,-999,-999,-999,"Bennett, 1986"
Aves,Accipitriformes,Accipitridae,Haliaeetus,leucocephalus,-999,Bald Eagle,-999,-999,-999,-999,32.83333333,-999,-999,-999,-999,-999,-999,-999,-999,-999,-999,-999,-999,-999,-999,-999,-999,-999,-999,-999,-999,-999,-999,-999,"Lutmerding, J.A. and A.S. Love, 2013"
Aves,Accipitriformes,Accipitridae,Haliaeetus,leucocephalus,-999,Bald Eagle,-999,-999,-999,-999,10.4,-999,-999,-999,-999,-999,-999,-999,-999,-999,-999,-999,-999,-999,-999,-999,-999,-999,-999,-999,-999,-999,-999,-999,"Carey, J.R. and D.S. Judge, 2002"
Aves,Accipitriformes,Accipitridae,Haliaeetus,leucocephalus,-999,Bald Eagle,-999,-999,-999,-999,47,-999,-999,-999,-999,-999,-999,-999,-999,-999,-999,-999,-999,-999,-999,-999,-999,-999,-999,-999,-999,-999,-999,-999,"Carey, J.R. and D.S. Judge, 2002"
Aves,Accipitriformes,Accipitridae,Haliaeetus,leucocephalus,-999,Bald Eagle,-999,-999,-999,-999,21.9,-999,-999,-999,-999,-999,-999,-999,-999,-999,-999,-999,-999,-999,-999,-999,-999,-999,-999,-999,-999,-999,-999,-999,"Carey, J.R. and D.S. Judge, 2002"
Aves,Accipitriformes,Accipitridae,Haliaeetus,leucocephalus,-999,Bald Eagle,-999,-999,-999,-999,33.1,-999,-999,-999,-999,-999,-999,-999,-999,-999,-999,-999,-999,-999,-999,-999,-999,-999,-999,-999,-999,-999,-999,-999,"Carey, J.R. and D.S. Judge, 2002"
Aves,Accipitriformes,Accipitridae,Haliaeetus,leucocephalus,-999,Bald Eagle,-999,-999,-999,-999,28.7,-999,-999,-999,-999,-999,-999,-999,-999,-999,-999,-999,-999,-999,-999,-999,-999,-999,-999,-999,-999,-999,-999,-999,"Carey, J.R. and D.S. Judge, 2002"
Aves,Accipitriformes,Accipitridae,Haliaeetus,leucocephalus,-999,Bald Eagle,-999,-999,-999,-999,-999,-999,-999,-999,-999,-999,-999,75,-999,-999,-999,-999,-999,-999,-999,-999,-999,-999,-999,-999,-999,-999,-999,-999,"Carrier, D.R., Auriemma, J., 1992"
Aves,Accipitriformes,Accipitridae,Haliaeetus,leucocephalus,-999,Bald Eagle,-999,-999,-999,-999,-999,-999,-999,-999,-999,-999,-999,-999,-999,-999,-999,5350,-999,-999,-999,-999,-999,-999,-999,-999,-999,-999,-999,-999,"Carrier, D.R., Auriemma, J., 1992"
Aves,Accipitriformes,Accipitridae,Haliaeetus,leucocephalus,-999,Bald Eagle,-999,-999,-999,5000,47,-999,-999,-999,-999,-999,-999,-999,-999,-999,-999,-999,5000,-999,-999,-999,-999,-999,-999,-999,-999,-999,-999,-999,"Wasser, D.E. and P.W. Sherman, 2010"
Aves,Accipitriformes,Accipitridae,Haliaeetus,leucocephalus,-999,Bald Eagle,-999,-999,-999,-999,21.9,-999,-999,-999,-999,-999,-999,-999,-999,-999,-999,-999,-999,-999,-999,-999,-999,-999,-999,-999,-999,-999,-999,-999,"Wasser, D.E. and P.W. Sherman, 2010"
Aves,Accipitriformes,Accipitridae,Haliaeetus,leucocephalus,-999,Bald Eagle,-999,-999,-999,-999,-999,-999,-999,-999,-999,-999,35,-999,-999,-999,-999,-999,-999,-999,-999,-999,-999,-999,-999,-999,-999,-999,-999,-999,"BC Birds - Margalida, A., Arroyo, B.E., Bortolotti, G.R., et al, 2006"
Aves,Anseriformes,Anatidae,Anas,platyrhynchos,-999,Mallard,-999,11,-999,-999,-999,-999,-999,-999,-999,-999,-999,-999,-999,-999,-999,-999,-999,-999,-999,-999,57.5,-999,-999,-999,-999,-999,-999,-999,"Boyer, A.G., Cartron, J-L.E., and J.H. Brown, 2009"
Aves,Anseriformes,Anatidae,Anas,platyrhynchos,-999,Mallard,-999,-999,-999,902.5,-999,-999,-999,-999,-999,-999,-999,-999,-999,-999,902.5,-999,-999,-999,-999,-999,-999,-999,-999,-999,-999,-999,-999,-999,"Dunning, 1992"
Aves,Anseriformes,Anatidae,Anas,platyrhynchos,-999,Mallard,-999,-999,-999,1010,-999,-999,-999,-999,-999,-999,-999,-999,-999,-999,-999,1010,-999,-999,-999,-999,-999,-999,-999,-999,-999,-999,-999,-999,"Dunning, 1992"
Aves,Anseriformes,Anatidae,Anas,platyrhynchos,-999,Mallard,-999,-999,-999,1082,-999,-999,-999,-999,-999,-999,-999,-999,-999,-999,-999,-999,1082,-999,-999,-999,-999,-999,-999,-999,-999,-999,-999,-999,"Dunning, 1992"
Aves,Anseriformes,Anatidae,Anas,platyrhynchos,-999,Mallard,-999,-999,-999,1095,-999,-999,-999,-999,-999,-999,-999,-999,-999,-999,1095,-999,-999,-999,-999,-999,-999,-999,-999,-999,-999,-999,-999,-999,"Dunning, 1992"
Aves,Anseriformes,Anatidae,Anas,platyrhynchos,-999,Mallard,-999,-999,-999,1150,-999,-999,-999,-999,-999,-999,-999,-999,-999,-999,-999,-999,1150,-999,-999,-999,-999,-999,-999,-999,-999,-999,-999,-999,"Dunning, 1992"
Aves,Anseriformes,Anatidae,Anas,platyrhynchos,-999,Mallard,-999,-999,-999,1246,-999,-999,-999,-999,-999,-999,-999,-999,-999,-999,-999,1246,-999,-999,-999,-999,-999,-999,-999,-999,-999,-999,-999,-999,"Dunning, 1992"
Aves,Anseriformes,Anatidae,Anas,platyrhynchos,-999,Mallard,-999,10.8,-999,-999,-999,-999,-999,-999,-999,-999,-999,-999,-999,-999,-999,-999,-999,-999,-999,-999,-999,-999,-999,-999,-999,-999,-999,-999,"Jetz, Sekercioglu, and Bohning-Gaese, 2008"
Aves,Anseriformes,Anatidae,Anas,platyrhynchos,-999,Mallard,-999,10.53,-999,1154.333333,-999,-999,-999,-999,-999,54,-999,-999,-999,-999,1113,1210,1140,-999,-999,-999,-999,-999,-999,-999,-999,-999,-999,-999,"Szekely, Lislevand, and Figuerola, 2007"
Aves,Anseriformes,Anatidae,Anas,platyrhynchos,-999,Mallard,365,9,1,1048.1,29.1,-999,-999,32.8,-999,-999,26,-999,365,-999,-999,-999,1020,-999,-999,-999,-999,-999,-999,-999,-999,-999,-999,-999,"de Magalhaes and Costa, 2009"
Aves,Anseriformes,Anatidae,Anas,platyrhynchos,-999,Mallard,365,-999,-999,1200,29.1,-999,-999,-999,-999,60,26.5,-999,-999,-999,-999,-999,-999,-999,-999,-999,-999,-999,-999,-999,-999,-999,-999,-999,"Ricklefs, 2010b"
Aves,Anseriformes,Anatidae,Anas,platyrhynchos,-999,Mallard,-999,-999,-999,1261,-999,-999,-999,-999,-999,-999,-999,-999,-999,-999,-999,-999,-999,-999,-999,-999,-999,-999,-999,-999,-999,-999,-999,-999,"Boback and Guyer, 2003"
Aves,Anseriformes,Anatidae,Anas,platyrhynchos,-999,Mallard,363.468,10.5,1,1119,29,-999,-999,28.6,-999,46,27.5,55,-999,-999,1096,1142,-999,-999,-999,-999,-999,-999,-999,-999,-999,-999,-999,-999,"Bennett, 1986"
Aves,Anseriformes,Anatidae,Anas,platyrhynchos,-999,Mallard,-999,-999,-999,1301,-999,-999,-999,-999,-999,52.2,-999,-999,-999,-999,1301,-999,-999,-999,-999,-999,-999,-999,-999,-999,-999,-999,-999,-999,"Dyke and Kaiser, 2010"
Aves,Anseriformes,Anatidae,Anas,platyrhynchos,-999,Mallard,-999,-999,-999,-999,27.58333333,-999,-999,-999,-999,-999,-999,-999,-999,-999,-999,-999,-999,-999,-999,-999,-999,-999,-999,-999,-999,-999,-999,-999,"Lutmerding, J.A. and A.S. Love, 2013"
Aves,Anseriformes,Anatidae,Anas,platyrhynchos,-999,Mallard,-999,-999,-999,-999,23.25,-999,-999,-999,-999,-999,-999,-999,-999,-999,-999,-999,-999,-999,-999,-999,-999,-999,-999,-999,-999,-999,-999,-999,"Fransson, T., Kolehmainen, T., Kroon, C. et al., 2010"
Aves,Anseriformes,Anatidae,Anas,platyrhynchos,-999,Mallard,-999,10.72,1,1114,-999,-999,-999,-999,-999,50,-999,-999,-999,-999,-999,-999,1114,-999,-999,-999,-999,-999,-999,-999,-999,-999,-999,-999,"Werner and Griebeler, 2012"
Aves,Anseriformes,Anatidae,Anas,platyrhynchos,-999,Mallard,-999,9.699398798,1,1123,-999,-999,-999,-999,-999,49.9,-999,-999,-999,-999,-999,-999,1123,-999,-999,-999,-999,-999,-999,-999,-999,-999,-999,-999,"Werner and Griebeler, 2013"
Aves,Anseriformes,Anatidae,Anas,platyrhynchos,-999,Mallard,-999,-999,-999,-999,23.4,-999,-999,-999,-999,-999,-999,-999,-999,-999,-999,-999,-999,-999,-999,-999,-999,-999,-999,-999,-999,-999,-999,-999,"Carey, J.R. and D.S. Judge, 2002"
Aves,Anseriformes,Anatidae,Anas,platyrhynchos,-999,Mallard,-999,-999,-999,-999,29,-999,-999,-999,-999,-999,-999,-999,-999,-999,-999,-999,-999,-999,-999,-999,-999,-999,-999,-999,-999,-999,-999,-999,"Carey, J.R. and D.S. Judge, 2002"
Aves,Anseriformes,Anatidae,Anas,platyrhynchos,-999,Mallard,-999,-999,-999,-999,20.5,-999,-999,-999,-999,-999,-999,-999,-999,-999,-999,-999,-999,-999,-999,-999,-999,-999,-999,-999,-999,-999,-999,-999,"Carey, J.R. and D.S. Judge, 2002"
Aves,Anseriformes,Anatidae,Anas,platyrhynchos,-999,Mallard,-999,-999,-999,-999,-999,-999,-999,-999,-999,50,-999,-999,-999,-999,-999,-999,-999,-999,-999,-999,-999,-999,-999,-999,-999,-999,-999,-999,"Werner, 2010"
Aves,Anseriformes,Anatidae,Anas,platyrhynchos,-999,Mallard,-999,-999,-999,-999,-999,-999,-999,-999,-999,51.9,-999,-999,-999,-999,-999,-999,-999,-999,-999,-999,-999,-999,-999,-999,-999,-999,-999,-999,"Carey, C., Rahn, H., Parisi, P., 1980"
Aves,Anseriformes,Anatidae,Anas,platyrhynchos,-999,Mallard,-999,-999,-999,-999,-999,-999,-999,-999,-999,79.9,-999,-999,-999,-999,-999,-999,-999,-999,-999,-999,-999,-999,-999,-999,-999,-999,-999,-999,"Carey, C., Rahn, H., Parisi, P., 1980"
Aves,Anseriformes,Anatidae,Anas,platyrhynchos,-999,Mallard,-999,-999,-999,-999,-999,-999,-999,-999,-999,55.7,-999,-999,-999,-999,-999,-999,-999,-999,-999,-999,-999,-999,-999,-999,-999,-999,-999,-999,"Carey, C., Rahn, H., Parisi, P., 1980"
Aves,Anseriformes,Anatidae,Anas,platyrhynchos,-999,Mallard,-999,-999,-999,-999,-999,-999,-999,-999,-999,80,-999,-999,-999,-999,-999,-999,-999,-999,-999,-999,-999,-999,-999,-999,-999,-999,-999,-999,"Carey, C., Rahn, H., Parisi, P., 1980"
Aves,Anseriformes,Anatidae,Anas,platyrhynchos,-999,Mallard,-999,-999,-999,-999,-999,-999,-999,-999,-999,54,-999,-999,-999,-999,-999,-999,-999,-999,-999,-999,-999,-999,-999,-999,-999,-999,-999,-999,"Carey, C., Rahn, H., Parisi, P., 1980"
Aves,Anseriformes,Anatidae,Anas,platyrhynchos,-999,Mallard,-999,-999,-999,-999,-999,-999,-999,-999,-999,80,-999,-999,-999,-999,-999,-999,-999,-999,-999,-999,-999,-999,-999,-999,-999,-999,-999,-999,"Carey, C., Rahn, H., Parisi, P., 1980"
Aves,Anseriformes,Anatidae,Anas,platyrhynchos,-999,Mallard,-999,-999,-999,-999,-999,-999,-999,-999,-999,56.7,-999,-999,-999,-999,-999,-999,-999,-999,-999,-999,-999,-999,-999,-999,-999,-999,-999,-999,"Carey, C., Rahn, H., Parisi, P., 1980"
Aves,Anseriformes,Anatidae,Anas,platyrhynchos,-999,Mallard,-999,-999,-999,-999,-999,-999,-999,-999,-999,72,-999,-999,-999,-999,-999,-999,-999,-999,-999,-999,-999,-999,-999,-999,-999,-999,-999,-999,"Carey, C., Rahn, H., Parisi, P., 1980"
Aves,Anseriformes,Anatidae,Anas,platyrhynchos,-999,Mallard,-999,-999,-999,-999,-999,-999,-999,-999,-999,-999,-999,56,-999,-999,-999,-999,-999,-999,-999,-999,-999,-999,-999,-999,-999,-999,-999,-999,"Carrier, D.R., Auriemma, J., 1992"
Aves,Anseriformes,Anatidae,Anas,platyrhynchos,-999,Mallard,-999,-999,-999,-999,-999,-999,-999,-999,-999,-999,-999,-999,-999,-999,-999,1361,-999,-999,-999,-999,-999,-999,-999,-999,-999,-999,-999,-999,"Carrier, D.R., Auriemma, J., 1992"
Aves,Anseriformes,Anatidae,Anas,platyrhynchos,-999,Mallard,-999,-999,-999,-999,-999,-999,-999,-999,-999,-999,-999,-999,-999,-999,-999,-999,1092.6,-999,-999,-999,-999,-999,-999,-999,-999,-999,-999,-999,"Iwaniuk, A.N., Nelson, J.E., 2002"
Aves,Anseriformes,Anatidae,Anas,platyrhynchos,-999,Mallard,-999,-999,-999,-999,-999,-999,-999,-999,-999,-999,-999,-999,-999,-999,-999,-999,1110,-999,-999,-999,-999,-999,-999,-999,-999,-999,-999,-999,"Iwaniuk, A.N., Nelson, J.E., 2002"
Aves,Anseriformes,Anatidae,Anas,platyrhynchos,-999,Mallard,-999,-999,-999,1105,-999,-999,-999,-999,-999,-999,-999,-999,-999,-999,-999,-999,1105,-999,-999,-999,-999,-999,-999,-999,-999,-999,-999,-999,"Wasser, D.E. and P.W. Sherman, 2010"
Aves,Anseriformes,Anatidae,Anas,platyrhynchos,-999,Mallard,-999,-999,-999,-999,29.08,-999,-999,-999,-999,-999,-999,-999,-999,-999,-999,-999,-999,-999,-999,-999,-999,-999,-999,-999,-999,-999,-999,-999,"Wasser, D.E. and P.W. Sherman, 2010"
Aves,Anseriformes,Anatidae,Anas,platyrhynchos,-999,Mallard,-999,8.7,-999,1153,-999,-999,-999,-999,-999,51.7,-999,-999,-999,-999,1103,1203,1153,-999,-999,-999,-999,-999,-999,-999,-999,-999,-999,-999,"Krist, 2011"
Aves,Anseriformes,Anatidae,Anas,platyrhynchos,-999,Mallard,-999,8.7,-999,1153,-999,-999,-999,-999,-999,51.7,-999,-999,-999,-999,1103,1203,1153,-999,-999,-999,-999,-999,-999,-999,-999,-999,-999,-999,"Krist, 2011"
Aves,Anseriformes,Anatidae,Anas,platyrhynchos,-999,Mallard,-999,8.7,-999,1153,-999,-999,-999,-999,-999,51.7,-999,-999,-999,-999,1103,1203,1153,-999,-999,-999,-999,-999,-999,-999,-999,-999,-999,-999,"Krist, 2011"
Aves,Anseriformes,Anatidae,Anas,platyrhynchos,-999,Mallard,-999,8.7,-999,1153,-999,-999,-999,-999,-999,51.7,-999,-999,-999,-999,1103,1203,1153,-999,-999,-999,-999,-999,-999,-999,-999,-999,-999,-999,"Krist, 2011"
Aves,Anseriformes,Anatidae,Anas,platyrhynchos,-999,Mallard,-999,8.7,-999,1153,-999,-999,-999,-999,-999,51.7,-999,-999,-999,-999,1103,1203,1153,-999,-999,-999,-999,-999,-999,-999,-999,-999,-999,-999,"Krist, 2011"
Aves,Anseriformes,Anatidae,Anser,anser,-999,Greylag Goose,-999,5,-999,-999,-999,-999,-999,-999,-999,-999,-999,-999,-999,-999,-999,-999,-999,-999,-999,-999,82.5,-999,-999,-999,-999,-999,-999,-999,"Boyer, A.G., Cartron, J-L.E., and J.H. Brown, 2009"
Aves,Anseriformes,Anatidae,Anser,anser,-999,Greylag Goose,-999,-999,-999,2980,-999,-999,-999,-999,-999,-999,-999,-999,-999,-999,2980,-999,-999,-999,-999,-999,-999,-999,-999,-999,-999,-999,-999,-999,"Dunning, 1992"
Aves,Anseriformes,Anatidae,Anser,anser,-999,Greylag Goose,-999,-999,-999,3108,-999,-999,-999,-999,-999,-999,-999,-999,-999,-999,3108,-999,-999,-999,-999,-999,-999,-999,-999,-999,-999,-999,-999,-999,"Dunning, 1992"
Aves,Anseriformes,Anatidae,Anser,anser,-999,Greylag Goose,-999,-999,-999,3509,-999,-999,-999,-999,-999,-999,-999,-999,-999,-999,-999,3509,-999,-999,-999,-999,-999,-999,-999,-999,-999,-999,-999,-999,"Dunning, 1992"
Aves,Anseriformes,Anatidae,Anser,anser,-999,Greylag Goose,-999,-999,-999,3580,-999,-999,-999,-999,-999,-999,-999,-999,-999,-999,-999,3580,-999,-999,-999,-999,-999,-999,-999,-999,-999,-999,-999,-999,"Dunning, 1992"
Aves,Anseriformes,Anatidae,Anser,anser,-999,Greylag Goose,-999,4.9,-999,-999,-999,-999,-999,-999,-999,-999,-999,-999,-999,-999,-999,-999,-999,-999,-999,-999,-999,-999,-999,-999,-999,-999,-999,-999,"Jetz, Sekercioglu, and Bohning-Gaese, 2008"
Aves,Anseriformes,Anatidae,Anser,anser,-999,Greylag Goose,-999,-999,-999,3463,-999,-999,-999,-999,-999,160,-999,-999,-999,-999,3237,3692,3460,-999,-999,-999,-999,-999,-999,-999,-999,-999,-999,-999,"Szekely, Lislevand, and Figuerola, 2007"
Aves,Anseriformes,Anatidae,Anser,anser,-999,Greylag Goose,1095,-999,-999,3308.5,31,-999,-999,-999,-999,-999,-999,-999,1095,-999,-999,-999,-999,-999,-999,-999,-999,-999,-999,-999,-999,-999,-999,-999,"de Magalhaes and Costa, 2009"
Aves,Anseriformes,Anatidae,Anser,anser,-999,Greylag Goose,1095,-999,-999,3250,31,-999,-999,-999,-999,173,27.5,-999,-999,-999,-999,-999,-999,-999,-999,-999,-999,-999,-999,-999,-999,-999,-999,-999,"Ricklefs, 2010b"
Aves,Anseriformes,Anatidae,Anser,anser,-999,Greylag Goose,-999,-999,-999,4100,-999,-999,-999,-999,-999,-999,-999,-999,-999,-999,-999,-999,-999,-999,-999,-999,-999,-999,-999,-999,-999,-999,-999,-999,"Boback and Guyer, 2003"
Aves,Anseriformes,Anatidae,Anser,anser,-999,Greylag Goose,1090.404,3.5,1,3308.5,17.33333333,-999,-999,88.5,-999,156.5,27.5,55,-999,-999,3108,3509,-999,-999,-999,-999,-999,-999,-999,-999,-999,-999,-999,-999,"Bennett, 1986"
Aves,Anseriformes,Anatidae,Anser,anser,-999,Greylag Goose,-999,-999,-999,-999,24,-999,-999,-999,-999,-999,-999,-999,-999,-999,-999,-999,-999,-999,-999,-999,-999,-999,-999,-999,-999,-999,-999,-999,"Fransson, T., Kolehmainen, T., Kroon, C. et al., 2010"
Aves,Anseriformes,Anatidae,Anser,anser,-999,Greylag Goose,-999,6.181818182,1,3200,-999,-999,-999,-999,-999,165,-999,-999,-999,-999,-999,-999,3200,-999,-999,-999,-999,-999,-999,-999,-999,-999,-999,-999,"Werner and Griebeler, 2012"
Aves,Anseriformes,Anatidae,Anser,anser,-999,Greylag Goose,-999,5.9,1,3108,-999,-999,-999,-999,-999,165,-999,-999,-999,-999,-999,-999,3108,-999,-999,-999,-999,-999,-999,-999,-999,-999,-999,-999,"Werner and Griebeler, 2013"
Aves,Anseriformes,Anatidae,Anser,anser,-999,Greylag Goose,-999,-999,-999,-999,-999,-999,-999,-999,-999,60.26625,-999,-999,-999,-999,-999,-999,-999,-999,-999,-999,-999,-999,-999,-999,-999,-999,-999,-999,"Werner, 2010"
Aves,Anseriformes,Anatidae,Anser,anser,-999,Greylag Goose,-999,-999,-999,-999,-999,-999,-999,-999,-999,158,-999,-999,-999,-999,-999,-999,-999,-999,-999,-999,-999,-999,-999,-999,-999,-999,-999,-999,"Carey, C., Rahn, H., Parisi, P., 1980"
Aves,Anseriformes,Anatidae,Anser,anser,-999,Greylag Goose,-999,-999,-999,-999,-999,-999,-999,-999,-999,200,-999,-999,-999,-999,-999,-999,-999,-999,-999,-999,-999,-999,-999,-999,-999,-999,-999,-999,"Carey, C., Rahn, H., Parisi, P., 1980"
Aves,Anseriformes,Anatidae,Anser,anser,-999,Greylag Goose,-999,-999,-999,-999,-999,-999,-999,-999,-999,173,-999,-999,-999,-999,-999,-999,-999,-999,-999,-999,-999,-999,-999,-999,-999,-999,-999,-999,"Carey, C., Rahn, H., Parisi, P., 1980"
Aves,Anseriformes,Anatidae,Anser,anser,-999,Greylag Goose,-999,-999,-999,-999,-999,-999,-999,-999,-999,160,-999,-999,-999,-999,-999,-999,-999,-999,-999,-999,-999,-999,-999,-999,-999,-999,-999,-999,"Carey, C., Rahn, H., Parisi, P., 1980"
Aves,Anseriformes,Anatidae,Anser,anser,-999,Greylag Goose,-999,-999,-999,-999,-999,-999,-999,-999,-999,172,-999,-999,-999,-999,-999,-999,-999,-999,-999,-999,-999,-999,-999,-999,-999,-999,-999,-999,"Carey, C., Rahn, H., Parisi, P., 1980"
Aves,Anseriformes,Anatidae,Anser,anser,-999,Greylag Goose,-999,-999,-999,3481.5,28,-999,-999,-999,-999,-999,-999,-999,-999,-999,-999,-999,3481.5,-999,-999,-999,-999,-999,-999,-999,-999,-999,-999,-999,"Wasser, D.E. and P.W. Sherman, 2010"
Aves,Anseriformes,Anatidae,Anser,anser,-999,Greylag Goose,-999,-999,-999,-999,23.583,-999,-999,-999,-999,-999,-999,-999,-999,-999,-999,-999,-999,-999,-999,-999,-999,-999,-999,-999,-999,-999,-999,-999,"Wasser, D.E. and P.W. Sherman, 2010"
Aves,Anseriformes,Anatidae,Cygnus,olor,-999,Mute Swan,-999,6,-999,-999,-999,-999,-999,-999,-999,-999,-999,-999,-999,-999,-999,-999,-999,-999,-999,-999,142.5,-999,-999,-999,-999,-999,-999,-999,"Boyer, A.G., Cartron, J-L.E., and J.H. Brown, 2009"
Aves,Anseriformes,Anatidae,Cygnus,olor,-999,Mute Swan,-999,-999,-999,9100,-999,-999,-999,-999,-999,-999,-999,-999,-999,-999,9100,-999,-999,-999,-999,-999,-999,-999,-999,-999,-999,-999,-999,-999,"Dunning, 1992"
Aves,Anseriformes,Anatidae,Cygnus,olor,-999,Mute Swan,-999,-999,-999,9670,-999,-999,-999,-999,-999,-999,-999,-999,-999,-999,9670,-999,-999,-999,-999,-999,-999,-999,-999,-999,-999,-999,-999,-999,"Dunning, 1992"
Aves,Anseriformes,Anatidae,Cygnus,olor,-999,Mute Swan,-999,-999,-999,11750,-999,-999,-999,-999,-999,-999,-999,-999,-999,-999,-999,11750,-999,-999,-999,-999,-999,-999,-999,-999,-999,-999,-999,-999,"Dunning, 1992"
Aves,Anseriformes,Anatidae,Cygnus,olor,-999,Mute Swan,-999,-999,-999,11800,-999,-999,-999,-999,-999,-999,-999,-999,-999,-999,-999,11800,-999,-999,-999,-999,-999,-999,-999,-999,-999,-999,-999,-999,"Dunning, 1992"
Aves,Anseriformes,Anatidae,Cygnus,olor,-999,Mute Swan,-999,5.9,-999,-999,-999,-999,-999,-999,-999,-999,-999,-999,-999,-999,-999,-999,-999,-999,-999,-999,-999,-999,-999,-999,-999,-999,-999,-999,"Jetz, Sekercioglu, and Bohning-Gaese, 2008"
Aves,Anseriformes,Anatidae,Cygnus,olor,-999,Mute Swan,-999,5.3,-999,10940,-999,-999,-999,-999,-999,340,-999,-999,-999,-999,9670,11800,11350,-999,-999,-999,-999,-999,-999,-999,-999,-999,-999,-999,"Szekely, Lislevand, and Figuerola, 2007"
Aves,Anseriformes,Anatidae,Cygnus,olor,-999,Mute Swan,1095,5.3,1,8300,70,-999,-999,225,-999,-999,36,-999,1095,-999,-999,-999,-999,-999,-999,-999,-999,-999,-999,-999,-999,-999,-999,-999,"de Magalhaes and Costa, 2009"
Aves,Anseriformes,Anatidae,Cygnus,olor,-999,Mute Swan,1095,-999,-999,11000,70,-999,-999,-999,-999,340,35,-999,-999,-999,-999,-999,-999,-999,-999,-999,-999,-999,-999,-999,-999,-999,-999,-999,"Ricklefs, 2010b"
Aves,Anseriformes,Anatidae,Cygnus,olor,-999,Mute Swan,-999,-999,-999,15000,-999,-999,-999,-999,-999,-999,-999,-999,-999,-999,-999,-999,-999,-999,-999,-999,-999,-999,-999,-999,-999,-999,-999,-999,"Boback and Guyer, 2003"
Aves,Anseriformes,Anatidae,Cygnus,olor,-999,Mute Swan,1272.138,6,1,10750,21.75,-999,-999,218,-999,345,36,135,-999,-999,9600,11900,-999,-999,-999,-999,-999,-999,-999,-999,-999,-999,-999,-999,"Bennett, 1986"
Aves,Anseriformes,Anatidae,Cygnus,olor,-999,Mute Swan,-999,-999,-999,-999,26.75,-999,-999,-999,-999,-999,-999,-999,-999,-999,-999,-999,-999,-999,-999,-999,-999,-999,-999,-999,-999,-999,-999,-999,"Lutmerding, J.A. and A.S. Love, 2013"
Aves,Anseriformes,Anatidae,Cygnus,olor,-999,Mute Swan,-999,-999,-999,-999,28.83333333,-999,-999,-999,-999,-999,-999,-999,-999,-999,-999,-999,-999,-999,-999,-999,-999,-999,-999,-999,-999,-999,-999,-999,"Fransson, T., Kolehmainen, T., Kroon, C. et al., 2010"
Aves,Anseriformes,Anatidae,Cygnus,olor,-999,Mute Swan,-999,6.900849858,1,10230,-999,-999,-999,-999,-999,353,-999,-999,-999,-999,-999,-999,10230,-999,-999,-999,-999,-999,-999,-999,-999,-999,-999,-999,"Werner and Griebeler, 2012"
Aves,Anseriformes,Anatidae,Cygnus,olor,-999,Mute Swan,-999,7.5,1,9670,-999,-999,-999,-999,-999,353,-999,-999,-999,-999,-999,-999,9670,-999,-999,-999,-999,-999,-999,-999,-999,-999,-999,-999,"Werner and Griebeler, 2013"
Aves,Anseriformes,Anatidae,Cygnus,olor,-999,Mute Swan,-999,-999,-999,-999,13.3,-999,-999,-999,-999,-999,-999,-999,-999,-999,-999,-999,-999,-999,-999,-999,-999,-999,-999,-999,-999,-999,-999,-999,"Carey, J.R. and D.S. Judge, 2002"
Aves,Anseriformes,Anatidae,Cygnus,olor,-999,Mute Swan,-999,-999,-999,-999,21,-999,-999,-999,-999,-999,-999,-999,-999,-999,-999,-999,-999,-999,-999,-999,-999,-999,-999,-999,-999,-999,-999,-999,"Carey, J.R. and D.S. Judge, 2002"
Aves,Anseriformes,Anatidae,Cygnus,olor,-999,Mute Swan,-999,-999,-999,-999,26.8,-999,-999,-999,-999,-999,-999,-999,-999,-999,-999,-999,-999,-999,-999,-999,-999,-999,-999,-999,-999,-999,-999,-999,"Carey, J.R. and D.S. Judge, 2002"
Aves,Anseriformes,Anatidae,Cygnus,olor,-999,Mute Swan,-999,-999,-999,-999,-999,-999,-999,-999,-999,128.93325,-999,-999,-999,-999,-999,-999,-999,-999,-999,-999,-999,-999,-999,-999,-999,-999,-999,-999,"Werner, 2010"
Aves,Anseriformes,Anatidae,Cygnus,olor,-999,Mute Swan,-999,-999,-999,-999,-999,-999,-999,-999,-999,312,-999,-999,-999,-999,-999,-999,-999,-999,-999,-999,-999,-999,-999,-999,-999,-999,-999,-999,"Carey, C., Rahn, H., Parisi, P., 1980"
Aves,Anseriformes,Anatidae,Cygnus,olor,-999,Mute Swan,1826.25,-999,-999,-999,-999,-999,-999,-999,-999,-999,-999,-999,-999,-999,-999,-999,-999,-999,-999,-999,-999,-999,-999,-999,-999,-999,-999,-999,"Saether, B-E., Bakke, O., 2000"
Aves,Anseriformes,Anatidae,Cygnus,olor,-999,Mute Swan,-999,-999,-999,9300,40,-999,-999,-999,-999,-999,-999,-999,-999,-999,-999,-999,9300,-999,-999,-999,-999,-999,-999,-999,-999,-999,-999,-999,"Wasser, D.E. and P.W. Sherman, 2010"
Aves,Anseriformes,Anatidae,Cygnus,olor,-999,Mute Swan,-999,-999,-999,-999,28.583,-999,-999,-999,-999,-999,-999,-999,-999,-999,-999,-999,-999,-999,-999,-999,-999,-999,-999,-999,-999,-999,-999,-999,"Wasser, D.E. and P.W. Sherman, 2010"
Aves,Anseriformes,Anatidae,Cygnus,olor,-999,Mute Swan,-999,5.5,-999,9962.5,-999,-999,-999,-999,-999,345,-999,-999,-999,-999,8850,11075,9962.5,-999,-999,-999,-999,-999,-999,-999,-999,-999,-999,-999,"Krist, 2011"
Aves,Anseriformes,Anatidae,Cygnus,olor,-999,Mute Swan,-999,5.5,-999,9962.5,-999,-999,-999,-999,-999,345,-999,-999,-999,-999,8850,11075,9962.5,-999,-999,-999,-999,-999,-999,-999,-999,-999,-999,-999,"Krist, 2011"
Aves,Anseriformes,Anatidae,Somateria,mollissima,-999,Common Eider,-999,5,-999,-999,-999,-999,-999,-999,-999,-999,-999,-999,-999,-999,-999,-999,-999,-999,-999,-999,60.5,-999,-999,-999,-999,-999,-999,-999,"Boyer, A.G., Cartron, J-L.E., and J.H. Brown, 2009"
Aves,Anseriformes,Anatidae,Somateria,mollissima,-999,Common Eider,-999,-999,-999,1915,-999,-999,-999,-999,-999,-999,-999,-999,-999,-999,1915,-999,-999,-999,-999,-999,-999,-999,-999,-999,-999,-999,-999,-999,"Dunning, 1992"
Aves,Anseriformes,Anatidae,Somateria,mollissima,-999,Common Eider,-999,-999,-999,2043.5,-999,-999,-999,-999,-999,-999,-999,-999,-999,-999,2043.5,-999,-999,-999,-999,-999,-999,-999,-999,-999,-999,-999,-999,-999,"Dunning, 1992"
Aves,Anseriformes,Anatidae,Somateria,mollissima,-999,Common Eider,-999,-999,-999,2092,-999,-999,-999,-999,-999,-999,-999,-999,-999,-999,-999,2092,-999,-999,-999,-999,-999,-999,-999,-999,-999,-999,-999,-999,"Dunning, 1992"
Aves,Anseriformes,Anatidae,Somateria,mollissima,-999,Common Eider,-999,-999,-999,2218,-999,-999,-999,-999,-999,-999,-999,-999,-999,-999,-999,2218,-999,-999,-999,-999,-999,-999,-999,-999,-999,-999,-999,-999,"Dunning, 1992"
Aves,Anseriformes,Anatidae,Somateria,mollissima,-999,Common Eider,-999,4.9,-999,-999,-999,-999,-999,-999,-999,-999,-999,-999,-999,-999,-999,-999,-999,-999,-999,-999,-999,-999,-999,-999,-999,-999,-999,-999,"Jetz, Sekercioglu, and Bohning-Gaese, 2008"
Aves,Anseriformes,Anatidae,Somateria,mollissima,-999,Common Eider,-999,3.06,-999,2076.333333,-999,-999,-999,-999,-999,110,-999,-999,-999,-999,1915,2218,2096,-999,-999,-999,-999,-999,-999,-999,-999,-999,-999,-999,"Szekely, Lislevand, and Figuerola, 2007"
Aves,Anseriformes,Anatidae,Somateria,mollissima,-999,Common Eider,730,4,1,2130,37.8,-999,-999,76.4,-999,-999,28,-999,730,-999,-999,-999,-999,-999,-999,-999,-999,-999,-999,-999,-999,-999,-999,-999,"de Magalhaes and Costa, 2009"
Aves,Anseriformes,Anatidae,Somateria,mollissima,-999,Common Eider,730,-999,-999,2050,37.8,-999,-999,-999,-999,100,25.5,-999,-999,-999,-999,-999,-999,-999,-999,-999,-999,-999,-999,-999,-999,-999,-999,-999,"Ricklefs, 2010b"
Aves,Anseriformes,Anatidae,Somateria,mollissima,-999,Common Eider,-999,-999,-999,2600,-999,-999,-999,-999,-999,-999,-999,-999,-999,-999,-999,-999,-999,-999,-999,-999,-999,-999,-999,-999,-999,-999,-999,-999,"Boback and Guyer, 2003"
Aves,Anseriformes,Anatidae,Somateria,mollissima,-999,Common Eider,1090.404,4.5,1,2424,21.83333333,-999,-999,69,-999,110,26,56,-999,-999,2630,2218,-999,-999,-999,-999,-999,-999,-999,-999,-999,-999,-999,-999,"Bennett, 1986"
Aves,Anseriformes,Anatidae,Somateria,mollissima,-999,Common Eider,-999,-999,-999,-999,22.58333333,-999,-999,-999,-999,-999,-999,-999,-999,-999,-999,-999,-999,-999,-999,-999,-999,-999,-999,-999,-999,-999,-999,-999,"Lutmerding, J.A. and A.S. Love, 2013"
Aves,Anseriformes,Anatidae,Somateria,mollissima,-999,Common Eider,-999,-999,-999,-999,36.83333333,-999,-999,-999,-999,-999,-999,-999,-999,-999,-999,-999,-999,-999,-999,-999,-999,-999,-999,-999,-999,-999,-999,-999,"Fransson, T., Kolehmainen, T., Kroon, C. et al., 2010"
Aves,Anseriformes,Anatidae,Somateria,mollissima,-999,Common Eider,-999,4,1,2130,-999,-999,-999,-999,-999,111,-999,-999,-999,-999,-999,-999,2130,-999,-999,-999,-999,-999,-999,-999,-999,-999,-999,-999,"Werner and Griebeler, 2012"
Aves,Anseriformes,Anatidae,Somateria,mollissima,-999,Common Eider,-999,4.3,1,1915,-999,-999,-999,-999,-999,111,-999,-999,-999,-999,-999,-999,1915,-999,-999,-999,-999,-999,-999,-999,-999,-999,-999,-999,"Werner and Griebeler, 2013"
Aves,Anseriformes,Anatidae,Somateria,mollissima,-999,Common Eider,-999,-999,-999,-999,14.8,-999,-999,-999,-999,-999,-999,-999,-999,-999,-999,-999,-999,-999,-999,-999,-999,-999,-999,-999,-999,-999,-999,-999,"Carey, J.R. and D.S. Judge, 2002"
Aves,Anseriformes,Anatidae,Somateria,mollissima,-999,Common Eider,-999,-999,-999,-999,21.3,-999,-999,-999,-999,-999,-999,-999,-999,-999,-999,-999,-999,-999,-999,-999,-999,-999,-999,-999,-999,-999,-999,-999,"Carey, J.R. and D.S. Judge, 2002"
Aves,Anseriformes,Anatidae,Somateria,mollissima,-999,Common Eider,-999,-999,-999,-999,23,-999,-999,-999,-999,-999,-999,-999,-999,-999,-999,-999,-999,-999,-999,-999,-999,-999,-999,-999,-999,-999,-999,-999,"Carey, J.R. and D.S. Judge, 2002"
Aves,Anseriformes,Anatidae,Somateria,mollissima,-999,Common Eider,-999,-999,-999,-999,-999,-999,-999,-999,-999,108,-999,-999,-999,-999,-999,-999,-999,-999,-999,-999,-999,-999,-999,-999,-999,-999,-999,-999,"Carey, C., Rahn, H., Parisi, P., 1980"
Aves,Anseriformes,Anatidae,Somateria,mollissima,-999,Common Eider,-999,-999,-999,-999,-999,-999,-999,-999,-999,117,-999,-999,-999,-999,-999,-999,-999,-999,-999,-999,-999,-999,-999,-999,-999,-999,-999,-999,"Carey, C., Rahn, H., Parisi, P., 1980"
Aves,Anseriformes,Anatidae,Somateria,mollissima,-999,Common Eider,-999,-999,-999,-999,-999,-999,-999,-999,-999,-999,-999,60,-999,-999,-999,-999,-999,-999,-999,-999,-999,-999,-999,-999,-999,-999,-999,-999,"Carrier, D.R., Auriemma, J., 1992"
Aves,Anseriformes,Anatidae,Somateria,mollissima,-999,Common Eider,-999,-999,-999,-999,-999,-999,-999,-999,-999,-999,-999,-999,-999,-999,-999,2500,-999,-999,-999,-999,-999,-999,-999,-999,-999,-999,-999,-999,"Carrier, D.R., Auriemma, J., 1992"
Aves,Anseriformes,Anatidae,Somateria,mollissima,-999,Common Eider,-999,-999,-999,2050,-999,-999,-999,-999,-999,-999,-999,-999,-999,-999,-999,-999,2050,-999,-999,-999,-999,-999,-999,-999,-999,-999,-999,-999,"Wasser, D.E. and P.W. Sherman, 2010"
Aves,Anseriformes,Anatidae,Somateria,mollissima,-999,Common Eider,-999,-999,-999,-999,23,-999,-999,-999,-999,-999,-999,-999,-999,-999,-999,-999,-999,-999,-999,-999,-999,-999,-999,-999,-999,-999,-999,-999,"Wasser, D.E. and P.W. Sherman, 2010"
Aves,Anseriformes,Anatidae,Somateria,mollissima,-999,Common Eider,-999,4,-999,2211.5,-999,-999,-999,-999,-999,108.3,-999,-999,-999,-999,2147,2276,2211.5,-999,-999,-999,-999,-999,-999,-999,-999,-999,-999,-999,"Krist, 2011"
Aves,Anseriformes,Anatidae,Somateria,mollissima,-999,Common Eider,-999,4,-999,2211.5,-999,-999,-999,-999,-999,108.3,-999,-999,-999,-999,2147,2276,2211.5,-999,-999,-999,-999,-999,-999,-999,-999,-999,-999,-999,"Krist, 2011"
Aves,Apodiformes,Apodidae,Apus,apus,-999,Common Swift,-999,3,-999,-999,-999,-999,-999,-999,-999,-999,-999,-999,-999,-999,-999,-999,-999,-999,-999,-999,16.5,-999,-999,-999,-999,-999,-999,-999,"Boyer, A.G., Cartron, J-L.E., and J.H. Brown, 2009"
Aves,Apodiformes,Apodidae,Apus,apus,-999,Common Swift,-999,-999,-999,37,-999,-999,-999,-999,-999,-999,-999,-999,-999,-999,-999,-999,37,-999,-999,-999,-999,-999,-999,-999,-999,-999,-999,-999,"Dunning, 1992"
Aves,Apodiformes,Apodidae,Apus,apus,-999,Common Swift,-999,-999,-999,37.6,-999,-999,-999,-999,-999,-999,-999,-999,-999,-999,-999,-999,37.6,-999,-999,-999,-999,-999,-999,-999,-999,-999,-999,-999,"Dunning, 1992"
Aves,Apodiformes,Apodidae,Apus,apus,-999,Common Swift,-999,2,-999,-999,-999,-999,-999,-999,-999,-999,-999,-999,-999,-999,-999,-999,-999,-999,-999,-999,-999,-999,-999,-999,-999,-999,-999,-999,"Jetz, Sekercioglu, and Bohning-Gaese, 2008"
Aves,Apodiformes,Apodidae,Apus,apus,-999,Common Swift,-999,2,-999,40.1,-999,-999,-999,-999,-999,3.5,-999,-999,-999,-999,40.3,39,41,-999,-999,-999,-999,-999,-999,-999,-999,-999,-999,-999,"Szekely, Lislevand, and Figuerola, 2007"
Aves,Apodiformes,Apodidae,Apus,apus,-999,Common Swift,730,-999,-999,37.6,21,-999,-999,-999,-999,-999,-999,-999,730,-999,-999,-999,44.9,-999,-999,-999,-999,-999,-999,-999,-999,-999,-999,-999,"de Magalhaes and Costa, 2009"
Aves,Apodiformes,Apodidae,Apus,apus,-999,Common Swift,726.936,2.5,1,42,21.08333333,-999,-999,2.9,-999,3.55,19.6,42.5,-999,-999,40,44,-999,-999,-999,-999,-999,-999,-999,-999,-999,-999,-999,-999,"Bennett, 1986"
Aves,Apodiformes,Apodidae,Apus,apus,-999,Common Swift,-999,-999,-999,38,-999,-999,-999,-999,-999,3.6,-999,-999,-999,-999,38,-999,-999,-999,-999,-999,-999,-999,-999,-999,-999,-999,-999,-999,"Dyke and Kaiser, 2010"
Aves,Apodiformes,Apodidae,Apus,apus,-999,Common Swift,-999,-999,-999,-999,21.08333333,-999,-999,-999,-999,-999,-999,-999,-999,-999,-999,-999,-999,-999,-999,-999,-999,-999,-999,-999,-999,-999,-999,-999,"Fransson, T., Kolehmainen, T., Kroon, C. et al., 2010"
Aves,Apodiformes,Apodidae,Apus,apus,-999,Common Swift,-999,-999,-999,-999,21,-999,-999,-999,-999,-999,-999,-999,-999,-999,-999,-999,-999,-999,-999,-999,-999,-999,-999,-999,-999,-999,-999,-999,"Carey, J.R. and D.S. Judge, 2002"
Aves,Apodiformes,Apodidae,Apus,apus,-999,Common Swift,-999,-999,-999,40.5,21,-999,-999,-999,-999,-999,-999,-999,-999,-999,-999,-999,40.5,-999,-999,-999,-999,-999,-999,-999,-999,-999,-999,-999,"Wasser, D.E. and P.W. Sherman, 2010"
Aves,Apodiformes,Apodidae,Apus,apus,-999,Common Swift,-999,2.3,-999,40,-999,-999,-999,-999,-999,3.6,-999,-999,-999,-999,40,40,40,-999,-999,-999,-999,-999,-999,-999,-999,-999,-999,-999,"Krist, 2011"
Aves,Apodiformes,Apodidae,Apus,apus,-999,Common Swift,-999,2.3,-999,40,-999,-999,-999,-999,-999,3.6,-999,-999,-999,-999,40,40,40,-999,-999,-999,-999,-999,-999,-999,-999,-999,-999,-999,"Krist, 2011"
Aves,Apodiformes,Apodidae,Apus,apus,-999,Common Swift,-999,2.3,-999,40,-999,-999,-999,-999,-999,3.6,-999,-999,-999,-999,40,40,40,-999,-999,-999,-999,-999,-999,-999,-999,-999,-999,-999,"Krist, 2011"
Aves,Casuariiformes,Dromaiidae,Dromaius,novaehollandiae,-999,Emu,-999,-999,-999,31500,-999,-999,-999,-999,-999,-999,-999,-999,-999,-999,-999,31500,-999,-999,-999,-999,-999,-999,-999,-999,-999,-999,-999,-999,"Dunning, 1992"
Aves,Casuariiformes,Dromaiidae,Dromaius,novaehollandiae,-999,Emu,-999,-999,-999,32100,-999,-999,-999,-999,-999,-999,-999,-999,-999,-999,-999,32100,-999,-999,-999,-999,-999,-999,-999,-999,-999,-999,-999,-999,"Dunning, 1992"
Aves,Casuariiformes,Dromaiidae,Dromaius,novaehollandiae,-999,Emu,-999,-999,-999,36900,-999,-999,-999,-999,-999,-999,-999,-999,-999,-999,36900,-999,-999,-999,-999,-999,-999,-999,-999,-999,-999,-999,-999,-999,"Dunning, 1992"
Aves,Casuariiformes,Dromaiidae,Dromaius,novaehollandiae,-999,Emu,-999,-999,-999,36950,-999,-999,-999,-999,-999,-999,-999,-999,-999,-999,36950,-999,-999,-999,-999,-999,-999,-999,-999,-999,-999,-999,-999,-999,"Dunning, 1992"
Aves,Casuariiformes,Dromaiidae,Dromaius,novaehollandiae,-999,Emu,-999,8.98,-999,35500,-999,-999,-999,-999,-999,581.2,-999,-999,-999,-999,38300,32700,-999,-999,-999,-999,-999,-999,-999,-999,-999,-999,-999,-999,"Szekely, Lislevand, and Figuerola, 2007"
Aves,Casuariiformes,Dromaiidae,Dromaius,novaehollandiae,-999,Emu,-999,-999,-999,38925,16.6,-999,-999,-999,-999,-999,-999,-999,-999,-999,-999,-999,-999,-999,-999,-999,-999,-999,-999,-999,-999,-999,-999,-999,"de Magalhaes and Costa, 2009"
Aves,Casuariiformes,Dromaiidae,Dromaius,novaehollandiae,-999,Emu,-999,-999,-999,40500,16.6,-999,-999,-999,-999,578,59,-999,-999,-999,-999,-999,-999,-999,-999,-999,-999,-999,-999,-999,-999,-999,-999,-999,"Ricklefs, 2010b"
Aves,Casuariiformes,Dromaiidae,Dromaius,novaehollandiae,-999,Emu,726.936,10,1,38925,-999,-999,-999,-999,-999,610,56,-999,-999,-999,-999,-999,38925,-999,-999,-999,-999,-999,-999,-999,-999,-999,-999,-999,"Bennett, 1986"
Aves,Casuariiformes,Dromaiidae,Dromaius,novaehollandiae,-999,Emu,-999,-999,-999,43080,-999,-999,-999,-999,-999,550,-999,-999,-999,-999,43080,-999,-999,-999,-999,-999,-999,-999,-999,-999,-999,-999,-999,-999,"Dyke and Kaiser, 2010"
Aves,Casuariiformes,Dromaiidae,Dromaius,novaehollandiae,-999,Emu,-999,14.66727273,1.499938019,35400,-999,-999,-999,-999,-999,550,-999,-999,-999,-999,-999,-999,35400,-999,-999,-999,-999,-999,-999,-999,-999,-999,-999,-999,"Werner and Griebeler, 2012"
Aves,Casuariiformes,Dromaiidae,Dromaius,novaehollandiae,-999,Emu,-999,14.66672727,1.499993802,35400,-999,-999,-999,-999,-999,550,-999,-999,-999,-999,-999,-999,35400,-999,-999,-999,-999,-999,-999,-999,-999,-999,-999,-999,"Werner and Griebeler, 2013"
Aves,Casuariiformes,Dromaiidae,Dromaius,novaehollandiae,-999,Emu,-999,-999,-999,-999,10,-999,-999,-999,-999,-999,-999,-999,-999,-999,-999,-999,-999,-999,-999,-999,-999,-999,-999,-999,-999,-999,-999,-999,"Carey, J.R. and D.S. Judge, 2002"
Aves,Casuariiformes,Dromaiidae,Dromaius,novaehollandiae,-999,Emu,-999,-999,-999,-999,16.6,-999,-999,-999,-999,-999,-999,-999,-999,-999,-999,-999,-999,-999,-999,-999,-999,-999,-999,-999,-999,-999,-999,-999,"Carey, J.R. and D.S. Judge, 2002"
Aves,Casuariiformes,Dromaiidae,Dromaius,novaehollandiae,-999,Emu,-999,-999,-999,-999,-999,-999,-999,-999,-999,-999,-999,-999,-999,-999,-999,-999,-999,-999,130,-999,-999,-999,-999,-999,-999,-999,-999,-999,"Dickison, M.R., 2007"
Aves,Casuariiformes,Dromaiidae,Dromaius,novaehollandiae,-999,Emu,-999,-999,-999,-999,-999,-999,-999,-999,-999,602,-999,-999,-999,-999,-999,-999,-999,-999,-999,-999,-999,-999,-999,-999,-999,-999,-999,-999,"Dickison, M.R., 2007"
Aves,Casuariiformes,Dromaiidae,Dromaius,novaehollandiae,-999,Emu,-999,-999,-999,-999,-999,-999,-999,-999,-999,710,-999,-999,-999,-999,-999,-999,-999,-999,-999,-999,-999,-999,-999,-999,-999,-999,-999,-999,"Carey, C., Rahn, H., Parisi, P., 1980"
Aves,Casuariiformes,Dromaiidae,Dromaius,novaehollandiae,-999,Emu,-999,-999,-999,-999,-999,-999,-999,-999,-999,-999,-999,-999,-999,-999,-999,-999,-999,90,-999,-999,-999,-999,-999,-999,-999,-999,-999,-999,"Dickison, M.R., 2007"
Aves,Casuariiformes,Dromaiidae,Dromaius,novaehollandiae,-999,Emu,-999,-999,-999,-999,-999,-999,-999,-999,-999,-999,-999,-999,-999,-999,37000,-999,-999,-999,-999,-999,-999,-999,-999,-999,-999,-999,-999,-999,"Dickison, M.R., 2007"
Aves,Casuariiformes,Dromaiidae,Dromaius,novaehollandiae,-999,Emu,-999,-999,-999,-999,-999,-999,-999,-999,-999,-999,-999,-999,-999,-999,25900,-999,-999,-999,-999,-999,-999,-999,-999,-999,-999,-999,-999,-999,"Davies, S.J.J.F., 2002"
Aves,Casuariiformes,Dromaiidae,Dromaius,novaehollandiae,-999,Emu,-999,-999,-999,-999,-999,-999,-999,-999,-999,-999,-999,-999,-999,-999,36900,-999,-999,-999,-999,-999,-999,-999,-999,-999,-999,-999,-999,-999,"Davies, S.J.J.F., 2002"
Aves,Casuariiformes,Dromaiidae,Dromaius,novaehollandiae,-999,Emu,-999,-999,-999,-999,-999,-999,-999,-999,-999,-999,-999,-999,-999,-999,48000,-999,-999,-999,-999,-999,-999,-999,-999,-999,-999,-999,-999,-999,"Davies, S.J.J.F., 2002"
Aves,Casuariiformes,Dromaiidae,Dromaius,novaehollandiae,-999,Emu,-999,-999,-999,-999,-999,-999,-999,-999,-999,-999,50,-999,-999,-999,-999,-999,-999,-999,-999,-999,-999,-999,-999,-999,-999,-999,-999,-999,"Dickison, M.R., 2007"
Aves,Casuariiformes,Dromaiidae,Dromaius,novaehollandiae,-999,Emu,-999,9,-999,-999,-999,-999,-999,-999,-999,-999,-999,-999,-999,-999,-999,-999,-999,-999,-999,-999,-999,-999,-999,-999,-999,-999,-999,-999,"Dickison, M.R., 2007"
Aves,Casuariiformes,Dromaiidae,Dromaius,novaehollandiae,-999,Emu,-999,4,-999,-999,-999,-999,-999,-999,-999,-999,-999,-999,-999,-999,-999,-999,-999,-999,-999,-999,-999,-999,-999,-999,-999,-999,-999,-999,"Davies, S.J.J.F., 2002"
Aves,Casuariiformes,Dromaiidae,Dromaius,novaehollandiae,-999,Emu,-999,8.78,-999,-999,-999,-999,-999,-999,-999,-999,-999,-999,-999,-999,-999,-999,-999,-999,-999,-999,-999,-999,-999,-999,-999,-999,-999,-999,"Davies, S.J.J.F., 2002"
Aves,Casuariiformes,Dromaiidae,Dromaius,novaehollandiae,-999,Emu,-999,13,-999,-999,-999,-999,-999,-999,-999,-999,-999,-999,-999,-999,-999,-999,-999,-999,-999,-999,-999,-999,-999,-999,-999,-999,-999,-999,"Davies, S.J.J.F., 2002"
Aves,Casuariiformes,Dromaiidae,Dromaius,novaehollandiae,-999,Emu,-999,-999,-999,-999,-999,-999,-999,-999,-999,-999,-999,-999,-999,-999,-999,32000,-999,-999,-999,-999,-999,-999,-999,-999,-999,-999,-999,-999,"Dickison, M.R., 2007"
Aves,Casuariiformes,Dromaiidae,Dromaius,novaehollandiae,-999,Emu,-999,-999,-999,-999,-999,-999,-999,-999,-999,-999,-999,-999,-999,-999,-999,17700,-999,-999,-999,-999,-999,-999,-999,-999,-999,-999,-999,-999,"Davies, S.J.J.F., 2002"
Aves,Casuariiformes,Dromaiidae,Dromaius,novaehollandiae,-999,Emu,-999,-999,-999,-999,-999,-999,-999,-999,-999,-999,-999,-999,-999,-999,-999,31500,-999,-999,-999,-999,-999,-999,-999,-999,-999,-999,-999,-999,"Davies, S.J.J.F., 2002"
Aves,Casuariiformes,Dromaiidae,Dromaius,novaehollandiae,-999,Emu,-999,-999,-999,-999,-999,-999,-999,-999,-999,-999,-999,-999,-999,-999,-999,46500,-999,-999,-999,-999,-999,-999,-999,-999,-999,-999,-999,-999,"Davies, S.J.J.F., 2002"
Aves,Casuariiformes,Dromaiidae,Dromaius,novaehollandiae,-999,Emu,-999,-999,-999,-999,-999,-999,-999,-999,-999,-999,-999,-999,-999,-999,-999,-999,40500,-999,-999,-999,-999,-999,-999,-999,-999,-999,-999,-999,"Iwaniuk, A.N., Nelson, J.E., 2002"
Aves,Casuariiformes,Dromaiidae,Dromaius,novaehollandiae,-999,Emu,-999,-999,-999,5500,16.6,-999,-999,-999,-999,-999,-999,-999,-999,-999,-999,-999,5500,-999,-999,-999,-999,-999,-999,-999,-999,-999,-999,-999,"Wasser, D.E. and P.W. Sherman, 2010"
Aves,Charadriiformes,Charadriidae,Vanellus,vanellus,-999,Northern Lapwing,-999,-999,-999,191,-999,-999,-999,-999,-999,-999,-999,-999,-999,-999,-999,191,-999,-999,-999,-999,-999,-999,-999,-999,-999,-999,-999,-999,"Dunning, 1992"
Aves,Charadriiformes,Charadriidae,Vanellus,vanellus,-999,Northern Lapwing,-999,-999,-999,211,-999,-999,-999,-999,-999,-999,-999,-999,-999,-999,-999,211,-999,-999,-999,-999,-999,-999,-999,-999,-999,-999,-999,-999,"Dunning, 1992"
Aves,Charadriiformes,Charadriidae,Vanellus,vanellus,-999,Northern Lapwing,-999,-999,-999,226,-999,-999,-999,-999,-999,-999,-999,-999,-999,-999,226,-999,-999,-999,-999,-999,-999,-999,-999,-999,-999,-999,-999,-999,"Dunning, 1992"
Aves,Charadriiformes,Charadriidae,Vanellus,vanellus,-999,Northern Lapwing,-999,-999,-999,248.5,-999,-999,-999,-999,-999,-999,-999,-999,-999,-999,248.5,-999,-999,-999,-999,-999,-999,-999,-999,-999,-999,-999,-999,-999,"Dunning, 1992"
Aves,Charadriiformes,Charadriidae,Vanellus,vanellus,-999,Northern Lapwing,-999,4,-999,-999,-999,-999,-999,-999,-999,-999,-999,-999,-999,-999,-999,-999,-999,-999,-999,-999,-999,-999,-999,-999,-999,-999,-999,-999,"Jetz, Sekercioglu, and Bohning-Gaese, 2008"
Aves,Charadriiformes,Charadriidae,Vanellus,vanellus,-999,Northern Lapwing,-999,3.85,-999,218.5,-999,-999,-999,-999,-999,25.5,-999,-999,-999,-999,226,211,-999,-999,-999,-999,-999,-999,-999,-999,-999,-999,-999,-999,"Szekely, Lislevand, and Figuerola, 2007"
Aves,Charadriiformes,Charadriidae,Vanellus,vanellus,-999,Northern Lapwing,730,4,-999,218.5,23.6,-999,-999,-999,-999,-999,24,-999,730,-999,-999,-999,-999,-999,-999,-999,-999,-999,-999,-999,-999,-999,-999,-999,"de Magalhaes and Costa, 2009"
Aves,Charadriiformes,Charadriidae,Vanellus,vanellus,-999,Northern Lapwing,726.936,4,1,213.6666667,20,-999,-999,17.4,-999,26,27.4,37.5,-999,-999,226,211,204,-999,-999,-999,-999,-999,-999,-999,-999,-999,-999,-999,"Bennett, 1986"
Aves,Charadriiformes,Charadriidae,Vanellus,vanellus,-999,Northern Lapwing,-999,-999,-999,-999,24.5,-999,-999,-999,-999,-999,-999,-999,-999,-999,-999,-999,-999,-999,-999,-999,-999,-999,-999,-999,-999,-999,-999,-999,"Fransson, T., Kolehmainen, T., Kroon, C. et al., 2010"
Aves,Charadriiformes,Charadriidae,Vanellus,vanellus,-999,Northern Lapwing,-999,-999,-999,-999,-999,-999,-999,-999,-999,26,-999,-999,-999,-999,-999,-999,-999,-999,-999,-999,-999,-999,-999,-999,-999,-999,-999,-999,"Carey, C., Rahn, H., Parisi, P., 1980"
Aves,Charadriiformes,Charadriidae,Vanellus,vanellus,-999,Northern Lapwing,-999,-999,-999,-999,-999,-999,-999,-999,-999,26,-999,-999,-999,-999,-999,-999,-999,-999,-999,-999,-999,-999,-999,-999,-999,-999,-999,-999,"Carey, C., Rahn, H., Parisi, P., 1980"
Aves,Charadriiformes,Charadriidae,Vanellus,vanellus,-999,Northern Lapwing,-999,3.9,-999,217.5,-999,-999,-999,-999,-999,26,-999,-999,-999,-999,216,219,217.5,-999,-999,-999,-999,-999,-999,-999,-999,-999,-999,-999,"Krist, 2011"
Aves,Charadriiformes,Charadriidae,Vanellus,vanellus,-999,Northern Lapwing,-999,3.9,-999,217.5,-999,-999,-999,-999,-999,26,-999,-999,-999,-999,216,219,217.5,-999,-999,-999,-999,-999,-999,-999,-999,-999,-999,-999,"Krist, 2011"
Aves,Charadriiformes,Charadriidae,Vanellus,vanellus,-999,Northern Lapwing,-999,3.9,-999,217.5,-999,-999,-999,-999,-999,26,-999,-999,-999,-999,216,219,217.5,-999,-999,-999,-999,-999,-999,-999,-999,-999,-999,-999,"Krist, 2011"
Aves,Charadriiformes,Charadriidae,Vanellus,vanellus,-999,Northern Lapwing,-999,3.9,-999,217.5,-999,-999,-999,-999,-999,26,-999,-999,-999,-999,216,219,217.5,-999,-999,-999,-999,-999,-999,-999,-999,-999,-999,-999,"Krist, 2011"
Aves,Charadriiformes,Charadriidae,Vanellus,vanellus,-999,Northern Lapwing,-999,3.9,-999,217.5,-999,-999,-999,-999,-999,26,-999,-999,-999,-999,216,219,217.5,-999,-999,-999,-999,-999,-999,-999,-999,-999,-999,-999,"Krist, 2011"
Aves,Charadriiformes,Charadriidae,Vanellus,vanellus,-999,Northern Lapwing,-999,3.9,-999,217.5,-999,-999,-999,-999,-999,26,-999,-999,-999,-999,216,219,217.5,-999,-999,-999,-999,-999,-999,-999,-999,-999,-999,-999,"Krist, 2011"
Aves,Charadriiformes,Charadriidae,Vanellus,vanellus,-999,Northern Lapwing,-999,3.9,-999,217.5,-999,-999,-999,-999,-999,26,-999,-999,-999,-999,216,219,217.5,-999,-999,-999,-999,-999,-999,-999,-999,-999,-999,-999,"Krist, 2011"
Aves,Charadriiformes,Haematopodidae,Haematopus,ostralegus,-999,Eurasian Oystercatcher,-999,-999,-999,526,-999,-999,-999,-999,-999,-999,-999,-999,-999,-999,-999,-999,526,-999,-999,-999,-999,-999,-999,-999,-999,-999,-999,-999,"Dunning, 1992"
Aves,Charadriiformes,Haematopodidae,Haematopus,ostralegus,-999,Eurasian Oystercatcher,-999,-999,-999,552.5,-999,-999,-999,-999,-999,-999,-999,-999,-999,-999,-999,-999,552.5,-999,-999,-999,-999,-999,-999,-999,-999,-999,-999,-999,"Dunning, 1992"
Aves,Charadriiformes,Haematopodidae,Haematopus,ostralegus,-999,Eurasian Oystercatcher,-999,3.2,-999,-999,-999,-999,-999,-999,-999,-999,-999,-999,-999,-999,-999,-999,-999,-999,-999,-999,-999,-999,-999,-999,-999,-999,-999,-999,"Jetz, Sekercioglu, and Bohning-Gaese, 2008"
Aves,Charadriiformes,Haematopodidae,Haematopus,ostralegus,-999,Eurasian Oystercatcher,-999,2.77,-999,518,-999,-999,-999,-999,-999,46.7,-999,-999,-999,-999,536,500,-999,-999,-999,-999,-999,-999,-999,-999,-999,-999,-999,-999,"Szekely, Lislevand, and Figuerola, 2007"
Aves,Charadriiformes,Haematopodidae,Haematopus,ostralegus,-999,Eurasian Oystercatcher,1095,-999,-999,480,43.3,-999,-999,-999,-999,-999,-999,-999,1095,-999,-999,-999,449,-999,-999,-999,-999,-999,-999,-999,-999,-999,-999,-999,"de Magalhaes and Costa, 2009"
Aves,Charadriiformes,Haematopodidae,Haematopus,ostralegus,-999,Eurasian Oystercatcher,1453.872,3,1,580,36,-999,-999,31.1,-999,46.5,25.5,30,-999,-999,616,-999,544,-999,-999,-999,-999,-999,-999,-999,-999,-999,-999,-999,"Bennett, 1986"
Aves,Charadriiformes,Haematopodidae,Haematopus,ostralegus,-999,Eurasian Oystercatcher,-999,-999,-999,526,-999,-999,-999,-999,-999,41.5,-999,-999,-999,-999,526,-999,-999,-999,-999,-999,-999,-999,-999,-999,-999,-999,-999,-999,"Dyke and Kaiser, 2010"
Aves,Charadriiformes,Haematopodidae,Haematopus,ostralegus,-999,Eurasian Oystercatcher,-999,-999,-999,-999,43.33333333,-999,-999,-999,-999,-999,-999,-999,-999,-999,-999,-999,-999,-999,-999,-999,-999,-999,-999,-999,-999,-999,-999,-999,"Fransson, T., Kolehmainen, T., Kroon, C. et al., 2010"
Aves,Charadriiformes,Haematopodidae,Haematopus,ostralegus,-999,Eurasian Oystercatcher,-999,-999,-999,-999,36,-999,-999,-999,-999,-999,-999,-999,-999,-999,-999,-999,-999,-999,-999,-999,-999,-999,-999,-999,-999,-999,-999,-999,"Carey, J.R. and D.S. Judge, 2002"
Aves,Charadriiformes,Haematopodidae,Haematopus,ostralegus,-999,Eurasian Oystercatcher,-999,-999,-999,-999,-999,-999,-999,-999,-999,46.5,-999,-999,-999,-999,-999,-999,-999,-999,-999,-999,-999,-999,-999,-999,-999,-999,-999,-999,"Carey, C., Rahn, H., Parisi, P., 1980"
Aves,Charadriiformes,Haematopodidae,Haematopus,ostralegus,-999,Eurasian Oystercatcher,-999,-999,-999,-999,-999,-999,-999,-999,-999,47.5,-999,-999,-999,-999,-999,-999,-999,-999,-999,-999,-999,-999,-999,-999,-999,-999,-999,-999,"Carey, C., Rahn, H., Parisi, P., 1980"
Aves,Charadriiformes,Haematopodidae,Haematopus,ostralegus,-999,Eurasian Oystercatcher,1826.25,-999,-999,-999,-999,-999,-999,-999,-999,-999,-999,-999,-999,-999,-999,-999,-999,-999,-999,-999,-999,-999,-999,-999,-999,-999,-999,-999,"Saether, B-E., Bakke, O., 2000"
Aves,Charadriiformes,Haematopodidae,Haematopus,ostralegus,-999,Eurasian Oystercatcher,-999,-999,-999,-999,36,-999,-999,-999,-999,-999,-999,-999,-999,-999,-999,-999,-999,-999,-999,-999,-999,-999,-999,-999,-999,-999,-999,-999,"Wasser, D.E. and P.W. Sherman, 2010"
Aves,Charadriiformes,Haematopodidae,Haematopus,ostralegus,-999,Eurasian Oystercatcher,-999,2.8,-999,542,-999,-999,-999,-999,-999,47,-999,-999,-999,-999,542,542,542,-999,-999,-999,-999,-999,-999,-999,-999,-999,-999,-999,"Krist, 2011"
Aves,Charadriiformes,Haematopodidae,Haematopus,ostralegus,-999,Eurasian Oystercatcher,-999,2.8,-999,542,-999,-999,-999,-999,-999,47,-999,-999,-999,-999,542,542,542,-999,-999,-999,-999,-999,-999,-999,-999,-999,-999,-999,"Krist, 2011"
Aves,Charadriiformes,Haematopodidae,Haematopus,ostralegus,-999,Eurasian Oystercatcher,-999,2.8,-999,542,-999,-999,-999,-999,-999,47,-999,-999,-999,-999,542,542,542,-999,-999,-999,-999,-999,-999,-999,-999,-999,-999,-999,"Krist, 2011"
Aves,Charadriiformes,Haematopodidae,Haematopus,ostralegus,-999,Eurasian Oystercatcher,-999,2.8,-999,542,-999,-999,-999,-999,-999,47,-999,-999,-999,-999,542,542,542,-999,-999,-999,-999,-999,-999,-999,-999,-999,-999,-999,"Krist, 2011"
Aves,Charadriiformes,Laridae,Larus,argentatus,-999,European Herring Gull,-999,-999,-999,1010.25,-999,-999,-999,-999,-999,-999,-999,-999,-999,-999,1010.25,-999,-999,-999,-999,-999,-999,-999,-999,-999,-999,-999,-999,-999,"Dunning, 1992"
Aves,Charadriiformes,Laridae,Larus,argentatus,-999,European Herring Gull,-999,-999,-999,1015,-999,-999,-999,-999,-999,-999,-999,-999,-999,-999,1015,-999,-999,-999,-999,-999,-999,-999,-999,-999,-999,-999,-999,-999,"Dunning, 1992"
Aves,Charadriiformes,Laridae,Larus,argentatus,-999,European Herring Gull,-999,-999,-999,1173,-999,-999,-999,-999,-999,-999,-999,-999,-999,-999,-999,1173,-999,-999,-999,-999,-999,-999,-999,-999,-999,-999,-999,-999,"Dunning, 1992"
Aves,Charadriiformes,Laridae,Larus,argentatus,-999,European Herring Gull,-999,-999,-999,1219.5,-999,-999,-999,-999,-999,-999,-999,-999,-999,-999,-999,1219.5,-999,-999,-999,-999,-999,-999,-999,-999,-999,-999,-999,-999,"Dunning, 1992"
Aves,Charadriiformes,Laridae,Larus,argentatus,-999,European Herring Gull,-999,2.6,-999,895,-999,-999,-999,-999,-999,87.5,-999,-999,-999,-999,813,977,-999,-999,-999,-999,-999,-999,-999,-999,-999,-999,-999,-999,"Szekely, Lislevand, and Figuerola, 2007"
Aves,Charadriiformes,Laridae,Larus,argentatus,-999,European Herring Gull,1825,3,1,1094,49,-999,-999,67.5,-999,-999,26,-999,1460,-999,-999,-999,1000,-999,-999,-999,-999,-999,-999,-999,-999,-999,-999,-999,"de Magalhaes and Costa, 2009"
Aves,Charadriiformes,Laridae,Larus,argentatus,-999,European Herring Gull,1090.404,3,1,1135,31.91666667,-999,-999,57,-999,91.5,28.5,37.5,-999,-999,1044,1226,-999,-999,-999,-999,-999,-999,-999,-999,-999,-999,-999,-999,"Bennett, 1986"
Aves,Charadriiformes,Laridae,Larus,argentatus,-999,European Herring Gull,-999,-999,-999,-999,34.75,-999,-999,-999,-999,-999,-999,-999,-999,-999,-999,-999,-999,-999,-999,-999,-999,-999,-999,-999,-999,-999,-999,-999,"Fransson, T., Kolehmainen, T., Kroon, C. et al., 2010"
Aves,Charadriiformes,Laridae,Larus,argentatus,-999,European Herring Gull,-999,-999,-999,-999,27.3,-999,-999,-999,-999,-999,-999,-999,-999,-999,-999,-999,-999,-999,-999,-999,-999,-999,-999,-999,-999,-999,-999,-999,"Carey, J.R. and D.S. Judge, 2002"
Aves,Charadriiformes,Laridae,Larus,argentatus,-999,European Herring Gull,-999,-999,-999,-999,44,-999,-999,-999,-999,-999,-999,-999,-999,-999,-999,-999,-999,-999,-999,-999,-999,-999,-999,-999,-999,-999,-999,-999,"Carey, J.R. and D.S. Judge, 2002"
Aves,Charadriiformes,Laridae,Larus,argentatus,-999,European Herring Gull,-999,-999,-999,-999,28,-999,-999,-999,-999,-999,-999,-999,-999,-999,-999,-999,-999,-999,-999,-999,-999,-999,-999,-999,-999,-999,-999,-999,"Carey, J.R. and D.S. Judge, 2002"
Aves,Charadriiformes,Laridae,Larus,argentatus,-999,European Herring Gull,-999,-999,-999,-999,19,-999,-999,-999,-999,-999,-999,-999,-999,-999,-999,-999,-999,-999,-999,-999,-999,-999,-999,-999,-999,-999,-999,-999,"Carey, J.R. and D.S. Judge, 2002"
Aves,Charadriiformes,Laridae,Larus,argentatus,-999,European Herring Gull,-999,-999,-999,-999,40,-999,-999,-999,-999,-999,-999,-999,-999,-999,-999,-999,-999,-999,-999,-999,-999,-999,-999,-999,-999,-999,-999,-999,"Carey, J.R. and D.S. Judge, 2002"
Aves,Charadriiformes,Laridae,Larus,argentatus,-999,European Herring Gull,-999,-999,-999,-999,-999,-999,-999,-999,-999,81.1,-999,-999,-999,-999,-999,-999,-999,-999,-999,-999,-999,-999,-999,-999,-999,-999,-999,-999,"Carey, C., Rahn, H., Parisi, P., 1980"
Aves,Charadriiformes,Laridae,Larus,argentatus,-999,European Herring Gull,-999,-999,-999,-999,-999,-999,-999,-999,-999,95,-999,-999,-999,-999,-999,-999,-999,-999,-999,-999,-999,-999,-999,-999,-999,-999,-999,-999,"Carey, C., Rahn, H., Parisi, P., 1980"
Aves,Charadriiformes,Laridae,Larus,argentatus,-999,European Herring Gull,-999,-999,-999,-999,-999,-999,-999,-999,-999,92,-999,-999,-999,-999,-999,-999,-999,-999,-999,-999,-999,-999,-999,-999,-999,-999,-999,-999,"Carey, C., Rahn, H., Parisi, P., 1980"
Aves,Charadriiformes,Laridae,Larus,argentatus,-999,European Herring Gull,-999,-999,-999,-999,-999,-999,-999,-999,-999,93,-999,-999,-999,-999,-999,-999,-999,-999,-999,-999,-999,-999,-999,-999,-999,-999,-999,-999,"Carey, C., Rahn, H., Parisi, P., 1980"
Aves,Charadriiformes,Laridae,Larus,argentatus,-999,European Herring Gull,-999,-999,-999,-999,-999,-999,-999,-999,-999,-999,-999,40,-999,-999,-999,-999,-999,-999,-999,-999,-999,-999,-999,-999,-999,-999,-999,-999,"Carrier, D.R., Auriemma, J., 1992"
Aves,Charadriiformes,Laridae,Larus,argentatus,-999,European Herring Gull,-999,-999,-999,-999,-999,-999,-999,-999,-999,-999,-999,49,-999,-999,-999,-999,-999,-999,-999,-999,-999,-999,-999,-999,-999,-999,-999,-999,"Carrier, D.R., Auriemma, J., 1992"
Aves,Charadriiformes,Laridae,Larus,argentatus,-999,European Herring Gull,-999,-999,-999,-999,-999,-999,-999,-999,-999,-999,-999,-999,-999,-999,-999,907,-999,-999,-999,-999,-999,-999,-999,-999,-999,-999,-999,-999,"Carrier, D.R., Auriemma, J., 1992"
Aves,Charadriiformes,Laridae,Larus,argentatus,-999,European Herring Gull,-999,-999,-999,-999,-999,-999,-999,-999,-999,-999,-999,-999,-999,-999,-999,1054,-999,-999,-999,-999,-999,-999,-999,-999,-999,-999,-999,-999,"Carrier, D.R., Auriemma, J., 1992"
Aves,Charadriiformes,Laridae,Larus,argentatus,-999,European Herring Gull,-999,-999,-999,1085,44,-999,-999,-999,-999,-999,-999,-999,-999,-999,-999,-999,1085,-999,-999,-999,-999,-999,-999,-999,-999,-999,-999,-999,"Wasser, D.E. and P.W. Sherman, 2010"
Aves,Charadriiformes,Laridae,Larus,argentatus,-999,European Herring Gull,-999,-999,-999,-999,32.083,-999,-999,-999,-999,-999,-999,-999,-999,-999,-999,-999,-999,-999,-999,-999,-999,-999,-999,-999,-999,-999,-999,-999,"Wasser, D.E. and P.W. Sherman, 2010"
Aves,Charadriiformes,Laridae,Larus,argentatus,-999,European Herring Gull,-999,2.6,-999,1085,-999,-999,-999,-999,-999,92.2,-999,-999,-999,-999,1023,1147,1085,-999,-999,-999,-999,-999,-999,-999,-999,-999,-999,-999,"Krist, 2011"
Aves,Charadriiformes,Laridae,Larus,argentatus,-999,European Herring Gull,-999,2.6,-999,1085,-999,-999,-999,-999,-999,92.2,-999,-999,-999,-999,1023,1147,1085,-999,-999,-999,-999,-999,-999,-999,-999,-999,-999,-999,"Krist, 2011"
Aves,Charadriiformes,Laridae,Larus,argentatus,-999,European Herring Gull,-999,2.6,-999,1085,-999,-999,-999,-999,-999,92.2,-999,-999,-999,-999,1023,1147,1085,-999,-999,-999,-999,-999,-999,-999,-999,-999,-999,-999,"Krist, 2011"
Aves,Charadriiformes,Laridae,Larus,argentatus,-999,European Herring Gull,-999,2.6,-999,1085,-999,-999,-999,-999,-999,92.2,-999,-999,-999,-999,1023,1147,1085,-999,-999,-999,-999,-999,-999,-999,-999,-999,-999,-999,"Krist, 2011"
Aves,Charadriiformes,Laridae,Larus,argentatus,-999,European Herring Gull,-999,2.6,-999,1085,-999,-999,-999,-999,-999,92.2,-999,-999,-999,-999,1023,1147,1085,-999,-999,-999,-999,-999,-999,-999,-999,-999,-999,-999,"Krist, 2011"
Aves,Charadriiformes,Laridae,Larus,argentatus,-999,European Herring Gull,-999,2.6,-999,1085,-999,-999,-999,-999,-999,92.2,-999,-999,-999,-999,1023,1147,1085,-999,-999,-999,-999,-999,-999,-999,-999,-999,-999,-999,"Krist, 2011"
Aves,Charadriiformes,Laridae,Sterna,hirundo,-999,Common Tern,-999,-999,-999,120,-999,-999,-999,-999,-999,-999,-999,-999,-999,-999,-999,-999,120,-999,-999,-999,-999,-999,-999,-999,-999,-999,-999,-999,"Dunning, 1992"
Aves,Charadriiformes,Laridae,Sterna,hirundo,-999,Common Tern,-999,-999,-999,124,-999,-999,-999,-999,-999,-999,-999,-999,-999,-999,-999,-999,124,-999,-999,-999,-999,-999,-999,-999,-999,-999,-999,-999,"Dunning, 1992"
Aves,Charadriiformes,Laridae,Sterna,hirundo,-999,Common Tern,-999,-999,-999,139,-999,-999,-999,-999,-999,-999,-999,-999,-999,-999,-999,-999,139,-999,-999,-999,-999,-999,-999,-999,-999,-999,-999,-999,"Dunning, 1992"
Aves,Charadriiformes,Laridae,Sterna,hirundo,-999,Common Tern,-999,-999,-999,145,-999,-999,-999,-999,-999,-999,-999,-999,-999,-999,-999,-999,145,-999,-999,-999,-999,-999,-999,-999,-999,-999,-999,-999,"Dunning, 1992"
Aves,Charadriiformes,Laridae,Sterna,hirundo,-999,Common Tern,-999,2,-999,-999,-999,-999,-999,-999,-999,-999,-999,-999,-999,-999,-999,-999,-999,-999,-999,-999,-999,-999,-999,-999,-999,-999,-999,-999,"Jetz, Sekercioglu, and Bohning-Gaese, 2008"
Aves,Charadriiformes,Laridae,Sterna,hirundo,-999,Common Tern,-999,2.52,-999,125,-999,-999,-999,-999,-999,21,-999,-999,-999,-999,126,124,-999,-999,-999,-999,-999,-999,-999,-999,-999,-999,-999,-999,"Szekely, Lislevand, and Figuerola, 2007"
Aves,Charadriiformes,Laridae,Sterna,hirundo,-999,Common Tern,1095,2.5,1,120,33,-999,-999,1.25,-999,-999,24,-999,1095,-999,-999,-999,-999,-999,-999,-999,-999,-999,-999,-999,-999,-999,-999,-999,"de Magalhaes and Costa, 2009"
Aves,Charadriiformes,Laridae,Sterna,hirundo,-999,Common Tern,726.936,2.5,1,123.3333333,25,-999,-999,14.3,-999,21.3,21.5,25.5,-999,-999,126,124,120,-999,-999,-999,-999,-999,-999,-999,-999,-999,-999,-999,"Bennett, 1986"
Aves,Charadriiformes,Laridae,Sterna,hirundo,-999,Common Tern,-999,-999,-999,-999,25.08333333,-999,-999,-999,-999,-999,-999,-999,-999,-999,-999,-999,-999,-999,-999,-999,-999,-999,-999,-999,-999,-999,-999,-999,"Lutmerding, J.A. and A.S. Love, 2013"
Aves,Charadriiformes,Laridae,Sterna,hirundo,-999,Common Tern,-999,-999,-999,-999,33,-999,-999,-999,-999,-999,-999,-999,-999,-999,-999,-999,-999,-999,-999,-999,-999,-999,-999,-999,-999,-999,-999,-999,"Fransson, T., Kolehmainen, T., Kroon, C. et al., 2010"
Aves,Charadriiformes,Laridae,Sterna,hirundo,-999,Common Tern,-999,-999,-999,-999,-999,-999,-999,-999,-999,21,-999,-999,-999,-999,-999,-999,-999,-999,-999,-999,-999,-999,-999,-999,-999,-999,-999,-999,"Carey, C., Rahn, H., Parisi, P., 1980"
Aves,Charadriiformes,Laridae,Sterna,hirundo,-999,Common Tern,-999,-999,-999,-999,-999,-999,-999,-999,-999,20.2,-999,-999,-999,-999,-999,-999,-999,-999,-999,-999,-999,-999,-999,-999,-999,-999,-999,-999,"Carey, C., Rahn, H., Parisi, P., 1980"
Aves,Charadriiformes,Laridae,Sterna,hirundo,-999,Common Tern,-999,-999,-999,-999,-999,-999,-999,-999,-999,-999,-999,28,-999,-999,-999,-999,-999,-999,-999,-999,-999,-999,-999,-999,-999,-999,-999,-999,"Carrier, D.R., Auriemma, J., 1992"
Aves,Charadriiformes,Laridae,Sterna,hirundo,-999,Common Tern,-999,-999,-999,-999,-999,-999,-999,-999,-999,-999,-999,-999,-999,-999,-999,115,-999,-999,-999,-999,-999,-999,-999,-999,-999,-999,-999,-999,"Carrier, D.R., Auriemma, J., 1992"
Aves,Charadriiformes,Laridae,Sterna,hirundo,-999,Common Tern,-999,-999,-999,36.25,-999,-999,-999,-999,-999,-999,-999,-999,-999,-999,-999,-999,36.25,-999,-999,-999,-999,-999,-999,-999,-999,-999,-999,-999,"Wasser, D.E. and P.W. Sherman, 2010"
Aves,Charadriiformes,Laridae,Sterna,hirundo,-999,Common Tern,-999,-999,-999,-999,33,-999,-999,-999,-999,-999,-999,-999,-999,-999,-999,-999,-999,-999,-999,-999,-999,-999,-999,-999,-999,-999,-999,-999,"Wasser, D.E. and P.W. Sherman, 2010"
Aves,Charadriiformes,Laridae,Sterna,hirundo,-999,Common Tern,-999,-999,-999,-999,-999,-999,-999,-999,-999,-999,-999,-999,-999,-999,-999,-999,-999,-999,-999,116,-999,-999,-999,-999,-999,-999,-999,-999,"BC Birds - Becker, P.H., Wink, M., 2003"
Aves,Charadriiformes,Laridae,Sterna,hirundo,-999,Common Tern,-999,-999,-999,-999,-999,-999,-999,-999,-999,-999,-999,-999,-999,-999,-999,-999,-999,-999,-999,119.3,-999,-999,-999,-999,-999,-999,-999,-999,"BC Birds - Becker, P.H., Wink, M., 2003"
Aves,Charadriiformes,Laridae,Sterna,hirundo,-999,Common Tern,-999,-999,-999,-999,-999,-999,-999,-999,-999,-999,-999,-999,-999,-999,-999,-999,-999,-999,-999,116.5,-999,-999,-999,-999,-999,-999,-999,-999,"BC Birds - Becker, P.H., Wink, M., 2003"
Aves,Charadriiformes,Laridae,Sterna,hirundo,-999,Common Tern,-999,-999,-999,-999,-999,-999,-999,-999,-999,-999,-999,-999,-999,-999,-999,-999,-999,-999,-999,113.4,-999,-999,-999,-999,-999,-999,-999,-999,"BC Birds - Becker, P.H., Wink, M., 2003"
Aves,Charadriiformes,Laridae,Sterna,hirundo,-999,Common Tern,-999,-999,-999,-999,-999,-999,-999,-999,-999,-999,-999,-999,-999,-999,-999,-999,-999,-999,-999,113.4,-999,-999,-999,-999,-999,-999,-999,-999,"BC Birds - Becker, P.H., Wink, M., 2003"
Aves,Charadriiformes,Laridae,Sterna,hirundo,-999,Common Tern,-999,-999,-999,-999,-999,-999,-999,-999,-999,-999,-999,-999,-999,-999,-999,-999,-999,-999,-999,113.8,-999,-999,-999,-999,-999,-999,-999,-999,"BC Birds - Becker, P.H., Wink, M., 2003"
Aves,Charadriiformes,Laridae,Sterna,hirundo,-999,Common Tern,-999,2.8,-999,124.5,-999,-999,-999,-999,-999,21.2,-999,-999,-999,-999,125,124,124.5,-999,-999,-999,-999,-999,-999,-999,-999,-999,-999,-999,"Krist, 2011"
Aves,Charadriiformes,Laridae,Sterna,hirundo,-999,Common Tern,-999,2.8,-999,124.5,-999,-999,-999,-999,-999,21.2,-999,-999,-999,-999,125,124,124.5,-999,-999,-999,-999,-999,-999,-999,-999,-999,-999,-999,"Krist, 2011"
Aves,Charadriiformes,Laridae,Sterna,hirundo,-999,Common Tern,-999,2.8,-999,124.5,-999,-999,-999,-999,-999,21.2,-999,-999,-999,-999,125,124,124.5,-999,-999,-999,-999,-999,-999,-999,-999,-999,-999,-999,"Krist, 2011"
Aves,Charadriiformes,Laridae,Sterna,hirundo,-999,Common Tern,-999,2.8,-999,124.5,-999,-999,-999,-999,-999,21.2,-999,-999,-999,-999,125,124,124.5,-999,-999,-999,-999,-999,-999,-999,-999,-999,-999,-999,"Krist, 2011"
Aves,Columbiformes,Columbidae,Columba,livia,-999,Rock Dove,-999,2,-999,-999,-999,-999,-999,-999,-999,-999,-999,-999,-999,-999,-999,-999,-999,-999,-999,-999,-999,-999,-999,-999,-999,-999,-999,-999,"Pereira, H.M., Daily, G.C. and J. Roughgarden, 2004"
Aves,Columbiformes,Columbidae,Columba,livia,-999,Rock Dove,-999,-999,-999,340,-999,-999,-999,-999,-999,-999,-999,-999,-999,-999,340,-999,-999,-999,-999,-999,-999,-999,-999,-999,-999,-999,-999,-999,"Dunning, 1992"
Aves,Columbiformes,Columbidae,Columba,livia,-999,Rock Dove,-999,-999,-999,369,-999,-999,-999,-999,-999,-999,-999,-999,-999,-999,-999,369,-999,-999,-999,-999,-999,-999,-999,-999,-999,-999,-999,-999,"Dunning, 1992"
Aves,Columbiformes,Columbidae,Columba,livia,-999,Rock Dove,-999,2,-999,299.3333333,-999,-999,-999,-999,-999,17.8,-999,-999,-999,-999,267,294,337,-999,-999,-999,-999,-999,-999,-999,-999,-999,-999,-999,"Szekely, Lislevand, and Figuerola, 2007"
Aves,Columbiformes,Columbidae,Columba,livia,-999,Rock Dove,140,2,3,358.7,35,-999,-999,15.2,-999,-999,18,-999,140,-999,-999,-999,-999,-999,-999,-999,-999,-999,-999,-999,-999,-999,-999,-999,"de Magalhaes and Costa, 2009"
Aves,Columbiformes,Columbidae,Columba,livia,-999,Rock Dove,140,-999,-999,282,35,-999,-999,-999,-999,17,17.5,-999,-999,-999,-999,-999,-999,-999,-999,-999,-999,-999,-999,-999,-999,-999,-999,-999,"Ricklefs, 2010b"
Aves,Columbiformes,Columbidae,Columba,livia,-999,Rock Dove,-999,-999,-999,300,-999,-999,-999,-999,-999,-999,-999,-999,-999,-999,-999,-999,-999,-999,-999,-999,-999,-999,-999,-999,-999,-999,-999,-999,"Boback and Guyer, 2003"
Aves,Columbiformes,Columbidae,Columba,livia,-999,Rock Dove,363.468,2,5,280.5,6.333333333,-999,-999,-999,-999,17.8,17.5,25,-999,-999,267,294,-999,-999,-999,-999,-999,-999,-999,-999,-999,-999,-999,-999,"Bennett, 1986"
Aves,Columbiformes,Columbidae,Columba,livia,-999,Rock Dove,-999,-999,-999,340,-999,-999,-999,-999,-999,14.6,-999,-999,-999,-999,340,-999,-999,-999,-999,-999,-999,-999,-999,-999,-999,-999,-999,-999,"Dyke and Kaiser, 2010"
Aves,Columbiformes,Columbidae,Columba,livia,-999,Rock Dove,-999,-999,-999,-999,8.083333333,-999,-999,-999,-999,-999,-999,-999,-999,-999,-999,-999,-999,-999,-999,-999,-999,-999,-999,-999,-999,-999,-999,-999,"Fransson, T., Kolehmainen, T., Kroon, C. et al., 2010"
Aves,Columbiformes,Columbidae,Columba,livia,-999,Rock Dove,-999,-999,-999,-999,35,-999,-999,-999,-999,-999,-999,-999,-999,-999,-999,-999,-999,-999,-999,-999,-999,-999,-999,-999,-999,-999,-999,-999,"Carey, J.R. and D.S. Judge, 2002"
Aves,Columbiformes,Columbidae,Columba,livia,-999,Rock Dove,-999,-999,-999,-999,6,-999,-999,-999,-999,-999,-999,-999,-999,-999,-999,-999,-999,-999,-999,-999,-999,-999,-999,-999,-999,-999,-999,-999,"Carey, J.R. and D.S. Judge, 2002"
Aves,Columbiformes,Columbidae,Columba,livia,-999,Rock Dove,-999,-999,-999,-999,-999,-999,-999,-999,-999,17.4,-999,-999,-999,-999,-999,-999,-999,-999,-999,-999,-999,-999,-999,-999,-999,-999,-999,-999,"Carey, C., Rahn, H., Parisi, P., 1980"
Aves,Columbiformes,Columbidae,Columba,livia,-999,Rock Dove,-999,-999,-999,-999,-999,-999,-999,-999,-999,17.8,-999,-999,-999,-999,-999,-999,-999,-999,-999,-999,-999,-999,-999,-999,-999,-999,-999,-999,"Carey, C., Rahn, H., Parisi, P., 1980"
Aves,Columbiformes,Columbidae,Columba,livia,-999,Rock Dove,-999,-999,-999,-999,-999,-999,-999,-999,-999,17,-999,-999,-999,-999,-999,-999,-999,-999,-999,-999,-999,-999,-999,-999,-999,-999,-999,-999,"Carey, C., Rahn, H., Parisi, P., 1980"
Aves,Columbiformes,Columbidae,Columba,livia,-999,Rock Dove,-999,-999,-999,-999,-999,-999,-999,-999,-999,17.8,-999,-999,-999,-999,-999,-999,-999,-999,-999,-999,-999,-999,-999,-999,-999,-999,-999,-999,"Carey, C., Rahn, H., Parisi, P., 1980"
Aves,Columbiformes,Columbidae,Columba,livia,-999,Rock Dove,-999,-999,-999,-999,-999,-999,-999,-999,-999,16.7,-999,-999,-999,-999,-999,-999,-999,-999,-999,-999,-999,-999,-999,-999,-999,-999,-999,-999,"Carey, C., Rahn, H., Parisi, P., 1980"
Aves,Columbiformes,Columbidae,Columba,livia,-999,Rock Dove,-999,-999,-999,-999,-999,-999,-999,-999,-999,18,-999,-999,-999,-999,-999,-999,-999,-999,-999,-999,-999,-999,-999,-999,-999,-999,-999,-999,"Carey, C., Rahn, H., Parisi, P., 1980"
Aves,Columbiformes,Columbidae,Columba,livia,-999,Rock Dove,-999,-999,-999,-999,-999,-999,-999,-999,-999,-999,-999,37,-999,-999,-999,-999,-999,-999,-999,-999,-999,-999,-999,-999,-999,-999,-999,-999,"Carrier, D.R., Auriemma, J., 1992"
Aves,Columbiformes,Columbidae,Columba,livia,-999,Rock Dove,-999,-999,-999,-999,-999,-999,-999,-999,-999,-999,-999,-999,-999,-999,-999,307,-999,-999,-999,-999,-999,-999,-999,-999,-999,-999,-999,-999,"Carrier, D.R., Auriemma, J., 1992"
Aves,Columbiformes,Columbidae,Columba,livia,-999,Rock Dove,-999,-999,-999,354.4,35,-999,-999,-999,-999,-999,-999,-999,-999,-999,-999,-999,354.4,-999,-999,-999,-999,-999,-999,-999,-999,-999,-999,-999,"Wasser, D.E. and P.W. Sherman, 2010"
Aves,Columbiformes,Columbidae,Columba,livia,-999,Rock Dove,-999,-999,-999,-999,6.34,-999,-999,-999,-999,-999,-999,-999,-999,-999,-999,-999,-999,-999,-999,-999,-999,-999,-999,-999,-999,-999,-999,-999,"Wasser, D.E. and P.W. Sherman, 2010"
Aves,Columbiformes,Columbidae,Columba,livia,-999,Rock Dove,-999,1.9,-999,294.5,-999,-999,-999,-999,-999,18,-999,-999,-999,-999,270,319,294.5,-999,-999,-999,-999,-999,-999,-999,-999,-999,-999,-999,"Krist, 2011"
Aves,Columbiformes,Columbidae,Columba,palumbus,-999,Common Wood Pigeon,-999,-999,-999,449,-999,-999,-999,-999,-999,-999,-999,-999,-999,-999,-999,-999,449,-999,-999,-999,-999,-999,-999,-999,-999,-999,-999,-999,"Dunning, 1992"
Aves,Columbiformes,Columbidae,Columba,palumbus,-999,Common Wood Pigeon,-999,-999,-999,490,-999,-999,-999,-999,-999,-999,-999,-999,-999,-999,-999,-999,490,-999,-999,-999,-999,-999,-999,-999,-999,-999,-999,-999,"Dunning, 1992"
Aves,Columbiformes,Columbidae,Columba,palumbus,-999,Common Wood Pigeon,-999,1.86,-999,501,-999,-999,-999,-999,-999,18.9,-999,-999,-999,-999,497,505,-999,-999,-999,-999,-999,-999,-999,-999,-999,-999,-999,-999,"Szekely, Lislevand, and Figuerola, 2007"
Aves,Columbiformes,Columbidae,Columba,palumbus,-999,Common Wood Pigeon,365,-999,-999,490,16.3,-999,-999,-999,-999,-999,-999,-999,365,-999,-999,-999,-999,-999,-999,-999,-999,-999,-999,-999,-999,-999,-999,-999,"de Magalhaes and Costa, 2009"
Aves,Columbiformes,Columbidae,Columba,palumbus,-999,Common Wood Pigeon,363.468,2,1.5,489,16.33333333,-999,-999,16.8,-999,18.5,17,33.3,-999,-999,484,494,-999,-999,-999,-999,-999,-999,-999,-999,-999,-999,-999,-999,"Bennett, 1986"
Aves,Columbiformes,Columbidae,Columba,palumbus,-999,Common Wood Pigeon,-999,-999,-999,-999,17.66666667,-999,-999,-999,-999,-999,-999,-999,-999,-999,-999,-999,-999,-999,-999,-999,-999,-999,-999,-999,-999,-999,-999,-999,"Fransson, T., Kolehmainen, T., Kroon, C. et al., 2010"
Aves,Columbiformes,Columbidae,Columba,palumbus,-999,Common Wood Pigeon,-999,-999,-999,489.5,-999,-999,-999,-999,-999,-999,-999,-999,-999,-999,-999,-999,489.5,-999,-999,-999,-999,-999,-999,-999,-999,-999,-999,-999,"Wasser, D.E. and P.W. Sherman, 2010"
Aves,Columbiformes,Columbidae,Columba,palumbus,-999,Common Wood Pigeon,-999,-999,-999,-999,16.33,-999,-999,-999,-999,-999,-999,-999,-999,-999,-999,-999,-999,-999,-999,-999,-999,-999,-999,-999,-999,-999,-999,-999,"Wasser, D.E. and P.W. Sherman, 2010"
Aves,Columbiformes,Columbidae,Columba,palumbus,-999,Common Wood Pigeon,-999,1.9,-999,502.5,-999,-999,-999,-999,-999,18.5,-999,-999,-999,-999,497,508,502.5,-999,-999,-999,-999,-999,-999,-999,-999,-999,-999,-999,"Krist, 2011"
Aves,Falconiformes,Falconidae,Falco,peregrinus,-999,Peregrine Falcon,730.5,3.5,-999,-999,-999,-999,-999,-999,-999,-999,-999,-999,-999,-999,-999,-999,-999,-999,-999,-999,-999,-999,-999,-999,-999,-999,-999,-999,"Pereira, H.M., Daily, G.C. and J. Roughgarden, 2004"
Aves,Falconiformes,Falconidae,Falco,peregrinus,-999,Peregrine Falcon,-999,4,-999,-999,-999,-999,-999,-999,-999,-999,-999,-999,-999,-999,-999,-999,-999,-999,-999,-999,43,-999,-999,-999,-999,-999,-999,-999,"Boyer, A.G., Cartron, J-L.E., and J.H. Brown, 2009"
Aves,Falconiformes,Falconidae,Falco,peregrinus,-999,Peregrine Falcon,-999,-999,-999,622.4166667,-999,-999,-999,-999,-999,-999,-999,-999,-999,-999,-999,622.4166667,-999,-999,-999,-999,-999,-999,-999,-999,-999,-999,-999,-999,"Dunning, 1992"
Aves,Falconiformes,Falconidae,Falco,peregrinus,-999,Peregrine Falcon,-999,-999,-999,639.8333333,-999,-999,-999,-999,-999,-999,-999,-999,-999,-999,-999,639.8333333,-999,-999,-999,-999,-999,-999,-999,-999,-999,-999,-999,-999,"Dunning, 1992"
Aves,Falconiformes,Falconidae,Falco,peregrinus,-999,Peregrine Falcon,-999,-999,-999,918,-999,-999,-999,-999,-999,-999,-999,-999,-999,-999,918,-999,-999,-999,-999,-999,-999,-999,-999,-999,-999,-999,-999,-999,"Dunning, 1992"
Aves,Falconiformes,Falconidae,Falco,peregrinus,-999,Peregrine Falcon,-999,-999,-999,926.8333333,-999,-999,-999,-999,-999,-999,-999,-999,-999,-999,926.8333333,-999,-999,-999,-999,-999,-999,-999,-999,-999,-999,-999,-999,-999,"Dunning, 1992"
Aves,Falconiformes,Falconidae,Falco,peregrinus,-999,Peregrine Falcon,-999,3.5,-999,722.4,-999,-999,-999,-999,-999,48,-999,-999,-999,-999,865.6,579.2,-999,-999,-999,-999,-999,-999,-999,-999,-999,-999,-999,-999,"Szekely, Lislevand, and Figuerola, 2007"
Aves,Falconiformes,Falconidae,Falco,peregrinus,-999,Peregrine Falcon,365,3,1,840,25,-999,-999,37.5,-999,-999,30,-999,365,-999,-999,-999,-999,-999,-999,-999,-999,-999,-999,-999,-999,-999,-999,-999,"de Magalhaes and Costa, 2009"
Aves,Falconiformes,Falconidae,Falco,peregrinus,-999,Peregrine Falcon,726.936,3.5,1,781.5,15.5,-999,-999,33.5,-999,47.8,30.5,38.5,-999,-999,952,611,-999,-999,-999,-999,-999,-999,-999,-999,-999,-999,-999,-999,"Bennett, 1986"
Aves,Falconiformes,Falconidae,Falco,peregrinus,-999,Peregrine Falcon,-999,-999,-999,1201,-999,-999,-999,-999,-999,46.4,-999,-999,-999,-999,1201,-999,-999,-999,-999,-999,-999,-999,-999,-999,-999,-999,-999,-999,"Dyke and Kaiser, 2010"
Aves,Falconiformes,Falconidae,Falco,peregrinus,-999,Peregrine Falcon,-999,-999,-999,-999,19.5,-999,-999,-999,-999,-999,-999,-999,-999,-999,-999,-999,-999,-999,-999,-999,-999,-999,-999,-999,-999,-999,-999,-999,"Lutmerding, J.A. and A.S. Love, 2013"
Aves,Falconiformes,Falconidae,Falco,peregrinus,-999,Peregrine Falcon,-999,-999,-999,-999,17.33333333,-999,-999,-999,-999,-999,-999,-999,-999,-999,-999,-999,-999,-999,-999,-999,-999,-999,-999,-999,-999,-999,-999,-999,"Fransson, T., Kolehmainen, T., Kroon, C. et al., 2010"
Aves,Falconiformes,Falconidae,Falco,peregrinus,-999,Peregrine Falcon,-999,-999,-999,-999,12.3,-999,-999,-999,-999,-999,-999,-999,-999,-999,-999,-999,-999,-999,-999,-999,-999,-999,-999,-999,-999,-999,-999,-999,"Carey, J.R. and D.S. Judge, 2002"
Aves,Falconiformes,Falconidae,Falco,peregrinus,-999,Peregrine Falcon,-999,-999,-999,-999,16.3,-999,-999,-999,-999,-999,-999,-999,-999,-999,-999,-999,-999,-999,-999,-999,-999,-999,-999,-999,-999,-999,-999,-999,"Carey, J.R. and D.S. Judge, 2002"
Aves,Falconiformes,Falconidae,Falco,peregrinus,-999,Peregrine Falcon,-999,-999,-999,-999,-999,-999,-999,-999,-999,-999,-999,39,-999,-999,-999,-999,-999,-999,-999,-999,-999,-999,-999,-999,-999,-999,-999,-999,"Carrier, D.R., Auriemma, J., 1992"
Aves,Falconiformes,Falconidae,Falco,peregrinus,-999,Peregrine Falcon,-999,-999,-999,-999,-999,-999,-999,-999,-999,-999,-999,42,-999,-999,-999,-999,-999,-999,-999,-999,-999,-999,-999,-999,-999,-999,-999,-999,"Carrier, D.R., Auriemma, J., 1992"
Aves,Falconiformes,Falconidae,Falco,peregrinus,-999,Peregrine Falcon,-999,-999,-999,-999,-999,-999,-999,-999,-999,-999,-999,-999,-999,-999,-999,706,-999,-999,-999,-999,-999,-999,-999,-999,-999,-999,-999,-999,"Carrier, D.R., Auriemma, J., 1992"
Aves,Falconiformes,Falconidae,Falco,peregrinus,-999,Peregrine Falcon,-999,-999,-999,-999,-999,-999,-999,-999,-999,-999,-999,-999,-999,-999,-999,825,-999,-999,-999,-999,-999,-999,-999,-999,-999,-999,-999,-999,"Carrier, D.R., Auriemma, J., 1992"
Aves,Falconiformes,Falconidae,Falco,peregrinus,-999,Peregrine Falcon,-999,-999,-999,-999,-999,-999,-999,-999,-999,-999,-999,-999,-999,-999,-999,-999,736.1,-999,-999,-999,-999,-999,-999,-999,-999,-999,-999,-999,"Iwaniuk, A.N., Nelson, J.E., 2002"
Aves,Falconiformes,Falconidae,Falco,peregrinus,-999,Peregrine Falcon,-999,-999,-999,814.5,25,-999,-999,-999,-999,-999,-999,-999,-999,-999,-999,-999,814.5,-999,-999,-999,-999,-999,-999,-999,-999,-999,-999,-999,"Wasser, D.E. and P.W. Sherman, 2010"
Aves,Falconiformes,Falconidae,Falco,peregrinus,-999,Peregrine Falcon,-999,-999,-999,-999,17.34,-999,-999,-999,-999,-999,-999,-999,-999,-999,-999,-999,-999,-999,-999,-999,-999,-999,-999,-999,-999,-999,-999,-999,"Wasser, D.E. and P.W. Sherman, 2010"
Aves,Falconiformes,Falconidae,Falco,peregrinus,-999,Peregrine Falcon,-999,-999,-999,-999,-999,-999,-999,-999,-999,-999,30,-999,-999,-999,-999,-999,-999,-999,-999,-999,-999,-999,-999,-999,-999,-999,-999,-999,"BC Birds - Margalida, A., Arroyo, B.E., Bortolotti, G.R., et al, 2006"
Aves,Falconiformes,Falconidae,Falco,peregrinus,-999,Peregrine Falcon,-999,3.5,-999,840,-999,-999,-999,-999,-999,46.4,-999,-999,-999,-999,1007,673,840,-999,-999,-999,-999,-999,-999,-999,-999,-999,-999,-999,"Krist, 2011"
Aves,Galliformes,Phasianidae,Gallus,gallus,-999,Red Junglefowl,-999,6,-999,-999,-999,-999,-999,-999,-999,-999,-999,-999,-999,-999,-999,-999,-999,-999,-999,-999,43.5,-999,-999,-999,-999,-999,-999,-999,"Boyer, A.G., Cartron, J-L.E., and J.H. Brown, 2009"
Aves,Galliformes,Phasianidae,Gallus,gallus,-999,Red Junglefowl,-999,-999,-999,643.5,-999,-999,-999,-999,-999,-999,-999,-999,-999,-999,643.5,-999,-999,-999,-999,-999,-999,-999,-999,-999,-999,-999,-999,-999,"Dunning, 1992"
Aves,Galliformes,Phasianidae,Gallus,gallus,-999,Red Junglefowl,-999,-999,-999,643.75,-999,-999,-999,-999,-999,-999,-999,-999,-999,-999,643.75,-999,-999,-999,-999,-999,-999,-999,-999,-999,-999,-999,-999,-999,"Dunning, 1992"
Aves,Galliformes,Phasianidae,Gallus,gallus,-999,Red Junglefowl,-999,-999,-999,910.5,-999,-999,-999,-999,-999,-999,-999,-999,-999,-999,-999,910.5,-999,-999,-999,-999,-999,-999,-999,-999,-999,-999,-999,-999,"Dunning, 1992"
Aves,Galliformes,Phasianidae,Gallus,gallus,-999,Red Junglefowl,-999,-999,-999,916,-999,-999,-999,-999,-999,-999,-999,-999,-999,-999,-999,916,-999,-999,-999,-999,-999,-999,-999,-999,-999,-999,-999,-999,"Dunning, 1992"
Aves,Galliformes,Phasianidae,Gallus,gallus,-999,Red Junglefowl,-999,6,-999,-999,-999,-999,-999,-999,-999,-999,-999,-999,-999,-999,-999,-999,-999,-999,-999,-999,-999,-999,-999,-999,-999,-999,-999,-999,"Jetz, Sekercioglu, and Bohning-Gaese, 2008"
Aves,Galliformes,Phasianidae,Gallus,gallus,-999,Red Junglefowl,-999,-999,-999,1214.666667,-999,-999,-999,-999,-999,-999,-999,-999,-999,-999,500,844,2300,-999,-999,-999,-999,-999,-999,-999,-999,-999,-999,-999,"Szekely, Lislevand, and Figuerola, 2007"
Aves,Galliformes,Phasianidae,Gallus,gallus,-999,Red Junglefowl,-999,-999,-999,779.8,30,-999,-999,-999,-999,-999,-999,-999,-999,-999,-999,-999,2710,-999,-999,-999,-999,-999,-999,-999,-999,-999,-999,-999,"de Magalhaes and Costa, 2009"
Aves,Galliformes,Phasianidae,Gallus,gallus,-999,Red Junglefowl,-999,-999,-999,2050,30,-999,-999,-999,-999,36,21,-999,-999,-999,-999,-999,-999,-999,-999,-999,-999,-999,-999,-999,-999,-999,-999,-999,"Ricklefs, 2010b"
Aves,Galliformes,Phasianidae,Gallus,gallus,-999,Red Junglefowl,-999,-999,-999,1020,-999,-999,-999,-999,-999,-999,-999,-999,-999,-999,-999,-999,-999,-999,-999,-999,-999,-999,-999,-999,-999,-999,-999,-999,"Boback and Guyer, 2003"
Aves,Galliformes,Phasianidae,Gallus,gallus,-999,Red Junglefowl,-999,5.5,-999,761.5,-999,-999,-999,17,-999,31.1,20.5,-999,-999,-999,613,910,-999,-999,-999,-999,-999,-999,-999,-999,-999,-999,-999,-999,"Bennett, 1986"
Aves,Galliformes,Phasianidae,Gallus,gallus,-999,Red Junglefowl,-999,6,1,767.5,-999,-999,-999,-999,-999,29.6,-999,-999,-999,-999,-999,-999,767.5,-999,-999,-999,-999,-999,-999,-999,-999,-999,-999,-999,"Werner and Griebeler, 2013"
Aves,Galliformes,Phasianidae,Gallus,gallus,-999,Red Junglefowl,-999,-999,-999,-999,30,-999,-999,-999,-999,-999,-999,-999,-999,-999,-999,-999,-999,-999,-999,-999,-999,-999,-999,-999,-999,-999,-999,-999,"Carey, J.R. and D.S. Judge, 2002"
Aves,Galliformes,Phasianidae,Gallus,gallus,-999,Red Junglefowl,-999,-999,-999,-999,-999,-999,-999,-999,-999,55.8,-999,-999,-999,-999,-999,-999,-999,-999,-999,-999,-999,-999,-999,-999,-999,-999,-999,-999,"Carey, C., Rahn, H., Parisi, P., 1980"
Aves,Galliformes,Phasianidae,Gallus,gallus,-999,Red Junglefowl,-999,-999,-999,-999,-999,-999,-999,-999,-999,49.3,-999,-999,-999,-999,-999,-999,-999,-999,-999,-999,-999,-999,-999,-999,-999,-999,-999,-999,"Carey, C., Rahn, H., Parisi, P., 1980"
Aves,Galliformes,Phasianidae,Gallus,gallus,-999,Red Junglefowl,-999,-999,-999,-999,-999,-999,-999,-999,-999,58,-999,-999,-999,-999,-999,-999,-999,-999,-999,-999,-999,-999,-999,-999,-999,-999,-999,-999,"Carey, C., Rahn, H., Parisi, P., 1980"
Aves,Galliformes,Phasianidae,Gallus,gallus,-999,Red Junglefowl,-999,-999,-999,-999,-999,-999,-999,-999,-999,58,-999,-999,-999,-999,-999,-999,-999,-999,-999,-999,-999,-999,-999,-999,-999,-999,-999,-999,"Carey, C., Rahn, H., Parisi, P., 1980"
Aves,Galliformes,Phasianidae,Gallus,gallus,-999,Red Junglefowl,-999,-999,-999,-999,-999,-999,-999,-999,-999,58,-999,-999,-999,-999,-999,-999,-999,-999,-999,-999,-999,-999,-999,-999,-999,-999,-999,-999,"Carey, C., Rahn, H., Parisi, P., 1980"
Aves,Galliformes,Phasianidae,Gallus,gallus,-999,Red Junglefowl,-999,-999,-999,-999,-999,-999,-999,-999,-999,53.3,-999,-999,-999,-999,-999,-999,-999,-999,-999,-999,-999,-999,-999,-999,-999,-999,-999,-999,"Carey, C., Rahn, H., Parisi, P., 1980"
Aves,Galliformes,Phasianidae,Gallus,gallus,-999,Red Junglefowl,-999,-999,-999,-999,-999,-999,-999,-999,-999,54,-999,-999,-999,-999,-999,-999,-999,-999,-999,-999,-999,-999,-999,-999,-999,-999,-999,-999,"Carey, C., Rahn, H., Parisi, P., 1980"
Aves,Galliformes,Phasianidae,Gallus,gallus,-999,Red Junglefowl,-999,-999,-999,-999,-999,-999,-999,-999,-999,31.4,-999,-999,-999,-999,-999,-999,-999,-999,-999,-999,-999,-999,-999,-999,-999,-999,-999,-999,"Carey, C., Rahn, H., Parisi, P., 1980"
Aves,Galliformes,Phasianidae,Gallus,gallus,-999,Red Junglefowl,-999,-999,-999,3400,30,-999,-999,-999,-999,-999,-999,-999,-999,-999,-999,-999,3400,-999,-999,-999,-999,-999,-999,-999,-999,-999,-999,-999,"Wasser, D.E. and P.W. Sherman, 2010"
Aves,Galliformes,Phasianidae,Gallus,gallus,-999,Red Junglefowl,-999,-999,-999,-999,-999,-999,-999,-999,-999,-999,20,-999,-999,-999,-999,-999,-999,-999,-999,-999,-999,-999,-999,-999,-999,-999,-999,-999,"BC Birds - Clark Jr., G.A., 1964"
Aves,Galliformes,Phasianidae,Gallus,gallus,-999,Red Junglefowl,-999,-999,-999,-999,-999,-999,-999,-999,-999,-999,21,-999,-999,-999,-999,-999,-999,-999,-999,-999,-999,-999,-999,-999,-999,-999,-999,-999,"BC Birds - Clark Jr., G.A., 1964"
Aves,Galliformes,Phasianidae,Gallus,gallus,-999,Red Junglefowl,-999,-999,-999,-999,-999,-999,-999,33,-999,-999,-999,-999,-999,-999,-999,-999,-999,-999,-999,-999,-999,-999,-999,-999,-999,-999,-999,-999,"BC Birds - Clark Jr., G.A., 1964"
Aves,Galliformes,Phasianidae,Gallus,gallus,-999,Red Junglefowl,-999,-999,-999,-999,30,-999,-999,-999,-999,-999,-999,-999,-999,-999,-999,-999,-999,-999,-999,-999,-999,-999,-999,-999,-999,-999,-999,-999,"BC Birds - Meyers et al., 2009"
Aves,Galliformes,Phasianidae,Gallus,gallus,-999,Red Junglefowl,-999,-999,-999,-999,-999,-999,-999,-999,-999,-999,-999,-999,-999,-999,-999,-999,-999,-999,-999,-999,-999,-999,-999,-999,-999,-999,-999,152.2,"BC Birds - Meyers et al., 2009"
Aves,Galliformes,Phasianidae,Gallus,gallus,-999,Red Junglefowl,-999,-999,-999,-999,30,-999,-999,-999,-999,-999,-999,-999,-999,-999,-999,-999,-999,-999,-999,-999,-999,-999,-999,-999,-999,-999,-999,-999,"BC Birds - Tacutu, R., T. Craig, A. Budovsky et al. 2013"
Aves,Galliformes,Phasianidae,Gallus,gallus,-999,Red Junglefowl,-999,-999,-999,779.8,-999,-999,-999,-999,-999,-999,-999,-999,-999,-999,-999,-999,-999,-999,-999,-999,-999,-999,-999,-999,-999,-999,-999,-999,"BC Birds - Tacutu, R., T. Craig, A. Budovsky et al. 2013"
Aves,Galliformes,Phasianidae,Gallus,gallus,-999,Red Junglefowl,-999,-999,-999,2710,-999,-999,-999,-999,-999,-999,-999,-999,-999,-999,-999,-999,-999,-999,-999,-999,-999,-999,-999,-999,-999,-999,-999,-999,"BC Birds - Tacutu, R., T. Craig, A. Budovsky et al. 2013"
Aves,Galliformes,Phasianidae,Gallus,gallus,-999,Red Junglefowl,-999,-999,-999,-999,-999,-999,-999,-999,-999,-999,18,-999,-999,-999,-999,-999,-999,-999,-999,-999,-999,-999,-999,-999,-999,-999,-999,-999,"BC Birds - Wilson, 2003"
Aves,Galliformes,Phasianidae,Gallus,gallus,-999,Red Junglefowl,-999,-999,-999,-999,-999,-999,-999,-999,-999,-999,20,-999,-999,-999,-999,-999,-999,-999,-999,-999,-999,-999,-999,-999,-999,-999,-999,-999,"BC Birds - Wilson, 2003"
Aves,Galliformes,Phasianidae,Gallus,gallus,-999,Red Junglefowl,-999,4,-999,-999,-999,-999,-999,-999,-999,-999,-999,-999,-999,-999,-999,-999,-999,-999,-999,-999,-999,-999,-999,-999,-999,-999,-999,-999,"BC Birds - Wilson, 2003"
Aves,Galliformes,Phasianidae,Gallus,gallus,-999,Red Junglefowl,-999,7,-999,-999,-999,-999,-999,-999,-999,-999,-999,-999,-999,-999,-999,-999,-999,-999,-999,-999,-999,-999,-999,-999,-999,-999,-999,-999,"BC Birds - Wilson, 2003"
Aves,Galliformes,Phasianidae,Gallus,gallus,-999,Red Junglefowl,-999,4,-999,-999,-999,-999,-999,-999,-999,-999,-999,-999,-999,-999,-999,-999,-999,-999,-999,-999,-999,-999,-999,-999,-999,-999,-999,-999,"BC Birds - Wilson, 2003"
Aves,Galliformes,Phasianidae,Gallus,gallus,-999,Red Junglefowl,-999,6,-999,-999,-999,-999,-999,-999,-999,-999,-999,-999,-999,-999,-999,-999,-999,-999,-999,-999,-999,-999,-999,-999,-999,-999,-999,-999,"BC Birds - Wilson, 2003"
Aves,Galliformes,Phasianidae,Gallus,gallus,-999,Red Junglefowl,-999,-999,-999,-999,15,-999,-999,-999,-999,-999,-999,-999,-999,-999,-999,-999,-999,-999,-999,-999,-999,-999,-999,-999,-999,-999,-999,-999,"BC Birds - Wilson, 2003"
Aves,Galliformes,Phasianidae,Gallus,gallus,-999,Red Junglefowl,-999,-999,-999,-999,20,-999,-999,-999,-999,-999,-999,-999,-999,-999,-999,-999,-999,-999,-999,-999,-999,-999,-999,-999,-999,-999,-999,-999,"BC Birds - Wilson, 2003"
Aves,Galliformes,Phasianidae,Gallus,gallus,-999,Red Junglefowl,-999,-999,-999,-999,-999,-999,-999,-999,-999,-999,21,-999,-999,-999,-999,-999,-999,-999,-999,-999,-999,-999,-999,-999,-999,-999,-999,-999,"BC Birds - Wilson, 2003"
Aves,Galliformes,Phasianidae,Gallus,gallus,-999,Red Junglefowl,-999,-999,-999,-999,-999,-999,-999,-999,-999,-999,-999,-999,-999,-999,-999,-999,-999,-999,-999,-999,-999,-999,-999,-999,-999,-999,-999,121.76,"BC Birds - Wilson, 2003"
Aves,Galliformes,Phasianidae,Gallus,gallus,-999,Red Junglefowl,-999,-999,-999,-999,-999,-999,-999,-999,-999,-999,-999,-999,-999,-999,-999,-999,-999,-999,-999,-999,-999,-999,-999,-999,-999,-999,-999,152.2,"BC Birds - Wilson, 2003"
Aves,Galliformes,Phasianidae,Gallus,gallus,-999,Red Junglefowl,-999,4,-999,-999,-999,-999,-999,-999,-999,-999,-999,-999,-999,-999,-999,-999,-999,-999,-999,-999,-999,-999,-999,-999,-999,-999,-999,-999,"BC Birds - Wilson, 2003"
Aves,Galliformes,Phasianidae,Gallus,gallus,-999,Red Junglefowl,-999,9,-999,-999,-999,-999,-999,-999,-999,-999,-999,-999,-999,-999,-999,-999,-999,-999,-999,-999,-999,-999,-999,-999,-999,-999,-999,-999,"BC Birds - Wilson, 2003"
Aves,Galliformes,Phasianidae,Gallus,gallus,-999,Red Junglefowl,-999,5.5,-999,914.5,-999,-999,-999,-999,-999,-999,-999,-999,-999,-999,768,1061,914.5,-999,-999,-999,-999,-999,-999,-999,-999,-999,-999,-999,"Krist, 2011"
Aves,Galliformes,Phasianidae,Pavo,cristatus,-999,Indian Peafowl,-999,5,-999,-999,-999,-999,-999,-999,-999,-999,-999,-999,-999,-999,-999,-999,-999,-999,-999,-999,95,-999,-999,-999,-999,-999,-999,-999,"Boyer, A.G., Cartron, J-L.E., and J.H. Brown, 2009"
Aves,Galliformes,Phasianidae,Pavo,cristatus,-999,Indian Peafowl,-999,-999,-999,3622,-999,-999,-999,-999,-999,-999,-999,-999,-999,-999,3622,-999,-999,-999,-999,-999,-999,-999,-999,-999,-999,-999,-999,-999,"Dunning, 1992"
Aves,Galliformes,Phasianidae,Pavo,cristatus,-999,Indian Peafowl,-999,-999,-999,3720,-999,-999,-999,-999,-999,-999,-999,-999,-999,-999,3720,-999,-999,-999,-999,-999,-999,-999,-999,-999,-999,-999,-999,-999,"Dunning, 1992"
Aves,Galliformes,Phasianidae,Pavo,cristatus,-999,Indian Peafowl,-999,-999,-999,4630,-999,-999,-999,-999,-999,-999,-999,-999,-999,-999,-999,4630,-999,-999,-999,-999,-999,-999,-999,-999,-999,-999,-999,-999,"Dunning, 1992"
Aves,Galliformes,Phasianidae,Pavo,cristatus,-999,Indian Peafowl,-999,-999,-999,4766,-999,-999,-999,-999,-999,-999,-999,-999,-999,-999,-999,4766,-999,-999,-999,-999,-999,-999,-999,-999,-999,-999,-999,-999,"Dunning, 1992"
Aves,Galliformes,Phasianidae,Pavo,cristatus,-999,Indian Peafowl,730,5,-999,4200,23.2,-999,-999,120,-999,-999,29,-999,730,-999,-999,-999,-999,-999,-999,-999,-999,-999,-999,-999,-999,-999,-999,-999,"de Magalhaes and Costa, 2009"
Aves,Galliformes,Phasianidae,Pavo,cristatus,-999,Indian Peafowl,730,-999,-999,3500,23.2,-999,-999,-999,-999,90,28,-999,-999,-999,-999,-999,-999,-999,-999,-999,-999,-999,-999,-999,-999,-999,-999,-999,"Ricklefs, 2010b"
Aves,Galliformes,Phasianidae,Pavo,cristatus,-999,Indian Peafowl,-999,-999,-999,4000,-999,-999,-999,-999,-999,-999,-999,-999,-999,-999,-999,-999,-999,-999,-999,-999,-999,-999,-999,-999,-999,-999,-999,-999,"Boback and Guyer, 2003"
Aves,Galliformes,Phasianidae,Pavo,cristatus,-999,Indian Peafowl,1453.872,5.5,-999,4187.5,-999,-999,-999,-999,-999,100.5,25.5,-999,-999,-999,3375,5000,-999,-999,-999,-999,-999,-999,-999,-999,-999,-999,-999,-999,"Bennett, 1986"
Aves,Galliformes,Phasianidae,Pavo,cristatus,-999,Indian Peafowl,-999,6,1,3375,-999,-999,-999,-999,-999,103.5,-999,-999,-999,-999,-999,-999,3375,-999,-999,-999,-999,-999,-999,-999,-999,-999,-999,-999,"Werner and Griebeler, 2013"
Aves,Galliformes,Phasianidae,Pavo,cristatus,-999,Indian Peafowl,-999,-999,-999,-999,23.2,-999,-999,-999,-999,-999,-999,-999,-999,-999,-999,-999,-999,-999,-999,-999,-999,-999,-999,-999,-999,-999,-999,-999,"Carey, J.R. and D.S. Judge, 2002"
Aves,Galliformes,Phasianidae,Pavo,cristatus,-999,Indian Peafowl,-999,-999,-999,-999,-999,-999,-999,-999,-999,101,-999,-999,-999,-999,-999,-999,-999,-999,-999,-999,-999,-999,-999,-999,-999,-999,-999,-999,"Carey, C., Rahn, H., Parisi, P., 1980"
Aves,Galliformes,Phasianidae,Pavo,cristatus,-999,Indian Peafowl,-999,-999,-999,-999,-999,-999,-999,-999,-999,-999,-999,14,-999,-999,-999,-999,-999,-999,-999,-999,-999,-999,-999,-999,-999,-999,-999,-999,"Carrier, D.R., Auriemma, J., 1992"
Aves,Galliformes,Phasianidae,Pavo,cristatus,-999,Indian Peafowl,-999,-999,-999,-999,-999,-999,-999,-999,-999,-999,-999,-999,-999,-999,-999,3430,-999,-999,-999,-999,-999,-999,-999,-999,-999,-999,-999,-999,"Carrier, D.R., Auriemma, J., 1992"
Aves,Galliformes,Phasianidae,Pavo,cristatus,-999,Indian Peafowl,-999,-999,-999,4500,23.2,-999,-999,-999,-999,-999,-999,-999,-999,-999,-999,-999,4500,-999,-999,-999,-999,-999,-999,-999,-999,-999,-999,-999,"Wasser, D.E. and P.W. Sherman, 2010"
Aves,Galliformes,Phasianidae,Pavo,cristatus,-999,Indian Peafowl,-999,-999,-999,2700,-999,-999,-999,-999,-999,-999,-999,-999,-999,-999,-999,-999,-999,-999,-999,-999,-999,-999,-999,-999,-999,-999,-999,-999,"BC Birds - Meyers et al., 2009"
Aves,Galliformes,Phasianidae,Pavo,cristatus,-999,Indian Peafowl,-999,-999,-999,6000,-999,-999,-999,-999,-999,-999,-999,-999,-999,-999,-999,-999,-999,-999,-999,-999,-999,-999,-999,-999,-999,-999,-999,-999,"BC Birds - Meyers et al., 2009"
Aves,Galliformes,Phasianidae,Pavo,cristatus,-999,Indian Peafowl,-999,-999,-999,4000,-999,-999,-999,-999,-999,-999,-999,-999,-999,-999,-999,-999,-999,-999,-999,-999,-999,-999,-999,-999,-999,-999,-999,-999,"BC Birds - Meyers et al., 2009"
Aves,Galliformes,Phasianidae,Pavo,cristatus,-999,Indian Peafowl,-999,-999,-999,-999,-999,-999,-999,-999,-999,-999,-999,-999,-999,1,-999,-999,-999,-999,-999,-999,-999,-999,-999,-999,-999,-999,-999,-999,"BC Birds - Meyers et al., 2009"
Aves,Galliformes,Phasianidae,Pavo,cristatus,-999,Indian Peafowl,-999,3,-999,-999,-999,-999,-999,-999,-999,-999,-999,-999,-999,-999,-999,-999,-999,-999,-999,-999,-999,-999,-999,-999,-999,-999,-999,-999,"BC Birds - Meyers et al., 2009"
Aves,Galliformes,Phasianidae,Pavo,cristatus,-999,Indian Peafowl,-999,12,-999,-999,-999,-999,-999,-999,-999,-999,-999,-999,-999,-999,-999,-999,-999,-999,-999,-999,-999,-999,-999,-999,-999,-999,-999,-999,"BC Birds - Meyers et al., 2009"
Aves,Galliformes,Phasianidae,Pavo,cristatus,-999,Indian Peafowl,-999,5,-999,-999,-999,-999,-999,-999,-999,-999,-999,-999,-999,-999,-999,-999,-999,-999,-999,-999,-999,-999,-999,-999,-999,-999,-999,-999,"BC Birds - Meyers et al., 2009"
Aves,Galliformes,Phasianidae,Pavo,cristatus,-999,Indian Peafowl,-999,-999,-999,-999,-999,-999,-999,-999,-999,-999,-999,7,-999,-999,-999,-999,-999,-999,-999,-999,-999,-999,-999,-999,-999,-999,-999,-999,"BC Birds - Meyers et al., 2009"
Aves,Galliformes,Phasianidae,Pavo,cristatus,-999,Indian Peafowl,-999,-999,-999,-999,-999,-999,-999,-999,-999,-999,-999,14,-999,-999,-999,-999,-999,-999,-999,-999,-999,-999,-999,-999,-999,-999,-999,-999,"BC Birds - Meyers et al., 2009"
Aves,Galliformes,Phasianidae,Pavo,cristatus,-999,Indian Peafowl,-999,-999,-999,-999,-999,-999,-999,-999,-999,-999,-999,7,-999,-999,-999,-999,-999,-999,-999,-999,-999,-999,-999,-999,-999,-999,-999,-999,"BC Birds - Meyers et al., 2009"
Aves,Galliformes,Phasianidae,Pavo,cristatus,-999,Indian Peafowl,365.25,-999,-999,-999,-999,-999,-999,-999,-999,-999,-999,-999,-999,-999,-999,-999,-999,-999,-999,-999,-999,-999,-999,-999,-999,-999,-999,-999,"BC Birds - Meyers et al., 2009"
Aves,Galliformes,Phasianidae,Pavo,cristatus,-999,Indian Peafowl,1095.75,-999,-999,-999,-999,-999,-999,-999,-999,-999,-999,-999,-999,-999,-999,-999,-999,-999,-999,-999,-999,-999,-999,-999,-999,-999,-999,-999,"BC Birds - Meyers et al., 2009"
Aves,Galliformes,Phasianidae,Pavo,cristatus,-999,Indian Peafowl,1095.75,-999,-999,-999,-999,-999,-999,-999,-999,-999,-999,-999,-999,-999,-999,-999,-999,-999,-999,-999,-999,-999,-999,-999,-999,-999,-999,-999,"BC Birds - Meyers et al., 2009"
Aves,Galliformes,Phasianidae,Pavo,cristatus,-999,Indian Peafowl,-999,-999,-999,-999,-999,-999,-999,-999,-999,-999,-999,-999,730.5,-999,-999,-999,-999,-999,-999,-999,-999,-999,-999,-999,-999,-999,-999,-999,"BC Birds - Meyers et al., 2009"
Aves,Galliformes,Phasianidae,Pavo,cristatus,-999,Indian Peafowl,-999,-999,-999,-999,-999,-999,-999,-999,-999,-999,-999,-999,1095.75,-999,-999,-999,-999,-999,-999,-999,-999,-999,-999,-999,-999,-999,-999,-999,"BC Birds - Meyers et al., 2009"
Aves,Galliformes,Phasianidae,Pavo,cristatus,-999,Indian Peafowl,-999,-999,-999,-999,-999,-999,-999,-999,-999,-999,-999,-999,1095.75,-999,-999,-999,-999,-999,-999,-999,-999,-999,-999,-999,-999,-999,-999,-999,"BC Birds - Meyers et al., 2009"
Aves,Galliformes,Phasianidae,Pavo,cristatus,-999,Indian Peafowl,-999,-999,-999,-999,10,-999,-999,-999,-999,-999,-999,-999,-999,-999,-999,-999,-999,-999,-999,-999,-999,-999,-999,-999,-999,-999,-999,-999,"BC Birds - Meyers et al., 2009"
Aves,Galliformes,Phasianidae,Pavo,cristatus,-999,Indian Peafowl,-999,-999,-999,-999,25,-999,-999,-999,-999,-999,-999,-999,-999,-999,-999,-999,-999,-999,-999,-999,-999,-999,-999,-999,-999,-999,-999,-999,"BC Birds - Meyers et al., 2009"
Aves,Galliformes,Phasianidae,Pavo,cristatus,-999,Indian Peafowl,-999,-999,-999,-999,18,-999,-999,-999,-999,-999,-999,-999,-999,-999,-999,-999,-999,-999,-999,-999,-999,-999,-999,-999,-999,-999,-999,-999,"BC Birds - Meyers et al., 2009"
Aves,Galliformes,Phasianidae,Pavo,cristatus,-999,Indian Peafowl,-999,-999,-999,-999,10,-999,-999,-999,-999,-999,-999,-999,-999,-999,-999,-999,-999,-999,-999,-999,-999,-999,-999,-999,-999,-999,-999,-999,"BC Birds - Meyers et al., 2009"
Aves,Galliformes,Phasianidae,Pavo,cristatus,-999,Indian Peafowl,-999,-999,-999,-999,23.2,-999,-999,-999,-999,-999,-999,-999,-999,-999,-999,-999,-999,-999,-999,-999,-999,-999,-999,-999,-999,-999,-999,-999,"BC Birds - Meyers et al., 2009"
Aves,Galliformes,Phasianidae,Pavo,cristatus,-999,Indian Peafowl,-999,-999,-999,-999,15,-999,-999,-999,-999,-999,-999,-999,-999,-999,-999,-999,-999,-999,-999,-999,-999,-999,-999,-999,-999,-999,-999,-999,"BC Birds - Meyers et al., 2009"
Aves,Galliformes,Phasianidae,Pavo,cristatus,-999,Indian Peafowl,-999,-999,-999,-999,10,-999,-999,-999,-999,-999,-999,-999,-999,-999,-999,-999,-999,-999,-999,-999,-999,-999,-999,-999,-999,-999,-999,-999,"BC Birds - Meyers et al., 2009"
Aves,Galliformes,Phasianidae,Pavo,cristatus,-999,Indian Peafowl,-999,-999,-999,-999,20,-999,-999,-999,-999,-999,-999,-999,-999,-999,-999,-999,-999,-999,-999,-999,-999,-999,-999,-999,-999,-999,-999,-999,"BC Birds - Meyers et al., 2009"
Aves,Galliformes,Phasianidae,Pavo,cristatus,-999,Indian Peafowl,-999,-999,-999,-999,10,-999,-999,-999,-999,-999,-999,-999,-999,-999,-999,-999,-999,-999,-999,-999,-999,-999,-999,-999,-999,-999,-999,-999,"BC Birds - Meyers et al., 2009"
Aves,Galliformes,Phasianidae,Pavo,cristatus,-999,Indian Peafowl,-999,-999,-999,-999,18,-999,-999,-999,-999,-999,-999,-999,-999,-999,-999,-999,-999,-999,-999,-999,-999,-999,-999,-999,-999,-999,-999,-999,"BC Birds - Meyers et al., 2009"
Aves,Galliformes,Phasianidae,Pavo,cristatus,-999,Indian Peafowl,-999,-999,-999,-999,15,-999,-999,-999,-999,-999,-999,-999,-999,-999,-999,-999,-999,-999,-999,-999,-999,-999,-999,-999,-999,-999,-999,-999,"BC Birds - Meyers et al., 2009"
Aves,Galliformes,Phasianidae,Pavo,cristatus,-999,Indian Peafowl,-999,-999,-999,-999,23.2,-999,-999,-999,-999,-999,-999,-999,-999,-999,-999,-999,-999,-999,-999,-999,-999,-999,-999,-999,-999,-999,-999,-999,"BC Birds - Tacutu, R., T. Craig, A. Budovsky et al. 2013"
Aves,Galliformes,Phasianidae,Pavo,cristatus,-999,Indian Peafowl,730,-999,-999,-999,-999,-999,-999,-999,-999,-999,-999,-999,-999,-999,-999,-999,-999,-999,-999,-999,-999,-999,-999,-999,-999,-999,-999,-999,"BC Birds - Tacutu, R., T. Craig, A. Budovsky et al. 2013"
Aves,Galliformes,Phasianidae,Pavo,cristatus,-999,Indian Peafowl,-999,-999,-999,-999,-999,-999,-999,-999,-999,-999,-999,-999,730,-999,-999,-999,-999,-999,-999,-999,-999,-999,-999,-999,-999,-999,-999,-999,"BC Birds - Tacutu, R., T. Craig, A. Budovsky et al. 2013"
Aves,Galliformes,Phasianidae,Pavo,cristatus,-999,Indian Peafowl,-999,-999,-999,-999,-999,-999,-999,-999,-999,-999,29,-999,-999,-999,-999,-999,-999,-999,-999,-999,-999,-999,-999,-999,-999,-999,-999,-999,"BC Birds - Tacutu, R., T. Craig, A. Budovsky et al. 2013"
Aves,Galliformes,Phasianidae,Pavo,cristatus,-999,Indian Peafowl,-999,5,-999,-999,-999,-999,-999,-999,-999,-999,-999,-999,-999,-999,-999,-999,-999,-999,-999,-999,-999,-999,-999,-999,-999,-999,-999,-999,"BC Birds - Tacutu, R., T. Craig, A. Budovsky et al. 2013"
Aves,Galliformes,Phasianidae,Pavo,cristatus,-999,Indian Peafowl,-999,-999,-999,-999,-999,-999,-999,120,-999,-999,-999,-999,-999,-999,-999,-999,-999,-999,-999,-999,-999,-999,-999,-999,-999,-999,-999,-999,"BC Birds - Tacutu, R., T. Craig, A. Budovsky et al. 2013"
Aves,Galliformes,Phasianidae,Pavo,cristatus,-999,Indian Peafowl,-999,-999,-999,4200,-999,-999,-999,-999,-999,-999,-999,-999,-999,-999,-999,-999,-999,-999,-999,-999,-999,-999,-999,-999,-999,-999,-999,-999,"BC Birds - Tacutu, R., T. Craig, A. Budovsky et al. 2013"
Aves,Galliformes,Phasianidae,Pavo,cristatus,-999,Indian Peafowl,-999,-999,-999,-999,-999,-999,-999,-999,-999,-999,20,-999,-999,-999,-999,-999,-999,-999,-999,-999,-999,-999,-999,-999,-999,-999,-999,-999,"BC Birds - Wilson, 2003"
Aves,Galliformes,Phasianidae,Pavo,cristatus,-999,Indian Peafowl,-999,-999,-999,-999,-999,-999,-999,-999,-999,-999,28,-999,-999,-999,-999,-999,-999,-999,-999,-999,-999,-999,-999,-999,-999,-999,-999,-999,"BC Birds - Wilson, 2003"
Aves,Passeriformes,Alaudidae,Alauda,arvensis,-999,Eurasian Skylark,-999,-999,-999,35.1,-999,-999,-999,-999,-999,-999,-999,-999,-999,-999,35.1,-999,-999,-999,-999,-999,-999,-999,-999,-999,-999,-999,-999,-999,"Dunning, 1992"
Aves,Passeriformes,Alaudidae,Alauda,arvensis,-999,Eurasian Skylark,-999,-999,-999,35.75,-999,-999,-999,-999,-999,-999,-999,-999,-999,-999,35.75,-999,-999,-999,-999,-999,-999,-999,-999,-999,-999,-999,-999,-999,"Dunning, 1992"
Aves,Passeriformes,Alaudidae,Alauda,arvensis,-999,Eurasian Skylark,-999,-999,-999,38.75,-999,-999,-999,-999,-999,-999,-999,-999,-999,-999,-999,38.75,-999,-999,-999,-999,-999,-999,-999,-999,-999,-999,-999,-999,"Dunning, 1992"
Aves,Passeriformes,Alaudidae,Alauda,arvensis,-999,Eurasian Skylark,-999,-999,-999,39.85,-999,-999,-999,-999,-999,-999,-999,-999,-999,-999,-999,39.85,-999,-999,-999,-999,-999,-999,-999,-999,-999,-999,-999,-999,"Dunning, 1992"
Aves,Passeriformes,Alaudidae,Alauda,arvensis,-999,Eurasian Skylark,-999,4,-999,36.4,-999,-999,-999,-999,-999,3.35,-999,-999,-999,-999,34.6,38.2,-999,-999,-999,-999,-999,-999,-999,-999,-999,-999,-999,-999,"Szekely, Lislevand, and Figuerola, 2007"
Aves,Passeriformes,Alaudidae,Alauda,arvensis,-999,Eurasian Skylark,365,3,1,37.5,10.1,-999,-999,-999,-999,-999,11,-999,365,-999,-999,-999,31.7,-999,-999,-999,-999,-999,-999,-999,-999,-999,-999,-999,"de Magalhaes and Costa, 2009"
Aves,Passeriformes,Alaudidae,Alauda,arvensis,-999,Eurasian Skylark,363.468,3.5,2.5,37.5,8.75,-999,-999,-999,-999,3.35,11.5,21,-999,-999,-999,-999,37.5,-999,-999,-999,-999,-999,-999,-999,-999,-999,-999,-999,"Bennett, 1986"
Aves,Passeriformes,Alaudidae,Alauda,arvensis,-999,Eurasian Skylark,-999,-999,-999,-999,10,-999,-999,-999,-999,-999,-999,-999,-999,-999,-999,-999,-999,-999,-999,-999,-999,-999,-999,-999,-999,-999,-999,-999,"Fransson, T., Kolehmainen, T., Kroon, C. et al., 2010"
Aves,Passeriformes,Alaudidae,Alauda,arvensis,-999,Eurasian Skylark,-999,-999,-999,-999,-999,-999,-999,-999,-999,-999,-999,9.5,-999,-999,-999,-999,-999,-999,-999,-999,-999,-999,-999,-999,-999,-999,-999,-999,"Martin, T.E., 1995"
Aves,Passeriformes,Alaudidae,Alauda,arvensis,-999,Eurasian Skylark,-999,-999,-999,-999,-999,-999,-999,-999,-999,-999,11.7,-999,-999,-999,-999,-999,-999,-999,-999,-999,-999,-999,-999,-999,-999,-999,-999,-999,"Martin, T.E., 1995"
Aves,Passeriformes,Alaudidae,Alauda,arvensis,-999,Eurasian Skylark,-999,3.36,-999,-999,-999,-999,-999,-999,-999,-999,-999,-999,-999,-999,-999,-999,-999,-999,-999,-999,-999,-999,-999,-999,-999,-999,-999,-999,"Martin, T.E., 1995"
Aves,Passeriformes,Alaudidae,Alauda,arvensis,-999,Eurasian Skylark,-999,-999,2,-999,-999,-999,-999,-999,-999,-999,-999,-999,-999,-999,-999,-999,-999,-999,-999,-999,-999,-999,-999,-999,-999,-999,-999,-999,"Martin, T.E., 1995"
Aves,Passeriformes,Cardinalidae,Cardinalis,cardinalis,-999,Northern Cardinal,-999,-999,-999,41.8,-999,-999,-999,-999,-999,-999,-999,-999,-999,-999,41.8,-999,-999,-999,-999,-999,-999,-999,-999,-999,-999,-999,-999,-999,"Dunning, 1992"
Aves,Passeriformes,Cardinalidae,Cardinalis,cardinalis,-999,Northern Cardinal,-999,-999,-999,41.85,-999,-999,-999,-999,-999,-999,-999,-999,-999,-999,41.85,-999,-999,-999,-999,-999,-999,-999,-999,-999,-999,-999,-999,-999,"Dunning, 1992"
Aves,Passeriformes,Cardinalidae,Cardinalis,cardinalis,-999,Northern Cardinal,-999,-999,-999,43.5,-999,-999,-999,-999,-999,-999,-999,-999,-999,-999,-999,43.5,-999,-999,-999,-999,-999,-999,-999,-999,-999,-999,-999,-999,"Dunning, 1992"
Aves,Passeriformes,Cardinalidae,Cardinalis,cardinalis,-999,Northern Cardinal,-999,-999,-999,44.65,-999,-999,-999,-999,-999,-999,-999,-999,-999,-999,-999,44.65,-999,-999,-999,-999,-999,-999,-999,-999,-999,-999,-999,-999,"Dunning, 1992"
Aves,Passeriformes,Cardinalidae,Cardinalis,cardinalis,-999,Northern Cardinal,-999,3.5,-999,-999,-999,-999,-999,-999,-999,-999,-999,-999,-999,-999,-999,-999,-999,-999,-999,-999,-999,-999,-999,-999,-999,-999,-999,-999,"Jetz, Sekercioglu, and Bohning-Gaese, 2008"
Aves,Passeriformes,Cardinalidae,Cardinalis,cardinalis,-999,Northern Cardinal,-999,2.5,-999,42.08333333,-999,-999,-999,-999,-999,4.58,-999,-999,-999,-999,41,41.7,43.55,-999,-999,-999,-999,-999,-999,-999,-999,-999,-999,-999,"Szekely, Lislevand, and Figuerola, 2007"
Aves,Passeriformes,Cardinalidae,Cardinalis,cardinalis,-999,Northern Cardinal,365,3,2,42.6,28.5,-999,-999,3.5,-999,-999,12,-999,365,-999,-999,-999,41,-999,-999,-999,-999,-999,-999,-999,-999,-999,-999,-999,"de Magalhaes and Costa, 2009"
Aves,Passeriformes,Cardinalidae,Cardinalis,cardinalis,-999,Northern Cardinal,363.468,3.5,2.5,44.65,13.5,-999,-999,-999,-999,4.4,12.5,19,-999,-999,43.9,45.4,-999,-999,-999,-999,-999,-999,-999,-999,-999,-999,-999,-999,"Bennett, 1986"
Aves,Passeriformes,Cardinalidae,Cardinalis,cardinalis,-999,Northern Cardinal,-999,-999,-999,-999,15.75,-999,-999,-999,-999,-999,-999,-999,-999,-999,-999,-999,-999,-999,-999,-999,-999,-999,-999,-999,-999,-999,-999,-999,"Lutmerding, J.A. and A.S. Love, 2013"
Aves,Passeriformes,Cardinalidae,Cardinalis,cardinalis,-999,Northern Cardinal,-999,-999,-999,-999,15.8,-999,-999,-999,-999,-999,-999,-999,-999,-999,-999,-999,-999,-999,-999,-999,-999,-999,-999,-999,-999,-999,-999,-999,"Carey, J.R. and D.S. Judge, 2002"
Aves,Passeriformes,Cardinalidae,Cardinalis,cardinalis,-999,Northern Cardinal,-999,-999,-999,-999,-999,-999,-999,-999,-999,-999,-999,9.5,-999,-999,-999,-999,-999,-999,-999,-999,-999,-999,-999,-999,-999,-999,-999,-999,"Martin, T.E., 1995"
Aves,Passeriformes,Cardinalidae,Cardinalis,cardinalis,-999,Northern Cardinal,-999,-999,-999,-999,-999,-999,-999,-999,-999,-999,12.5,-999,-999,-999,-999,-999,-999,-999,-999,-999,-999,-999,-999,-999,-999,-999,-999,-999,"Martin, T.E., 1995"
Aves,Passeriformes,Cardinalidae,Cardinalis,cardinalis,-999,Northern Cardinal,-999,3.12,-999,-999,-999,-999,-999,-999,-999,-999,-999,-999,-999,-999,-999,-999,-999,-999,-999,-999,-999,-999,-999,-999,-999,-999,-999,-999,"Martin, T.E., 1995"
Aves,Passeriformes,Cardinalidae,Cardinalis,cardinalis,-999,Northern Cardinal,-999,-999,2.5,-999,-999,-999,-999,-999,-999,-999,-999,-999,-999,-999,-999,-999,-999,-999,-999,-999,-999,-999,-999,-999,-999,-999,-999,-999,"Martin, T.E., 1995"
Aves,Passeriformes,Cardinalidae,Cardinalis,cardinalis,-999,Northern Cardinal,-999,-999,-999,45,-999,-999,-999,-999,-999,-999,-999,-999,-999,-999,-999,-999,45,-999,-999,-999,-999,-999,-999,-999,-999,-999,-999,-999,"Wasser, D.E. and P.W. Sherman, 2010"
Aves,Passeriformes,Cardinalidae,Cardinalis,cardinalis,-999,Northern Cardinal,-999,-999,-999,-999,15.8,-999,-999,-999,-999,-999,-999,-999,-999,-999,-999,-999,-999,-999,-999,-999,-999,-999,-999,-999,-999,-999,-999,-999,"Wasser, D.E. and P.W. Sherman, 2010"
Aves,Passeriformes,Cardinalidae,Cardinalis,cardinalis,-999,Northern Cardinal,-999,-999,-999,-999,-999,-999,-999,-999,-999,-999,-999,-999,-999,-999,-999,-999,-999,-999,-999,27.1,-999,-999,-999,-999,-999,-999,-999,-999,"BC Birds - Remes, V., Martin, T.E., 2002"
Aves,Passeriformes,Corvidae,Corvus,corax,-999,Northern Raven,-999,5,-999,-999,-999,-999,-999,-999,-999,-999,-999,-999,-999,-999,-999,-999,-999,-999,-999,-999,63.5,-999,-999,-999,-999,-999,-999,-999,"Boyer, A.G., Cartron, J-L.E., and J.H. Brown, 2009"
Aves,Passeriformes,Corvidae,Corvus,corax,-999,Northern Raven,-999,-999,-999,785,-999,-999,-999,-999,-999,-999,-999,-999,-999,-999,-999,-999,785,-999,-999,-999,-999,-999,-999,-999,-999,-999,-999,-999,"Dunning, 1992"
Aves,Passeriformes,Corvidae,Corvus,corax,-999,Northern Raven,-999,-999,-999,1097,-999,-999,-999,-999,-999,-999,-999,-999,-999,-999,-999,-999,1097,-999,-999,-999,-999,-999,-999,-999,-999,-999,-999,-999,"Dunning, 1992"
Aves,Passeriformes,Corvidae,Corvus,corax,-999,Northern Raven,-999,4.6,-999,-999,-999,-999,-999,-999,-999,-999,-999,-999,-999,-999,-999,-999,-999,-999,-999,-999,-999,-999,-999,-999,-999,-999,-999,-999,"Jetz, Sekercioglu, and Bohning-Gaese, 2008"
Aves,Passeriformes,Corvidae,Corvus,corax,-999,Northern Raven,-999,4.1,-999,1200.55,-999,-999,-999,-999,-999,28.8,-999,-999,-999,-999,1147.1,1254,-999,-999,-999,-999,-999,-999,-999,-999,-999,-999,-999,-999,"Szekely, Lislevand, and Figuerola, 2007"
Aves,Passeriformes,Corvidae,Corvus,corax,-999,Northern Raven,1095,5,1,1041.2,69,-999,-999,25,-999,-999,19,-999,1095,-999,-999,-999,1203,-999,-999,-999,-999,-999,-999,-999,-999,-999,-999,-999,"de Magalhaes and Costa, 2009"
Aves,Passeriformes,Corvidae,Corvus,corax,-999,Northern Raven,1095,-999,-999,1199,69,-999,-999,-999,-999,-999,19,-999,-999,-999,-999,-999,-999,-999,-999,-999,-999,-999,-999,-999,-999,-999,-999,-999,"Ricklefs, 2010b"
Aves,Passeriformes,Corvidae,Corvus,corax,-999,Northern Raven,-999,-999,-999,1560,-999,-999,-999,-999,-999,-999,-999,-999,-999,-999,-999,-999,-999,-999,-999,-999,-999,-999,-999,-999,-999,-999,-999,-999,"Boback and Guyer, 2003"
Aves,Passeriformes,Corvidae,Corvus,corax,-999,Northern Raven,-999,4.5,1,391.5,12.83333333,-999,-999,-999,-999,16.7,-999,-999,-999,-999,368,415,-999,-999,-999,-999,-999,-999,-999,-999,-999,-999,-999,-999,"Bennett, 1986"
Aves,Passeriformes,Corvidae,Corvus,corax,-999,Northern Raven,726.936,5,1,1234,16,-999,-999,-999,-999,29.5,20,42,-999,-999,1085,1383,-999,-999,-999,-999,-999,-999,-999,-999,-999,-999,-999,-999,"Bennett, 1986"
Aves,Passeriformes,Corvidae,Corvus,corax,-999,Northern Raven,-999,-999,-999,-999,13.5,-999,-999,-999,-999,-999,-999,-999,-999,-999,-999,-999,-999,-999,-999,-999,-999,-999,-999,-999,-999,-999,-999,-999,"Lutmerding, J.A. and A.S. Love, 2013"
Aves,Passeriformes,Corvidae,Corvus,corax,-999,Northern Raven,-999,-999,-999,-999,23.25,-999,-999,-999,-999,-999,-999,-999,-999,-999,-999,-999,-999,-999,-999,-999,-999,-999,-999,-999,-999,-999,-999,-999,"Fransson, T., Kolehmainen, T., Kroon, C. et al., 2010"
Aves,Passeriformes,Corvidae,Corvus,corax,-999,Northern Raven,-999,-999,-999,-999,13.3,-999,-999,-999,-999,-999,-999,-999,-999,-999,-999,-999,-999,-999,-999,-999,-999,-999,-999,-999,-999,-999,-999,-999,"Carey, J.R. and D.S. Judge, 2002"
Aves,Passeriformes,Corvidae,Corvus,corax,-999,Northern Raven,-999,-999,-999,-999,24.7,-999,-999,-999,-999,-999,-999,-999,-999,-999,-999,-999,-999,-999,-999,-999,-999,-999,-999,-999,-999,-999,-999,-999,"Carey, J.R. and D.S. Judge, 2002"
Aves,Passeriformes,Corvidae,Corvus,corax,-999,Northern Raven,-999,-999,-999,-999,-999,-999,-999,-999,-999,-999,-999,41,-999,-999,-999,-999,-999,-999,-999,-999,-999,-999,-999,-999,-999,-999,-999,-999,"Carrier, D.R., Auriemma, J., 1992"
Aves,Passeriformes,Corvidae,Corvus,corax,-999,Northern Raven,-999,-999,-999,-999,-999,-999,-999,-999,-999,-999,-999,-999,-999,-999,-999,907,-999,-999,-999,-999,-999,-999,-999,-999,-999,-999,-999,-999,"Carrier, D.R., Auriemma, J., 1992"
Aves,Passeriformes,Corvidae,Corvus,corax,-999,Northern Raven,-999,-999,-999,-999,-999,-999,-999,-999,-999,-999,-999,-999,-999,-999,-999,-999,1051.9,-999,-999,-999,-999,-999,-999,-999,-999,-999,-999,-999,"Iwaniuk, A.N., Nelson, J.E., 2002"
Aves,Passeriformes,Corvidae,Corvus,corax,-999,Northern Raven,-999,-999,-999,-999,-999,-999,-999,-999,-999,-999,-999,-999,-999,-999,-999,-999,1175,-999,-999,-999,-999,-999,-999,-999,-999,-999,-999,-999,"Iwaniuk, A.N., Nelson, J.E., 2002"
Aves,Passeriformes,Corvidae,Corvus,corax,-999,Northern Raven,-999,-999,-999,782.5,24.7,-999,-999,-999,-999,-999,-999,-999,-999,-999,-999,-999,782.5,-999,-999,-999,-999,-999,-999,-999,-999,-999,-999,-999,"Wasser, D.E. and P.W. Sherman, 2010"
Aves,Passeriformes,Corvidae,Corvus,corax,-999,Northern Raven,-999,-999,-999,-999,20.417,-999,-999,-999,-999,-999,-999,-999,-999,-999,-999,-999,-999,-999,-999,-999,-999,-999,-999,-999,-999,-999,-999,-999,"Wasser, D.E. and P.W. Sherman, 2010"
Aves,Passeriformes,Corvidae,Corvus,corone,-999,Carrion Crow,-999,5,-999,-999,-999,-999,-999,-999,-999,-999,-999,-999,-999,-999,-999,-999,-999,-999,-999,-999,52,-999,-999,-999,-999,-999,-999,-999,"Boyer, A.G., Cartron, J-L.E., and J.H. Brown, 2009"
Aves,Passeriformes,Corvidae,Corvus,corone,-999,Carrion Crow,-999,-999,-999,570,-999,-999,-999,-999,-999,-999,-999,-999,-999,-999,-999,-999,570,-999,-999,-999,-999,-999,-999,-999,-999,-999,-999,-999,"Dunning, 1992"
Aves,Passeriformes,Corvidae,Corvus,corone,-999,Carrion Crow,-999,4.5,-999,-999,-999,-999,-999,-999,-999,-999,-999,-999,-999,-999,-999,-999,-999,-999,-999,-999,-999,-999,-999,-999,-999,-999,-999,-999,"Jetz, Sekercioglu, and Bohning-Gaese, 2008"
Aves,Passeriformes,Corvidae,Corvus,corone,-999,Carrion Crow,-999,4.5,-999,544.5,-999,-999,-999,-999,-999,19.8,-999,-999,-999,-999,512,577,-999,-999,-999,-999,-999,-999,-999,-999,-999,-999,-999,-999,"Szekely, Lislevand, and Figuerola, 2007"
Aves,Passeriformes,Corvidae,Corvus,corone,-999,Carrion Crow,1095,-999,-999,472.7,19,-999,-999,-999,-999,-999,-999,-999,1095,-999,-999,-999,518,-999,-999,-999,-999,-999,-999,-999,-999,-999,-999,-999,"de Magalhaes and Costa, 2009"
Aves,Passeriformes,Corvidae,Corvus,corone,-999,Carrion Crow,-999,-999,-999,602,-999,-999,-999,-999,-999,-999,-999,-999,-999,-999,-999,-999,-999,-999,-999,-999,-999,-999,-999,-999,-999,-999,-999,-999,"Boback and Guyer, 2003"
Aves,Passeriformes,Corvidae,Corvus,corone,-999,Carrion Crow,726.936,4.5,1,552,14.66666667,-999,-999,13.6,-999,19.3,19,34,-999,-999,520,584,-999,-999,-999,-999,-999,-999,-999,-999,-999,-999,-999,-999,"Bennett, 1986"
Aves,Passeriformes,Corvidae,Corvus,corone,-999,Carrion Crow,-999,-999,-999,-999,19.16666667,-999,-999,-999,-999,-999,-999,-999,-999,-999,-999,-999,-999,-999,-999,-999,-999,-999,-999,-999,-999,-999,-999,-999,"Fransson, T., Kolehmainen, T., Kroon, C. et al., 2010"
Aves,Passeriformes,Corvidae,Corvus,corone,-999,Carrion Crow,-999,-999,-999,-999,13,-999,-999,-999,-999,-999,-999,-999,-999,-999,-999,-999,-999,-999,-999,-999,-999,-999,-999,-999,-999,-999,-999,-999,"Carey, J.R. and D.S. Judge, 2002"
Aves,Passeriformes,Corvidae,Corvus,corone,-999,Carrion Crow,-999,-999,-999,-999,11,-999,-999,-999,-999,-999,-999,-999,-999,-999,-999,-999,-999,-999,-999,-999,-999,-999,-999,-999,-999,-999,-999,-999,"Carey, J.R. and D.S. Judge, 2002"
Aves,Passeriformes,Corvidae,Corvus,corone,-999,Carrion Crow,-999,-999,-999,-999,-999,-999,-999,-999,-999,20.2,-999,-999,-999,-999,-999,-999,-999,-999,-999,-999,-999,-999,-999,-999,-999,-999,-999,-999,"Carey, C., Rahn, H., Parisi, P., 1980"
Aves,Passeriformes,Corvidae,Corvus,corone,-999,Carrion Crow,-999,-999,-999,542,13,-999,-999,-999,-999,-999,-999,-999,-999,-999,-999,-999,542,-999,-999,-999,-999,-999,-999,-999,-999,-999,-999,-999,"Wasser, D.E. and P.W. Sherman, 2010"
Aves,Passeriformes,Corvidae,Corvus,corone,-999,Carrion Crow,-999,-999,-999,-999,17.083,-999,-999,-999,-999,-999,-999,-999,-999,-999,-999,-999,-999,-999,-999,-999,-999,-999,-999,-999,-999,-999,-999,-999,"Wasser, D.E. and P.W. Sherman, 2010"
Aves,Passeriformes,Corvidae,Corvus,corone,-999,Carrion Crow,-999,4,-999,515.5,-999,-999,-999,-999,-999,18.9,-999,-999,-999,-999,482,549,515.5,-999,-999,-999,-999,-999,-999,-999,-999,-999,-999,-999,"Krist, 2011"
Aves,Passeriformes,Corvidae,Corvus,corone,-999,Carrion Crow,-999,4,-999,515.5,-999,-999,-999,-999,-999,18.9,-999,-999,-999,-999,482,549,515.5,-999,-999,-999,-999,-999,-999,-999,-999,-999,-999,-999,"Krist, 2011"
Aves,Passeriformes,Corvidae,Corvus,corone,-999,Carrion Crow,-999,4,-999,515.5,-999,-999,-999,-999,-999,18.9,-999,-999,-999,-999,482,549,515.5,-999,-999,-999,-999,-999,-999,-999,-999,-999,-999,-999,"Krist, 2011"
Aves,Passeriformes,Corvidae,Corvus,corone,-999,Carrion Crow,-999,4,-999,515.5,-999,-999,-999,-999,-999,18.9,-999,-999,-999,-999,482,549,515.5,-999,-999,-999,-999,-999,-999,-999,-999,-999,-999,-999,"Krist, 2011"
Aves,Passeriformes,Corvidae,Corvus,frugilegus,-999,Rook,-999,4,-999,-999,-999,-999,-999,-999,-999,-999,-999,-999,-999,-999,-999,-999,-999,-999,-999,-999,47,-999,-999,-999,-999,-999,-999,-999,"Boyer, A.G., Cartron, J-L.E., and J.H. Brown, 2009"
Aves,Passeriformes,Corvidae,Corvus,frugilegus,-999,Rook,-999,-999,-999,418,-999,-999,-999,-999,-999,-999,-999,-999,-999,-999,418,-999,-999,-999,-999,-999,-999,-999,-999,-999,-999,-999,-999,-999,"Dunning, 1992"
Aves,Passeriformes,Corvidae,Corvus,frugilegus,-999,Rook,-999,-999,-999,425,-999,-999,-999,-999,-999,-999,-999,-999,-999,-999,425,-999,-999,-999,-999,-999,-999,-999,-999,-999,-999,-999,-999,-999,"Dunning, 1992"
Aves,Passeriformes,Corvidae,Corvus,frugilegus,-999,Rook,-999,-999,-999,482.5,-999,-999,-999,-999,-999,-999,-999,-999,-999,-999,-999,482.5,-999,-999,-999,-999,-999,-999,-999,-999,-999,-999,-999,-999,"Dunning, 1992"
Aves,Passeriformes,Corvidae,Corvus,frugilegus,-999,Rook,-999,-999,-999,489,-999,-999,-999,-999,-999,-999,-999,-999,-999,-999,-999,489,-999,-999,-999,-999,-999,-999,-999,-999,-999,-999,-999,-999,"Dunning, 1992"
Aves,Passeriformes,Corvidae,Corvus,frugilegus,-999,Rook,-999,3.7,-999,-999,-999,-999,-999,-999,-999,-999,-999,-999,-999,-999,-999,-999,-999,-999,-999,-999,-999,-999,-999,-999,-999,-999,-999,-999,"Jetz, Sekercioglu, and Bohning-Gaese, 2008"
Aves,Passeriformes,Corvidae,Corvus,frugilegus,-999,Rook,-999,4,-999,453.5,-999,-999,-999,-999,-999,16,-999,-999,-999,-999,418,489,-999,-999,-999,-999,-999,-999,-999,-999,-999,-999,-999,-999,"Szekely, Lislevand, and Figuerola, 2007"
Aves,Passeriformes,Corvidae,Corvus,frugilegus,-999,Rook,730,-999,-999,453.5,20.5,-999,-999,-999,-999,-999,-999,-999,730,-999,-999,-999,390,-999,-999,-999,-999,-999,-999,-999,-999,-999,-999,-999,"de Magalhaes and Costa, 2009"
Aves,Passeriformes,Corvidae,Corvus,frugilegus,-999,Rook,-999,-999,-999,531,-999,-999,-999,-999,-999,-999,-999,-999,-999,-999,-999,-999,-999,-999,-999,-999,-999,-999,-999,-999,-999,-999,-999,-999,"Boback and Guyer, 2003"
Aves,Passeriformes,Corvidae,Corvus,frugilegus,-999,Rook,363.468,4,1,446.5,19.91666667,-999,-999,-999,-999,16,17,32.5,-999,-999,407,486,-999,-999,-999,-999,-999,-999,-999,-999,-999,-999,-999,-999,"Bennett, 1986"
Aves,Passeriformes,Corvidae,Corvus,frugilegus,-999,Rook,-999,-999,-999,-999,22.91666667,-999,-999,-999,-999,-999,-999,-999,-999,-999,-999,-999,-999,-999,-999,-999,-999,-999,-999,-999,-999,-999,-999,-999,"Fransson, T., Kolehmainen, T., Kroon, C. et al., 2010"
Aves,Passeriformes,Corvidae,Corvus,frugilegus,-999,Rook,-999,-999,-999,-999,14,-999,-999,-999,-999,-999,-999,-999,-999,-999,-999,-999,-999,-999,-999,-999,-999,-999,-999,-999,-999,-999,-999,-999,"Carey, J.R. and D.S. Judge, 2002"
Aves,Passeriformes,Corvidae,Corvus,frugilegus,-999,Rook,-999,-999,-999,-999,-999,-999,-999,-999,-999,18.6,-999,-999,-999,-999,-999,-999,-999,-999,-999,-999,-999,-999,-999,-999,-999,-999,-999,-999,"Carey, C., Rahn, H., Parisi, P., 1980"
Aves,Passeriformes,Corvidae,Corvus,frugilegus,-999,Rook,-999,-999,-999,244,14,-999,-999,-999,-999,-999,-999,-999,-999,-999,-999,-999,244,-999,-999,-999,-999,-999,-999,-999,-999,-999,-999,-999,"Wasser, D.E. and P.W. Sherman, 2010"
Aves,Passeriformes,Corvidae,Corvus,frugilegus,-999,Rook,-999,-999,-999,-999,19.917,-999,-999,-999,-999,-999,-999,-999,-999,-999,-999,-999,-999,-999,-999,-999,-999,-999,-999,-999,-999,-999,-999,-999,"Wasser, D.E. and P.W. Sherman, 2010"
Aves,Passeriformes,Hirundinidae,Hirundo,rustica,-999,Barn Swallow,365.25,4.5,1.6,-999,-999,-999,-999,-999,-999,-999,-999,-999,-999,-999,-999,-999,-999,-999,-999,-999,-999,-999,-999,-999,-999,-999,-999,-999,"Pereira, H.M., Daily, G.C. and J. Roughgarden, 2004"
Aves,Passeriformes,Hirundinidae,Hirundo,rustica,-999,Barn Swallow,-999,-999,-999,17.15,-999,-999,-999,-999,-999,-999,-999,-999,-999,-999,-999,17.15,-999,-999,-999,-999,-999,-999,-999,-999,-999,-999,-999,-999,"Dunning, 1992"
Aves,Passeriformes,Hirundinidae,Hirundo,rustica,-999,Barn Swallow,-999,-999,-999,17.5,-999,-999,-999,-999,-999,-999,-999,-999,-999,-999,17.5,-999,-999,-999,-999,-999,-999,-999,-999,-999,-999,-999,-999,-999,"Dunning, 1992"
Aves,Passeriformes,Hirundinidae,Hirundo,rustica,-999,Barn Swallow,-999,-999,-999,17.9,-999,-999,-999,-999,-999,-999,-999,-999,-999,-999,17.9,-999,-999,-999,-999,-999,-999,-999,-999,-999,-999,-999,-999,-999,"Dunning, 1992"
Aves,Passeriformes,Hirundinidae,Hirundo,rustica,-999,Barn Swallow,-999,-999,-999,19.3,-999,-999,-999,-999,-999,-999,-999,-999,-999,-999,-999,-999,19.3,-999,-999,-999,-999,-999,-999,-999,-999,-999,-999,-999,"Dunning, 1992"
Aves,Passeriformes,Hirundinidae,Hirundo,rustica,-999,Barn Swallow,-999,-999,-999,19.875,-999,-999,-999,-999,-999,-999,-999,-999,-999,-999,-999,-999,19.875,-999,-999,-999,-999,-999,-999,-999,-999,-999,-999,-999,"Dunning, 1992"
Aves,Passeriformes,Hirundinidae,Hirundo,rustica,-999,Barn Swallow,-999,-999,-999,20.15,-999,-999,-999,-999,-999,-999,-999,-999,-999,-999,-999,20.15,-999,-999,-999,-999,-999,-999,-999,-999,-999,-999,-999,-999,"Dunning, 1992"
Aves,Passeriformes,Hirundinidae,Hirundo,rustica,-999,Barn Swallow,-999,4.47,-999,19.1,-999,-999,-999,-999,-999,1.9,-999,-999,-999,-999,19.4,18.8,-999,-999,-999,-999,-999,-999,-999,-999,-999,-999,-999,-999,"Szekely, Lislevand, and Figuerola, 2007"
Aves,Passeriformes,Hirundinidae,Hirundo,rustica,-999,Barn Swallow,365,6,2,18.3,16,-999,-999,2.3,-999,-999,15,-999,365,-999,-999,-999,18,-999,-999,-999,-999,-999,-999,-999,-999,-999,-999,-999,"de Magalhaes and Costa, 2009"
Aves,Passeriformes,Hirundinidae,Hirundo,rustica,-999,Barn Swallow,363.468,5,2,17.56666667,16,-999,-999,1.12,-999,1.9,15,21,-999,-999,16.6,17.5,18.6,-999,-999,-999,-999,-999,-999,-999,-999,-999,-999,-999,"Bennett, 1986"
Aves,Passeriformes,Hirundinidae,Hirundo,rustica,-999,Barn Swallow,-999,-999,-999,-999,8.083333333,-999,-999,-999,-999,-999,-999,-999,-999,-999,-999,-999,-999,-999,-999,-999,-999,-999,-999,-999,-999,-999,-999,-999,"Lutmerding, J.A. and A.S. Love, 2013"
Aves,Passeriformes,Hirundinidae,Hirundo,rustica,-999,Barn Swallow,-999,-999,-999,-999,11.08333333,-999,-999,-999,-999,-999,-999,-999,-999,-999,-999,-999,-999,-999,-999,-999,-999,-999,-999,-999,-999,-999,-999,-999,"Fransson, T., Kolehmainen, T., Kroon, C. et al., 2010"
Aves,Passeriformes,Hirundinidae,Hirundo,rustica,-999,Barn Swallow,-999,-999,-999,-999,8.1,-999,-999,-999,-999,-999,-999,-999,-999,-999,-999,-999,-999,-999,-999,-999,-999,-999,-999,-999,-999,-999,-999,-999,"Carey, J.R. and D.S. Judge, 2002"
Aves,Passeriformes,Hirundinidae,Hirundo,rustica,-999,Barn Swallow,-999,-999,-999,-999,-999,-999,-999,-999,-999,1.9,-999,-999,-999,-999,-999,-999,-999,-999,-999,-999,-999,-999,-999,-999,-999,-999,-999,-999,"Carey, C., Rahn, H., Parisi, P., 1980"
Aves,Passeriformes,Hirundinidae,Hirundo,rustica,-999,Barn Swallow,-999,-999,-999,-999,-999,-999,-999,-999,-999,-999,-999,20.5,-999,-999,-999,-999,-999,-999,-999,-999,-999,-999,-999,-999,-999,-999,-999,-999,"Martin, T.E., 1995"
Aves,Passeriformes,Hirundinidae,Hirundo,rustica,-999,Barn Swallow,-999,-999,-999,-999,-999,-999,-999,-999,-999,-999,15,-999,-999,-999,-999,-999,-999,-999,-999,-999,-999,-999,-999,-999,-999,-999,-999,-999,"Martin, T.E., 1995"
Aves,Passeriformes,Hirundinidae,Hirundo,rustica,-999,Barn Swallow,-999,4.49,-999,-999,-999,-999,-999,-999,-999,-999,-999,-999,-999,-999,-999,-999,-999,-999,-999,-999,-999,-999,-999,-999,-999,-999,-999,-999,"Martin, T.E., 1995"
Aves,Passeriformes,Hirundinidae,Hirundo,rustica,-999,Barn Swallow,-999,-999,1.5,-999,-999,-999,-999,-999,-999,-999,-999,-999,-999,-999,-999,-999,-999,-999,-999,-999,-999,-999,-999,-999,-999,-999,-999,-999,"Martin, T.E., 1995"
Aves,Passeriformes,Hirundinidae,Hirundo,rustica,-999,Barn Swallow,-999,-999,-999,-999,-999,-999,-999,-999,-999,-999,-999,-999,-999,-999,-999,-999,16,-999,-999,-999,-999,-999,-999,-999,-999,-999,-999,-999,"Iwaniuk, A.N., Nelson, J.E., 2002"
Aves,Passeriformes,Hirundinidae,Hirundo,rustica,-999,Barn Swallow,-999,-999,-999,-999,-999,-999,-999,-999,-999,-999,-999,-999,-999,-999,-999,-999,18.5,-999,-999,-999,-999,-999,-999,-999,-999,-999,-999,-999,"Iwaniuk, A.N., Nelson, J.E., 2002"
Aves,Passeriformes,Hirundinidae,Hirundo,rustica,-999,Barn Swallow,-999,-999,-999,19.1,-999,-999,-999,-999,-999,-999,-999,-999,-999,-999,-999,-999,19.1,-999,-999,-999,-999,-999,-999,-999,-999,-999,-999,-999,"Wasser, D.E. and P.W. Sherman, 2010"
Aves,Passeriformes,Hirundinidae,Hirundo,rustica,-999,Barn Swallow,-999,-999,-999,-999,15.92,-999,-999,-999,-999,-999,-999,-999,-999,-999,-999,-999,-999,-999,-999,-999,-999,-999,-999,-999,-999,-999,-999,-999,"Wasser, D.E. and P.W. Sherman, 2010"
Aves,Passeriformes,Hirundinidae,Hirundo,rustica,-999,Barn Swallow,-999,-999,-999,-999,-999,-999,-999,-999,-999,-999,-999,-999,-999,-999,-999,-999,-999,-999,-999,18,-999,-999,-999,-999,-999,-999,-999,-999,"BC Birds - Remes, V., Martin, T.E., 2002"
Aves,Passeriformes,Hirundinidae,Hirundo,rustica,-999,Barn Swallow,-999,-999,-999,-999,-999,-999,-999,-999,-999,-999,-999,-999,-999,-999,19.5,-999,-999,-999,-999,-999,-999,-999,-999,-999,-999,-999,-999,-999,"BC Birds - Schifter, H, 1998"
Aves,Passeriformes,Hirundinidae,Hirundo,rustica,-999,Barn Swallow,-999,4.4,-999,19,-999,-999,-999,-999,-999,1.9,-999,-999,-999,-999,19,19,19,-999,-999,-999,-999,-999,-999,-999,-999,-999,-999,-999,"Krist, 2011"
Aves,Passeriformes,Hirundinidae,Hirundo,rustica,-999,Barn Swallow,-999,4.4,-999,19,-999,-999,-999,-999,-999,1.9,-999,-999,-999,-999,19,19,19,-999,-999,-999,-999,-999,-999,-999,-999,-999,-999,-999,"Krist, 2011"
Aves,Passeriformes,Hirundinidae,Hirundo,rustica,-999,Barn Swallow,-999,4.4,-999,19,-999,-999,-999,-999,-999,1.9,-999,-999,-999,-999,19,19,19,-999,-999,-999,-999,-999,-999,-999,-999,-999,-999,-999,"Krist, 2011"
Aves,Passeriformes,Hirundinidae,Hirundo,rustica,-999,Barn Swallow,-999,4.4,-999,19,-999,-999,-999,-999,-999,1.9,-999,-999,-999,-999,19,19,19,-999,-999,-999,-999,-999,-999,-999,-999,-999,-999,-999,"Krist, 2011"
Aves,Passeriformes,Hirundinidae,Hirundo,rustica,-999,Barn Swallow,-999,4.4,-999,19,-999,-999,-999,-999,-999,1.9,-999,-999,-999,-999,19,19,19,-999,-999,-999,-999,-999,-999,-999,-999,-999,-999,-999,"Krist, 2011"
Aves,Passeriformes,Hirundinidae,Hirundo,rustica,-999,Barn Swallow,-999,4.4,-999,19,-999,-999,-999,-999,-999,1.9,-999,-999,-999,-999,19,19,19,-999,-999,-999,-999,-999,-999,-999,-999,-999,-999,-999,"Krist, 2011"
Aves,Passeriformes,Muscicapidae,Erithacus,rubecula,-999,European Robin,-999,-999,-999,17.7,-999,-999,-999,-999,-999,-999,-999,-999,-999,-999,-999,-999,17.7,-999,-999,-999,-999,-999,-999,-999,-999,-999,-999,-999,"Dunning, 1992"
Aves,Passeriformes,Muscicapidae,Erithacus,rubecula,-999,European Robin,-999,-999,-999,18,-999,-999,-999,-999,-999,-999,-999,-999,-999,-999,-999,-999,18,-999,-999,-999,-999,-999,-999,-999,-999,-999,-999,-999,"Dunning, 1992"
Aves,Passeriformes,Muscicapidae,Erithacus,rubecula,-999,European Robin,-999,4.9,-999,-999,-999,-999,-999,-999,-999,-999,-999,-999,-999,-999,-999,-999,-999,-999,-999,-999,-999,-999,-999,-999,-999,-999,-999,-999,"Jetz, Sekercioglu, and Bohning-Gaese, 2008"
Aves,Passeriformes,Muscicapidae,Erithacus,rubecula,-999,European Robin,-999,5.17,-999,17.55,-999,-999,-999,-999,-999,2.4,-999,-999,-999,-999,18.5,16.6,-999,-999,-999,-999,-999,-999,-999,-999,-999,-999,-999,-999,"Szekely, Lislevand, and Figuerola, 2007"
Aves,Passeriformes,Muscicapidae,Erithacus,rubecula,-999,European Robin,365,-999,-999,17.3,17.2,-999,-999,-999,-999,-999,-999,-999,365,-999,-999,-999,17.6,-999,-999,-999,-999,-999,-999,-999,-999,-999,-999,-999,"de Magalhaes and Costa, 2009"
Aves,Passeriformes,Muscicapidae,Erithacus,rubecula,-999,European Robin,363.468,5.5,2,17.45,12.83333333,-999,-999,-999,-999,2.45,14,13.5,-999,-999,17.7,17.2,-999,-999,-999,-999,-999,-999,-999,-999,-999,-999,-999,-999,"Bennett, 1986"
Aves,Passeriformes,Muscicapidae,Erithacus,rubecula,-999,European Robin,-999,-999,-999,-999,19.33333333,-999,-999,-999,-999,-999,-999,-999,-999,-999,-999,-999,-999,-999,-999,-999,-999,-999,-999,-999,-999,-999,-999,-999,"Fransson, T., Kolehmainen, T., Kroon, C. et al., 2010"
Aves,Passeriformes,Muscicapidae,Erithacus,rubecula,-999,European Robin,-999,-999,-999,-999,-999,-999,-999,-999,-999,3.65,-999,-999,-999,-999,-999,-999,-999,-999,-999,-999,-999,-999,-999,-999,-999,-999,-999,-999,"Carey, C., Rahn, H., Parisi, P., 1980"
Aves,Passeriformes,Sturnidae,Sturnus,vulgaris,-999,Common Starling,-999,-999,-999,62.1,-999,-999,-999,-999,-999,-999,-999,-999,-999,-999,-999,-999,62.1,-999,-999,-999,-999,-999,-999,-999,-999,-999,-999,-999,"Dunning, 1992"
Aves,Passeriformes,Sturnidae,Sturnus,vulgaris,-999,Common Starling,-999,-999,-999,63.5,-999,-999,-999,-999,-999,-999,-999,-999,-999,-999,-999,-999,63.5,-999,-999,-999,-999,-999,-999,-999,-999,-999,-999,-999,"Dunning, 1992"
Aves,Passeriformes,Sturnidae,Sturnus,vulgaris,-999,Common Starling,-999,-999,-999,84.15,-999,-999,-999,-999,-999,-999,-999,-999,-999,-999,84.15,-999,-999,-999,-999,-999,-999,-999,-999,-999,-999,-999,-999,-999,"Dunning, 1992"
Aves,Passeriformes,Sturnidae,Sturnus,vulgaris,-999,Common Starling,-999,-999,-999,84.4,-999,-999,-999,-999,-999,-999,-999,-999,-999,-999,84.4,-999,-999,-999,-999,-999,-999,-999,-999,-999,-999,-999,-999,-999,"Dunning, 1992"
Aves,Passeriformes,Sturnidae,Sturnus,vulgaris,-999,Common Starling,-999,-999,-999,87.6,-999,-999,-999,-999,-999,-999,-999,-999,-999,-999,-999,87.6,-999,-999,-999,-999,-999,-999,-999,-999,-999,-999,-999,-999,"Dunning, 1992"
Aves,Passeriformes,Sturnidae,Sturnus,vulgaris,-999,Common Starling,-999,-999,-999,89.5,-999,-999,-999,-999,-999,-999,-999,-999,-999,-999,-999,89.5,-999,-999,-999,-999,-999,-999,-999,-999,-999,-999,-999,-999,"Dunning, 1992"
Aves,Passeriformes,Sturnidae,Sturnus,vulgaris,-999,Common Starling,-999,5.9,-999,-999,-999,-999,-999,-999,-999,-999,-999,-999,-999,-999,-999,-999,-999,-999,-999,-999,-999,-999,-999,-999,-999,-999,-999,-999,"Jetz, Sekercioglu, and Bohning-Gaese, 2008"
Aves,Passeriformes,Sturnidae,Sturnus,vulgaris,-999,Common Starling,-999,4.5,-999,80.5,-999,-999,-999,-999,-999,7,-999,-999,-999,-999,78.3,82.7,-999,-999,-999,-999,-999,-999,-999,-999,-999,-999,-999,-999,"Szekely, Lislevand, and Figuerola, 2007"
Aves,Passeriformes,Sturnidae,Sturnus,vulgaris,-999,Common Starling,365,5,2,74,22.9,-999,-999,6.4,-999,-999,12,-999,365,-999,-999,-999,75,-999,-999,-999,-999,-999,-999,-999,-999,-999,-999,-999,"de Magalhaes and Costa, 2009"
Aves,Passeriformes,Sturnidae,Sturnus,vulgaris,-999,Common Starling,545.202,5,1.5,74.85,20.08333333,-999,-999,4.66,-999,7,14.5,21,-999,-999,73.4,76.3,-999,-999,-999,-999,-999,-999,-999,-999,-999,-999,-999,-999,"Bennett, 1986"
Aves,Passeriformes,Sturnidae,Sturnus,vulgaris,-999,Common Starling,-999,-999,-999,-999,15.25,-999,-999,-999,-999,-999,-999,-999,-999,-999,-999,-999,-999,-999,-999,-999,-999,-999,-999,-999,-999,-999,-999,-999,"Lutmerding, J.A. and A.S. Love, 2013"
Aves,Passeriformes,Sturnidae,Sturnus,vulgaris,-999,Common Starling,-999,-999,-999,-999,22.91666667,-999,-999,-999,-999,-999,-999,-999,-999,-999,-999,-999,-999,-999,-999,-999,-999,-999,-999,-999,-999,-999,-999,-999,"Fransson, T., Kolehmainen, T., Kroon, C. et al., 2010"
Aves,Passeriformes,Sturnidae,Sturnus,vulgaris,-999,Common Starling,-999,-999,-999,-999,21.3,-999,-999,-999,-999,-999,-999,-999,-999,-999,-999,-999,-999,-999,-999,-999,-999,-999,-999,-999,-999,-999,-999,-999,"Carey, J.R. and D.S. Judge, 2002"
Aves,Passeriformes,Sturnidae,Sturnus,vulgaris,-999,Common Starling,-999,-999,-999,-999,15.8,-999,-999,-999,-999,-999,-999,-999,-999,-999,-999,-999,-999,-999,-999,-999,-999,-999,-999,-999,-999,-999,-999,-999,"Carey, J.R. and D.S. Judge, 2002"
Aves,Passeriformes,Sturnidae,Sturnus,vulgaris,-999,Common Starling,-999,-999,-999,-999,-999,-999,-999,-999,-999,7.2,-999,-999,-999,-999,-999,-999,-999,-999,-999,-999,-999,-999,-999,-999,-999,-999,-999,-999,"Carey, C., Rahn, H., Parisi, P., 1980"
Aves,Passeriformes,Sturnidae,Sturnus,vulgaris,-999,Common Starling,-999,-999,-999,-999,-999,-999,-999,-999,-999,7.46,-999,-999,-999,-999,-999,-999,-999,-999,-999,-999,-999,-999,-999,-999,-999,-999,-999,-999,"Carey, C., Rahn, H., Parisi, P., 1980"
Aves,Passeriformes,Sturnidae,Sturnus,vulgaris,-999,Common Starling,-999,-999,-999,-999,-999,-999,-999,-999,-999,7.2,-999,-999,-999,-999,-999,-999,-999,-999,-999,-999,-999,-999,-999,-999,-999,-999,-999,-999,"Carey, C., Rahn, H., Parisi, P., 1980"
Aves,Passeriformes,Sturnidae,Sturnus,vulgaris,-999,Common Starling,-999,-999,-999,-999,-999,-999,-999,-999,-999,-999,-999,21,-999,-999,-999,-999,-999,-999,-999,-999,-999,-999,-999,-999,-999,-999,-999,-999,"Martin, T.E., 1995"
Aves,Passeriformes,Sturnidae,Sturnus,vulgaris,-999,Common Starling,-999,-999,-999,-999,-999,-999,-999,-999,-999,-999,12,-999,-999,-999,-999,-999,-999,-999,-999,-999,-999,-999,-999,-999,-999,-999,-999,-999,"Martin, T.E., 1995"
Aves,Passeriformes,Sturnidae,Sturnus,vulgaris,-999,Common Starling,-999,5.36,-999,-999,-999,-999,-999,-999,-999,-999,-999,-999,-999,-999,-999,-999,-999,-999,-999,-999,-999,-999,-999,-999,-999,-999,-999,-999,"Martin, T.E., 1995"
Aves,Passeriformes,Sturnidae,Sturnus,vulgaris,-999,Common Starling,-999,-999,2,-999,-999,-999,-999,-999,-999,-999,-999,-999,-999,-999,-999,-999,-999,-999,-999,-999,-999,-999,-999,-999,-999,-999,-999,-999,"Martin, T.E., 1995"
Aves,Passeriformes,Sturnidae,Sturnus,vulgaris,-999,Common Starling,-999,-999,-999,-999,15.8,-999,-999,-999,-999,-999,-999,-999,-999,-999,-999,-999,-999,-999,-999,-999,-999,-999,-999,-999,-999,-999,-999,-999,"Wasser, D.E. and P.W. Sherman, 2010"
Aves,Passeriformes,Sturnidae,Sturnus,vulgaris,-999,Common Starling,-999,-999,-999,-999,21.3,-999,-999,-999,-999,-999,-999,-999,-999,-999,-999,-999,-999,-999,-999,-999,-999,-999,-999,-999,-999,-999,-999,-999,"Wasser, D.E. and P.W. Sherman, 2010"
Aves,Passeriformes,Sturnidae,Sturnus,vulgaris,-999,Common Starling,-999,4.8,-999,74.5,-999,-999,-999,-999,-999,7,-999,-999,-999,-999,73,76,74.5,-999,-999,-999,-999,-999,-999,-999,-999,-999,-999,-999,"Krist, 2011"
Aves,Passeriformes,Sturnidae,Sturnus,vulgaris,-999,Common Starling,-999,4.8,-999,74.5,-999,-999,-999,-999,-999,7,-999,-999,-999,-999,73,76,74.5,-999,-999,-999,-999,-999,-999,-999,-999,-999,-999,-999,"Krist, 2011"
Aves,Passeriformes,Sturnidae,Sturnus,vulgaris,-999,Common Starling,-999,4.8,-999,74.5,-999,-999,-999,-999,-999,7,-999,-999,-999,-999,73,76,74.5,-999,-999,-999,-999,-999,-999,-999,-999,-999,-999,-999,"Krist, 2011"
Aves,Passeriformes,Sturnidae,Sturnus,vulgaris,-999,Common Starling,-999,4.8,-999,74.5,-999,-999,-999,-999,-999,7,-999,-999,-999,-999,73,76,74.5,-999,-999,-999,-999,-999,-999,-999,-999,-999,-999,-999,"Krist, 2011"
Aves,Passeriformes,Sturnidae,Sturnus,vulgaris,-999,Common Starling,-999,4.8,-999,74.5,-999,-999,-999,-999,-999,7,-999,-999,-999,-999,73,76,74.5,-999,-999,-999,-999,-999,-999,-999,-999,-999,-999,-999,"Krist, 2011"
Aves,Passeriformes,Sturnidae,Sturnus,vulgaris,-999,Common Starling,-999,4.8,-999,74.5,-999,-999,-999,-999,-999,7,-999,-999,-999,-999,73,76,74.5,-999,-999,-999,-999,-999,-999,-999,-999,-999,-999,-999,"Krist, 2011"
Aves,Passeriformes,Sturnidae,Sturnus,vulgaris,-999,Common Starling,-999,4.8,-999,74.5,-999,-999,-999,-999,-999,7,-999,-999,-999,-999,73,76,74.5,-999,-999,-999,-999,-999,-999,-999,-999,-999,-999,-999,"Krist, 2011"
Aves,Passeriformes,Sturnidae,Sturnus,vulgaris,-999,Common Starling,-999,4.8,-999,74.5,-999,-999,-999,-999,-999,7,-999,-999,-999,-999,73,76,74.5,-999,-999,-999,-999,-999,-999,-999,-999,-999,-999,-999,"Krist, 2011"
Aves,Pelecaniformes,Ardeidae,Ardea,cinerea,-999,Grey Heron,-999,5,-999,-999,-999,-999,-999,-999,-999,-999,-999,-999,-999,-999,-999,-999,-999,-999,-999,-999,94,-999,-999,-999,-999,-999,-999,-999,"Boyer, A.G., Cartron, J-L.E., and J.H. Brown, 2009"
Aves,Pelecaniformes,Ardeidae,Ardea,cinerea,-999,Grey Heron,-999,-999,-999,1443,-999,-999,-999,-999,-999,-999,-999,-999,-999,-999,-999,-999,1443,-999,-999,-999,-999,-999,-999,-999,-999,-999,-999,-999,"Dunning, 1992"
Aves,Pelecaniformes,Ardeidae,Ardea,cinerea,-999,Grey Heron,-999,-999,-999,1546.5,-999,-999,-999,-999,-999,-999,-999,-999,-999,-999,-999,-999,1546.5,-999,-999,-999,-999,-999,-999,-999,-999,-999,-999,-999,"Dunning, 1992"
Aves,Pelecaniformes,Ardeidae,Ardea,cinerea,-999,Grey Heron,-999,3.9,-999,-999,-999,-999,-999,-999,-999,-999,-999,-999,-999,-999,-999,-999,-999,-999,-999,-999,-999,-999,-999,-999,-999,-999,-999,-999,"Jetz, Sekercioglu, and Bohning-Gaese, 2008"
Aves,Pelecaniformes,Ardeidae,Ardea,cinerea,-999,Grey Heron,-999,4.11,-999,1433,-999,-999,-999,-999,-999,61,-999,-999,-999,-999,1361,1505,-999,-999,-999,-999,-999,-999,-999,-999,-999,-999,-999,-999,"Szekely, Lislevand, and Figuerola, 2007"
Aves,Pelecaniformes,Ardeidae,Ardea,cinerea,-999,Grey Heron,730,-999,-999,1443,35.1,-999,-999,-999,-999,-999,-999,-999,730,-999,-999,-999,-999,-999,-999,-999,-999,-999,-999,-999,-999,-999,-999,-999,"de Magalhaes and Costa, 2009"
Aves,Pelecaniformes,Ardeidae,Ardea,cinerea,-999,Grey Heron,730,-999,-999,1500,35.1,-999,-999,-999,-999,49.6,25.5,-999,-999,-999,-999,-999,-999,-999,-999,-999,-999,-999,-999,-999,-999,-999,-999,-999,"Ricklefs, 2010b"
Aves,Pelecaniformes,Ardeidae,Ardea,cinerea,-999,Grey Heron,545.202,4.5,1,1433,25.41666667,-999,-999,45,-999,60,25.5,48.5,-999,-999,1361,1505,-999,-999,-999,-999,-999,-999,-999,-999,-999,-999,-999,-999,"Bennett, 1986"
Aves,Pelecaniformes,Ardeidae,Ardea,cinerea,-999,Grey Heron,-999,-999,-999,1547,-999,-999,-999,-999,-999,60.3,-999,-999,-999,-999,1547,-999,-999,-999,-999,-999,-999,-999,-999,-999,-999,-999,-999,-999,"Dyke and Kaiser, 2010"
Aves,Pelecaniformes,Ardeidae,Ardea,cinerea,-999,Grey Heron,-999,-999,-999,-999,37.5,-999,-999,-999,-999,-999,-999,-999,-999,-999,-999,-999,-999,-999,-999,-999,-999,-999,-999,-999,-999,-999,-999,-999,"Fransson, T., Kolehmainen, T., Kroon, C. et al., 2010"
Aves,Pelecaniformes,Ardeidae,Ardea,cinerea,-999,Grey Heron,-999,-999,-999,-999,15.8,-999,-999,-999,-999,-999,-999,-999,-999,-999,-999,-999,-999,-999,-999,-999,-999,-999,-999,-999,-999,-999,-999,-999,"Carey, J.R. and D.S. Judge, 2002"
Aves,Pelecaniformes,Ardeidae,Ardea,cinerea,-999,Grey Heron,-999,-999,-999,-999,24,-999,-999,-999,-999,-999,-999,-999,-999,-999,-999,-999,-999,-999,-999,-999,-999,-999,-999,-999,-999,-999,-999,-999,"Carey, J.R. and D.S. Judge, 2002"
Aves,Pelecaniformes,Ardeidae,Ardea,cinerea,-999,Grey Heron,-999,-999,-999,-999,-999,-999,-999,-999,-999,50,-999,-999,-999,-999,-999,-999,-999,-999,-999,-999,-999,-999,-999,-999,-999,-999,-999,-999,"Carey, C., Rahn, H., Parisi, P., 1980"
Aves,Pelecaniformes,Ardeidae,Ardea,cinerea,-999,Grey Heron,-999,-999,-999,1433,24,-999,-999,-999,-999,-999,-999,-999,-999,-999,-999,-999,1433,-999,-999,-999,-999,-999,-999,-999,-999,-999,-999,-999,"Wasser, D.E. and P.W. Sherman, 2010"
Aves,Pelecaniformes,Ardeidae,Ardea,cinerea,-999,Grey Heron,-999,-999,-999,-999,35.083,-999,-999,-999,-999,-999,-999,-999,-999,-999,-999,-999,-999,-999,-999,-999,-999,-999,-999,-999,-999,-999,-999,-999,"Wasser, D.E. and P.W. Sherman, 2010"
Aves,Pelecaniformes,Pelecanidae,Pelecanus,occidentalis,-999,Brown Pelican,-999,-999,-999,3174,-999,-999,-999,-999,-999,-999,-999,-999,-999,-999,3174,-999,-999,-999,-999,-999,-999,-999,-999,-999,-999,-999,-999,-999,"Dunning, 1992"
Aves,Pelecaniformes,Pelecanidae,Pelecanus,occidentalis,-999,Brown Pelican,-999,-999,-999,3702,-999,-999,-999,-999,-999,-999,-999,-999,-999,-999,-999,3702,-999,-999,-999,-999,-999,-999,-999,-999,-999,-999,-999,-999,"Dunning, 1992"
Aves,Pelecaniformes,Pelecanidae,Pelecanus,occidentalis,-999,Brown Pelican,-999,2.95,-999,3057,-999,-999,-999,-999,-999,91,-999,-999,-999,-999,2824,3290,-999,-999,-999,-999,-999,-999,-999,-999,-999,-999,-999,-999,"Szekely, Lislevand, and Figuerola, 2007"
Aves,Pelecaniformes,Pelecanidae,Pelecanus,occidentalis,-999,Brown Pelican,365,3,1,3115.8,43,-999,-999,63.5,-999,-999,29,-999,730,-999,-999,-999,-999,-999,-999,-999,-999,-999,-999,-999,-999,-999,-999,-999,"de Magalhaes and Costa, 2009"
Aves,Pelecaniformes,Pelecanidae,Pelecanus,occidentalis,-999,Brown Pelican,365,-999,-999,3500,43,-999,-999,-999,-999,92.1,28,-999,-999,-999,-999,-999,-999,-999,-999,-999,-999,-999,-999,-999,-999,-999,-999,-999,"Ricklefs, 2010b"
Aves,Pelecaniformes,Pelecanidae,Pelecanus,occidentalis,-999,Brown Pelican,-999,2.5,1,3392,31.16666667,-999,-999,-999,-999,101,30,75,-999,-999,3148,3636,-999,-999,-999,-999,-999,-999,-999,-999,-999,-999,-999,-999,"Bennett, 1986"
Aves,Pelecaniformes,Pelecanidae,Pelecanus,occidentalis,-999,Brown Pelican,-999,-999,-999,3174,-999,-999,-999,-999,-999,112,-999,-999,-999,-999,3174,-999,-999,-999,-999,-999,-999,-999,-999,-999,-999,-999,-999,-999,"Dyke and Kaiser, 2010"
Aves,Pelecaniformes,Pelecanidae,Pelecanus,occidentalis,-999,Brown Pelican,-999,-999,-999,-999,27.83333333,-999,-999,-999,-999,-999,-999,-999,-999,-999,-999,-999,-999,-999,-999,-999,-999,-999,-999,-999,-999,-999,-999,-999,"Lutmerding, J.A. and A.S. Love, 2013"
Aves,Pelecaniformes,Pelecanidae,Pelecanus,occidentalis,-999,Brown Pelican,-999,2.6,-999,3057,-999,-999,-999,-999,-999,-999,-999,-999,-999,-999,2824,3290,3057,45.4,73,-999,-999,-999,-999,-999,-999,-999,-999,-999,"Serrano-Meneses and Szekely, 2006"
Aves,Pelecaniformes,Pelecanidae,Pelecanus,occidentalis,-999,Brown Pelican,-999,-999,-999,-999,31,-999,-999,-999,-999,-999,-999,-999,-999,-999,-999,-999,-999,-999,-999,-999,-999,-999,-999,-999,-999,-999,-999,-999,"Carey, J.R. and D.S. Judge, 2002"
Aves,Pelecaniformes,Pelecanidae,Pelecanus,occidentalis,-999,Brown Pelican,-999,-999,-999,-999,19.7,-999,-999,-999,-999,-999,-999,-999,-999,-999,-999,-999,-999,-999,-999,-999,-999,-999,-999,-999,-999,-999,-999,-999,"Carey, J.R. and D.S. Judge, 2002"
Aves,Pelecaniformes,Pelecanidae,Pelecanus,occidentalis,-999,Brown Pelican,-999,-999,-999,-999,-999,-999,-999,-999,-999,92.1,-999,-999,-999,-999,-999,-999,-999,-999,-999,-999,-999,-999,-999,-999,-999,-999,-999,-999,"Carey, C., Rahn, H., Parisi, P., 1980"
Aves,Pelecaniformes,Pelecanidae,Pelecanus,occidentalis,-999,Brown Pelican,-999,-999,-999,-999,-999,-999,-999,-999,-999,92.1,-999,-999,-999,-999,-999,-999,-999,-999,-999,-999,-999,-999,-999,-999,-999,-999,-999,-999,"Carey, C., Rahn, H., Parisi, P., 1980"
Aves,Pelecaniformes,Pelecanidae,Pelecanus,occidentalis,-999,Brown Pelican,-999,-999,-999,-999,-999,-999,-999,-999,-999,-999,-999,76,-999,-999,-999,-999,-999,-999,-999,-999,-999,-999,-999,-999,-999,-999,-999,-999,"Carrier, D.R., Auriemma, J., 1992"
Aves,Pelecaniformes,Pelecanidae,Pelecanus,occidentalis,-999,Brown Pelican,-999,-999,-999,-999,-999,-999,-999,-999,-999,-999,-999,76,-999,-999,-999,-999,-999,-999,-999,-999,-999,-999,-999,-999,-999,-999,-999,-999,"Carrier, D.R., Auriemma, J., 1992"
Aves,Pelecaniformes,Pelecanidae,Pelecanus,occidentalis,-999,Brown Pelican,-999,-999,-999,-999,-999,-999,-999,-999,-999,-999,-999,-999,-999,-999,-999,3702,-999,-999,-999,-999,-999,-999,-999,-999,-999,-999,-999,-999,"Carrier, D.R., Auriemma, J., 1992"
Aves,Pelecaniformes,Pelecanidae,Pelecanus,occidentalis,-999,Brown Pelican,-999,-999,-999,-999,-999,-999,-999,-999,-999,-999,-999,-999,-999,-999,-999,4200,-999,-999,-999,-999,-999,-999,-999,-999,-999,-999,-999,-999,"Carrier, D.R., Auriemma, J., 1992"
Aves,Pelecaniformes,Pelecanidae,Pelecanus,occidentalis,-999,Brown Pelican,-999,-999,-999,3057,31,-999,-999,-999,-999,-999,-999,-999,-999,-999,-999,-999,3057,-999,-999,-999,-999,-999,-999,-999,-999,-999,-999,-999,"Wasser, D.E. and P.W. Sherman, 2010"
Aves,Pelecaniformes,Pelecanidae,Pelecanus,occidentalis,-999,Brown Pelican,-999,-999,-999,-999,43,-999,-999,-999,-999,-999,-999,-999,-999,-999,-999,-999,-999,-999,-999,-999,-999,-999,-999,-999,-999,-999,-999,-999,"Wasser, D.E. and P.W. Sherman, 2010"
Aves,Pelecaniformes,Pelecanidae,Pelecanus,occidentalis,-999,Brown Pelican,-999,2.6,-999,4550,-999,-999,-999,-999,-999,105.5,-999,-999,-999,-999,3940,5160,4550,-999,-999,-999,-999,-999,-999,-999,-999,-999,-999,-999,"Krist, 2011"
Aves,Phoenicopteriformes,Phoenicopteridae,Phoenicopterus,roseus,-999,Greater Flamingo,-999,-999,-999,2615,-999,-999,-999,-999,-999,-999,-999,-999,-999,-999,2615,-999,-999,-999,-999,-999,-999,-999,-999,-999,-999,-999,-999,-999,"Dunning, 1992"
Aves,Phoenicopteriformes,Phoenicopteridae,Phoenicopterus,roseus,-999,Greater Flamingo,-999,-999,-999,2665,-999,-999,-999,-999,-999,-999,-999,-999,-999,-999,2665,-999,-999,-999,-999,-999,-999,-999,-999,-999,-999,-999,-999,-999,"Dunning, 1992"
Aves,Phoenicopteriformes,Phoenicopteridae,Phoenicopterus,roseus,-999,Greater Flamingo,-999,-999,-999,3516.5,-999,-999,-999,-999,-999,-999,-999,-999,-999,-999,-999,3516.5,-999,-999,-999,-999,-999,-999,-999,-999,-999,-999,-999,-999,"Dunning, 1992"
Aves,Phoenicopteriformes,Phoenicopteridae,Phoenicopterus,roseus,-999,Greater Flamingo,-999,-999,-999,3570,-999,-999,-999,-999,-999,-999,-999,-999,-999,-999,-999,3570,-999,-999,-999,-999,-999,-999,-999,-999,-999,-999,-999,-999,"Dunning, 1992"
Aves,Phoenicopteriformes,Phoenicopteridae,Phoenicopterus,roseus,-999,Greater Flamingo,-999,1,-999,-999,-999,-999,-999,-999,-999,-999,-999,-999,-999,-999,-999,-999,-999,-999,-999,-999,-999,-999,-999,-999,-999,-999,-999,-999,"Jetz, Sekercioglu, and Bohning-Gaese, 2008"
Aves,Phoenicopteriformes,Phoenicopteridae,Phoenicopterus,roseus,-999,Greater Flamingo,-999,1,-999,3052,-999,-999,-999,-999,-999,142,-999,-999,-999,-999,2525,3579,-999,-999,-999,-999,-999,-999,-999,-999,-999,-999,-999,-999,"Szekely, Lislevand, and Figuerola, 2007"
Aves,Phoenicopteriformes,Phoenicopteridae,Phoenicopterus,roseus,-999,Greater Flamingo,1825,1,-999,2500,44,-999,-999,-999,-999,-999,30,-999,1825,-999,-999,-999,-999,-999,-999,-999,-999,-999,-999,-999,-999,-999,-999,-999,"de Magalhaes and Costa, 2009"
Aves,Phoenicopteriformes,Phoenicopteridae,Phoenicopterus,roseus,-999,Greater Flamingo,1825,-999,-999,3035,44,-999,-999,-999,-999,-999,30,-999,-999,-999,-999,-999,-999,-999,-999,-999,-999,-999,-999,-999,-999,-999,-999,-999,"Ricklefs, 2010b"
Aves,Phoenicopteriformes,Phoenicopteridae,Phoenicopterus,roseus,-999,Greater Flamingo,908.67,1,1.5,3052,13.33333333,-999,-999,85,-999,142,29.5,72.5,-999,-999,2525,3579,-999,-999,-999,-999,-999,-999,-999,-999,-999,-999,-999,-999,"Bennett, 1986"
Aves,Phoenicopteriformes,Phoenicopteridae,Phoenicopterus,roseus,-999,Greater Flamingo,-999,-999,-999,2530,-999,-999,-999,-999,-999,142.7,-999,-999,-999,-999,2530,-999,-999,-999,-999,-999,-999,-999,-999,-999,-999,-999,-999,-999,"Dyke and Kaiser, 2010"
Aves,Phoenicopteriformes,Phoenicopteridae,Phoenicopterus,roseus,-999,Greater Flamingo,-999,-999,-999,-999,13.16666667,-999,-999,-999,-999,-999,-999,-999,-999,-999,-999,-999,-999,-999,-999,-999,-999,-999,-999,-999,-999,-999,-999,-999,"Lutmerding, J.A. and A.S. Love, 2013"
Aves,Phoenicopteriformes,Phoenicopteridae,Phoenicopterus,roseus,-999,Greater Flamingo,-999,-999,-999,-999,27.5,-999,-999,-999,-999,-999,-999,-999,-999,-999,-999,-999,-999,-999,-999,-999,-999,-999,-999,-999,-999,-999,-999,-999,"Fransson, T., Kolehmainen, T., Kroon, C. et al., 2010"
Aves,Phoenicopteriformes,Phoenicopteridae,Phoenicopterus,roseus,-999,Greater Flamingo,-999,-999,-999,-999,13.2,-999,-999,-999,-999,-999,-999,-999,-999,-999,-999,-999,-999,-999,-999,-999,-999,-999,-999,-999,-999,-999,-999,-999,"Carey, J.R. and D.S. Judge, 2002"
Aves,Phoenicopteriformes,Phoenicopteridae,Phoenicopterus,roseus,-999,Greater Flamingo,-999,-999,-999,-999,44,-999,-999,-999,-999,-999,-999,-999,-999,-999,-999,-999,-999,-999,-999,-999,-999,-999,-999,-999,-999,-999,-999,-999,"Carey, J.R. and D.S. Judge, 2002"
Aves,Phoenicopteriformes,Phoenicopteridae,Phoenicopterus,roseus,-999,Greater Flamingo,-999,-999,-999,3052,44,-999,-999,-999,-999,-999,-999,-999,-999,-999,-999,-999,3052,-999,-999,-999,-999,-999,-999,-999,-999,-999,-999,-999,"Wasser, D.E. and P.W. Sherman, 2010"
Aves,Phoenicopteriformes,Phoenicopteridae,Phoenicopterus,roseus,-999,Greater Flamingo,-999,-999,-999,-999,33,-999,-999,-999,-999,-999,-999,-999,-999,-999,-999,-999,-999,-999,-999,-999,-999,-999,-999,-999,-999,-999,-999,-999,"Wasser, D.E. and P.W. Sherman, 2010"
Aves,Phoenicopteriformes,Phoenicopteridae,Phoenicopterus,roseus,-999,Greater Flamingo,-999,-999,-999,-999,83,-999,-999,-999,-999,-999,-999,-999,-999,-999,-999,-999,-999,-999,-999,-999,-999,-999,-999,-999,-999,-999,-999,-999,"BC Birds - Hassel, Personal Communication"
Aves,Piciformes,Ramphastidae,Ramphastos,toco,-999,Toco Toucan,-999,3,-999,-999,-999,-999,-999,-999,-999,-999,-999,-999,-999,-999,-999,-999,-999,-999,-999,-999,58,-999,-999,-999,-999,-999,-999,-999,"Boyer, A.G., Cartron, J-L.E., and J.H. Brown, 2009"
Aves,Piciformes,Ramphastidae,Ramphastos,toco,-999,Toco Toucan,-999,-999,-999,618,-999,-999,-999,-999,-999,-999,-999,-999,-999,-999,-999,-999,618,-999,-999,-999,-999,-999,-999,-999,-999,-999,-999,-999,"Dunning, 1992"
Aves,Piciformes,Ramphastidae,Ramphastos,toco,-999,Toco Toucan,-999,-999,-999,680,-999,-999,-999,-999,-999,-999,-999,-999,-999,-999,-999,-999,680,-999,-999,-999,-999,-999,-999,-999,-999,-999,-999,-999,"Dunning, 1992"
Aves,Piciformes,Ramphastidae,Ramphastos,toco,-999,Toco Toucan,-999,2.8,-999,-999,-999,-999,-999,-999,-999,-999,-999,-999,-999,-999,-999,-999,-999,-999,-999,-999,-999,-999,-999,-999,-999,-999,-999,-999,"Jetz, Sekercioglu, and Bohning-Gaese, 2008"
Aves,Piciformes,Ramphastidae,Ramphastos,toco,-999,Toco Toucan,-999,-999,-999,339,-999,-999,-999,-999,-999,17.3,15.3,-999,-999,-999,-999,-999,-999,-999,-999,-999,-999,-999,-999,-999,-999,-999,-999,-999,"Ricklefs, 2010b"
Aves,Procellariiformes,Diomedeidae,Diomedea,exulans,-999,Wandering Albatross,-999,-999,-999,6303.333333,-999,-999,-999,-999,-999,-999,-999,-999,-999,-999,6303.333333,-999,-999,-999,-999,-999,-999,-999,-999,-999,-999,-999,-999,-999,"Dunning, 1992"
Aves,Procellariiformes,Diomedeidae,Diomedea,exulans,-999,Wandering Albatross,-999,-999,-999,6637.5,-999,-999,-999,-999,-999,-999,-999,-999,-999,-999,6637.5,-999,-999,-999,-999,-999,-999,-999,-999,-999,-999,-999,-999,-999,"Dunning, 1992"
Aves,Procellariiformes,Diomedeidae,Diomedea,exulans,-999,Wandering Albatross,-999,-999,-999,7790,-999,-999,-999,-999,-999,-999,-999,-999,-999,-999,-999,7790,-999,-999,-999,-999,-999,-999,-999,-999,-999,-999,-999,-999,"Dunning, 1992"
Aves,Procellariiformes,Diomedeidae,Diomedea,exulans,-999,Wandering Albatross,-999,-999,-999,8225,-999,-999,-999,-999,-999,-999,-999,-999,-999,-999,-999,8225,-999,-999,-999,-999,-999,-999,-999,-999,-999,-999,-999,-999,"Dunning, 1992"
Aves,Procellariiformes,Diomedeidae,Diomedea,exulans,-999,Wandering Albatross,-999,1,-999,8190,-999,-999,-999,-999,-999,484,-999,-999,-999,-999,7270,9110,-999,-999,-999,-999,-999,-999,-999,-999,-999,-999,-999,-999,"Szekely, Lislevand, and Figuerola, 2007"
Aves,Procellariiformes,Diomedeidae,Diomedea,exulans,-999,Wandering Albatross,-999,-999,-999,7046.7,40,-999,-999,-999,-999,-999,-999,-999,-999,-999,-999,-999,8130,-999,-999,-999,-999,-999,-999,-999,-999,-999,-999,-999,"de Magalhaes and Costa, 2009"
Aves,Procellariiformes,Diomedeidae,Diomedea,exulans,-999,Wandering Albatross,1453.872,1,0.5,8734.666667,20.08333333,-999,-999,-999,-999,458,78.5,278,-999,-999,7686,9768,8750,-999,-999,-999,-999,-999,-999,-999,-999,-999,-999,-999,"Bennett, 1986"
Aves,Procellariiformes,Diomedeidae,Diomedea,exulans,-999,Wandering Albatross,-999,-999,-999,6950,-999,-999,-999,-999,-999,445,-999,-999,-999,-999,6950,-999,-999,-999,-999,-999,-999,-999,-999,-999,-999,-999,-999,-999,"Dyke and Kaiser, 2010"
Aves,Procellariiformes,Diomedeidae,Diomedea,exulans,-999,Wandering Albatross,3944.7,1,0.51,9600,-999,-999,-999,-999,-999,-999,79,79,-999,-999,-999,-999,9600,-999,-999,-999,-999,-999,-999,-999,-999,-999,-999,-999,"Jouventin and Dobson, 2002"
Aves,Procellariiformes,Diomedeidae,Diomedea,exulans,-999,Wandering Albatross,-999,-999,-999,-999,32.58333333,-999,-999,-999,-999,-999,-999,-999,-999,-999,-999,-999,-999,-999,-999,-999,-999,-999,-999,-999,-999,-999,-999,-999,"Lutmerding, J.A. and A.S. Love, 2013"
Aves,Procellariiformes,Diomedeidae,Diomedea,exulans,-999,Wandering Albatross,-999,1,-999,8190,-999,-999,-999,-999,-999,-999,-999,-999,-999,-999,7270,9110,8190,81,133.4,-999,-999,-999,-999,-999,-999,-999,-999,-999,"Serrano-Meneses and Szekely, 2006"
Aves,Procellariiformes,Diomedeidae,Diomedea,exulans,-999,Wandering Albatross,-999,1,0.510504202,9600,-999,-999,-999,-999,-999,476,-999,-999,-999,-999,-999,-999,9600,-999,-999,-999,-999,-999,-999,-999,-999,-999,-999,-999,"Werner and Griebeler, 2012"
Aves,Procellariiformes,Diomedeidae,Diomedea,exulans,-999,Wandering Albatross,-999,-999,-999,-999,-999,-999,-999,357.9,-999,-999,-999,-999,-999,-999,-999,-999,-999,-999,-999,-999,-999,-999,-999,-999,-999,-999,-999,-999,"Weimerskirch and Lys, 2000"
Aves,Procellariiformes,Diomedeidae,Diomedea,exulans,-999,Wandering Albatross,-999,-999,-999,-999,-999,-999,-999,-999,-999,-999,-999,262.9,-999,-999,-999,-999,-999,-999,-999,-999,-999,-999,-999,-999,-999,-999,-999,-999,"Weimerskirch and Lys, 2000"
Aves,Procellariiformes,Diomedeidae,Diomedea,exulans,-999,Wandering Albatross,-999,-999,-999,-999,-999,-999,-999,-999,-999,-999,-999,-999,-999,-999,-999,-999,-999,-999,-999,9992,-999,-999,-999,-999,-999,-999,-999,-999,"Weimerskirch and Lys, 2000"
Aves,Procellariiformes,Diomedeidae,Diomedea,exulans,-999,Wandering Albatross,-999,-999,-999,9600,-999,-999,-999,-999,-999,-999,-999,-999,-999,-999,-999,-999,-999,-999,-999,-999,-999,-999,-999,-999,-999,-999,-999,-999,"Dobson, F. and P. Jouventin, 2010"
Aves,Procellariiformes,Diomedeidae,Diomedea,exulans,-999,Wandering Albatross,3944.7,-999,-999,-999,-999,-999,-999,-999,-999,-999,-999,-999,-999,-999,-999,-999,-999,-999,-999,-999,-999,-999,-999,-999,-999,-999,-999,-999,"Dobson, F. and P. Jouventin, 2010"
Aves,Procellariiformes,Diomedeidae,Diomedea,exulans,-999,Wandering Albatross,-999,-999,-999,6270,-999,-999,-999,-999,-999,-999,-999,-999,-999,-999,-999,-999,-999,-999,-999,-999,-999,-999,-999,-999,-999,-999,-999,-999,"Dobson, F. and P. Jouventin, 2010"
Aves,Procellariiformes,Diomedeidae,Diomedea,exulans,-999,Wandering Albatross,3689.025,-999,-999,-999,-999,-999,-999,-999,-999,-999,-999,-999,-999,-999,-999,-999,-999,-999,-999,-999,-999,-999,-999,-999,-999,-999,-999,-999,"Dobson, F. and P. Jouventin, 2010"
Aves,Procellariiformes,Diomedeidae,Diomedea,exulans,-999,Wandering Albatross,-999,-999,-999,7050,-999,-999,-999,-999,-999,-999,-999,-999,-999,-999,-999,-999,-999,-999,-999,-999,-999,-999,-999,-999,-999,-999,-999,-999,"Dobson, F. and P. Jouventin, 2010"
Aves,Procellariiformes,Diomedeidae,Diomedea,exulans,-999,Wandering Albatross,3542.925,-999,-999,-999,-999,-999,-999,-999,-999,-999,-999,-999,-999,-999,-999,-999,-999,-999,-999,-999,-999,-999,-999,-999,-999,-999,-999,-999,"Dobson, F. and P. Jouventin, 2010"
Aves,Procellariiformes,Diomedeidae,Diomedea,exulans,-999,Wandering Albatross,-999,-999,-999,-999,40,-999,-999,-999,-999,-999,-999,-999,-999,-999,-999,-999,-999,-999,-999,-999,-999,-999,-999,-999,-999,-999,-999,-999,"Carey, J.R. and D.S. Judge, 2002"
Aves,Procellariiformes,Diomedeidae,Diomedea,exulans,-999,Wandering Albatross,3652.5,-999,-999,-999,-999,-999,-999,-999,-999,-999,-999,-999,-999,-999,-999,-999,-999,-999,-999,-999,-999,-999,-999,-999,-999,-999,-999,-999,"Saether, B-E., Bakke, O., 2000"
Aves,Procellariiformes,Diomedeidae,Diomedea,exulans,-999,Wandering Albatross,-999,-999,-999,-999,-999,-999,-999,-999,-999,-999,-999,278,-999,-999,-999,-999,-999,-999,-999,-999,-999,-999,-999,-999,-999,-999,-999,-999,"Carrier, D.R., Auriemma, J., 1992"
Aves,Procellariiformes,Diomedeidae,Diomedea,exulans,-999,Wandering Albatross,-999,-999,-999,-999,-999,-999,-999,-999,-999,-999,-999,-999,-999,-999,-999,8700,-999,-999,-999,-999,-999,-999,-999,-999,-999,-999,-999,-999,"Carrier, D.R., Auriemma, J., 1992"
Aves,Procellariiformes,Diomedeidae,Diomedea,exulans,-999,Wandering Albatross,-999,-999,-999,8727,-999,-999,-999,-999,-999,-999,-999,-999,-999,-999,-999,-999,8727,-999,-999,-999,-999,-999,-999,-999,-999,-999,-999,-999,"Wasser, D.E. and P.W. Sherman, 2010"
Aves,Procellariiformes,Diomedeidae,Diomedea,exulans,-999,Wandering Albatross,-999,-999,-999,-999,60,-999,-999,-999,-999,-999,-999,-999,-999,-999,-999,-999,-999,-999,-999,-999,-999,-999,-999,-999,-999,-999,-999,-999,"Wasser, D.E. and P.W. Sherman, 2010"
Aves,Procellariiformes,Diomedeidae,Diomedea,exulans,-999,Wandering Albatross,-999,-999,-999,-999,-999,-999,-999,-999,-999,-999,-999,277.7,-999,-999,-999,-999,-999,-999,-999,-999,-999,-999,-999,-999,-999,-999,-999,-999,"BC Birds - Tickell, W., 1991"
Aves,Procellariiformes,Diomedeidae,Diomedea,exulans,-999,Wandering Albatross,-999,-999,-999,-999,-999,-999,-999,-999,-999,-999,-999,-999,-999,-999,-999,9768,-999,-999,-999,-999,-999,-999,-999,-999,-999,-999,-999,-999,"BC Birds - Tickell, W., 1991"
Aves,Procellariiformes,Diomedeidae,Diomedea,exulans,-999,Wandering Albatross,-999,-999,-999,-999,-999,-999,-999,-999,-999,-999,-999,-999,-999,-999,-999,8193,-999,-999,-999,-999,-999,-999,-999,-999,-999,-999,-999,-999,"BC Birds - Tickell, W., 1991"
Aves,Procellariiformes,Diomedeidae,Diomedea,exulans,-999,Wandering Albatross,-999,-999,-999,-999,-999,-999,-999,-999,-999,-999,-999,-999,-999,-999,-999,11907,-999,-999,-999,-999,-999,-999,-999,-999,-999,-999,-999,-999,"BC Birds - Tickell, W., 1991"
Aves,Procellariiformes,Diomedeidae,Diomedea,exulans,-999,Wandering Albatross,-999,-999,-999,-999,-999,-999,-999,-999,-999,-999,-999,-999,-999,-999,7686,-999,-999,-999,-999,-999,-999,-999,-999,-999,-999,-999,-999,-999,"BC Birds - Tickell, W., 1991"
Aves,Procellariiformes,Diomedeidae,Diomedea,exulans,-999,Wandering Albatross,-999,-999,-999,-999,-999,-999,-999,-999,-999,-999,-999,-999,-999,-999,6719,-999,-999,-999,-999,-999,-999,-999,-999,-999,-999,-999,-999,-999,"BC Birds - Tickell, W., 1991"
Aves,Procellariiformes,Diomedeidae,Diomedea,exulans,-999,Wandering Albatross,-999,-999,-999,-999,-999,-999,-999,-999,-999,-999,-999,-999,-999,-999,8703,-999,-999,-999,-999,-999,-999,-999,-999,-999,-999,-999,-999,-999,"BC Birds - Tickell, W., 1991"
Aves,Procellariiformes,Diomedeidae,Diomedea,exulans,-999,Wandering Albatross,-999,-999,-999,-999,-999,-999,-999,-999,-999,-999,-999,-999,-999,1,-999,-999,-999,-999,-999,-999,-999,-999,-999,-999,-999,-999,-999,-999,"BC Birds - Tickell, W., 1991"
Aves,Procellariiformes,Diomedeidae,Diomedea,exulans,-999,Wandering Albatross,-999,-999,-999,-999,-999,-999,-999,-999,-999,-999,-999,-999,-999,2,-999,-999,-999,-999,-999,-999,-999,-999,-999,-999,-999,-999,-999,-999,"BC Birds - Tickell, W., 1991"
Aves,Procellariiformes,Diomedeidae,Diomedea,exulans,-999,Wandering Albatross,-999,1,-999,-999,-999,-999,-999,-999,-999,-999,-999,-999,-999,-999,-999,-999,-999,-999,-999,-999,-999,-999,-999,-999,-999,-999,-999,-999,"BC Birds - Tickell, W., 1991"
Aves,Procellariiformes,Diomedeidae,Diomedea,exulans,-999,Wandering Albatross,-999,-999,-999,-999,-999,-999,-999,-999,-999,-999,-999,-999,-999,-999,-999,-999,-999,-999,131.9,-999,-999,-999,-999,-999,-999,-999,-999,-999,"BC Birds - Tickell, W., 1991"
Aves,Procellariiformes,Diomedeidae,Diomedea,exulans,-999,Wandering Albatross,-999,-999,-999,-999,-999,-999,-999,-999,-999,-999,-999,-999,-999,-999,-999,-999,-999,-999,114,-999,-999,-999,-999,-999,-999,-999,-999,-999,"BC Birds - Tickell, W., 1991"
Aves,Procellariiformes,Diomedeidae,Diomedea,exulans,-999,Wandering Albatross,-999,-999,-999,-999,-999,-999,-999,-999,-999,-999,-999,-999,-999,-999,-999,-999,-999,-999,142,-999,-999,-999,-999,-999,-999,-999,-999,-999,"BC Birds - Tickell, W., 1991"
Aves,Procellariiformes,Diomedeidae,Diomedea,exulans,-999,Wandering Albatross,-999,-999,-999,-999,-999,-999,-999,-999,-999,-999,-999,-999,-999,-999,-999,-999,-999,-999,127,-999,-999,-999,-999,-999,-999,-999,-999,-999,"BC Birds - Tickell, W., 1991"
Aves,Procellariiformes,Diomedeidae,Diomedea,exulans,-999,Wandering Albatross,-999,-999,-999,-999,-999,-999,-999,-999,-999,-999,-999,-999,-999,-999,-999,-999,-999,-999,117.3,-999,-999,-999,-999,-999,-999,-999,-999,-999,"BC Birds - Tickell, W., 1991"
Aves,Procellariiformes,Diomedeidae,Diomedea,exulans,-999,Wandering Albatross,-999,-999,-999,-999,-999,-999,-999,-999,-999,-999,-999,-999,-999,-999,-999,-999,-999,-999,130.8,-999,-999,-999,-999,-999,-999,-999,-999,-999,"BC Birds - Tickell, W., 1991"
Aves,Procellariiformes,Diomedeidae,Diomedea,exulans,-999,Wandering Albatross,-999,-999,-999,-999,-999,-999,-999,-999,-999,-999,-999,-999,-999,-999,-999,-999,-999,81.4,-999,-999,-999,-999,-999,-999,-999,-999,-999,-999,"BC Birds - Tickell, W., 1991"
Aves,Procellariiformes,Diomedeidae,Diomedea,exulans,-999,Wandering Albatross,-999,-999,-999,-999,-999,-999,-999,-999,-999,-999,-999,-999,-999,-999,-999,-999,-999,78.5,-999,-999,-999,-999,-999,-999,-999,-999,-999,-999,"BC Birds - Tickell, W., 1991"
Aves,Procellariiformes,Diomedeidae,Diomedea,exulans,-999,Wandering Albatross,-999,-999,-999,-999,-999,-999,-999,-999,-999,-999,-999,-999,-999,-999,-999,-999,-999,86,-999,-999,-999,-999,-999,-999,-999,-999,-999,-999,"BC Birds - Tickell, W., 1991"
Aves,Procellariiformes,Diomedeidae,Diomedea,exulans,-999,Wandering Albatross,-999,-999,-999,-999,-999,-999,-999,-999,-999,-999,-999,-999,-999,-999,-999,-999,-999,77,-999,-999,-999,-999,-999,-999,-999,-999,-999,-999,"BC Birds - Tickell, W., 1991"
Aves,Procellariiformes,Diomedeidae,Diomedea,exulans,-999,Wandering Albatross,-999,-999,-999,-999,-999,-999,-999,-999,-999,-999,-999,-999,-999,-999,-999,-999,-999,71.6,-999,-999,-999,-999,-999,-999,-999,-999,-999,-999,"BC Birds - Tickell, W., 1991"
Aves,Procellariiformes,Diomedeidae,Diomedea,exulans,-999,Wandering Albatross,-999,-999,-999,-999,-999,-999,-999,-999,-999,-999,-999,-999,-999,-999,-999,-999,-999,82.3,-999,-999,-999,-999,-999,-999,-999,-999,-999,-999,"BC Birds - Tickell, W., 1991"
Aves,Procellariiformes,Diomedeidae,Diomedea,exulans,-999,Wandering Albatross,-999,-999,-999,-999,-999,-999,-999,-999,-999,448.5,-999,-999,-999,-999,-999,-999,-999,-999,-999,-999,-999,-999,-999,-999,-999,-999,-999,-999,"BC Birds - Tickell, W., 1991"
Aves,Procellariiformes,Diomedeidae,Diomedea,exulans,-999,Wandering Albatross,-999,-999,-999,-999,-999,-999,-999,-999,-999,-999,78.4,-999,-999,-999,-999,-999,-999,-999,-999,-999,-999,-999,-999,-999,-999,-999,-999,-999,"BC Birds - Tickell, W., 1991"
Aves,Procellariiformes,Diomedeidae,Diomedea,exulans,-999,Wandering Albatross,-999,-999,-999,-999,-999,-999,-999,-999,-999,-999,75,-999,-999,-999,-999,-999,-999,-999,-999,-999,-999,-999,-999,-999,-999,-999,-999,-999,"BC Birds - Tickell, W., 1991"
Aves,Procellariiformes,Diomedeidae,Diomedea,exulans,-999,Wandering Albatross,-999,-999,-999,-999,-999,-999,-999,-999,-999,-999,82,-999,-999,-999,-999,-999,-999,-999,-999,-999,-999,-999,-999,-999,-999,-999,-999,-999,"BC Birds - Tickell, W., 1991"
Aves,Procellariiformes,Diomedeidae,Diomedea,exulans,-999,Wandering Albatross,-999,-999,-999,-999,-999,-999,-999,-999,-999,-999,-999,263,-999,-999,-999,-999,-999,-999,-999,-999,-999,-999,-999,-999,-999,-999,-999,-999,"BC Birds - Tickell, W., 1991"
Aves,Procellariiformes,Diomedeidae,Diomedea,exulans,-999,Wandering Albatross,-999,-999,-999,-999,-999,-999,-999,-999,-999,-999,-999,303,-999,-999,-999,-999,-999,-999,-999,-999,-999,-999,-999,-999,-999,-999,-999,-999,"BC Birds - Tickell, W., 1991"
Aves,Procellariiformes,Diomedeidae,Diomedea,exulans,-999,Wandering Albatross,-999,-999,-999,-999,-999,-999,-999,303,-999,-999,-999,-999,-999,-999,-999,-999,-999,-999,-999,-999,-999,-999,-999,-999,-999,-999,-999,-999,"BC Birds - Tickell, W., 1991"
Aves,Procellariiformes,Diomedeidae,Diomedea,exulans,-999,Wandering Albatross,-999,-999,-999,-999,-999,-999,-999,330,-999,-999,-999,-999,-999,-999,-999,-999,-999,-999,-999,-999,-999,-999,-999,-999,-999,-999,-999,-999,"BC Birds - Tickell, W., 1991"
Aves,Procellariiformes,Diomedeidae,Diomedea,exulans,-999,Wandering Albatross,-999,-999,-999,-999,-999,-999,-999,340,-999,-999,-999,-999,-999,-999,-999,-999,-999,-999,-999,-999,-999,-999,-999,-999,-999,-999,-999,-999,"BC Birds - Tickell, W., 1991"
Aves,Procellariiformes,Diomedeidae,Diomedea,exulans,-999,Wandering Albatross,-999,-999,-999,-999,-999,-999,-999,360,-999,-999,-999,-999,-999,-999,-999,-999,-999,-999,-999,-999,-999,-999,-999,-999,-999,-999,-999,-999,"BC Birds - Tickell, W., 1991"
Aves,Procellariiformes,Diomedeidae,Diomedea,exulans,-999,Wandering Albatross,-999,-999,-999,-999,-999,-999,-999,368,-999,-999,-999,-999,-999,-999,-999,-999,-999,-999,-999,-999,-999,-999,-999,-999,-999,-999,-999,-999,"BC Birds - Tickell, W., 1991"
Aves,Procellariiformes,Diomedeidae,Diomedea,exulans,-999,Wandering Albatross,-999,-999,-999,-999,-999,-999,-999,410,-999,-999,-999,-999,-999,-999,-999,-999,-999,-999,-999,-999,-999,-999,-999,-999,-999,-999,-999,-999,"BC Birds - Tickell, W., 1991"
Aves,Procellariiformes,Diomedeidae,Diomedea,exulans,-999,Wandering Albatross,-999,-999,-999,-999,40,-999,-999,-999,-999,-999,-999,-999,-999,-999,-999,-999,-999,-999,-999,-999,-999,-999,-999,-999,-999,-999,-999,-999,"BC Birds - Walker and Elliott, 1999"
Aves,Procellariiformes,Diomedeidae,Diomedea,exulans,-999,Wandering Albatross,-999,-999,-999,-999,-999,-999,-999,-999,-999,-999,-999,-999,-999,-999,-999,-999,-999,-999,-999,-999,-999,-999,-999,-999,-999,-999,-999,3652.5,"BC Birds - Walker and Elliott, 1999"
Aves,Procellariiformes,Diomedeidae,Diomedea,exulans,-999,Wandering Albatross,-999,-999,-999,-999,-999,-999,-999,-999,-999,-999,-999,-999,-999,2,-999,-999,-999,-999,-999,-999,-999,-999,-999,-999,-999,-999,-999,-999,"BC Birds - Walker and Elliott, 1999"
Aves,Procellariiformes,Diomedeidae,Diomedea,exulans,-999,Wandering Albatross,-999,-999,-999,-999,-999,-999,-999,-999,-999,-999,-999,-999,-999,3,-999,-999,-999,-999,-999,-999,-999,-999,-999,-999,-999,-999,-999,-999,"BC Birds - Walker and Elliott, 1999"
Aves,Procellariiformes,Diomedeidae,Diomedea,exulans,-999,Wandering Albatross,-999,-999,-999,-999,-999,-999,-999,-999,-999,-999,-999,-999,-999,-999,-999,6800,-999,-999,-999,-999,-999,-999,-999,-999,-999,-999,-999,-999,"BC Birds - Walker and Elliott, 1999"
Aves,Procellariiformes,Diomedeidae,Diomedea,exulans,-999,Wandering Albatross,-999,-999,-999,-999,-999,-999,-999,-999,-999,-999,-999,-999,-999,-999,-999,5500,-999,-999,-999,-999,-999,-999,-999,-999,-999,-999,-999,-999,"BC Birds - Walker and Elliott, 1999"
Aves,Procellariiformes,Diomedeidae,Diomedea,exulans,-999,Wandering Albatross,-999,-999,-999,-999,-999,-999,-999,-999,-999,-999,-999,-999,-999,-999,-999,8600,-999,-999,-999,-999,-999,-999,-999,-999,-999,-999,-999,-999,"BC Birds - Walker and Elliott, 1999"
Aves,Procellariiformes,Diomedeidae,Diomedea,exulans,-999,Wandering Albatross,-999,-999,-999,-999,-999,-999,-999,-999,-999,-999,-999,-999,-999,-999,5800,-999,-999,-999,-999,-999,-999,-999,-999,-999,-999,-999,-999,-999,"BC Birds - Walker and Elliott, 1999"
Aves,Procellariiformes,Diomedeidae,Diomedea,exulans,-999,Wandering Albatross,-999,-999,-999,-999,-999,-999,-999,-999,-999,-999,-999,-999,-999,-999,4600,-999,-999,-999,-999,-999,-999,-999,-999,-999,-999,-999,-999,-999,"BC Birds - Walker and Elliott, 1999"
Aves,Procellariiformes,Diomedeidae,Diomedea,exulans,-999,Wandering Albatross,-999,-999,-999,-999,-999,-999,-999,-999,-999,-999,-999,-999,-999,-999,7300,-999,-999,-999,-999,-999,-999,-999,-999,-999,-999,-999,-999,-999,"BC Birds - Walker and Elliott, 1999"
Aves,Procellariiformes,Diomedeidae,Diomedea,exulans,-999,Wandering Albatross,-999,1,-999,7618.5,-999,-999,-999,-999,-999,469.7,-999,-999,-999,-999,6678,8559,7618.5,-999,-999,-999,-999,-999,-999,-999,-999,-999,-999,-999,"Krist, 2011"
Aves,Procellariiformes,Diomedeidae,Phoebastria,immutabilis,-999,Laysan Albatross,-999,-999,-999,2990,-999,-999,-999,-999,-999,-999,-999,-999,-999,-999,2990,-999,-999,-999,-999,-999,-999,-999,-999,-999,-999,-999,-999,-999,"Dunning, 1992"
Aves,Procellariiformes,Diomedeidae,Phoebastria,immutabilis,-999,Laysan Albatross,-999,-999,-999,3050,-999,-999,-999,-999,-999,-999,-999,-999,-999,-999,3050,-999,-999,-999,-999,-999,-999,-999,-999,-999,-999,-999,-999,-999,"Dunning, 1992"
Aves,Procellariiformes,Diomedeidae,Phoebastria,immutabilis,-999,Laysan Albatross,-999,-999,-999,3310,-999,-999,-999,-999,-999,-999,-999,-999,-999,-999,-999,3310,-999,-999,-999,-999,-999,-999,-999,-999,-999,-999,-999,-999,"Dunning, 1992"
Aves,Procellariiformes,Diomedeidae,Phoebastria,immutabilis,-999,Laysan Albatross,-999,-999,-999,3400,-999,-999,-999,-999,-999,-999,-999,-999,-999,-999,-999,3400,-999,-999,-999,-999,-999,-999,-999,-999,-999,-999,-999,-999,"Dunning, 1992"
Aves,Procellariiformes,Diomedeidae,Phoebastria,immutabilis,-999,Laysan Albatross,-999,-999,-999,3150,-999,-999,-999,-999,-999,288,-999,-999,-999,-999,2990,3310,-999,-999,-999,-999,-999,-999,-999,-999,-999,-999,-999,-999,"Szekely, Lislevand, and Figuerola, 2007"
Aves,Procellariiformes,Diomedeidae,Phoebastria,immutabilis,-999,Laysan Albatross,3141,1,1,3150,53,-999,-999,167.2,-999,-999,64,-999,3068,-999,-999,-999,2522,-999,-999,-999,-999,-999,-999,-999,-999,-999,-999,-999,"de Magalhaes and Costa, 2009"
Aves,Procellariiformes,Diomedeidae,Phoebastria,immutabilis,-999,Laysan Albatross,2544.276,1,1,3058.333333,37.41666667,-999,-999,-999,-999,279,65,165,-999,-999,2853,3230,3092,-999,-999,-999,-999,-999,-999,-999,-999,-999,-999,-999,"Bennett, 1986"
Aves,Procellariiformes,Diomedeidae,Phoebastria,immutabilis,-999,Laysan Albatross,-999,-999,-999,2750,-999,-999,-999,-999,-999,279,-999,-999,-999,-999,2750,-999,-999,-999,-999,-999,-999,-999,-999,-999,-999,-999,-999,-999,"Dyke and Kaiser, 2010"
Aves,Procellariiformes,Diomedeidae,Phoebastria,immutabilis,-999,Laysan Albatross,3141.15,1,0.8,2900,-999,-999,-999,-999,-999,-999,64,64,-999,-999,-999,-999,2900,-999,-999,-999,-999,-999,-999,-999,-999,-999,-999,-999,"Jouventin and Dobson, 2002"
Aves,Procellariiformes,Diomedeidae,Phoebastria,immutabilis,-999,Laysan Albatross,-999,-999,-999,-999,60,-999,-999,-999,-999,-999,-999,-999,-999,-999,-999,-999,-999,-999,-999,-999,-999,-999,-999,-999,-999,-999,-999,-999,"Lutmerding, J.A. and A.S. Love, 2013"
Aves,Procellariiformes,Diomedeidae,Phoebastria,immutabilis,-999,Laysan Albatross,-999,1,-999,3150,-999,-999,-999,-999,-999,-999,-999,-999,-999,-999,2990,3310,3150,68.6,107.6,-999,-999,-999,-999,-999,-999,-999,-999,-999,"Serrano-Meneses and Szekely, 2006"
Aves,Procellariiformes,Diomedeidae,Phoebastria,immutabilis,-999,Laysan Albatross,-999,1,0.80075188,2900,-999,-999,-999,-999,-999,266,-999,-999,-999,-999,-999,-999,2900,-999,-999,-999,-999,-999,-999,-999,-999,-999,-999,-999,"Werner and Griebeler, 2012"
Aves,Procellariiformes,Diomedeidae,Phoebastria,immutabilis,-999,Laysan Albatross,-999,-999,-999,2900,-999,-999,-999,-999,-999,-999,-999,-999,-999,-999,-999,-999,-999,-999,-999,-999,-999,-999,-999,-999,-999,-999,-999,-999,"Dobson, F. and P. Jouventin, 2010"
Aves,Procellariiformes,Diomedeidae,Phoebastria,immutabilis,-999,Laysan Albatross,3141.15,-999,-999,-999,-999,-999,-999,-999,-999,-999,-999,-999,-999,-999,-999,-999,-999,-999,-999,-999,-999,-999,-999,-999,-999,-999,-999,-999,"Dobson, F. and P. Jouventin, 2010"
Aves,Procellariiformes,Diomedeidae,Phoebastria,immutabilis,-999,Laysan Albatross,-999,-999,-999,-999,53,-999,-999,-999,-999,-999,-999,-999,-999,-999,-999,-999,-999,-999,-999,-999,-999,-999,-999,-999,-999,-999,-999,-999,"Carey, J.R. and D.S. Judge, 2002"
Aves,Procellariiformes,Diomedeidae,Phoebastria,immutabilis,-999,Laysan Albatross,-999,-999,-999,-999,37.4,-999,-999,-999,-999,-999,-999,-999,-999,-999,-999,-999,-999,-999,-999,-999,-999,-999,-999,-999,-999,-999,-999,-999,"Carey, J.R. and D.S. Judge, 2002"
Aves,Procellariiformes,Diomedeidae,Phoebastria,immutabilis,-999,Laysan Albatross,-999,-999,-999,-999,-999,-999,-999,-999,-999,-999,-999,165,-999,-999,-999,-999,-999,-999,-999,-999,-999,-999,-999,-999,-999,-999,-999,-999,"Carrier, D.R., Auriemma, J., 1992"
Aves,Procellariiformes,Diomedeidae,Phoebastria,immutabilis,-999,Laysan Albatross,-999,-999,-999,-999,-999,-999,-999,-999,-999,-999,-999,-999,-999,-999,-999,2450,-999,-999,-999,-999,-999,-999,-999,-999,-999,-999,-999,-999,"Carrier, D.R., Auriemma, J., 1992"
Aves,Procellariiformes,Diomedeidae,Phoebastria,immutabilis,-999,Laysan Albatross,-999,-999,-999,2400,-999,-999,-999,-999,-999,-999,-999,-999,-999,-999,-999,-999,2400,-999,-999,-999,-999,-999,-999,-999,-999,-999,-999,-999,"Wasser, D.E. and P.W. Sherman, 2010"
Aves,Procellariiformes,Diomedeidae,Phoebastria,immutabilis,-999,Laysan Albatross,-999,-999,-999,-999,53,-999,-999,-999,-999,-999,-999,-999,-999,-999,-999,-999,-999,-999,-999,-999,-999,-999,-999,-999,-999,-999,-999,-999,"Wasser, D.E. and P.W. Sherman, 2010"
Aves,Psittaciformes,Cacatuidae,Cacatua,galerita,-999,Sulphur-crested Cockatoo,-999,3,-999,-999,-999,-999,-999,-999,-999,-999,-999,-999,-999,-999,-999,-999,-999,-999,-999,-999,44.5,-999,-999,-999,-999,-999,-999,-999,"Boyer, A.G., Cartron, J-L.E., and J.H. Brown, 2009"
Aves,Psittaciformes,Cacatuidae,Cacatua,galerita,-999,Sulphur-crested Cockatoo,-999,-999,-999,723.5,-999,-999,-999,-999,-999,-999,-999,-999,-999,-999,-999,-999,723.5,-999,-999,-999,-999,-999,-999,-999,-999,-999,-999,-999,"Dunning, 1992"
Aves,Psittaciformes,Cacatuidae,Cacatua,galerita,-999,Sulphur-crested Cockatoo,-999,-999,-999,725.5,-999,-999,-999,-999,-999,-999,-999,-999,-999,-999,-999,-999,725.5,-999,-999,-999,-999,-999,-999,-999,-999,-999,-999,-999,"Dunning, 1992"
Aves,Psittaciformes,Cacatuidae,Cacatua,galerita,-999,Sulphur-crested Cockatoo,-999,-999,-999,284,-999,-999,-999,-999,-999,-999,-999,-999,-999,-999,284,-999,-999,-999,-999,-999,-999,-999,-999,-999,-999,-999,-999,-999,"Dunning, 1992"
Aves,Psittaciformes,Cacatuidae,Cacatua,galerita,-999,Sulphur-crested Cockatoo,-999,-999,-999,284.5,-999,-999,-999,-999,-999,-999,-999,-999,-999,-999,284.5,-999,-999,-999,-999,-999,-999,-999,-999,-999,-999,-999,-999,-999,"Dunning, 1992"
Aves,Psittaciformes,Cacatuidae,Cacatua,galerita,-999,Sulphur-crested Cockatoo,-999,-999,-999,324,-999,-999,-999,-999,-999,-999,-999,-999,-999,-999,-999,324,-999,-999,-999,-999,-999,-999,-999,-999,-999,-999,-999,-999,"Dunning, 1992"
Aves,Psittaciformes,Cacatuidae,Cacatua,galerita,-999,Sulphur-crested Cockatoo,-999,2.4,-999,-999,-999,-999,-999,-999,-999,-999,-999,-999,-999,-999,-999,-999,-999,-999,-999,-999,-999,-999,-999,-999,-999,-999,-999,-999,"Jetz, Sekercioglu, and Bohning-Gaese, 2008"
Aves,Psittaciformes,Cacatuidae,Cacatua,galerita,-999,Sulphur-crested Cockatoo,-999,2.4,-999,-999,-999,-999,-999,-999,-999,-999,-999,-999,-999,-999,-999,-999,-999,-999,-999,-999,-999,-999,-999,-999,-999,-999,-999,-999,"Jetz, Sekercioglu, and Bohning-Gaese, 2008"
Aves,Psittaciformes,Cacatuidae,Cacatua,galerita,-999,Sulphur-crested Cockatoo,-999,2.5,-999,789.75,-999,-999,-999,-999,-999,28,-999,-999,-999,-999,764.5,815,-999,-999,-999,-999,-999,-999,-999,-999,-999,-999,-999,-999,"Szekely, Lislevand, and Figuerola, 2007"
Aves,Psittaciformes,Cacatuidae,Cacatua,galerita,-999,Sulphur-crested Cockatoo,-999,2,-999,800,57,-999,-999,-999,-999,-999,27,-999,-999,-999,-999,-999,776.1,-999,-999,-999,-999,-999,-999,-999,-999,-999,-999,-999,"de Magalhaes and Costa, 2009"
Aves,Psittaciformes,Cacatuidae,Cacatua,galerita,-999,Sulphur-crested Cockatoo,-999,-999,-999,340,49.7,-999,-999,-999,-999,-999,-999,-999,-999,-999,-999,-999,-999,-999,-999,-999,-999,-999,-999,-999,-999,-999,-999,-999,"de Magalhaes and Costa, 2009"
Aves,Psittaciformes,Cacatuidae,Cacatua,galerita,-999,Sulphur-crested Cockatoo,-999,-999,-999,450,57,-999,-999,-999,-999,27.3,30,-999,-999,-999,-999,-999,-999,-999,-999,-999,-999,-999,-999,-999,-999,-999,-999,-999,"Ricklefs, 2010b"
Aves,Psittaciformes,Cacatuidae,Cacatua,galerita,-999,Sulphur-crested Cockatoo,-999,3,-999,450,-999,-999,-999,-999,-999,15.9,24,70,-999,-999,450,-999,-999,-999,-999,-999,-999,-999,-999,-999,-999,-999,-999,-999,"Bennett, 1986"
Aves,Psittaciformes,Cacatuidae,Cacatua,galerita,-999,Sulphur-crested Cockatoo,2180.808,2.5,-999,892,-999,-999,-999,-999,-999,28,30,70,-999,-999,-999,-999,892,-999,-999,-999,-999,-999,-999,-999,-999,-999,-999,-999,"Bennett, 1986"
Aves,Psittaciformes,Cacatuidae,Cacatua,galerita,-999,Sulphur-crested Cockatoo,-999,-999,-999,-999,-999,-999,-999,-999,-999,-999,-999,-999,-999,-999,-999,-999,750,-999,-999,-999,-999,-999,-999,-999,-999,-999,-999,-999,"Iwaniuk, A.N., Nelson, J.E., 2002"
Aves,Psittaciformes,Cacatuidae,Cacatua,galerita,-999,Sulphur-crested Cockatoo,-999,-999,-999,-999,-999,-999,-999,-999,-999,-999,-999,-999,-999,-999,-999,-999,900,-999,-999,-999,-999,-999,-999,-999,-999,-999,-999,-999,"Iwaniuk, A.N., Nelson, J.E., 2002"
Aves,Psittaciformes,Cacatuidae,Cacatua,galerita,-999,Sulphur-crested Cockatoo,-999,-999,-999,895,120,-999,-999,-999,-999,-999,-999,-999,-999,-999,-999,-999,895,-999,-999,-999,-999,-999,-999,-999,-999,-999,-999,-999,"Wasser, D.E. and P.W. Sherman, 2010"
Aves,Psittaciformes,Cacatuidae,Cacatua,galerita,-999,Sulphur-crested Cockatoo,-999,-999,-999,359,49.7,-999,-999,-999,-999,-999,-999,-999,-999,-999,-999,-999,359,-999,-999,-999,-999,-999,-999,-999,-999,-999,-999,-999,"Wasser, D.E. and P.W. Sherman, 2010"
Aves,Psittaciformes,Cacatuidae,Cacatua,galerita,-999,Sulphur-crested Cockatoo,-999,-999,-999,-999,100,-999,-999,-999,-999,-999,-999,-999,-999,-999,-999,-999,-999,-999,-999,-999,-999,-999,-999,-999,-999,-999,-999,-999,"Wasser, D.E. and P.W. Sherman, 2010"
Aves,Psittaciformes,Cacatuidae,Cacatua,galerita,-999,Sulphur-crested Cockatoo,-999,-999,-999,700,-999,-999,-999,-999,-999,-999,-999,-999,-999,-999,-999,-999,-999,-999,-999,-999,-999,-999,-999,-999,-999,-999,-999,-999,"BC Birds - Meyers et al., 2009"
Aves,Psittaciformes,Cacatuidae,Cacatua,galerita,-999,Sulphur-crested Cockatoo,-999,-999,-999,950,-999,-999,-999,-999,-999,-999,-999,-999,-999,-999,-999,-999,-999,-999,-999,-999,-999,-999,-999,-999,-999,-999,-999,-999,"BC Birds - Meyers et al., 2009"
Aves,Psittaciformes,Cacatuidae,Cacatua,galerita,-999,Sulphur-crested Cockatoo,-999,-999,-999,800,-999,-999,-999,-999,-999,-999,-999,-999,-999,-999,-999,-999,-999,-999,-999,-999,-999,-999,-999,-999,-999,-999,-999,-999,"BC Birds - Meyers et al., 2009"
Aves,Psittaciformes,Cacatuidae,Cacatua,galerita,-999,Sulphur-crested Cockatoo,-999,-999,-999,-999,-999,-999,-999,-999,-999,-999,-999,-999,-999,1,-999,-999,-999,-999,-999,-999,-999,-999,-999,-999,-999,-999,-999,-999,"BC Birds - Meyers et al., 2009"
Aves,Psittaciformes,Cacatuidae,Cacatua,galerita,-999,Sulphur-crested Cockatoo,-999,-999,1,-999,-999,-999,-999,-999,-999,-999,-999,-999,-999,-999,-999,-999,-999,-999,-999,-999,-999,-999,-999,-999,-999,-999,-999,-999,"BC Birds - Meyers et al., 2009"
Aves,Psittaciformes,Cacatuidae,Cacatua,galerita,-999,Sulphur-crested Cockatoo,-999,2,-999,-999,-999,-999,-999,-999,-999,-999,-999,-999,-999,-999,-999,-999,-999,-999,-999,-999,-999,-999,-999,-999,-999,-999,-999,-999,"BC Birds - Meyers et al., 2009"
Aves,Psittaciformes,Cacatuidae,Cacatua,galerita,-999,Sulphur-crested Cockatoo,-999,3,-999,-999,-999,-999,-999,-999,-999,-999,-999,-999,-999,-999,-999,-999,-999,-999,-999,-999,-999,-999,-999,-999,-999,-999,-999,-999,"BC Birds - Meyers et al., 2009"
Aves,Psittaciformes,Cacatuidae,Cacatua,galerita,-999,Sulphur-crested Cockatoo,-999,-999,-999,-999,-999,-999,-999,-999,-999,-999,27,-999,-999,-999,-999,-999,-999,-999,-999,-999,-999,-999,-999,-999,-999,-999,-999,-999,"BC Birds - Meyers et al., 2009"
Aves,Psittaciformes,Cacatuidae,Cacatua,galerita,-999,Sulphur-crested Cockatoo,-999,-999,-999,-999,-999,-999,-999,-999,-999,-999,-999,70,-999,-999,-999,-999,-999,-999,-999,-999,-999,-999,-999,-999,-999,-999,-999,-999,"BC Birds - Meyers et al., 2009"
Aves,Psittaciformes,Cacatuidae,Cacatua,galerita,-999,Sulphur-crested Cockatoo,1095.75,-999,-999,-999,-999,-999,-999,-999,-999,-999,-999,-999,-999,-999,-999,-999,-999,-999,-999,-999,-999,-999,-999,-999,-999,-999,-999,-999,"BC Birds - Meyers et al., 2009"
Aves,Psittaciformes,Cacatuidae,Cacatua,galerita,-999,Sulphur-crested Cockatoo,1461,-999,-999,-999,-999,-999,-999,-999,-999,-999,-999,-999,-999,-999,-999,-999,-999,-999,-999,-999,-999,-999,-999,-999,-999,-999,-999,-999,"BC Birds - Meyers et al., 2009"
Aves,Psittaciformes,Cacatuidae,Cacatua,galerita,-999,Sulphur-crested Cockatoo,-999,-999,-999,-999,-999,-999,-999,-999,-999,-999,-999,-999,1095.75,-999,-999,-999,-999,-999,-999,-999,-999,-999,-999,-999,-999,-999,-999,-999,"BC Birds - Meyers et al., 2009"
Aves,Psittaciformes,Cacatuidae,Cacatua,galerita,-999,Sulphur-crested Cockatoo,-999,-999,-999,-999,-999,-999,-999,-999,-999,-999,-999,-999,1461,-999,-999,-999,-999,-999,-999,-999,-999,-999,-999,-999,-999,-999,-999,-999,"BC Birds - Meyers et al., 2009"
Aves,Psittaciformes,Cacatuidae,Cacatua,galerita,-999,Sulphur-crested Cockatoo,-999,-999,-999,-999,57,-999,-999,-999,-999,-999,-999,-999,-999,-999,-999,-999,-999,-999,-999,-999,-999,-999,-999,-999,-999,-999,-999,-999,"BC Birds - Meyers et al., 2009"
Aves,Psittaciformes,Cacatuidae,Cacatua,galerita,-999,Sulphur-crested Cockatoo,-999,-999,-999,-999,40,-999,-999,-999,-999,-999,-999,-999,-999,-999,-999,-999,-999,-999,-999,-999,-999,-999,-999,-999,-999,-999,-999,-999,"BC Birds - Meyers et al., 2009"
Aves,Psittaciformes,Cacatuidae,Cacatua,galerita,-999,Sulphur-crested Cockatoo,-999,-999,-999,-999,120,-999,-999,-999,-999,-999,-999,-999,-999,-999,-999,-999,-999,-999,-999,-999,-999,-999,-999,-999,-999,-999,-999,-999,"BC Birds - Meyers et al., 2009"
Aves,Psittaciformes,Cacatuidae,Cacatua,galerita,-999,Sulphur-crested Cockatoo,-999,-999,-999,-999,65,-999,-999,-999,-999,-999,-999,-999,-999,-999,-999,-999,-999,-999,-999,-999,-999,-999,-999,-999,-999,-999,-999,-999,"BC Birds - Meyers et al., 2009"
Aves,Psittaciformes,Cacatuidae,Cacatua,galerita,-999,Sulphur-crested Cockatoo,-999,-999,-999,-999,40,-999,-999,-999,-999,-999,-999,-999,-999,-999,-999,-999,-999,-999,-999,-999,-999,-999,-999,-999,-999,-999,-999,-999,"BC Birds - Meyers et al., 2009"
Aves,Psittaciformes,Cacatuidae,Cacatua,galerita,-999,Sulphur-crested Cockatoo,-999,-999,-999,-999,65,-999,-999,-999,-999,-999,-999,-999,-999,-999,-999,-999,-999,-999,-999,-999,-999,-999,-999,-999,-999,-999,-999,-999,"BC Birds - Meyers et al., 2009"
Aves,Psittaciformes,Cacatuidae,Cacatua,galerita,-999,Sulphur-crested Cockatoo,-999,-999,-999,-999,57,-999,-999,-999,-999,-999,-999,-999,-999,-999,-999,-999,-999,-999,-999,-999,-999,-999,-999,-999,-999,-999,-999,-999,"BC Birds - Tacutu, R., T. Craig, A. Budovsky et al. 2013"
Aves,Psittaciformes,Cacatuidae,Cacatua,galerita,-999,Sulphur-crested Cockatoo,-999,-999,-999,-999,-999,-999,-999,-999,-999,-999,27,-999,-999,-999,-999,-999,-999,-999,-999,-999,-999,-999,-999,-999,-999,-999,-999,-999,"BC Birds - Tacutu, R., T. Craig, A. Budovsky et al. 2013"
Aves,Psittaciformes,Cacatuidae,Cacatua,galerita,-999,Sulphur-crested Cockatoo,-999,2,-999,-999,-999,-999,-999,-999,-999,-999,-999,-999,-999,-999,-999,-999,-999,-999,-999,-999,-999,-999,-999,-999,-999,-999,-999,-999,"BC Birds - Tacutu, R., T. Craig, A. Budovsky et al. 2013"
Aves,Psittaciformes,Cacatuidae,Cacatua,galerita,-999,Sulphur-crested Cockatoo,-999,-999,-999,800,-999,-999,-999,-999,-999,-999,-999,-999,-999,-999,-999,-999,-999,-999,-999,-999,-999,-999,-999,-999,-999,-999,-999,-999,"BC Birds - Tacutu, R., T. Craig, A. Budovsky et al. 2013"
Aves,Psittaciformes,Psittacidae,Ara,macao,-999,Scarlet Macaw,-999,1.5,-999,-999,-999,-999,-999,-999,-999,-999,-999,-999,-999,-999,-999,-999,-999,-999,-999,-999,-999,-999,-999,-999,-999,-999,-999,-999,"Pereira, H.M., Daily, G.C. and J. Roughgarden, 2004"
Aves,Psittaciformes,Psittacidae,Ara,macao,-999,Scarlet Macaw,-999,-999,-999,1015,-999,-999,-999,-999,-999,-999,-999,-999,-999,-999,-999,-999,1015,-999,-999,-999,-999,-999,-999,-999,-999,-999,-999,-999,"Dunning, 1992"
Aves,Psittaciformes,Psittacidae,Ara,macao,-999,Scarlet Macaw,-999,2,-999,-999,-999,-999,-999,-999,-999,-999,-999,-999,-999,-999,-999,-999,-999,-999,-999,-999,-999,-999,-999,-999,-999,-999,-999,-999,"Jetz, Sekercioglu, and Bohning-Gaese, 2008"
Aves,Psittaciformes,Psittacidae,Ara,macao,-999,Scarlet Macaw,-999,-999,-999,1040,33,-999,-999,-999,-999,-999,-999,-999,-999,-999,-999,-999,-999,-999,-999,-999,-999,-999,-999,-999,-999,-999,-999,-999,"de Magalhaes and Costa, 2009"
Aves,Psittaciformes,Psittacidae,Ara,macao,-999,Scarlet Macaw,-999,-999,-999,1015,33,-999,-999,-999,-999,-999,-999,-999,-999,-999,-999,-999,-999,-999,-999,-999,-999,-999,-999,-999,-999,-999,-999,-999,"Ricklefs, 2010b"
Aves,Psittaciformes,Psittacidae,Ara,macao,-999,Scarlet Macaw,-999,-999,-999,915.3,-999,-999,-999,-999,-999,-999,-999,-999,-999,-999,-999,-999,-999,-999,-999,-999,-999,-999,-999,-999,-999,-999,-999,-999,"Schuck-Paima, C., Alonsob, W.J., and E.B. Ottonia, 2008"
Aves,Psittaciformes,Psittacidae,Ara,macao,-999,Scarlet Macaw,-999,-999,-999,900,-999,-999,-999,-999,-999,29.3,-999,-999,-999,-999,900,-999,-999,-999,-999,-999,-999,-999,-999,-999,-999,-999,-999,-999,"Bennett, 1986"
Aves,Psittaciformes,Psittacidae,Ara,macao,-999,Scarlet Macaw,-999,-999,-999,-999,64,-999,-999,-999,-999,-999,-999,-999,-999,-999,-999,-999,-999,-999,-999,-999,-999,-999,-999,-999,-999,-999,-999,-999,"Carey, J.R. and D.S. Judge, 2002"
Aves,Psittaciformes,Psittacidae,Ara,macao,-999,Scarlet Macaw,-999,-999,-999,1195,64,-999,-999,-999,-999,-999,-999,-999,-999,-999,-999,-999,1195,-999,-999,-999,-999,-999,-999,-999,-999,-999,-999,-999,"Wasser, D.E. and P.W. Sherman, 2010"
Aves,Sphenisciformes,Spheniscidae,Aptenodytes,forsteri,-999,Emperor Penguin,-999,1,-999,-999,-999,-999,-999,-999,-999,-999,-999,-999,-999,-999,-999,-999,-999,-999,-999,-999,115,-999,-999,-999,-999,-999,-999,-999,"Boyer, A.G., Cartron, J-L.E., and J.H. Brown, 2009"
Aves,Sphenisciformes,Spheniscidae,Aptenodytes,forsteri,-999,Emperor Penguin,-999,-999,-999,29500,-999,-999,-999,-999,-999,-999,-999,-999,-999,-999,29500,-999,-999,-999,-999,-999,-999,-999,-999,-999,-999,-999,-999,-999,"Dunning, 1992"
Aves,Sphenisciformes,Spheniscidae,Aptenodytes,forsteri,-999,Emperor Penguin,-999,-999,-999,38200,-999,-999,-999,-999,-999,-999,-999,-999,-999,-999,-999,38200,-999,-999,-999,-999,-999,-999,-999,-999,-999,-999,-999,-999,"Dunning, 1992"
Aves,Sphenisciformes,Spheniscidae,Aptenodytes,forsteri,-999,Emperor Penguin,-999,1,-999,33850,-999,-999,-999,-999,-999,425,-999,-999,-999,-999,29500,38200,-999,-999,-999,-999,-999,-999,-999,-999,-999,-999,-999,-999,"Szekely, Lislevand, and Figuerola, 2007"
Aves,Sphenisciformes,Spheniscidae,Aptenodytes,forsteri,-999,Emperor Penguin,1272.138,1,1,27500,-999,-999,-999,-999,-999,445,63,165,-999,-999,-999,-999,27500,-999,-999,-999,-999,-999,-999,-999,-999,-999,-999,-999,"Bennett, 1986"
Aves,Sphenisciformes,Spheniscidae,Aptenodytes,forsteri,-999,Emperor Penguin,-999,-999,-999,-999,-999,-999,-999,-999,-999,469,-999,-999,-999,-999,-999,-999,-999,-999,-999,-999,-999,-999,-999,-999,-999,-999,-999,-999,"Carey, C., Rahn, H., Parisi, P., 1980"
Aves,Sphenisciformes,Spheniscidae,Aptenodytes,forsteri,-999,Emperor Penguin,-999,-999,-999,22000,-999,-999,-999,-999,-999,-999,-999,-999,-999,-999,-999,-999,-999,-999,-999,-999,-999,-999,-999,-999,-999,-999,-999,-999,"BC Birds - Meyers et al., 2009"
Aves,Sphenisciformes,Spheniscidae,Aptenodytes,forsteri,-999,Emperor Penguin,-999,-999,-999,37000,-999,-999,-999,-999,-999,-999,-999,-999,-999,-999,-999,-999,-999,-999,-999,-999,-999,-999,-999,-999,-999,-999,-999,-999,"BC Birds - Meyers et al., 2009"
Aves,Sphenisciformes,Spheniscidae,Aptenodytes,forsteri,-999,Emperor Penguin,-999,-999,-999,-999,-999,-999,-999,-999,-999,-999,-999,-999,-999,1,-999,-999,-999,-999,-999,-999,-999,-999,-999,-999,-999,-999,-999,-999,"BC Birds - Meyers et al., 2009"
Aves,Sphenisciformes,Spheniscidae,Aptenodytes,forsteri,-999,Emperor Penguin,-999,1,-999,-999,-999,-999,-999,-999,-999,-999,-999,-999,-999,-999,-999,-999,-999,-999,-999,-999,-999,-999,-999,-999,-999,-999,-999,-999,"BC Birds - Meyers et al., 2009"
Aves,Sphenisciformes,Spheniscidae,Aptenodytes,forsteri,-999,Emperor Penguin,-999,1,-999,-999,-999,-999,-999,-999,-999,-999,-999,-999,-999,-999,-999,-999,-999,-999,-999,-999,-999,-999,-999,-999,-999,-999,-999,-999,"BC Birds - Meyers et al., 2009"
Aves,Sphenisciformes,Spheniscidae,Aptenodytes,forsteri,-999,Emperor Penguin,-999,-999,-999,-999,-999,-999,-999,-999,-999,-999,64,-999,-999,-999,-999,-999,-999,-999,-999,-999,-999,-999,-999,-999,-999,-999,-999,-999,"BC Birds - Meyers et al., 2009"
Aves,Sphenisciformes,Spheniscidae,Aptenodytes,forsteri,-999,Emperor Penguin,-999,-999,-999,-999,-999,-999,-999,-999,-999,-999,-999,150,-999,-999,-999,-999,-999,-999,-999,-999,-999,-999,-999,-999,-999,-999,-999,-999,"BC Birds - Meyers et al., 2009"
Aves,Sphenisciformes,Spheniscidae,Aptenodytes,forsteri,-999,Emperor Penguin,1826.25,-999,-999,-999,-999,-999,-999,-999,-999,-999,-999,-999,-999,-999,-999,-999,-999,-999,-999,-999,-999,-999,-999,-999,-999,-999,-999,-999,"BC Birds - Meyers et al., 2009"
Aves,Sphenisciformes,Spheniscidae,Aptenodytes,forsteri,-999,Emperor Penguin,-999,-999,-999,-999,-999,-999,-999,-999,-999,-999,-999,-999,1826.25,-999,-999,-999,-999,-999,-999,-999,-999,-999,-999,-999,-999,-999,-999,-999,"BC Birds - Meyers et al., 2009"
Aves,Sphenisciformes,Spheniscidae,Aptenodytes,forsteri,-999,Emperor Penguin,-999,-999,-999,-999,-999,-999,-999,-999,-999,-999,-999,-999,2191.5,-999,-999,-999,-999,-999,-999,-999,-999,-999,-999,-999,-999,-999,-999,-999,"BC Birds - Meyers et al., 2009"
Aves,Sphenisciformes,Spheniscidae,Aptenodytes,forsteri,-999,Emperor Penguin,-999,-999,-999,-999,19.9,-999,-999,-999,-999,-999,-999,-999,-999,-999,-999,-999,-999,-999,-999,-999,-999,-999,-999,-999,-999,-999,-999,-999,"BC Birds - Meyers et al., 2009"
Aves,Sphenisciformes,Spheniscidae,Aptenodytes,forsteri,-999,Emperor Penguin,1825,-999,-999,-999,-999,-999,-999,-999,-999,-999,-999,-999,-999,-999,-999,-999,-999,-999,-999,-999,-999,-999,-999,-999,-999,-999,-999,-999,"BC Birds - Tacutu, R., T. Craig, A. Budovsky et al. 2013"
Aves,Sphenisciformes,Spheniscidae,Aptenodytes,forsteri,-999,Emperor Penguin,-999,-999,-999,-999,-999,-999,-999,-999,-999,-999,-999,-999,2007,-999,-999,-999,-999,-999,-999,-999,-999,-999,-999,-999,-999,-999,-999,-999,"BC Birds - Tacutu, R., T. Craig, A. Budovsky et al. 2013"
Aves,Sphenisciformes,Spheniscidae,Aptenodytes,forsteri,-999,Emperor Penguin,-999,-999,-999,29500,-999,-999,-999,-999,-999,-999,-999,-999,-999,-999,-999,-999,-999,-999,-999,-999,-999,-999,-999,-999,-999,-999,-999,-999,"BC Birds - Tacutu, R., T. Craig, A. Budovsky et al. 2013"
Aves,Sphenisciformes,Spheniscidae,Aptenodytes,forsteri,-999,Emperor Penguin,-999,-999,-999,22000,-999,-999,-999,-999,-999,-999,-999,-999,-999,-999,-999,-999,-999,-999,-999,-999,-999,-999,-999,-999,-999,-999,-999,-999,"BC Birds - Wilson, 2003"
Aves,Sphenisciformes,Spheniscidae,Aptenodytes,forsteri,-999,Emperor Penguin,-999,-999,-999,45000,-999,-999,-999,-999,-999,-999,-999,-999,-999,-999,-999,-999,-999,-999,-999,-999,-999,-999,-999,-999,-999,-999,-999,-999,"BC Birds - Wilson, 2003"
Aves,Sphenisciformes,Spheniscidae,Aptenodytes,forsteri,-999,Emperor Penguin,-999,-999,-999,-999,20,-999,-999,-999,-999,-999,-999,-999,-999,-999,-999,-999,-999,-999,-999,-999,-999,-999,-999,-999,-999,-999,-999,-999,"BC Birds - Wilson, 2003"
Aves,Sphenisciformes,Spheniscidae,Aptenodytes,forsteri,-999,Emperor Penguin,-999,-999,-999,-999,40,-999,-999,-999,-999,-999,-999,-999,-999,-999,-999,-999,-999,-999,-999,-999,-999,-999,-999,-999,-999,-999,-999,-999,"BC Birds - Wilson, 2003"
Aves,Sphenisciformes,Spheniscidae,Aptenodytes,forsteri,-999,Emperor Penguin,-999,-999,-999,30000,-999,-999,-999,-999,-999,-999,-999,-999,-999,-999,-999,-999,-999,-999,-999,-999,-999,-999,-999,-999,-999,-999,-999,-999,"BC Birds - Sibly, R.M., Brown J.H., Kodric-Brown, A., 2012"
Aves,Sphenisciformes,Spheniscidae,Aptenodytes,forsteri,-999,Emperor Penguin,-999,-999,-999,20000,-999,-999,-999,-999,-999,-999,-999,-999,-999,-999,-999,-999,-999,-999,-999,-999,-999,-999,-999,-999,-999,-999,-999,-999,"BC Birds - Ponganis, P.J., Stockard, T.K., Meir, J.U., et al, 2009"
Aves,Sphenisciformes,Spheniscidae,Aptenodytes,forsteri,-999,Emperor Penguin,-999,-999,-999,30000,-999,-999,-999,-999,-999,-999,-999,-999,-999,-999,-999,-999,-999,-999,-999,-999,-999,-999,-999,-999,-999,-999,-999,-999,"BC Birds - Ponganis, P.J., Stockard, T.K., Meir, J.U., et al, 2009"
Aves,Sphenisciformes,Spheniscidae,Aptenodytes,patagonicus,-999,King Penguin,-999,1,-999,-999,-999,-999,-999,-999,-999,-999,-999,-999,-999,-999,-999,-999,-999,-999,-999,-999,90,-999,-999,-999,-999,-999,-999,-999,"Boyer, A.G., Cartron, J-L.E., and J.H. Brown, 2009"
Aves,Sphenisciformes,Spheniscidae,Aptenodytes,patagonicus,-999,King Penguin,-999,-999,-999,11067,-999,-999,-999,-999,-999,-999,-999,-999,-999,-999,11067,-999,-999,-999,-999,-999,-999,-999,-999,-999,-999,-999,-999,-999,"Dunning, 1992"
Aves,Sphenisciformes,Spheniscidae,Aptenodytes,patagonicus,-999,King Penguin,-999,-999,-999,11150,-999,-999,-999,-999,-999,-999,-999,-999,-999,-999,11150,-999,-999,-999,-999,-999,-999,-999,-999,-999,-999,-999,-999,-999,"Dunning, 1992"
Aves,Sphenisciformes,Spheniscidae,Aptenodytes,patagonicus,-999,King Penguin,-999,-999,-999,12435,-999,-999,-999,-999,-999,-999,-999,-999,-999,-999,-999,12435,-999,-999,-999,-999,-999,-999,-999,-999,-999,-999,-999,-999,"Dunning, 1992"
Aves,Sphenisciformes,Spheniscidae,Aptenodytes,patagonicus,-999,King Penguin,-999,-999,-999,12750,-999,-999,-999,-999,-999,-999,-999,-999,-999,-999,-999,12750,-999,-999,-999,-999,-999,-999,-999,-999,-999,-999,-999,-999,"Dunning, 1992"
Aves,Sphenisciformes,Spheniscidae,Aptenodytes,patagonicus,-999,King Penguin,-999,1,-999,12150,-999,-999,-999,-999,-999,306,-999,-999,-999,-999,11500,12800,-999,-999,-999,-999,-999,-999,-999,-999,-999,-999,-999,-999,"Szekely, Lislevand, and Figuerola, 2007"
Aves,Sphenisciformes,Spheniscidae,Aptenodytes,patagonicus,-999,King Penguin,-999,-999,-999,13036.8,26,-999,-999,-999,-999,-999,-999,-999,-999,-999,-999,-999,13270,-999,-999,-999,-999,-999,-999,-999,-999,-999,-999,-999,"de Magalhaes and Costa, 2009"
Aves,Sphenisciformes,Spheniscidae,Aptenodytes,patagonicus,-999,King Penguin,-999,-999,-999,16000,26,-999,-999,-999,-999,300,53,-999,-999,-999,-999,-999,-999,-999,-999,-999,-999,-999,-999,-999,-999,-999,-999,-999,"Ricklefs, 2010b"
Aves,Sphenisciformes,Spheniscidae,Aptenodytes,patagonicus,-999,King Penguin,1272.138,1,0.7,12800,-999,-999,-999,-999,-999,310,54,345,-999,-999,-999,-999,12800,-999,-999,-999,-999,-999,-999,-999,-999,-999,-999,-999,"Bennett, 1986"
Aves,Sphenisciformes,Spheniscidae,Aptenodytes,patagonicus,-999,King Penguin,-999,1,-999,15150,-999,-999,-999,-999,-999,-999,-999,-999,-999,-999,14300,16000,15150,73.9,104.1,-999,-999,-999,-999,-999,-999,-999,-999,-999,"Serrano-Meneses and Szekely, 2006"
Aves,Sphenisciformes,Spheniscidae,Aptenodytes,patagonicus,-999,King Penguin,-999,-999,-999,-999,26,-999,-999,-999,-999,-999,-999,-999,-999,-999,-999,-999,-999,-999,-999,-999,-999,-999,-999,-999,-999,-999,-999,-999,"Carey, J.R. and D.S. Judge, 2002"
Aves,Sphenisciformes,Spheniscidae,Aptenodytes,patagonicus,-999,King Penguin,-999,-999,-999,-999,23.7,-999,-999,-999,-999,-999,-999,-999,-999,-999,-999,-999,-999,-999,-999,-999,-999,-999,-999,-999,-999,-999,-999,-999,"Carey, J.R. and D.S. Judge, 2002"
Aves,Sphenisciformes,Spheniscidae,Aptenodytes,patagonicus,-999,King Penguin,2191.5,-999,-999,-999,-999,-999,-999,-999,-999,-999,-999,-999,-999,-999,-999,-999,-999,-999,-999,-999,-999,-999,-999,-999,-999,-999,-999,-999,"Saether, B-E., Bakke, O., 2000"
Aves,Sphenisciformes,Spheniscidae,Aptenodytes,patagonicus,-999,King Penguin,-999,-999,-999,13000,26,-999,-999,-999,-999,-999,-999,-999,-999,-999,-999,-999,13000,-999,-999,-999,-999,-999,-999,-999,-999,-999,-999,-999,"Wasser, D.E. and P.W. Sherman, 2010"
Aves,Sphenisciformes,Spheniscidae,Eudyptula,minor,-999,Little Penguin,-999,2,-999,-999,-999,-999,-999,-999,-999,-999,-999,-999,-999,-999,-999,-999,-999,-999,-999,-999,42.5,-999,-999,-999,-999,-999,-999,-999,"Boyer, A.G., Cartron, J-L.E., and J.H. Brown, 2009"
Aves,Sphenisciformes,Spheniscidae,Eudyptula,minor,-999,Little Penguin,-999,-999,-999,1063.75,-999,-999,-999,-999,-999,-999,-999,-999,-999,-999,1063.75,-999,-999,-999,-999,-999,-999,-999,-999,-999,-999,-999,-999,-999,"Dunning, 1992"
Aves,Sphenisciformes,Spheniscidae,Eudyptula,minor,-999,Little Penguin,-999,-999,-999,1147.625,-999,-999,-999,-999,-999,-999,-999,-999,-999,-999,1147.625,-999,-999,-999,-999,-999,-999,-999,-999,-999,-999,-999,-999,-999,"Dunning, 1992"
Aves,Sphenisciformes,Spheniscidae,Eudyptula,minor,-999,Little Penguin,-999,-999,-999,1177.25,-999,-999,-999,-999,-999,-999,-999,-999,-999,-999,-999,1177.25,-999,-999,-999,-999,-999,-999,-999,-999,-999,-999,-999,-999,"Dunning, 1992"
Aves,Sphenisciformes,Spheniscidae,Eudyptula,minor,-999,Little Penguin,-999,-999,-999,1206.875,-999,-999,-999,-999,-999,-999,-999,-999,-999,-999,-999,1206.875,-999,-999,-999,-999,-999,-999,-999,-999,-999,-999,-999,-999,"Dunning, 1992"
Aves,Sphenisciformes,Spheniscidae,Eudyptula,minor,-999,Little Penguin,-999,2,-999,1166.966667,-999,-999,-999,-999,-999,52,-999,-999,-999,-999,1085.2,1243.7,1172,-999,-999,-999,-999,-999,-999,-999,-999,-999,-999,-999,"Szekely, Lislevand, and Figuerola, 2007"
Aves,Sphenisciformes,Spheniscidae,Eudyptula,minor,-999,Little Penguin,-999,-999,-999,1100,-999,-999,-999,-999,-999,52,39,-999,-999,-999,-999,-999,-999,-999,-999,-999,-999,-999,-999,-999,-999,-999,-999,-999,"Ricklefs, 2010b"
Aves,Sphenisciformes,Spheniscidae,Eudyptula,minor,-999,Little Penguin,726.936,2,1.5,1100,16.91666667,-999,-999,-999,-999,52,37,55,-999,-999,-999,-999,1100,-999,-999,-999,-999,-999,-999,-999,-999,-999,-999,-999,"Bennett, 1986"
Aves,Sphenisciformes,Spheniscidae,Eudyptula,minor,-999,Little Penguin,-999,2,1.5,1500,11.08333333,-999,-999,-999,-999,55,38,36,-999,-999,-999,-999,1500,-999,-999,-999,-999,-999,-999,-999,-999,-999,-999,-999,"Bennett, 1986"
Aves,Sphenisciformes,Spheniscidae,Eudyptula,minor,-999,Little Penguin,-999,-999,-999,-999,-999,-999,-999,-999,-999,-999,-999,-999,-999,-999,-999,-999,631.9,-999,-999,-999,-999,-999,-999,-999,-999,-999,-999,-999,"Iwaniuk, A.N., Nelson, J.E., 2002"
Aves,Sphenisciformes,Spheniscidae,Pygoscelis,adeliae,-999,Adelie Penguin,-999,2,-999,-999,-999,-999,-999,-999,-999,-999,-999,-999,-999,-999,-999,-999,-999,-999,-999,-999,70,-999,-999,-999,-999,-999,-999,-999,"Boyer, A.G., Cartron, J-L.E., and J.H. Brown, 2009"
Aves,Sphenisciformes,Spheniscidae,Pygoscelis,adeliae,-999,Adelie Penguin,-999,-999,-999,4700,-999,-999,-999,-999,-999,-999,-999,-999,-999,-999,4700,-999,-999,-999,-999,-999,-999,-999,-999,-999,-999,-999,-999,-999,"Dunning, 1992"
Aves,Sphenisciformes,Spheniscidae,Pygoscelis,adeliae,-999,Adelie Penguin,-999,-999,-999,5000,-999,-999,-999,-999,-999,-999,-999,-999,-999,-999,-999,5000,-999,-999,-999,-999,-999,-999,-999,-999,-999,-999,-999,-999,"Dunning, 1992"
Aves,Sphenisciformes,Spheniscidae,Pygoscelis,adeliae,-999,Adelie Penguin,-999,2,-999,5030,-999,-999,-999,-999,-999,124,-999,-999,-999,-999,4740,5350,5000,-999,-999,-999,-999,-999,-999,-999,-999,-999,-999,-999,"Szekely, Lislevand, and Figuerola, 2007"
Aves,Sphenisciformes,Spheniscidae,Pygoscelis,adeliae,-999,Adelie Penguin,1272.138,2,1,4300,18,-999,-999,-999,-999,117,34,51,-999,-999,-999,-999,4300,-999,-999,-999,-999,-999,-999,-999,-999,-999,-999,-999,"Bennett, 1986"
Aves,Sphenisciformes,Spheniscidae,Pygoscelis,adeliae,-999,Adelie Penguin,-999,-999,-999,-999,-999,-999,-999,-999,-999,118,-999,-999,-999,-999,-999,-999,-999,-999,-999,-999,-999,-999,-999,-999,-999,-999,-999,-999,"Carey, C., Rahn, H., Parisi, P., 1980"
Aves,Sphenisciformes,Spheniscidae,Pygoscelis,adeliae,-999,Adelie Penguin,1461,-999,-999,-999,-999,-999,-999,-999,-999,-999,-999,-999,-999,-999,-999,-999,-999,-999,-999,-999,-999,-999,-999,-999,-999,-999,-999,-999,"Saether, B-E., Bakke, O., 2000"
Aves,Sphenisciformes,Spheniscidae,Pygoscelis,adeliae,-999,Adelie Penguin,-999,-999,-999,-999,-999,-999,-999,-999,-999,-999,-999,-999,-999,-999,-999,-999,-999,-999,-999,2800,-999,-999,-999,-999,-999,-999,-999,-999,"BC Birds - Salihoglu, B., Fraser, W.R., Hofmann, E.E., 2001"
Aves,Sphenisciformes,Spheniscidae,Pygoscelis,adeliae,-999,Adelie Penguin,-999,-999,-999,-999,-999,-999,-999,-999,-999,-999,-999,-999,-999,-999,-999,-999,-999,-999,-999,3200,-999,-999,-999,-999,-999,-999,-999,-999,"BC Birds - Salihoglu, B., Fraser, W.R., Hofmann, E.E., 2001"
Aves,Sphenisciformes,Spheniscidae,Pygoscelis,adeliae,-999,Adelie Penguin,-999,-999,-999,-999,-999,-999,-999,-999,-999,-999,-999,-999,-999,-999,-999,-999,-999,-999,-999,3100,-999,-999,-999,-999,-999,-999,-999,-999,"BC Birds - Kerry, K., Clarke, J., Else, G., 1993"
Aves,Sphenisciformes,Spheniscidae,Pygoscelis,papua,-999,Gentoo Penguin,-999,2,-999,-999,-999,-999,-999,-999,-999,-999,-999,-999,-999,-999,-999,-999,-999,-999,-999,-999,75,-999,-999,-999,-999,-999,-999,-999,"Boyer, A.G., Cartron, J-L.E., and J.H. Brown, 2009"
Aves,Sphenisciformes,Spheniscidae,Pygoscelis,papua,-999,Gentoo Penguin,-999,-999,-999,5500,-999,-999,-999,-999,-999,-999,-999,-999,-999,-999,5500,-999,-999,-999,-999,-999,-999,-999,-999,-999,-999,-999,-999,-999,"Dunning, 1992"
Aves,Sphenisciformes,Spheniscidae,Pygoscelis,papua,-999,Gentoo Penguin,-999,-999,-999,6400,-999,-999,-999,-999,-999,-999,-999,-999,-999,-999,-999,6400,-999,-999,-999,-999,-999,-999,-999,-999,-999,-999,-999,-999,"Dunning, 1992"
Aves,Sphenisciformes,Spheniscidae,Pygoscelis,papua,-999,Gentoo Penguin,-999,2,-999,5710,-999,-999,-999,-999,-999,136,-999,-999,-999,-999,5070,5860,6200,-999,-999,-999,-999,-999,-999,-999,-999,-999,-999,-999,"Szekely, Lislevand, and Figuerola, 2007"
Aves,Sphenisciformes,Spheniscidae,Pygoscelis,papua,-999,Gentoo Penguin,1272.138,2,1,6500,-999,-999,-999,-999,-999,138,37,80,-999,-999,-999,-999,6500,-999,-999,-999,-999,-999,-999,-999,-999,-999,-999,-999,"Bennett, 1986"
Aves,Sphenisciformes,Spheniscidae,Pygoscelis,papua,-999,Gentoo Penguin,-999,2,-999,5465,-999,-999,-999,-999,-999,-999,-999,-999,-999,-999,5070,5860,5465,57.7,68.1,-999,-999,-999,-999,-999,-999,-999,-999,-999,"Serrano-Meneses and Szekely, 2006"
Aves,Sphenisciformes,Spheniscidae,Pygoscelis,papua,-999,Gentoo Penguin,-999,-999,-999,4500,-999,-999,-999,-999,-999,-999,-999,-999,-999,-999,-999,-999,-999,-999,-999,-999,-999,-999,-999,-999,-999,-999,-999,-999,"BC Birds - Meyers et al., 2009"
Aves,Sphenisciformes,Spheniscidae,Pygoscelis,papua,-999,Gentoo Penguin,-999,-999,-999,8500,-999,-999,-999,-999,-999,-999,-999,-999,-999,-999,-999,-999,-999,-999,-999,-999,-999,-999,-999,-999,-999,-999,-999,-999,"BC Birds - Meyers et al., 2009"
Aves,Sphenisciformes,Spheniscidae,Pygoscelis,papua,-999,Gentoo Penguin,-999,-999,-999,-999,-999,-999,-999,-999,-999,-999,-999,-999,-999,1,-999,-999,-999,-999,-999,-999,-999,-999,-999,-999,-999,-999,-999,-999,"BC Birds - Meyers et al., 2009"
Aves,Sphenisciformes,Spheniscidae,Pygoscelis,papua,-999,Gentoo Penguin,-999,1,-999,-999,-999,-999,-999,-999,-999,-999,-999,-999,-999,-999,-999,-999,-999,-999,-999,-999,-999,-999,-999,-999,-999,-999,-999,-999,"BC Birds - Meyers et al., 2009"
Aves,Sphenisciformes,Spheniscidae,Pygoscelis,papua,-999,Gentoo Penguin,-999,3,-999,-999,-999,-999,-999,-999,-999,-999,-999,-999,-999,-999,-999,-999,-999,-999,-999,-999,-999,-999,-999,-999,-999,-999,-999,-999,"BC Birds - Meyers et al., 2009"
Aves,Sphenisciformes,Spheniscidae,Pygoscelis,papua,-999,Gentoo Penguin,-999,-999,-999,-999,-999,-999,-999,-999,-999,-999,-999,75,-999,-999,-999,-999,-999,-999,-999,-999,-999,-999,-999,-999,-999,-999,-999,-999,"BC Birds - Meyers et al., 2009"
Aves,Sphenisciformes,Spheniscidae,Pygoscelis,papua,-999,Gentoo Penguin,-999,-999,-999,-999,-999,-999,-999,-999,-999,-999,-999,105,-999,-999,-999,-999,-999,-999,-999,-999,-999,-999,-999,-999,-999,-999,-999,-999,"BC Birds - Meyers et al., 2009"
Aves,Sphenisciformes,Spheniscidae,Pygoscelis,papua,-999,Gentoo Penguin,-999,-999,-999,-999,-999,-999,-999,-999,-999,-999,-999,80,-999,-999,-999,-999,-999,-999,-999,-999,-999,-999,-999,-999,-999,-999,-999,-999,"BC Birds - Meyers et al., 2009"
Aves,Sphenisciformes,Spheniscidae,Pygoscelis,papua,-999,Gentoo Penguin,730.5,-999,-999,-999,-999,-999,-999,-999,-999,-999,-999,-999,-999,-999,-999,-999,-999,-999,-999,-999,-999,-999,-999,-999,-999,-999,-999,-999,"BC Birds - Meyers et al., 2009"
Aves,Sphenisciformes,Spheniscidae,Pygoscelis,papua,-999,Gentoo Penguin,1095.75,-999,-999,-999,-999,-999,-999,-999,-999,-999,-999,-999,-999,-999,-999,-999,-999,-999,-999,-999,-999,-999,-999,-999,-999,-999,-999,-999,"BC Birds - Meyers et al., 2009"
Aves,Sphenisciformes,Spheniscidae,Pygoscelis,papua,-999,Gentoo Penguin,-999,-999,-999,-999,-999,-999,-999,-999,-999,-999,-999,-999,730.5,-999,-999,-999,-999,-999,-999,-999,-999,-999,-999,-999,-999,-999,-999,-999,"BC Birds - Meyers et al., 2009"
Aves,Sphenisciformes,Spheniscidae,Pygoscelis,papua,-999,Gentoo Penguin,-999,-999,-999,-999,-999,-999,-999,-999,-999,-999,-999,-999,1095.75,-999,-999,-999,-999,-999,-999,-999,-999,-999,-999,-999,-999,-999,-999,-999,"BC Birds - Meyers et al., 2009"
Aves,Sphenisciformes,Spheniscidae,Pygoscelis,papua,-999,Gentoo Penguin,730.5,-999,-999,-999,-999,-999,-999,-999,-999,-999,-999,-999,-999,-999,-999,-999,-999,-999,-999,-999,-999,-999,-999,-999,-999,-999,-999,-999,"BC Birds - Meyers et al., 2009"
Aves,Sphenisciformes,Spheniscidae,Pygoscelis,papua,-999,Gentoo Penguin,-999,-999,-999,-999,-999,-999,-999,-999,-999,-999,-999,-999,730.5,-999,-999,-999,-999,-999,-999,-999,-999,-999,-999,-999,-999,-999,-999,-999,"BC Birds - Meyers et al., 2009"
Aves,Sphenisciformes,Spheniscidae,Pygoscelis,papua,-999,Gentoo Penguin,-999,-999,-999,-999,13,-999,-999,-999,-999,-999,-999,-999,-999,-999,-999,-999,-999,-999,-999,-999,-999,-999,-999,-999,-999,-999,-999,-999,"BC Birds - Meyers et al., 2009"
Aves,Sphenisciformes,Spheniscidae,Pygoscelis,papua,-999,Gentoo Penguin,-999,-999,-999,-999,10.5,-999,-999,-999,-999,-999,-999,-999,-999,-999,-999,-999,-999,-999,-999,-999,-999,-999,-999,-999,-999,-999,-999,-999,"BC Birds - Meyers et al., 2009"
Aves,Sphenisciformes,Spheniscidae,Pygoscelis,papua,-999,Gentoo Penguin,730,-999,-999,-999,-999,-999,-999,-999,-999,-999,-999,-999,-999,-999,-999,-999,-999,-999,-999,-999,-999,-999,-999,-999,-999,-999,-999,-999,"BC Birds - Tacutu, R., T. Craig, A. Budovsky et al. 2013"
Aves,Sphenisciformes,Spheniscidae,Pygoscelis,papua,-999,Gentoo Penguin,-999,-999,-999,-999,-999,-999,-999,-999,-999,-999,-999,-999,730,-999,-999,-999,-999,-999,-999,-999,-999,-999,-999,-999,-999,-999,-999,-999,"BC Birds - Tacutu, R., T. Craig, A. Budovsky et al. 2013"
Aves,Sphenisciformes,Spheniscidae,Pygoscelis,papua,-999,Gentoo Penguin,-999,-999,-999,5950,-999,-999,-999,-999,-999,-999,-999,-999,-999,-999,-999,-999,-999,-999,-999,-999,-999,-999,-999,-999,-999,-999,-999,-999,"BC Birds - Tacutu, R., T. Craig, A. Budovsky et al. 2013"
Aves,Sphenisciformes,Spheniscidae,Pygoscelis,papua,-999,Gentoo Penguin,-999,2,-999,-999,-999,-999,-999,-999,-999,-999,-999,-999,-999,-999,-999,-999,-999,-999,-999,-999,-999,-999,-999,-999,-999,-999,-999,-999,"BC Birds - Tacutu, R., T. Craig, A. Budovsky et al. 2013"
Aves,Sphenisciformes,Spheniscidae,Pygoscelis,papua,-999,Gentoo Penguin,-999,-999,-999,-999,-999,-999,-999,-999,-999,-999,-999,85,-999,-999,-999,-999,-999,-999,-999,-999,-999,-999,-999,-999,-999,-999,-999,-999,"BC Birds - Wilson, 2003"
Aves,Sphenisciformes,Spheniscidae,Pygoscelis,papua,-999,Gentoo Penguin,-999,-999,-999,-999,-999,-999,-999,-999,-999,-999,-999,117,-999,-999,-999,-999,-999,-999,-999,-999,-999,-999,-999,-999,-999,-999,-999,-999,"BC Birds - Wilson, 2003"
Aves,Sphenisciformes,Spheniscidae,Pygoscelis,papua,-999,Gentoo Penguin,-999,-999,-999,6290,-999,-999,-999,-999,-999,-999,-999,-999,-999,-999,-999,-999,-999,-999,-999,-999,-999,-999,-999,-999,-999,-999,-999,-999,"BC Birds - Atanasov, 2012a"
Aves,Sphenisciformes,Spheniscidae,Pygoscelis,papua,-999,Gentoo Penguin,-999,-999,-999,-999,35,-999,-999,-999,-999,-999,-999,-999,-999,-999,-999,-999,-999,-999,-999,-999,-999,-999,-999,-999,-999,-999,-999,-999,"BC Birds - Atanasov, 2012a"
Aves,Sphenisciformes,Spheniscidae,Pygoscelis,papua,-999,Gentoo Penguin,-999,-999,-999,-999,-999,-999,-999,-999,-999,-999,-999,-999,-999,-999,-999,-999,-999,-999,-999,5470,-999,-999,-999,-999,-999,-999,-999,-999,"BC Birds - Croxall, J.P., Reid, K., Prince, P.A., 1999"
Aves,Sphenisciformes,Spheniscidae,Pygoscelis,papua,-999,Gentoo Penguin,-999,-999,-999,-999,-999,-999,-999,-999,-999,-999,-999,-999,-999,-999,-999,-999,-999,-999,-999,1800,-999,-999,-999,-999,-999,-999,-999,-999,"BC Birds - Croxall, J.P., Reid, K., Prince, P.A., 1999"
Aves,Sphenisciformes,Spheniscidae,Pygoscelis,papua,-999,Gentoo Penguin,-999,-999,-999,-999,-999,-999,-999,-999,-999,-999,-999,-999,-999,-999,-999,-999,-999,-999,-999,7450,-999,-999,-999,-999,-999,-999,-999,-999,"BC Birds - Croxall, J.P., Reid, K., Prince, P.A., 1999"
Aves,Sphenisciformes,Spheniscidae,Pygoscelis,papua,-999,Gentoo Penguin,-999,2,-999,5950,-999,-999,-999,-999,-999,138.3,-999,-999,-999,-999,5500,6400,5950,-999,-999,-999,-999,-999,-999,-999,-999,-999,-999,-999,"Krist, 2011"
Aves,Sphenisciformes,Spheniscidae,Spheniscus,demersus,-999,African Penguin,-999,2,-999,-999,-999,-999,-999,-999,-999,-999,-999,-999,-999,-999,-999,-999,-999,-999,-999,-999,68,-999,-999,-999,-999,-999,-999,-999,"Boyer, A.G., Cartron, J-L.E., and J.H. Brown, 2009"
Aves,Sphenisciformes,Spheniscidae,Spheniscus,demersus,-999,African Penguin,-999,-999,-999,2960,-999,-999,-999,-999,-999,-999,-999,-999,-999,-999,2960,-999,-999,-999,-999,-999,-999,-999,-999,-999,-999,-999,-999,-999,"Dunning, 1992"
Aves,Sphenisciformes,Spheniscidae,Spheniscus,demersus,-999,African Penguin,-999,-999,-999,3310,-999,-999,-999,-999,-999,-999,-999,-999,-999,-999,-999,3310,-999,-999,-999,-999,-999,-999,-999,-999,-999,-999,-999,-999,"Dunning, 1992"
Aves,Sphenisciformes,Spheniscidae,Spheniscus,demersus,-999,African Penguin,-999,2,-999,3400,-999,-999,-999,-999,-999,103,-999,-999,-999,-999,3200,3600,-999,-999,-999,-999,-999,-999,-999,-999,-999,-999,-999,-999,"Szekely, Lislevand, and Figuerola, 2007"
Aves,Sphenisciformes,Spheniscidae,Spheniscus,demersus,-999,African Penguin,-999,-999,-999,2900,-999,-999,-999,-999,-999,103,40,-999,-999,-999,-999,-999,-999,-999,-999,-999,-999,-999,-999,-999,-999,-999,-999,-999,"Ricklefs, 2010b"
Aves,Sphenisciformes,Spheniscidae,Spheniscus,demersus,-999,African Penguin,726.936,2,1.5,3233.333333,-999,-999,-999,60,-999,103,39,85,-999,-999,3200,3600,2900,-999,-999,-999,-999,-999,-999,-999,-999,-999,-999,-999,"Bennett, 1986"
Aves,Sphenisciformes,Spheniscidae,Spheniscus,demersus,-999,African Penguin,-999,-999,-999,2960,-999,-999,-999,-999,-999,103,-999,-999,-999,-999,2960,-999,-999,-999,-999,-999,-999,-999,-999,-999,-999,-999,-999,-999,"Dyke and Kaiser, 2010"
Aves,Sphenisciformes,Spheniscidae,Spheniscus,demersus,-999,African Penguin,-999,-999,-999,3500,-999,-999,-999,-999,-999,-999,-999,-999,-999,-999,-999,-999,3500,-999,-999,-999,-999,-999,-999,-999,-999,-999,-999,-999,"Wasser, D.E. and P.W. Sherman, 2010"
Aves,Sphenisciformes,Spheniscidae,Spheniscus,demersus,-999,African Penguin,-999,-999,-999,-999,11,-999,-999,-999,-999,-999,-999,-999,-999,-999,-999,-999,-999,-999,-999,-999,-999,-999,-999,-999,-999,-999,-999,-999,"Wasser, D.E. and P.W. Sherman, 2010"
Aves,Sphenisciformes,Spheniscidae,Spheniscus,demersus,-999,African Penguin,-999,2,-999,3400,-999,-999,-999,-999,-999,107,-999,-999,-999,-999,3200,3600,3400,-999,-999,-999,-999,-999,-999,-999,-999,-999,-999,-999,"Krist, 2011"
Aves,Strigiformes,Strigidae,Bubo,virginianus,-999,Great Horned Owl,-999,2,-999,-999,-999,-999,-999,-999,-999,-999,-999,-999,-999,-999,-999,-999,-999,-999,-999,-999,48,-999,-999,-999,-999,-999,-999,-999,"Boyer, A.G., Cartron, J-L.E., and J.H. Brown, 2009"
Aves,Strigiformes,Strigidae,Bubo,virginianus,-999,Great Horned Owl,-999,-999,-999,1034,-999,-999,-999,-999,-999,-999,-999,-999,-999,-999,-999,1034,-999,-999,-999,-999,-999,-999,-999,-999,-999,-999,-999,-999,"Dunning, 1992"
Aves,Strigiformes,Strigidae,Bubo,virginianus,-999,Great Horned Owl,-999,-999,-999,1076.5,-999,-999,-999,-999,-999,-999,-999,-999,-999,-999,-999,1076.5,-999,-999,-999,-999,-999,-999,-999,-999,-999,-999,-999,-999,"Dunning, 1992"
Aves,Strigiformes,Strigidae,Bubo,virginianus,-999,Great Horned Owl,-999,-999,-999,1348.5,-999,-999,-999,-999,-999,-999,-999,-999,-999,-999,1348.5,-999,-999,-999,-999,-999,-999,-999,-999,-999,-999,-999,-999,-999,"Dunning, 1992"
Aves,Strigiformes,Strigidae,Bubo,virginianus,-999,Great Horned Owl,-999,-999,-999,1377.25,-999,-999,-999,-999,-999,-999,-999,-999,-999,-999,1377.25,-999,-999,-999,-999,-999,-999,-999,-999,-999,-999,-999,-999,-999,"Dunning, 1992"
Aves,Strigiformes,Strigidae,Bubo,virginianus,-999,Great Horned Owl,-999,1.7,-999,-999,-999,-999,-999,-999,-999,-999,-999,-999,-999,-999,-999,-999,-999,-999,-999,-999,-999,-999,-999,-999,-999,-999,-999,-999,"Jetz, Sekercioglu, and Bohning-Gaese, 2008"
Aves,Strigiformes,Strigidae,Bubo,virginianus,-999,Great Horned Owl,-999,2.55,-999,1505,-999,-999,-999,-999,-999,69,-999,-999,-999,-999,1706,1304,-999,-999,-999,-999,-999,-999,-999,-999,-999,-999,-999,-999,"Szekely, Lislevand, and Figuerola, 2007"
Aves,Strigiformes,Strigidae,Bubo,virginianus,-999,Great Horned Owl,730,3,1,1191.2,29,-999,-999,34.7,-999,-999,27,-999,730,-999,-999,-999,1450,-999,-999,-999,-999,-999,-999,-999,-999,-999,-999,-999,"de Magalhaes and Costa, 2009"
Aves,Strigiformes,Strigidae,Bubo,virginianus,-999,Great Horned Owl,730,-999,-999,1543,29,-999,-999,-999,-999,-999,27,-999,-999,-999,-999,-999,-999,-999,-999,-999,-999,-999,-999,-999,-999,-999,-999,-999,"Ricklefs, 2010b"
Aves,Strigiformes,Strigidae,Bubo,virginianus,-999,Great Horned Owl,-999,2.5,1,1543.5,17.33333333,-999,-999,-999,-999,63.4,31.3,66.5,-999,-999,1769,1318,-999,-999,-999,-999,-999,-999,-999,-999,-999,-999,-999,-999,"Bennett, 1986"
Aves,Strigiformes,Strigidae,Bubo,virginianus,-999,Great Horned Owl,-999,-999,-999,-999,28,-999,-999,-999,-999,-999,-999,-999,-999,-999,-999,-999,-999,-999,-999,-999,-999,-999,-999,-999,-999,-999,-999,-999,"Lutmerding, J.A. and A.S. Love, 2013"
Aves,Strigiformes,Strigidae,Bubo,virginianus,-999,Great Horned Owl,-999,-999,-999,-999,17.3,-999,-999,-999,-999,-999,-999,-999,-999,-999,-999,-999,-999,-999,-999,-999,-999,-999,-999,-999,-999,-999,-999,-999,"Carey, J.R. and D.S. Judge, 2002"
Aves,Strigiformes,Strigidae,Bubo,virginianus,-999,Great Horned Owl,-999,-999,-999,-999,20.6,-999,-999,-999,-999,-999,-999,-999,-999,-999,-999,-999,-999,-999,-999,-999,-999,-999,-999,-999,-999,-999,-999,-999,"Carey, J.R. and D.S. Judge, 2002"
Aves,Strigiformes,Strigidae,Bubo,virginianus,-999,Great Horned Owl,-999,-999,-999,-999,-999,-999,-999,-999,-999,-999,-999,70,-999,-999,-999,-999,-999,-999,-999,-999,-999,-999,-999,-999,-999,-999,-999,-999,"Carrier, D.R., Auriemma, J., 1992"
Aves,Strigiformes,Strigidae,Bubo,virginianus,-999,Great Horned Owl,-999,-999,-999,-999,-999,-999,-999,-999,-999,-999,-999,-999,-999,-999,-999,1435,-999,-999,-999,-999,-999,-999,-999,-999,-999,-999,-999,-999,"Carrier, D.R., Auriemma, J., 1992"
Aves,Strigiformes,Strigidae,Bubo,virginianus,-999,Great Horned Owl,-999,-999,-999,-999,-999,-999,-999,-999,-999,-999,-999,-999,-999,-999,-999,-999,1415.8,-999,-999,-999,-999,-999,-999,-999,-999,-999,-999,-999,"Iwaniuk, A.N., Nelson, J.E., 2002"
Aves,Strigiformes,Strigidae,Bubo,virginianus,-999,Great Horned Owl,-999,-999,-999,1705,22,-999,-999,-999,-999,-999,-999,-999,-999,-999,-999,-999,1705,-999,-999,-999,-999,-999,-999,-999,-999,-999,-999,-999,"Wasser, D.E. and P.W. Sherman, 2010"
Aves,Strigiformes,Strigidae,Bubo,virginianus,-999,Great Horned Owl,-999,-999,-999,-999,20.6,-999,-999,-999,-999,-999,-999,-999,-999,-999,-999,-999,-999,-999,-999,-999,-999,-999,-999,-999,-999,-999,-999,-999,"Wasser, D.E. and P.W. Sherman, 2010"
Aves,Strigiformes,Tytonidae,Tyto,alba,-999,Western Barn Owl,365.25,4.5,-999,-999,-999,-999,-999,-999,-999,-999,-999,-999,-999,-999,-999,-999,-999,-999,-999,-999,-999,-999,-999,-999,-999,-999,-999,-999,"Pereira, H.M., Daily, G.C. and J. Roughgarden, 2004"
Aves,Strigiformes,Tytonidae,Tyto,alba,-999,Western Barn Owl,-999,-999,-999,355,-999,-999,-999,-999,-999,-999,-999,-999,-999,-999,-999,-999,355,-999,-999,-999,-999,-999,-999,-999,-999,-999,-999,-999,"Dunning, 1992"
Aves,Strigiformes,Tytonidae,Tyto,alba,-999,Western Barn Owl,-999,-999,-999,360,-999,-999,-999,-999,-999,-999,-999,-999,-999,-999,-999,-999,360,-999,-999,-999,-999,-999,-999,-999,-999,-999,-999,-999,"Dunning, 1992"
Aves,Strigiformes,Tytonidae,Tyto,alba,-999,Western Barn Owl,-999,-999,-999,416.25,-999,-999,-999,-999,-999,-999,-999,-999,-999,-999,-999,416.25,-999,-999,-999,-999,-999,-999,-999,-999,-999,-999,-999,-999,"Dunning, 1992"
Aves,Strigiformes,Tytonidae,Tyto,alba,-999,Western Barn Owl,-999,-999,-999,433.8,-999,-999,-999,-999,-999,-999,-999,-999,-999,-999,433.8,-999,-999,-999,-999,-999,-999,-999,-999,-999,-999,-999,-999,-999,"Dunning, 1992"
Aves,Strigiformes,Tytonidae,Tyto,alba,-999,Western Barn Owl,-999,5.3,-999,-999,-999,-999,-999,-999,-999,-999,-999,-999,-999,-999,-999,-999,-999,-999,-999,-999,-999,-999,-999,-999,-999,-999,-999,-999,"Jetz, Sekercioglu, and Bohning-Gaese, 2008"
Aves,Strigiformes,Tytonidae,Tyto,alba,-999,Western Barn Owl,-999,4.6,-999,-999,-999,-999,-999,-999,-999,-999,-999,-999,-999,-999,-999,-999,-999,-999,-999,-999,-999,-999,-999,-999,-999,-999,-999,-999,"Jetz, Sekercioglu, and Bohning-Gaese, 2008"
Aves,Strigiformes,Tytonidae,Tyto,alba,-999,Western Barn Owl,-999,5.6,-999,353,-999,-999,-999,-999,-999,20.7,-999,-999,-999,-999,392,314,-999,-999,-999,-999,-999,-999,-999,-999,-999,-999,-999,-999,"Szekely, Lislevand, and Figuerola, 2007"
Aves,Strigiformes,Tytonidae,Tyto,alba,-999,Western Barn Owl,365,6,2,580,34,-999,-999,15,-999,-999,33,-999,365,-999,-999,-999,-999,-999,-999,-999,-999,-999,-999,-999,-999,-999,-999,-999,"de Magalhaes and Costa, 2009"
Aves,Strigiformes,Tytonidae,Tyto,alba,-999,Western Barn Owl,365,-999,-999,381.6,34,-999,-999,-999,-999,18.7,30.5,-999,-999,-999,-999,-999,-999,-999,-999,-999,-999,-999,-999,-999,-999,-999,-999,-999,"Ricklefs, 2010b"
Aves,Strigiformes,Tytonidae,Tyto,alba,-999,Western Barn Owl,363.468,5,1.5,337,21.33333333,-999,-999,14.7,-999,21,30.8,52.5,-999,-999,362,312,-999,-999,-999,-999,-999,-999,-999,-999,-999,-999,-999,-999,"Bennett, 1986"
Aves,Strigiformes,Tytonidae,Tyto,alba,-999,Western Barn Owl,-999,-999,-999,-999,-999,-999,-999,-999,-999,26.6,-999,-999,-999,-999,-999,-999,-999,-999,-999,-999,-999,-999,-999,-999,-999,-999,-999,-999,"Dyke and Kaiser, 2010"
Aves,Strigiformes,Tytonidae,Tyto,alba,-999,Western Barn Owl,-999,-999,-999,-999,15.41666667,-999,-999,-999,-999,-999,-999,-999,-999,-999,-999,-999,-999,-999,-999,-999,-999,-999,-999,-999,-999,-999,-999,-999,"Lutmerding, J.A. and A.S. Love, 2013"
Aves,Strigiformes,Tytonidae,Tyto,alba,-999,Western Barn Owl,-999,-999,-999,-999,17.91666667,-999,-999,-999,-999,-999,-999,-999,-999,-999,-999,-999,-999,-999,-999,-999,-999,-999,-999,-999,-999,-999,-999,-999,"Fransson, T., Kolehmainen, T., Kroon, C. et al., 2010"
Aves,Strigiformes,Tytonidae,Tyto,alba,-999,Western Barn Owl,-999,-999,-999,-999,15.4,-999,-999,-999,-999,-999,-999,-999,-999,-999,-999,-999,-999,-999,-999,-999,-999,-999,-999,-999,-999,-999,-999,-999,"Carey, J.R. and D.S. Judge, 2002"
Aves,Strigiformes,Tytonidae,Tyto,alba,-999,Western Barn Owl,-999,-999,-999,-999,13,-999,-999,-999,-999,-999,-999,-999,-999,-999,-999,-999,-999,-999,-999,-999,-999,-999,-999,-999,-999,-999,-999,-999,"Carey, J.R. and D.S. Judge, 2002"
Aves,Strigiformes,Tytonidae,Tyto,alba,-999,Western Barn Owl,-999,-999,-999,-999,-999,-999,-999,-999,-999,19.6,-999,-999,-999,-999,-999,-999,-999,-999,-999,-999,-999,-999,-999,-999,-999,-999,-999,-999,"Carey, C., Rahn, H., Parisi, P., 1980"
Aves,Strigiformes,Tytonidae,Tyto,alba,-999,Western Barn Owl,-999,-999,-999,-999,-999,-999,-999,-999,-999,-999,-999,54,-999,-999,-999,-999,-999,-999,-999,-999,-999,-999,-999,-999,-999,-999,-999,-999,"Carrier, D.R., Auriemma, J., 1992"
Aves,Strigiformes,Tytonidae,Tyto,alba,-999,Western Barn Owl,-999,-999,-999,-999,-999,-999,-999,-999,-999,-999,-999,56,-999,-999,-999,-999,-999,-999,-999,-999,-999,-999,-999,-999,-999,-999,-999,-999,"Carrier, D.R., Auriemma, J., 1992"
Aves,Strigiformes,Tytonidae,Tyto,alba,-999,Western Barn Owl,-999,-999,-999,-999,-999,-999,-999,-999,-999,-999,-999,-999,-999,-999,-999,439,-999,-999,-999,-999,-999,-999,-999,-999,-999,-999,-999,-999,"Carrier, D.R., Auriemma, J., 1992"
Aves,Strigiformes,Tytonidae,Tyto,alba,-999,Western Barn Owl,-999,-999,-999,-999,-999,-999,-999,-999,-999,-999,-999,-999,-999,-999,-999,570,-999,-999,-999,-999,-999,-999,-999,-999,-999,-999,-999,-999,"Carrier, D.R., Auriemma, J., 1992"
Aves,Strigiformes,Tytonidae,Tyto,alba,-999,Western Barn Owl,-999,-999,-999,-999,-999,-999,-999,-999,-999,-999,-999,-999,-999,-999,-999,-999,355,-999,-999,-999,-999,-999,-999,-999,-999,-999,-999,-999,"Iwaniuk, A.N., Nelson, J.E., 2002"
Aves,Strigiformes,Tytonidae,Tyto,alba,-999,Western Barn Owl,-999,-999,-999,550,13,-999,-999,-999,-999,-999,-999,-999,-999,-999,-999,-999,550,-999,-999,-999,-999,-999,-999,-999,-999,-999,-999,-999,"Wasser, D.E. and P.W. Sherman, 2010"
Aves,Strigiformes,Tytonidae,Tyto,alba,-999,Western Barn Owl,-999,-999,-999,-999,15.4,-999,-999,-999,-999,-999,-999,-999,-999,-999,-999,-999,-999,-999,-999,-999,-999,-999,-999,-999,-999,-999,-999,-999,"Wasser, D.E. and P.W. Sherman, 2010"
Aves,Strigiformes,Tytonidae,Tyto,alba,-999,Western Barn Owl,-999,-999,-999,-999,-999,-999,-999,-999,-999,-999,33,-999,-999,-999,-999,-999,-999,-999,-999,-999,-999,-999,-999,-999,-999,-999,-999,-999,"BC Birds - Margalida, A., Arroyo, B.E., Bortolotti, G.R., et al, 2006"
Aves,Struthioniformes,Struthionidae,Struthio,camelus,-999,Common Ostrich,-999,-999,-999,111000,-999,-999,-999,-999,-999,-999,-999,-999,-999,-999,-999,-999,111000,-999,-999,-999,-999,-999,-999,-999,-999,-999,-999,-999,"Dunning, 1992"
Aves,Struthioniformes,Struthionidae,Struthio,camelus,-999,Common Ostrich,-999,-999,-999,115500,-999,-999,-999,-999,-999,-999,-999,-999,-999,-999,-999,-999,115500,-999,-999,-999,-999,-999,-999,-999,-999,-999,-999,-999,"Dunning, 1992"
Aves,Struthioniformes,Struthionidae,Struthio,camelus,-999,Common Ostrich,-999,-999,-999,107500,-999,-999,-999,-999,-999,1500,-999,-999,-999,-999,100000,115000,-999,-999,-999,-999,-999,-999,-999,-999,-999,-999,-999,-999,"Szekely, Lislevand, and Figuerola, 2007"
Aves,Struthioniformes,Struthionidae,Struthio,camelus,-999,Common Ostrich,-999,-999,-999,111000,50,-999,-999,-999,-999,-999,-999,-999,-999,-999,-999,-999,100000,-999,-999,-999,-999,-999,-999,-999,-999,-999,-999,-999,"de Magalhaes and Costa, 2009"
Aves,Struthioniformes,Struthionidae,Struthio,camelus,-999,Common Ostrich,-999,-999,-999,90000,50,-999,-999,-999,-999,1517,42,-999,-999,-999,-999,-999,-999,-999,-999,-999,-999,-999,-999,-999,-999,-999,-999,-999,"Ricklefs, 2010b"
Aves,Struthioniformes,Struthionidae,Struthio,camelus,-999,Common Ostrich,-999,-999,-999,150000,-999,-999,-999,-999,-999,-999,-999,-999,-999,-999,-999,-999,-999,-999,-999,-999,-999,-999,-999,-999,-999,-999,-999,-999,"Boback and Guyer, 2003"
Aves,Struthioniformes,Struthionidae,Struthio,camelus,-999,Common Ostrich,999.537,6,1,99500,-999,-999,-999,-999,-999,1600,45.5,-999,-999,-999,100000,115000,83500,-999,-999,-999,-999,-999,-999,-999,-999,-999,-999,-999,"Bennett, 1986"
Aves,Struthioniformes,Struthionidae,Struthio,camelus,-999,Common Ostrich,-999,-999,-999,63000,-999,-999,-999,-999,-999,1480,-999,-999,-999,-999,63000,-999,-999,-999,-999,-999,-999,-999,-999,-999,-999,-999,-999,-999,"Dyke and Kaiser, 2010"
Aves,Struthioniformes,Struthionidae,Struthio,camelus,-999,Common Ostrich,-999,8.666666667,1.5,91750,-999,-999,-999,-999,-999,1500,-999,-999,-999,-999,-999,-999,91750,-999,-999,-999,-999,-999,-999,-999,-999,-999,-999,-999,"Werner and Griebeler, 2013"
Aves,Struthioniformes,Struthionidae,Struthio,camelus,-999,Common Ostrich,-999,-999,-999,-999,50,-999,-999,-999,-999,-999,-999,-999,-999,-999,-999,-999,-999,-999,-999,-999,-999,-999,-999,-999,-999,-999,-999,-999,"Carey, J.R. and D.S. Judge, 2002"
Aves,Struthioniformes,Struthionidae,Struthio,camelus,-999,Common Ostrich,-999,-999,-999,-999,26.1,-999,-999,-999,-999,-999,-999,-999,-999,-999,-999,-999,-999,-999,-999,-999,-999,-999,-999,-999,-999,-999,-999,-999,"Carey, J.R. and D.S. Judge, 2002"
Aves,Struthioniformes,Struthionidae,Struthio,camelus,-999,Common Ostrich,-999,-999,-999,-999,-999,-999,-999,-999,-999,-999,-999,-999,-999,-999,-999,-999,-999,-999,158,-999,-999,-999,-999,-999,-999,-999,-999,-999,"Dickison, M.R., 2007"
Aves,Struthioniformes,Struthionidae,Struthio,camelus,-999,Common Ostrich,-999,-999,-999,-999,-999,-999,-999,-999,-999,1500,-999,-999,-999,-999,-999,-999,-999,-999,-999,-999,-999,-999,-999,-999,-999,-999,-999,-999,"Dickison, M.R., 2007"
Aves,Struthioniformes,Struthionidae,Struthio,camelus,-999,Common Ostrich,-999,-999,-999,-999,-999,-999,-999,-999,-999,1367,-999,-999,-999,-999,-999,-999,-999,-999,-999,-999,-999,-999,-999,-999,-999,-999,-999,-999,"Carey, C., Rahn, H., Parisi, P., 1980"
Aves,Struthioniformes,Struthionidae,Struthio,camelus,-999,Common Ostrich,-999,-999,-999,-999,-999,-999,-999,-999,-999,1400,-999,-999,-999,-999,-999,-999,-999,-999,-999,-999,-999,-999,-999,-999,-999,-999,-999,-999,"Carey, C., Rahn, H., Parisi, P., 1980"
Aves,Struthioniformes,Struthionidae,Struthio,camelus,-999,Common Ostrich,-999,-999,-999,-999,-999,-999,-999,-999,-999,1600,-999,-999,-999,-999,-999,-999,-999,-999,-999,-999,-999,-999,-999,-999,-999,-999,-999,-999,"Carey, C., Rahn, H., Parisi, P., 1980"
Aves,Struthioniformes,Struthionidae,Struthio,camelus,-999,Common Ostrich,-999,-999,-999,-999,-999,-999,-999,-999,-999,1300,-999,-999,-999,-999,-999,-999,-999,-999,-999,-999,-999,-999,-999,-999,-999,-999,-999,-999,"Davies, S.J.J.F., 2002"
Aves,Struthioniformes,Struthionidae,Struthio,camelus,-999,Common Ostrich,-999,-999,-999,-999,-999,-999,-999,-999,-999,1500,-999,-999,-999,-999,-999,-999,-999,-999,-999,-999,-999,-999,-999,-999,-999,-999,-999,-999,"Davies, S.J.J.F., 2002"
Aves,Struthioniformes,Struthionidae,Struthio,camelus,-999,Common Ostrich,-999,-999,-999,-999,-999,-999,-999,-999,-999,1900,-999,-999,-999,-999,-999,-999,-999,-999,-999,-999,-999,-999,-999,-999,-999,-999,-999,-999,"Davies, S.J.J.F., 2002"
Aves,Struthioniformes,Struthionidae,Struthio,camelus,-999,Common Ostrich,-999,-999,-999,-999,-999,-999,-999,-999,-999,-999,-999,-999,-999,-999,-999,-999,-999,125,-999,-999,-999,-999,-999,-999,-999,-999,-999,-999,"Dickison, M.R., 2007"
Aves,Struthioniformes,Struthionidae,Struthio,camelus,-999,Common Ostrich,-999,-999,-999,-999,-999,-999,-999,-999,-999,-999,-999,-999,-999,-999,100000,-999,-999,-999,-999,-999,-999,-999,-999,-999,-999,-999,-999,-999,"Dickison, M.R., 2007"
Aves,Struthioniformes,Struthionidae,Struthio,camelus,-999,Common Ostrich,-999,-999,-999,-999,-999,-999,-999,-999,-999,-999,-999,-999,-999,-999,90000,-999,-999,-999,-999,-999,-999,-999,-999,-999,-999,-999,-999,-999,"Davies, S.J.J.F., 2002"
Aves,Struthioniformes,Struthionidae,Struthio,camelus,-999,Common Ostrich,-999,-999,-999,-999,-999,-999,-999,-999,-999,-999,-999,-999,-999,-999,110000,-999,-999,-999,-999,-999,-999,-999,-999,-999,-999,-999,-999,-999,"Davies, S.J.J.F., 2002"
Aves,Struthioniformes,Struthionidae,Struthio,camelus,-999,Common Ostrich,-999,-999,-999,-999,-999,-999,-999,-999,-999,-999,42,-999,-999,-999,-999,-999,-999,-999,-999,-999,-999,-999,-999,-999,-999,-999,-999,-999,"Dickison, M.R., 2007"
Aves,Struthioniformes,Struthionidae,Struthio,camelus,-999,Common Ostrich,-999,-999,-999,-999,-999,-999,-999,-999,-999,-999,45,-999,-999,-999,-999,-999,-999,-999,-999,-999,-999,-999,-999,-999,-999,-999,-999,-999,"Davies, S.J.J.F., 2002"
Aves,Struthioniformes,Struthionidae,Struthio,camelus,-999,Common Ostrich,-999,-999,-999,-999,-999,-999,-999,-999,-999,-999,46,-999,-999,-999,-999,-999,-999,-999,-999,-999,-999,-999,-999,-999,-999,-999,-999,-999,"Davies, S.J.J.F., 2002"
Aves,Struthioniformes,Struthionidae,Struthio,camelus,-999,Common Ostrich,-999,8,-999,-999,-999,-999,-999,-999,-999,-999,-999,-999,-999,-999,-999,-999,-999,-999,-999,-999,-999,-999,-999,-999,-999,-999,-999,-999,"Dickison, M.R., 2007"
Aves,Struthioniformes,Struthionidae,Struthio,camelus,-999,Common Ostrich,-999,12.5,-999,-999,-999,-999,-999,-999,-999,-999,-999,-999,-999,-999,-999,-999,-999,-999,-999,-999,-999,-999,-999,-999,-999,-999,-999,-999,"Davies, S.J.J.F., 2002"
Aves,Struthioniformes,Struthionidae,Struthio,camelus,-999,Common Ostrich,-999,13.5,-999,-999,-999,-999,-999,-999,-999,-999,-999,-999,-999,-999,-999,-999,-999,-999,-999,-999,-999,-999,-999,-999,-999,-999,-999,-999,"Davies, S.J.J.F., 2002"
Aves,Struthioniformes,Struthionidae,Struthio,camelus,-999,Common Ostrich,-999,-999,-999,-999,-999,-999,-999,-999,-999,-999,-999,-999,-999,-999,-999,115000,-999,-999,-999,-999,-999,-999,-999,-999,-999,-999,-999,-999,"Dickison, M.R., 2007"
Aves,Struthioniformes,Struthionidae,Struthio,camelus,-999,Common Ostrich,-999,-999,-999,-999,-999,-999,-999,-999,-999,-999,-999,-999,-999,-999,-999,100000,-999,-999,-999,-999,-999,-999,-999,-999,-999,-999,-999,-999,"Davies, S.J.J.F., 2002"
Aves,Struthioniformes,Struthionidae,Struthio,camelus,-999,Common Ostrich,-999,-999,-999,-999,-999,-999,-999,-999,-999,-999,-999,-999,-999,-999,-999,130000,-999,-999,-999,-999,-999,-999,-999,-999,-999,-999,-999,-999,"Davies, S.J.J.F., 2002"
Aves,Struthioniformes,Struthionidae,Struthio,camelus,-999,Common Ostrich,-999,-999,-999,-999,50,-999,-999,-999,-999,-999,-999,-999,-999,-999,-999,-999,-999,-999,-999,-999,-999,-999,-999,-999,-999,-999,-999,-999,"Davies, S.J.J.F., 2002"
Aves,Struthioniformes,Struthionidae,Struthio,camelus,-999,Common Ostrich,-999,-999,-999,155000,50,-999,-999,-999,-999,-999,-999,-999,-999,-999,-999,-999,155000,-999,-999,-999,-999,-999,-999,-999,-999,-999,-999,-999,"Wasser, D.E. and P.W. Sherman, 2010"
Aves,Suliformes,Phalacrocoracidae,Phalacrocorax,carbo,-999,Great Cormorant,-999,-999,-999,2096.75,-999,-999,-999,-999,-999,-999,-999,-999,-999,-999,2096.75,-999,-999,-999,-999,-999,-999,-999,-999,-999,-999,-999,-999,-999,"Dunning, 1992"
Aves,Suliformes,Phalacrocoracidae,Phalacrocorax,carbo,-999,Great Cormorant,-999,-999,-999,2271.333333,-999,-999,-999,-999,-999,-999,-999,-999,-999,-999,2271.333333,-999,-999,-999,-999,-999,-999,-999,-999,-999,-999,-999,-999,-999,"Dunning, 1992"
Aves,Suliformes,Phalacrocoracidae,Phalacrocorax,carbo,-999,Great Cormorant,-999,-999,-999,2331,-999,-999,-999,-999,-999,-999,-999,-999,-999,-999,-999,2331,-999,-999,-999,-999,-999,-999,-999,-999,-999,-999,-999,-999,"Dunning, 1992"
Aves,Suliformes,Phalacrocoracidae,Phalacrocorax,carbo,-999,Great Cormorant,-999,-999,-999,2871,-999,-999,-999,-999,-999,-999,-999,-999,-999,-999,-999,2871,-999,-999,-999,-999,-999,-999,-999,-999,-999,-999,-999,-999,"Dunning, 1992"
Aves,Suliformes,Phalacrocoracidae,Phalacrocorax,carbo,-999,Great Cormorant,-999,3.5,-999,2200,-999,-999,-999,-999,-999,58,-999,-999,-999,-999,2000,2400,-999,-999,-999,-999,-999,-999,-999,-999,-999,-999,-999,-999,"Szekely, Lislevand, and Figuerola, 2007"
Aves,Suliformes,Phalacrocoracidae,Phalacrocorax,carbo,-999,Great Cormorant,1460,4,1,3628.8,23.5,-999,-999,48.5,-999,-999,30,-999,1460,-999,-999,-999,-999,-999,-999,-999,-999,-999,-999,-999,-999,-999,-999,-999,"de Magalhaes and Costa, 2009"
Aves,Suliformes,Phalacrocoracidae,Phalacrocorax,carbo,-999,Great Cormorant,1460,-999,-999,2200,23.5,-999,-999,-999,-999,58,28.5,-999,-999,-999,-999,-999,-999,-999,-999,-999,-999,-999,-999,-999,-999,-999,-999,-999,"Ricklefs, 2010b"
Aves,Suliformes,Phalacrocoracidae,Phalacrocorax,carbo,-999,Great Cormorant,1090.404,3.5,1,2193,19.75,-999,-999,33.5,-999,53,29,50,-999,-999,2010,2353,2216,-999,-999,-999,-999,-999,-999,-999,-999,-999,-999,-999,"Bennett, 1986"
Aves,Suliformes,Phalacrocoracidae,Phalacrocorax,carbo,-999,Great Cormorant,-999,-999,-999,1936,-999,-999,-999,-999,-999,58,-999,-999,-999,-999,1936,-999,-999,-999,-999,-999,-999,-999,-999,-999,-999,-999,-999,-999,"Dyke and Kaiser, 2010"
Aves,Suliformes,Phalacrocoracidae,Phalacrocorax,carbo,-999,Great Cormorant,-999,-999,-999,-999,27.16666667,-999,-999,-999,-999,-999,-999,-999,-999,-999,-999,-999,-999,-999,-999,-999,-999,-999,-999,-999,-999,-999,-999,-999,"Fransson, T., Kolehmainen, T., Kroon, C. et al., 2010"
Aves,Suliformes,Phalacrocoracidae,Phalacrocorax,carbo,-999,Great Cormorant,-999,4.1,-999,2200,-999,-999,-999,-999,-999,-999,-999,-999,-999,-999,2000,2400,2200,40,63,-999,-999,-999,-999,-999,-999,-999,-999,-999,"Serrano-Meneses and Szekely, 2006"
Aves,Suliformes,Phalacrocoracidae,Phalacrocorax,carbo,-999,Great Cormorant,-999,-999,-999,-999,14.3,-999,-999,-999,-999,-999,-999,-999,-999,-999,-999,-999,-999,-999,-999,-999,-999,-999,-999,-999,-999,-999,-999,-999,"Carey, J.R. and D.S. Judge, 2002"
Aves,Suliformes,Phalacrocoracidae,Phalacrocorax,carbo,-999,Great Cormorant,-999,-999,-999,-999,18,-999,-999,-999,-999,-999,-999,-999,-999,-999,-999,-999,-999,-999,-999,-999,-999,-999,-999,-999,-999,-999,-999,-999,"Carey, J.R. and D.S. Judge, 2002"
Aves,Suliformes,Phalacrocoracidae,Phalacrocorax,carbo,-999,Great Cormorant,-999,-999,-999,-999,-999,-999,-999,-999,-999,58,-999,-999,-999,-999,-999,-999,-999,-999,-999,-999,-999,-999,-999,-999,-999,-999,-999,-999,"Carey, C., Rahn, H., Parisi, P., 1980"
Aves,Suliformes,Phalacrocoracidae,Phalacrocorax,carbo,-999,Great Cormorant,-999,-999,-999,2254,19.67,-999,-999,-999,-999,-999,-999,-999,-999,-999,-999,-999,2254,-999,-999,-999,-999,-999,-999,-999,-999,-999,-999,-999,"Wasser, D.E. and P.W. Sherman, 2010"
Aves,Suliformes,Phalacrocoracidae,Phalacrocorax,carbo,-999,Great Cormorant,-999,-999,-999,-999,23.5,-999,-999,-999,-999,-999,-999,-999,-999,-999,-999,-999,-999,-999,-999,-999,-999,-999,-999,-999,-999,-999,-999,-999,"Wasser, D.E. and P.W. Sherman, 2010"
Mammalia,Artiodactyla,Bovidae,Bison,bison,-999,American Bison,921.77,0.98,1,624577.07,33,283.17,287.32,20000,157500,-999,-999,-999,-999,1.092402464,-999,-999,-999,-999,-999,-999,284.924,-999,-999,-999,-999,-999,-999,-999,"Jones, K., Bielby, J., Cardillo, M. et al., 2009"
Mammalia,Artiodactyla,Bovidae,Bison,bison,-999,American Bison,841.82,1,1,675876.7,27,265.99,287.32,23358.61,-999,-999,-999,-999,-999,1.74880219,-999,-999,-999,-999,-999,-999,290,-999,-999,-999,-999,-999,-999,-999,"Jones, K., Bielby, J., Cardillo, M. et al., 2009"
Mammalia,Artiodactyla,Bovidae,Bison,bison,-999,American Bison,912,1,1,630000,33.5,274,259,20000,158000,-999,-999,-999,912,1.237508556,-999,-999,-999,-999,-999,-999,-999,-999,-999,-999,-999,-999,-999,-999,"de Magalhaes and Costa, 2009"
Mammalia,Artiodactyla,Bovidae,Bison,bison,-999,American Bison,730,1,1,610000,26.4,270,213,23375,-999,-999,-999,-999,730,1.754962355,-999,-999,-999,-999,-999,-999,-999,-999,-999,-999,-999,-999,-999,-999,"de Magalhaes and Costa, 2009"
Mammalia,Artiodactyla,Bovidae,Bison,bison,-999,American Bison,896.3402,1,1,497666.67,25,271.79348,325.96956,20000,157500,-999,-999,-999,-999,-999,-999,-999,-999,-999,-999,-999,-999,-999,-999,-999,-999,-999,-999,-999,"Ernest et al., 2003"
Mammalia,Artiodactyla,Bovidae,Bison,bison,-999,American Bison,912.77564,1,1,500000,27,278.18504,200.8776,23000.08,-999,-999,-999,-999,-999,-999,-999,-999,-999,-999,-999,-999,-999,-999,-999,-999,-999,-999,-999,-999,"Ernest et al., 2003"
Mammalia,Artiodactyla,Bovidae,Bison,bison,-999,American Bison,912,-999,-999,630000,33.5,274,259,20000,158000,-999,-999,-999,-999,-999,-999,-999,-999,-999,-999,-999,-999,-999,-999,-999,-999,-999,-999,-999,"Ricklefs, 2010b"
Mammalia,Artiodactyla,Bovidae,Bison,bison,-999,American Bison,-999,-999,-999,-999,-999,-999,-999,-999,-999,-999,-999,-999,-999,-999,-999,-999,-999,-999,-999,-999,350,-999,-999,-999,-999,-999,-999,-999,"Boback and Guyer, 2003"
Mammalia,Artiodactyla,Bovidae,Bison,bison,-999,American Bison,-999,-999,-999,-999,-999,-999,-999,-999,-999,-999,-999,-999,-999,-999,-999,-999,-999,-999,-999,-999,350,-999,-999,-999,-999,-999,-999,-999,"Boback and Guyer, 2003"
Mammalia,Artiodactyla,Bovidae,Bison,bison,-999,American Bison,-999,-999,-999,-999,33,-999,-999,-999,-999,-999,-999,-999,-999,-999,-999,-999,-999,-999,-999,-999,-999,-999,-999,-999,-999,-999,-999,-999,"Carey, J.R. and D.S. Judge, 2002"
Mammalia,Artiodactyla,Bovidae,Bison,bison,-999,American Bison,-999,-999,-999,-999,25,-999,-999,-999,-999,-999,-999,-999,-999,-999,-999,-999,-999,-999,-999,-999,-999,-999,-999,-999,-999,-999,-999,-999,"Carey, J.R. and D.S. Judge, 2002"
Mammalia,Artiodactyla,Bovidae,Bison,bison,-999,American Bison,-999,-999,-999,-999,27,-999,-999,-999,-999,-999,-999,-999,-999,-999,-999,-999,-999,-999,-999,-999,-999,-999,-999,-999,-999,-999,-999,-999,"Carey, J.R. and D.S. Judge, 2002"
Mammalia,Artiodactyla,Bovidae,Bison,bison,-999,American Bison,-999,-999,-999,-999,33.43333333,-999,-999,-999,-999,-999,-999,-999,-999,-999,-999,-999,-999,-999,-999,-999,-999,-999,-999,-999,-999,-999,-999,-999,"Weigl, R., 2005"
Mammalia,Artiodactyla,Bovidae,Bison,bison,-999,American Bison,-999,-999,-999,-999,26.36666667,-999,-999,-999,-999,-999,-999,-999,-999,-999,-999,-999,-999,-999,-999,-999,-999,-999,-999,-999,-999,-999,-999,-999,"Weigl, R., 2005"
Mammalia,Artiodactyla,Bovidae,Bison,bison,-999,American Bison,-999,1,-999,-999,-999,-999,395.56,-999,158000,-999,-999,-999,-999,-999,-999,731400,-999,-999,-999,-999,-999,-999,-999,-999,-999,-999,-999,-999,"Garratt et al., 2014"
Mammalia,Artiodactyla,Giraffidae,Giraffa,camelopardalis,-999,Giraffe,1633.59,1.29,1,964654.73,36.3,455.25,212.91,55244.9,-999,-999,-999,-999,-999,1.665516769,-999,-999,-999,-999,-999,-999,417.703,-999,-999,-999,-999,-999,-999,-999,"Jones, K., Bielby, J., Cardillo, M. et al., 2009"
Mammalia,Artiodactyla,Giraffidae,Giraffa,camelopardalis,-999,Giraffe,1278,1,0.5,800000,39.5,457,152,58500,-999,-999,-999,-999,1644,1.697467488,-999,-999,-999,-999,-999,-999,-999,-999,-999,-999,-999,-999,-999,-999,"de Magalhaes and Costa, 2009"
Mammalia,Artiodactyla,Giraffidae,Giraffa,camelopardalis,-999,Giraffe,1482.53756,1.12,0.54,800000,36.16666667,453.19204,251.097,59770.59,-999,-999,-999,-999,-999,-999,-999,-999,-999,-999,-999,-999,-999,-999,-999,-999,-999,-999,-999,-999,"Ernest et al., 2003"
Mammalia,Artiodactyla,Giraffidae,Giraffa,camelopardalis,-999,Giraffe,1278,-999,-999,800000,39.5,457,152,58500,-999,-999,-999,-999,-999,-999,-999,-999,-999,-999,-999,-999,-999,-999,-999,-999,-999,-999,-999,-999,"Ricklefs, 2010b"
Mammalia,Artiodactyla,Giraffidae,Giraffa,camelopardalis,-999,Giraffe,-999,-999,-999,-999,-999,-999,-999,-999,-999,-999,-999,-999,-999,-999,-999,-999,-999,-999,-999,-999,472.4,-999,-999,-999,-999,-999,-999,-999,"Boback and Guyer, 2003"
Mammalia,Artiodactyla,Giraffidae,Giraffa,camelopardalis,-999,Giraffe,-999,-999,-999,-999,36.3,-999,-999,-999,-999,-999,-999,-999,-999,-999,-999,-999,-999,-999,-999,-999,-999,-999,-999,-999,-999,-999,-999,-999,"Carey, J.R. and D.S. Judge, 2002"
Mammalia,Artiodactyla,Giraffidae,Giraffa,camelopardalis,-999,Giraffe,-999,-999,-999,-999,26,-999,-999,-999,-999,-999,-999,-999,-999,-999,-999,-999,-999,-999,-999,-999,-999,-999,-999,-999,-999,-999,-999,-999,"Carey, J.R. and D.S. Judge, 2002"
Mammalia,Artiodactyla,Giraffidae,Giraffa,camelopardalis,-999,Giraffe,-999,-999,-999,-999,28,-999,-999,-999,-999,-999,-999,-999,-999,-999,-999,-999,-999,-999,-999,-999,-999,-999,-999,-999,-999,-999,-999,-999,"Carey, J.R. and D.S. Judge, 2002"
Mammalia,Artiodactyla,Giraffidae,Giraffa,camelopardalis,-999,Giraffe,-999,-999,-999,-999,36.2,-999,-999,-999,-999,-999,-999,-999,-999,-999,-999,-999,-999,-999,-999,-999,-999,-999,-999,-999,-999,-999,-999,-999,"Carey, J.R. and D.S. Judge, 2002"
Mammalia,Artiodactyla,Giraffidae,Giraffa,camelopardalis,-999,Giraffe,-999,-999,-999,-999,39.425,-999,-999,-999,-999,-999,-999,-999,-999,-999,-999,-999,-999,-999,-999,-999,-999,-999,-999,-999,-999,-999,-999,-999,"Weigl, R., 2005"
Mammalia,Artiodactyla,Hippopotamidae,Hippopotamus,amphibius,-999,Common Hippopotamus,2030,1,1,1.54E+06,54.5,235.37,319.01,40199.99,206389.44,-999,-999,-999,-999,1.907022587,-999,-999,-999,-999,-999,-999,-999,-999,-999,-999,-999,-999,-999,-999,"Jones, K., Bielby, J., Cardillo, M. et al., 2009"
Mammalia,Artiodactyla,Hippopotamidae,Hippopotamus,amphibius,-999,Common Hippopotamus,1279,1,0.6,3.75E+06,61.2,234,341,40000,237500,-999,-999,-999,1279,1.541409993,-999,-999,-999,-999,-999,-999,-999,-999,-999,-999,-999,-999,-999,-999,"de Magalhaes and Costa, 2009"
Mammalia,Artiodactyla,Hippopotamidae,Hippopotamus,amphibius,-999,Common Hippopotamus,2737.10948,1,0.61,1.26E+06,61,235.879,308.31668,39746.67,237500,-999,-999,-999,-999,-999,-999,-999,-999,-999,-999,-999,-999,-999,-999,-999,-999,-999,-999,-999,"Ernest et al., 2003"
Mammalia,Artiodactyla,Hippopotamidae,Hippopotamus,amphibius,-999,Common Hippopotamus,1279,-999,-999,3.75E+06,61.2,234,341,40000,237500,-999,-999,-999,-999,-999,-999,-999,-999,-999,-999,-999,-999,-999,-999,-999,-999,-999,-999,-999,"Ricklefs, 2010b"
Mammalia,Artiodactyla,Hippopotamidae,Hippopotamus,amphibius,-999,Common Hippopotamus,-999,-999,-999,-999,-999,-999,-999,-999,-999,-999,-999,-999,-999,-999,-999,-999,-999,-999,-999,-999,505,-999,-999,-999,-999,-999,-999,-999,"Boback and Guyer, 2003"
Mammalia,Artiodactyla,Hippopotamidae,Hippopotamus,amphibius,-999,Common Hippopotamus,-999,-999,-999,-999,54.5,-999,-999,-999,-999,-999,-999,-999,-999,-999,-999,-999,-999,-999,-999,-999,-999,-999,-999,-999,-999,-999,-999,-999,"Carey, J.R. and D.S. Judge, 2002"
Mammalia,Artiodactyla,Hippopotamidae,Hippopotamus,amphibius,-999,Common Hippopotamus,-999,-999,-999,-999,50,-999,-999,-999,-999,-999,-999,-999,-999,-999,-999,-999,-999,-999,-999,-999,-999,-999,-999,-999,-999,-999,-999,-999,"Carey, J.R. and D.S. Judge, 2002"
Mammalia,Artiodactyla,Hippopotamidae,Hippopotamus,amphibius,-999,Common Hippopotamus,-999,-999,-999,-999,54.3,-999,-999,-999,-999,-999,-999,-999,-999,-999,-999,-999,-999,-999,-999,-999,-999,-999,-999,-999,-999,-999,-999,-999,"Carey, J.R. and D.S. Judge, 2002"
Mammalia,Artiodactyla,Hippopotamidae,Hippopotamus,amphibius,-999,Common Hippopotamus,-999,-999,-999,-999,49,-999,-999,-999,-999,-999,-999,-999,-999,-999,-999,-999,-999,-999,-999,-999,-999,-999,-999,-999,-999,-999,-999,-999,"Carey, J.R. and D.S. Judge, 2002"
Mammalia,Artiodactyla,Hippopotamidae,Hippopotamus,amphibius,-999,Common Hippopotamus,-999,-999,-999,-999,61.05,-999,-999,-999,-999,-999,-999,-999,-999,-999,-999,-999,-999,-999,-999,-999,-999,-999,-999,-999,-999,-999,-999,-999,"Weigl, R., 2005"
Mammalia,Artiodactyla,Hippopotamidae,Hippopotamus,amphibius,-999,Common Hippopotamus,-999,1,-999,-999,-999,-999,334.37,-999,207000,-999,-999,-999,-999,-999,-999,1600000,-999,-999,-999,-999,-999,-999,-999,-999,-999,-999,-999,-999,"Garratt et al., 2014"
Mammalia,Carnivora,Canidae,Canis,lupus,-999,Wolf,679.37,4.98,2,31756.51,29.5,63.5,44.82,412.31,-999,-999,-999,-999,-999,0.999315537,-999,-999,-999,-999,-999,-999,105.5,-999,-999,-999,-999,-999,-999,-999,"Jones, K., Bielby, J., Cardillo, M. et al., 2009"
Mammalia,Carnivora,Canidae,Canis,lupus,-999,Wolf,510,6,-999,40000,24,63,-999,-999,-999,-999,-999,-999,510,-999,-999,-999,-999,-999,-999,-999,-999,-999,-999,-999,-999,-999,-999,-999,"de Magalhaes and Costa, 2009"
Mammalia,Carnivora,Canidae,Canis,lupus,-999,Wolf,669,6,0.8,26625,20.6,62,47,450,5250,-999,-999,-999,669,0.999315537,-999,-999,-999,-999,-999,-999,-999,-999,-999,-999,-999,-999,-999,-999,"de Magalhaes and Costa, 2009"
Mammalia,Carnivora,Canidae,Canis,lupus,-999,Wolf,670.80944,4.82,0.82,34875,16,65.74176,47.1758,418.6,5250,-999,-999,-999,-999,-999,-999,-999,-999,-999,-999,-999,-999,-999,-999,-999,-999,-999,-999,-999,"Ernest et al., 2003"
Mammalia,Carnivora,Canidae,Canis,lupus,-999,Wolf,-999,4.51,-999,26000,14,62.3938,-999,-999,-999,-999,-999,-999,-999,-999,-999,-999,-999,-999,-999,-999,-999,-999,-999,-999,-999,-999,-999,-999,"Ernest et al., 2003"
Mammalia,Carnivora,Canidae,Canis,lupus,-999,Wolf,669,-999,-999,26625,20.6,62,47,450,5250,-999,-999,-999,-999,-999,-999,-999,-999,-999,-999,-999,-999,-999,-999,-999,-999,-999,-999,-999,"Ricklefs, 2010b"
Mammalia,Carnivora,Canidae,Canis,lupus,-999,Wolf,-999,-999,-999,-999,-999,-999,-999,-999,-999,-999,-999,-999,-999,-999,-999,-999,-999,-999,-999,-999,124,-999,-999,-999,-999,-999,-999,-999,"Boback and Guyer, 2003"
Mammalia,Carnivora,Canidae,Canis,lupus,-999,Wolf,-999,-999,-999,-999,-999,-999,-999,-999,-999,-999,-999,-999,-999,-999,-999,-999,-999,-999,-999,-999,130,-999,-999,-999,-999,-999,-999,-999,"Boback and Guyer, 2003"
Mammalia,Carnivora,Canidae,Canis,lupus,-999,Wolf,-999,-999,-999,-999,-999,-999,-999,-999,-999,-999,-999,-999,-999,-999,-999,-999,-999,-999,-999,-999,160,-999,-999,-999,-999,-999,-999,-999,"Boback and Guyer, 2003"
Mammalia,Carnivora,Canidae,Canis,lupus,-999,Wolf,-999,-999,-999,-999,14,-999,-999,-999,-999,-999,-999,-999,-999,-999,-999,-999,-999,-999,-999,-999,-999,-999,-999,-999,-999,-999,-999,-999,"Carey, J.R. and D.S. Judge, 2002"
Mammalia,Carnivora,Canidae,Canis,lupus,-999,Wolf,-999,-999,-999,-999,14.8,-999,-999,-999,-999,-999,-999,-999,-999,-999,-999,-999,-999,-999,-999,-999,-999,-999,-999,-999,-999,-999,-999,-999,"Carey, J.R. and D.S. Judge, 2002"
Mammalia,Carnivora,Canidae,Canis,lupus,-999,Wolf,-999,-999,-999,-999,29.5,-999,-999,-999,-999,-999,-999,-999,-999,-999,-999,-999,-999,-999,-999,-999,-999,-999,-999,-999,-999,-999,-999,-999,"Carey, J.R. and D.S. Judge, 2002"
Mammalia,Carnivora,Canidae,Canis,lupus,-999,Wolf,-999,-999,-999,-999,20,-999,-999,-999,-999,-999,-999,-999,-999,-999,-999,-999,-999,-999,-999,-999,-999,-999,-999,-999,-999,-999,-999,-999,"Carey, J.R. and D.S. Judge, 2002"
Mammalia,Carnivora,Canidae,Canis,lupus,-999,Wolf,-999,-999,-999,-999,20,-999,-999,-999,-999,-999,-999,-999,-999,-999,-999,-999,-999,-999,-999,-999,-999,-999,-999,-999,-999,-999,-999,-999,"Carey, J.R. and D.S. Judge, 2002"
Mammalia,Carnivora,Canidae,Canis,lupus,-999,Wolf,-999,-999,-999,-999,20,-999,-999,-999,-999,-999,-999,-999,-999,-999,-999,-999,-999,-999,-999,-999,-999,-999,-999,-999,-999,-999,-999,-999,"Carey, J.R. and D.S. Judge, 2002"
Mammalia,Carnivora,Canidae,Canis,lupus,-999,Wolf,-999,-999,-999,-999,16,-999,-999,-999,-999,-999,-999,-999,-999,-999,-999,-999,-999,-999,-999,-999,-999,-999,-999,-999,-999,-999,-999,-999,"Carey, J.R. and D.S. Judge, 2002"
Mammalia,Carnivora,Canidae,Canis,lupus,-999,Wolf,-999,-999,-999,-999,14,-999,-999,-999,-999,-999,-999,-999,-999,-999,-999,-999,-999,-999,-999,-999,-999,-999,-999,-999,-999,-999,-999,-999,"Carey, J.R. and D.S. Judge, 2002"
Mammalia,Carnivora,Canidae,Canis,lupus,-999,Wolf,-999,-999,-999,-999,14,-999,-999,-999,-999,-999,-999,-999,-999,-999,-999,-999,-999,-999,-999,-999,-999,-999,-999,-999,-999,-999,-999,-999,"Carey, J.R. and D.S. Judge, 2002"
Mammalia,Carnivora,Canidae,Canis,lupus,-999,Wolf,-999,-999,-999,-999,20,-999,-999,-999,-999,-999,-999,-999,-999,-999,-999,-999,-999,-999,-999,-999,-999,-999,-999,-999,-999,-999,-999,-999,"Carey, J.R. and D.S. Judge, 2002"
Mammalia,Carnivora,Canidae,Canis,lupus,-999,Wolf,-999,-999,-999,-999,20.04166667,-999,-999,-999,-999,-999,-999,-999,-999,-999,-999,-999,-999,-999,-999,-999,-999,-999,-999,-999,-999,-999,-999,-999,"Weigl, R., 2005"
Mammalia,Carnivora,Canidae,Canis,lupus,-999,Wolf,-999,-999,-999,-999,-999,-999,-999,-999,-999,-999,-999,-999,-999,-999,16329.24,-999,-999,-999,-999,-999,-999,-999,-999,-999,-999,-999,-999,-999,"Paradiso, J.L., Nowak, R.M., 1972"
Mammalia,Carnivora,Canidae,Canis,lupus,-999,Wolf,-999,-999,-999,-999,-999,-999,-999,-999,-999,-999,-999,-999,-999,-999,29483.35,-999,-999,-999,-999,-999,-999,-999,-999,-999,-999,-999,-999,-999,"Paradiso, J.L., Nowak, R.M., 1972"
Mammalia,Carnivora,Canidae,Canis,lupus,-999,Wolf,-999,-999,-999,-999,-999,-999,-999,-999,-999,-999,-999,-999,-999,-999,21590.884,-999,-999,-999,-999,-999,-999,-999,-999,-999,-999,-999,-999,-999,"Paradiso, J.L., Nowak, R.M., 1972"
Mammalia,Carnivora,Canidae,Canis,lupus,-999,Wolf,-999,-999,-999,-999,-999,-999,-999,-999,-999,-999,-999,-999,-999,-999,20411.55,-999,-999,-999,-999,-999,-999,-999,-999,-999,-999,-999,-999,-999,"Paradiso, J.L., Nowak, R.M., 1972"
Mammalia,Carnivora,Canidae,Canis,lupus,-999,Wolf,1095.75,-999,-999,-999,-999,-999,-999,-999,-999,-999,-999,-999,-999,-999,-999,-999,-999,-999,-999,-999,-999,-999,-999,-999,-999,-999,-999,-999,"Paradiso, J.L., Nowak, R.M., 1972"
Mammalia,Carnivora,Canidae,Canis,lupus,-999,Wolf,-999,-999,-999,-999,-999,60,-999,-999,-999,-999,-999,-999,-999,-999,-999,-999,-999,-999,-999,-999,-999,-999,-999,-999,-999,-999,-999,-999,"Paradiso, J.L., Nowak, R.M., 1972"
Mammalia,Carnivora,Canidae,Canis,lupus,-999,Wolf,-999,-999,-999,-999,-999,62,-999,-999,-999,-999,-999,-999,-999,-999,-999,-999,-999,-999,-999,-999,-999,-999,-999,-999,-999,-999,-999,-999,"Paradiso, J.L., Nowak, R.M., 1972"
Mammalia,Carnivora,Canidae,Canis,lupus,-999,Wolf,-999,2,-999,-999,-999,-999,-999,-999,-999,-999,-999,-999,-999,-999,-999,-999,-999,-999,-999,-999,-999,-999,-999,-999,-999,-999,-999,-999,"Paradiso, J.L., Nowak, R.M., 1972"
Mammalia,Carnivora,Canidae,Canis,lupus,-999,Wolf,-999,10,-999,-999,-999,-999,-999,-999,-999,-999,-999,-999,-999,-999,-999,-999,-999,-999,-999,-999,-999,-999,-999,-999,-999,-999,-999,-999,"Paradiso, J.L., Nowak, R.M., 1972"
Mammalia,Carnivora,Canidae,Canis,lupus,-999,Wolf,-999,6.62,-999,-999,-999,-999,-999,-999,-999,-999,-999,-999,-999,-999,-999,-999,-999,-999,-999,-999,-999,-999,-999,-999,-999,-999,-999,-999,"Paradiso, J.L., Nowak, R.M., 1972"
Mammalia,Carnivora,Canidae,Canis,lupus,-999,Wolf,-999,-999,-999,-999,-999,-999,-999,-999,-999,-999,-999,-999,-999,-999,-999,20411.55,-999,-999,-999,-999,-999,-999,-999,-999,-999,-999,-999,-999,"Paradiso, J.L., Nowak, R.M., 1972"
Mammalia,Carnivora,Canidae,Canis,lupus,-999,Wolf,-999,-999,-999,-999,-999,-999,-999,-999,-999,-999,-999,-999,-999,-999,-999,40823.1,-999,-999,-999,-999,-999,-999,-999,-999,-999,-999,-999,-999,"Paradiso, J.L., Nowak, R.M., 1972"
Mammalia,Carnivora,Canidae,Canis,lupus,-999,Wolf,-999,-999,-999,-999,-999,-999,-999,-999,-999,-999,-999,-999,-999,-999,-999,27623.631,-999,-999,-999,-999,-999,-999,-999,-999,-999,-999,-999,-999,"Paradiso, J.L., Nowak, R.M., 1972"
Mammalia,Carnivora,Canidae,Canis,lupus,-999,Wolf,-999,-999,-999,-999,-999,-999,-999,-999,-999,-999,-999,-999,-999,-999,-999,22679.5,-999,-999,-999,-999,-999,-999,-999,-999,-999,-999,-999,-999,"Paradiso, J.L., Nowak, R.M., 1972"
Mammalia,Carnivora,Canidae,Canis,lupus,-999,Wolf,-999,-999,-999,-999,18.46666667,-999,-999,-999,-999,-999,-999,-999,-999,-999,-999,-999,-999,-999,-999,-999,-999,-999,-999,-999,-999,-999,-999,-999,"Weigl, R., 2005"
Mammalia,Carnivora,Canidae,Canis,lupus,-999,Wolf,-999,-999,-999,-999,-999,-999,-999,-999,-999,-999,-999,-999,-999,-999,-999,-999,20411.55,-999,-999,-999,-999,-999,-999,-999,-999,-999,-999,-999,"Paradiso, J.L., Nowak, R.M., 1972"
Mammalia,Carnivora,Canidae,Canis,lupus,-999,Wolf,-999,-999,-999,-999,-999,-999,-999,-999,-999,-999,-999,-999,-999,-999,-999,-999,28122.58,-999,-999,-999,-999,-999,-999,-999,-999,-999,-999,-999,"Paradiso, J.L., Nowak, R.M., 1972"
Mammalia,Carnivora,Canidae,Canis,lupus,-999,Wolf,-999,-999,-999,-999,-999,-999,-999,-999,-999,-999,-999,-999,-999,-999,-999,-999,23586.68,-999,-999,-999,-999,-999,-999,-999,-999,-999,-999,-999,"Paradiso, J.L., Nowak, R.M., 1972"
Mammalia,Carnivora,Canidae,Canis,lupus,-999,Wolf,-999,4.82,-999,-999,-999,-999,44.36,-999,-999,-999,-999,-999,-999,-999,-999,32800,-999,-999,-999,-999,-999,-999,-999,-999,-999,-999,-999,-999,"Garratt et al., 2014"
Mammalia,Carnivora,Canidae,Vulpes,vulpes,-999,Red Fox,321.07,4.59,-999,4820.36,15,52.5,50.71,100.49,1487.48,-999,-999,-999,-999,0.999315537,-999,-999,-999,-999,-999,-999,62.712,-999,-999,-999,-999,-999,-999,-999,"Jones, K., Bielby, J., Cardillo, M. et al., 2009"
Mammalia,Carnivora,Canidae,Vulpes,vulpes,-999,Red Fox,-999,-999,1.1,-999,-999,-999,-999,-999,-999,-999,-999,-999,-999,-999,-999,-999,-999,-999,-999,-999,-999,-999,-999,-999,-999,-999,-999,-999,"Jones, K., Bielby, J., Cardillo, M. et al., 2009"
Mammalia,Carnivora,Canidae,Vulpes,vulpes,-999,Red Fox,304,5,1,4131.7,21.3,52,48,100,1397,-999,-999,-999,304,0.999315537,-999,-999,4580.3,-999,-999,-999,-999,-999,-999,-999,-999,-999,-999,-999,"de Magalhaes and Costa, 2009"
Mammalia,Carnivora,Canidae,Vulpes,vulpes,-999,Red Fox,297.05536,4.34,0.91,5662.5,12,52.65428,55.08916,101.25,1236.43,-999,-999,-999,-999,-999,-999,-999,-999,-999,-999,-999,-999,-999,-999,-999,-999,-999,-999,-999,"Ernest et al., 2003"
Mammalia,Carnivora,Canidae,Vulpes,vulpes,-999,Red Fox,304,-999,-999,4131.7,21.3,52,48,100,1397,-999,-999,-999,-999,-999,-999,-999,-999,-999,-999,-999,-999,-999,-999,-999,-999,-999,-999,-999,"Ricklefs, 2010b"
Mammalia,Carnivora,Canidae,Vulpes,vulpes,-999,Red Fox,-999,-999,-999,-999,-999,-999,-999,-999,-999,-999,-999,-999,-999,-999,-999,-999,-999,-999,-999,-999,63,-999,-999,-999,-999,-999,-999,-999,"Boback and Guyer, 2003"
Mammalia,Carnivora,Canidae,Vulpes,vulpes,-999,Red Fox,-999,-999,-999,-999,-999,-999,-999,-999,-999,-999,-999,-999,-999,-999,-999,-999,-999,-999,-999,-999,90,-999,-999,-999,-999,-999,-999,-999,"Boback and Guyer, 2003"
Mammalia,Carnivora,Canidae,Vulpes,vulpes,-999,Red Fox,-999,-999,-999,-999,15,-999,-999,-999,-999,-999,-999,-999,-999,-999,-999,-999,-999,-999,-999,-999,-999,-999,-999,-999,-999,-999,-999,-999,"Carey, J.R. and D.S. Judge, 2002"
Mammalia,Carnivora,Canidae,Vulpes,vulpes,-999,Red Fox,-999,-999,-999,-999,12,-999,-999,-999,-999,-999,-999,-999,-999,-999,-999,-999,-999,-999,-999,-999,-999,-999,-999,-999,-999,-999,-999,-999,"Carey, J.R. and D.S. Judge, 2002"
Mammalia,Carnivora,Canidae,Vulpes,vulpes,-999,Red Fox,-999,-999,-999,-999,21.20833333,-999,-999,-999,-999,-999,-999,-999,-999,-999,-999,-999,-999,-999,-999,-999,-999,-999,-999,-999,-999,-999,-999,-999,"Weigl, R., 2005"
Mammalia,Carnivora,Canidae,Vulpes,vulpes,-999,Red Fox,-999,-999,-999,4440,-999,-999,-999,-999,-999,-999,-999,-999,-999,-999,-999,-999,-999,-999,-999,-999,-999,-999,-999,-999,-999,-999,-999,-999,"BC mammals - Savage et al., 2004"
Mammalia,Carnivora,Canidae,Vulpes,vulpes,-999,Red Fox,-999,-999,-999,4725,-999,-999,-999,-999,-999,-999,-999,-999,-999,-999,-999,-999,-999,-999,-999,-999,-999,-999,-999,-999,-999,-999,-999,-999,"BC mammals - Savage et al., 2004"
Mammalia,Carnivora,Canidae,Vulpes,vulpes,-999,Red Fox,-999,-999,-999,4580.3,-999,-999,-999,-999,-999,-999,-999,-999,-999,-999,-999,-999,-999,-999,-999,-999,-999,-999,-999,-999,-999,-999,-999,-999,"BC mammals - Savage et al., 2004"
Mammalia,Carnivora,Canidae,Vulpes,vulpes,-999,Red Fox,-999,4.875,-999,-999,-999,52.3525,49.71,103.06267,1490,-999,-999,-999,-999,-999,-999,6260,-999,-999,-999,-999,-999,-999,-999,-999,-999,-999,-999,-999,"Garratt et al., 2014"
Mammalia,Carnivora,Felidae,Acinonyx,jubatus,-999,Cheetah,741.97,3.28,-999,50577.92,19,92.24,91.42,441.66,-999,-999,-999,-999,-999,1.498973306,-999,-999,-999,-999,-999,-999,148.043,-999,-999,25,-999,-999,-999,-999,"Jones, K., Bielby, J., Cardillo, M. et al., 2009"
Mammalia,Carnivora,Felidae,Acinonyx,jubatus,-999,Cheetah,-999,-999,0.89,-999,-999,-999,-999,-999,-999,-999,-999,-999,-999,-999,-999,-999,-999,-999,-999,-999,-999,-999,-999,-999,-999,-999,-999,-999,"Jones, K., Bielby, J., Cardillo, M. et al., 2009"
Mammalia,Carnivora,Felidae,Acinonyx,jubatus,-999,Cheetah,456,3,0.7,53500,20.5,88,107,489,1940,-999,-999,-999,456,1.470225873,-999,-999,38446.1,-999,-999,-999,-999,-999,-999,-999,-999,-999,-999,-999,"de Magalhaes and Costa, 2009"
Mammalia,Carnivora,Felidae,Acinonyx,jubatus,-999,Cheetah,773.37876,3.04,0.65,58750,19,101.9606,111.70012,403.96,1940,-999,-999,-999,-999,-999,-999,-999,-999,-999,-999,-999,-999,-999,-999,-999,-999,-999,-999,-999,"Ernest et al., 2003"
Mammalia,Carnivora,Felidae,Acinonyx,jubatus,-999,Cheetah,456,-999,-999,53500,20.5,88,107,489,1940,-999,-999,-999,-999,-999,-999,-999,-999,-999,-999,-999,-999,-999,-999,-999,-999,-999,-999,-999,"Ricklefs, 2010b"
Mammalia,Carnivora,Felidae,Acinonyx,jubatus,-999,Cheetah,-999,-999,-999,-999,-999,-999,-999,-999,-999,-999,-999,-999,-999,-999,-999,-999,-999,-999,-999,-999,150,-999,-999,-999,-999,-999,-999,-999,"Boback and Guyer, 2003"
Mammalia,Carnivora,Felidae,Acinonyx,jubatus,-999,Cheetah,-999,-999,-999,-999,19,-999,-999,-999,-999,-999,-999,-999,-999,-999,-999,-999,-999,-999,-999,-999,-999,-999,-999,-999,-999,-999,-999,-999,"Carey, J.R. and D.S. Judge, 2002"
Mammalia,Carnivora,Felidae,Acinonyx,jubatus,-999,Cheetah,-999,-999,-999,-999,15,-999,-999,-999,-999,-999,-999,-999,-999,-999,-999,-999,-999,-999,-999,-999,-999,-999,-999,-999,-999,-999,-999,-999,"Carey, J.R. and D.S. Judge, 2002"
Mammalia,Carnivora,Felidae,Acinonyx,jubatus,-999,Cheetah,-999,-999,-999,-999,17,-999,-999,-999,-999,-999,-999,-999,-999,-999,-999,-999,-999,-999,-999,-999,-999,-999,-999,-999,-999,-999,-999,-999,"Carey, J.R. and D.S. Judge, 2002"
Mammalia,Carnivora,Felidae,Acinonyx,jubatus,-999,Cheetah,-999,-999,-999,-999,20.45833333,-999,-999,-999,-999,-999,-999,-999,-999,-999,-999,-999,-999,-999,-999,-999,-999,-999,-999,-999,-999,-999,-999,-999,"Weigl, R., 2005"
Mammalia,Carnivora,Felidae,Acinonyx,jubatus,-999,Cheetah,-999,-999,-999,37900,-999,-999,-999,-999,-999,-999,-999,-999,-999,-999,-999,-999,-999,-999,-999,-999,-999,-999,-999,-999,-999,-999,-999,-999,"BC mammals - Savage et al., 2004"
Mammalia,Carnivora,Felidae,Acinonyx,jubatus,-999,Cheetah,-999,-999,-999,39000,-999,-999,-999,-999,-999,-999,-999,-999,-999,-999,-999,-999,-999,-999,-999,-999,-999,-999,-999,-999,-999,-999,-999,-999,"BC mammals - Savage et al., 2004"
Mammalia,Carnivora,Felidae,Acinonyx,jubatus,-999,Cheetah,-999,-999,-999,38446.1,-999,-999,-999,-999,-999,-999,-999,-999,-999,-999,-999,-999,-999,-999,-999,-999,-999,-999,-999,-999,-999,-999,-999,-999,"BC mammals - Savage et al., 2004"
Mammalia,Carnivora,Felidae,Panthera,leo,-999,Lion,987.77,2.75,2,158623.93,30,108.74,197.86,1291.71,-999,-999,-999,-999,-999,1.998631075,-999,-999,-999,-999,-999,-999,183.516,-999,-999,-999,-999,-999,-999,-999,"Jones, K., Bielby, J., Cardillo, M. et al., 2009"
Mammalia,Carnivora,Felidae,Panthera,leo,-999,Lion,1095,3,1,175000,27,109,216,1300,8480,-999,-999,-999,1095,1.776865161,-999,-999,98000,-999,-999,-999,-999,-999,-999,-999,-999,-999,-999,-999,"de Magalhaes and Costa, 2009"
Mammalia,Carnivora,Felidae,Panthera,leo,-999,Lion,1095.08728,2.9,0.66,139500,30,110.17832,219.74792,1377.45,8480,-999,-999,-999,-999,-999,-999,-999,-999,-999,-999,-999,-999,-999,-999,-999,-999,-999,-999,-999,"Ernest et al., 2003"
Mammalia,Carnivora,Felidae,Panthera,leo,-999,Lion,1095,-999,-999,175000,27,109,216,1300,8480,-999,-999,-999,-999,-999,-999,-999,-999,-999,-999,-999,-999,-999,-999,-999,-999,-999,-999,-999,"Ricklefs, 2010b"
Mammalia,Carnivora,Felidae,Panthera,leo,-999,Lion,-999,-999,-999,-999,-999,-999,-999,-999,-999,-999,-999,-999,-999,-999,-999,-999,-999,-999,-999,-999,250,-999,-999,-999,-999,-999,-999,-999,"Boback and Guyer, 2003"
Mammalia,Carnivora,Felidae,Panthera,leo,-999,Lion,-999,-999,-999,-999,30,-999,-999,-999,-999,-999,-999,-999,-999,-999,-999,-999,-999,-999,-999,-999,-999,-999,-999,-999,-999,-999,-999,-999,"Carey, J.R. and D.S. Judge, 2002"
Mammalia,Carnivora,Felidae,Panthera,leo,-999,Lion,-999,-999,-999,-999,29,-999,-999,-999,-999,-999,-999,-999,-999,-999,-999,-999,-999,-999,-999,-999,-999,-999,-999,-999,-999,-999,-999,-999,"Carey, J.R. and D.S. Judge, 2002"
Mammalia,Carnivora,Felidae,Panthera,leo,-999,Lion,-999,-999,-999,-999,25,-999,-999,-999,-999,-999,-999,-999,-999,-999,-999,-999,-999,-999,-999,-999,-999,-999,-999,-999,-999,-999,-999,-999,"Carey, J.R. and D.S. Judge, 2002"
Mammalia,Carnivora,Felidae,Panthera,leo,-999,Lion,-999,-999,-999,-999,24,-999,-999,-999,-999,-999,-999,-999,-999,-999,-999,-999,-999,-999,-999,-999,-999,-999,-999,-999,-999,-999,-999,-999,"Carey, J.R. and D.S. Judge, 2002"
Mammalia,Carnivora,Felidae,Panthera,leo,-999,Lion,-999,-999,-999,-999,26.78333333,-999,-999,-999,-999,-999,-999,-999,-999,-999,-999,-999,-999,-999,-999,-999,-999,-999,-999,-999,-999,-999,-999,-999,"Weigl, R., 2005"
Mammalia,Carnivora,Felidae,Panthera,leo,-999,Lion,-999,-999,-999,98000,-999,-999,-999,-999,-999,-999,-999,-999,-999,-999,-999,-999,-999,-999,-999,-999,-999,-999,-999,-999,-999,-999,-999,-999,"BC mammals - Savage et al., 2004"
Mammalia,Carnivora,Felidae,Panthera,leo,-999,Lion,-999,-999,-999,98000,-999,-999,-999,-999,-999,-999,-999,-999,-999,-999,-999,-999,-999,-999,-999,-999,-999,-999,-999,-999,-999,-999,-999,-999,"BC mammals - Savage et al., 2004"
Mammalia,Carnivora,Felidae,Panthera,leo,-999,Lion,-999,2,-999,-999,-999,108.053125,215.11,1383.9,-999,-999,-999,-999,-999,-999,-999,188000,-999,-999,-999,-999,-999,-999,-999,-999,-999,-999,-999,-999,"Garratt et al., 2014"
Mammalia,Carnivora,Felidae,Panthera,pardus,-999,Leopard,810.68,2.14,1,52399.99,23,96.74,123.54,553.39,-999,-999,-999,-999,-999,1.304229979,-999,-999,-999,-999,-999,-999,137.771,-999,-999,-999,-999,-999,-999,-999,"Jones, K., Bielby, J., Cardillo, M. et al., 2009"
Mammalia,Carnivora,Felidae,Panthera,pardus,-999,Leopard,937,2,1.25,53750,27.3,97,110,550,1940,-999,-999,-999,771,1.215605749,-999,-999,-999,-999,-999,-999,-999,-999,-999,-999,-999,-999,-999,-999,"de Magalhaes and Costa, 2009"
Mammalia,Carnivora,Felidae,Panthera,pardus,-999,Leopard,1037.8676,2.38,0.83,42325,23,98.00392,87.65568,363.49,1940,-999,-999,-999,-999,-999,-999,-999,-999,-999,-999,-999,-999,-999,-999,-999,-999,-999,-999,-999,"Ernest et al., 2003"
Mammalia,Carnivora,Felidae,Panthera,pardus,-999,Leopard,937,-999,-999,53750,27.3,97,110,550,1940,-999,-999,-999,-999,-999,-999,-999,-999,-999,-999,-999,-999,-999,-999,-999,-999,-999,-999,-999,"Ricklefs, 2010b"
Mammalia,Carnivora,Felidae,Panthera,pardus,-999,Leopard,-999,-999,-999,-999,-999,-999,-999,-999,-999,-999,-999,-999,-999,-999,-999,-999,-999,-999,-999,-999,191,-999,-999,-999,-999,-999,-999,-999,"Boback and Guyer, 2003"
Mammalia,Carnivora,Felidae,Panthera,pardus,-999,Leopard,-999,-999,-999,-999,20,-999,-999,-999,-999,-999,-999,-999,-999,-999,-999,-999,-999,-999,-999,-999,-999,-999,-999,-999,-999,-999,-999,-999,"Carey, J.R. and D.S. Judge, 2002"
Mammalia,Carnivora,Felidae,Panthera,pardus,-999,Leopard,-999,-999,-999,-999,23,-999,-999,-999,-999,-999,-999,-999,-999,-999,-999,-999,-999,-999,-999,-999,-999,-999,-999,-999,-999,-999,-999,-999,"Carey, J.R. and D.S. Judge, 2002"
Mammalia,Carnivora,Felidae,Panthera,pardus,-999,Leopard,-999,-999,-999,-999,27.28333333,-999,-999,-999,-999,-999,-999,-999,-999,-999,-999,-999,-999,-999,-999,-999,-999,-999,-999,-999,-999,-999,-999,-999,"Weigl, R., 2005"
Mammalia,Carnivora,Felidae,Panthera,pardus,-999,Leopard,-999,-999,-999,-999,-999,-999,-999,-999,7820,-999,-999,-999,-999,-999,-999,-999,-999,-999,-999,-999,-999,-999,-999,-999,-999,-999,-999,-999,"de Carvalho, C.T., 1968"
Mammalia,Carnivora,Felidae,Panthera,tigris,-999,Tiger,1522.5,2.6,1,161914.66,26.3,105.19,118.55,1313.5,11003,-999,-999,-999,-999,2.248459959,-999,-999,-999,-999,-999,-999,182.479,-999,-999,-999,-999,-999,-999,-999,"Jones, K., Bielby, J., Cardillo, M. et al., 2009"
Mammalia,Carnivora,Felidae,Panthera,tigris,-999,Tiger,1268,2.5,0.4,119700,26.3,105,121,1190,11003,-999,-999,-999,1415,2.05338809,-999,-999,137900,-999,-999,-999,-999,-999,-999,-999,-999,-999,-999,-999,"de Magalhaes and Costa, 2009"
Mammalia,Carnivora,Felidae,Panthera,tigris,-999,Tiger,1251.52832,2.57,0.4,119700,26.25,106.83036,166.78928,1248.59,19556,-999,-999,-999,-999,-999,-999,-999,-999,-999,-999,-999,-999,-999,-999,-999,-999,-999,-999,-999,"Ernest et al., 2003"
Mammalia,Carnivora,Felidae,Panthera,tigris,-999,Tiger,1268,-999,-999,119700,26.3,105,121,1190,11003,-999,-999,-999,-999,-999,-999,-999,-999,-999,-999,-999,-999,-999,-999,-999,-999,-999,-999,-999,"Ricklefs, 2010b"
Mammalia,Carnivora,Felidae,Panthera,tigris,-999,Tiger,-999,-999,-999,-999,-999,-999,-999,-999,-999,-999,-999,-999,-999,-999,-999,-999,-999,-999,-999,-999,280,-999,-999,-999,-999,-999,-999,-999,"Boback and Guyer, 2003"
Mammalia,Carnivora,Felidae,Panthera,tigris,-999,Tiger,-999,-999,-999,-999,26.3,-999,-999,-999,-999,-999,-999,-999,-999,-999,-999,-999,-999,-999,-999,-999,-999,-999,-999,-999,-999,-999,-999,-999,"Carey, J.R. and D.S. Judge, 2002"
Mammalia,Carnivora,Felidae,Panthera,tigris,-999,Tiger,-999,-999,-999,-999,20,-999,-999,-999,-999,-999,-999,-999,-999,-999,-999,-999,-999,-999,-999,-999,-999,-999,-999,-999,-999,-999,-999,-999,"Carey, J.R. and D.S. Judge, 2002"
Mammalia,Carnivora,Felidae,Panthera,tigris,-999,Tiger,-999,-999,-999,-999,26,-999,-999,-999,-999,-999,-999,-999,-999,-999,-999,-999,-999,-999,-999,-999,-999,-999,-999,-999,-999,-999,-999,-999,"Carey, J.R. and D.S. Judge, 2002"
Mammalia,Carnivora,Felidae,Panthera,tigris,-999,Tiger,-999,-999,-999,-999,26.2,-999,-999,-999,-999,-999,-999,-999,-999,-999,-999,-999,-999,-999,-999,-999,-999,-999,-999,-999,-999,-999,-999,-999,"Weigl, R., 2005"
Mammalia,Carnivora,Felidae,Panthera,tigris,-999,Tiger,-999,-999,-999,137900,-999,-999,-999,-999,-999,-999,-999,-999,-999,-999,-999,-999,-999,-999,-999,-999,-999,-999,-999,-999,-999,-999,-999,-999,"BC mammals - Savage et al., 2004"
Mammalia,Carnivora,Felidae,Panthera,tigris,-999,Tiger,-999,-999,-999,137900,-999,-999,-999,-999,-999,-999,-999,-999,-999,-999,-999,-999,-999,-999,-999,-999,-999,-999,-999,-999,-999,-999,-999,-999,"BC mammals - Savage et al., 2004"
Mammalia,Carnivora,Felidae,Panthera,tigris,-999,Tiger,-999,2.57,-999,-999,-999,106.835625,124.8,1248.59,11000,-999,-999,-999,-999,-999,-999,340500,-999,-999,-999,-999,-999,-999,-999,-999,-999,-999,-999,-999,"Garratt et al., 2014"
Mammalia,Carnivora,Mustelidae,Enhydra,lutris,-999,Sea Otter,344.87,3.24,-999,974.33,3,-999,108.36,-999,70,-999,-999,-999,-999,0.999315537,-999,-999,-999,-999,-999,-999,29.75,-999,-999,-999,-999,-999,-999,-999,"Jones, K., Bielby, J., Cardillo, M. et al., 2009"
Mammalia,Carnivora,Mustelidae,Enhydra,lutris,-999,Sea Otter,1022.33,0.96,-999,27410.93,30,238,178.98,1894.37,12414.82,-999,-999,-999,-999,0.999315537,-999,-999,-999,-999,-999,-999,143.571,-999,-999,-999,-999,-999,-999,-999,"Jones, K., Bielby, J., Cardillo, M. et al., 2009"
Mammalia,Carnivora,Mustelidae,Enhydra,lutris,-999,Sea Otter,-999,-999,1.1,-999,-999,-999,-999,-999,-999,-999,-999,-999,-999,-999,-999,-999,-999,-999,-999,-999,-999,-999,-999,-999,-999,-999,-999,-999,"Jones, K., Bielby, J., Cardillo, M. et al., 2009"
Mammalia,Carnivora,Mustelidae,Enhydra,lutris,-999,Sea Otter,-999,-999,1.1,-999,-999,-999,-999,-999,-999,-999,-999,-999,-999,-999,-999,-999,-999,-999,-999,-999,-999,-999,-999,-999,-999,-999,-999,-999,"Jones, K., Bielby, J., Cardillo, M. et al., 2009"
Mammalia,Carnivora,Mustelidae,Enhydra,lutris,-999,Sea Otter,974,1,0.8,25850,27,140,175,1868,13425,-999,-999,-999,1369,1.500342231,-999,-999,26832.8,-999,-999,-999,-999,-999,-999,-999,-999,-999,-999,-999,"de Magalhaes and Costa, 2009"
Mammalia,Carnivora,Mustelidae,Enhydra,lutris,-999,Sea Otter,304,4,-999,700,3.1,-999,-999,-999,-999,-999,-999,-999,-999,-999,-999,-999,940.5,-999,-999,-999,-999,-999,-999,-999,-999,-999,-999,-999,"de Magalhaes and Costa, 2009"
Mammalia,Carnivora,Mustelidae,Enhydra,lutris,-999,Sea Otter,1312.70468,1,0.83,21800,20,216.0956,175.61572,1909.17,12666.67,-999,-999,-999,-999,-999,-999,-999,-999,-999,-999,-999,-999,-999,-999,-999,-999,-999,-999,-999,"Ernest et al., 2003"
Mammalia,Carnivora,Mustelidae,Enhydra,lutris,-999,Sea Otter,-999,-999,-999,-999,-999,-999,-999,-999,-999,-999,-999,-999,-999,-999,-999,-999,-999,-999,-999,-999,40,-999,-999,-999,-999,-999,-999,-999,"Boback and Guyer, 2003"
Mammalia,Carnivora,Mustelidae,Enhydra,lutris,-999,Sea Otter,-999,-999,-999,-999,-999,-999,-999,-999,-999,-999,-999,-999,-999,-999,-999,-999,-999,-999,-999,-999,120,-999,-999,-999,-999,-999,-999,-999,"Boback and Guyer, 2003"
Mammalia,Carnivora,Mustelidae,Enhydra,lutris,-999,Sea Otter,-999,-999,-999,-999,23,-999,-999,-999,-999,-999,-999,-999,-999,-999,-999,-999,-999,-999,-999,-999,-999,-999,-999,-999,-999,-999,-999,-999,"Carey, J.R. and D.S. Judge, 2002"
Mammalia,Carnivora,Mustelidae,Enhydra,lutris,-999,Sea Otter,-999,-999,-999,-999,19,-999,-999,-999,-999,-999,-999,-999,-999,-999,-999,-999,-999,-999,-999,-999,-999,-999,-999,-999,-999,-999,-999,-999,"Carey, J.R. and D.S. Judge, 2002"
Mammalia,Carnivora,Mustelidae,Enhydra,lutris,-999,Sea Otter,-999,-999,-999,-999,30,-999,-999,-999,-999,-999,-999,-999,-999,-999,-999,-999,-999,-999,-999,-999,-999,-999,-999,-999,-999,-999,-999,-999,"Carey, J.R. and D.S. Judge, 2002"
Mammalia,Carnivora,Mustelidae,Enhydra,lutris,-999,Sea Otter,-999,-999,-999,-999,2.9,-999,-999,-999,-999,-999,-999,-999,-999,-999,-999,-999,-999,-999,-999,-999,-999,-999,-999,-999,-999,-999,-999,-999,"Carey, J.R. and D.S. Judge, 2002"
Mammalia,Carnivora,Mustelidae,Enhydra,lutris,-999,Sea Otter,-999,-999,-999,-999,3.158333333,-999,-999,-999,-999,-999,-999,-999,-999,-999,-999,-999,-999,-999,-999,-999,-999,-999,-999,-999,-999,-999,-999,-999,"Weigl, R., 2005"
Mammalia,Carnivora,Mustelidae,Enhydra,lutris,-999,Sea Otter,-999,-999,-999,-999,-999,-999,-999,2040,-999,-999,-999,-999,-999,-999,-999,-999,-999,-999,-999,-999,-999,-999,-999,-999,-999,-999,-999,-999,"Ridgway, S.H., Harrison, R.J., 1981"
Mammalia,Carnivora,Mustelidae,Enhydra,lutris,-999,Sea Otter,-999,-999,-999,-999,-999,-999,-999,2270,-999,-999,-999,-999,-999,-999,-999,-999,-999,-999,-999,-999,-999,-999,-999,-999,-999,-999,-999,-999,"Ridgway, S.H., Harrison, R.J., 1981"
Mammalia,Carnivora,Mustelidae,Enhydra,lutris,-999,Sea Otter,-999,-999,-999,-999,-999,-999,-999,-999,-999,-999,-999,-999,-999,-999,16000,-999,-999,-999,-999,-999,-999,-999,-999,-999,-999,-999,-999,-999,"Ridgway, S.H., Harrison, R.J., 1981"
Mammalia,Carnivora,Mustelidae,Enhydra,lutris,-999,Sea Otter,-999,-999,-999,-999,-999,-999,-999,-999,-999,-999,-999,-999,-999,-999,27000,-999,-999,-999,-999,-999,-999,-999,-999,-999,-999,-999,-999,-999,"Ridgway, S.H., Harrison, R.J., 1981"
Mammalia,Carnivora,Mustelidae,Enhydra,lutris,-999,Sea Otter,-999,-999,-999,-999,-999,-999,-999,-999,-999,-999,-999,-999,-999,-999,-999,27000,-999,-999,-999,-999,-999,-999,-999,-999,-999,-999,-999,-999,"Ridgway, S.H., Harrison, R.J., 1981"
Mammalia,Carnivora,Mustelidae,Enhydra,lutris,-999,Sea Otter,-999,-999,-999,-999,-999,-999,-999,-999,-999,-999,-999,-999,-999,-999,-999,38600,-999,-999,-999,-999,-999,-999,-999,-999,-999,-999,-999,-999,"Ridgway, S.H., Harrison, R.J., 1981"
Mammalia,Carnivora,Mustelidae,Enhydra,lutris,-999,Sea Otter,-999,-999,-999,-999,27.03333333,-999,-999,-999,-999,-999,-999,-999,-999,-999,-999,-999,-999,-999,-999,-999,-999,-999,-999,-999,-999,-999,-999,-999,"Weigl, R., 2005"
Mammalia,Carnivora,Mustelidae,Enhydra,lutris,-999,Sea Otter,-999,-999,-999,-999,16.925,-999,-999,-999,-999,-999,-999,-999,-999,-999,-999,-999,-999,-999,-999,-999,-999,-999,-999,-999,-999,-999,-999,-999,"Ridgway, S.H., Harrison, R.J., 1981"
Mammalia,Carnivora,Mustelidae,Enhydra,lutris,-999,Sea Otter,-999,-999,-999,540,-999,-999,-999,-999,-999,-999,-999,-999,-999,-999,-999,-999,-999,-999,-999,-999,-999,-999,-999,-999,-999,-999,-999,-999,"BC mammals - Jones et al., 2003"
Mammalia,Carnivora,Mustelidae,Enhydra,lutris,-999,Sea Otter,-999,-999,-999,790,-999,-999,-999,-999,-999,-999,-999,-999,-999,-999,-999,-999,-999,-999,-999,-999,-999,-999,-999,-999,-999,-999,-999,-999,"BC mammals - Jones et al., 2003"
Mammalia,Carnivora,Mustelidae,Enhydra,lutris,-999,Sea Otter,-999,1,-999,-999,-999,-999,-999,-999,-999,-999,-999,-999,-999,-999,-999,-999,-999,-999,-999,-999,-999,-999,-999,-999,-999,-999,-999,-999,"BC mammals - Jones et al., 2003"
Mammalia,Carnivora,Mustelidae,Enhydra,lutris,-999,Sea Otter,-999,5,-999,-999,-999,-999,-999,-999,-999,-999,-999,-999,-999,-999,-999,-999,-999,-999,-999,-999,-999,-999,-999,-999,-999,-999,-999,-999,"BC mammals - Jones et al., 2003"
Mammalia,Carnivora,Mustelidae,Enhydra,lutris,-999,Sea Otter,304.4,-999,-999,-999,-999,-999,-999,-999,-999,-999,-999,-999,-999,-999,-999,-999,-999,-999,-999,-999,-999,-999,-999,-999,-999,-999,-999,-999,"BC mammals - Jones et al., 2003"
Mammalia,Carnivora,Mustelidae,Enhydra,lutris,-999,Sea Otter,-999,-999,-999,-999,3,-999,-999,-999,-999,-999,-999,-999,-999,-999,-999,-999,-999,-999,-999,-999,-999,-999,-999,-999,-999,-999,-999,-999,"BC mammals - Jones et al., 2003"
Mammalia,Carnivora,Mustelidae,Enhydra,lutris,-999,Sea Otter,-999,-999,-999,922,-999,-999,-999,-999,-999,-999,-999,-999,-999,-999,-999,-999,-999,-999,-999,-999,-999,-999,-999,-999,-999,-999,-999,-999,"BC mammals - Jones et al., 2003"
Mammalia,Carnivora,Mustelidae,Enhydra,lutris,-999,Sea Otter,-999,-999,-999,-999,-999,-999,-999,-999,-999,-999,-999,-999,-999,-999,-999,-999,-999,-999,-999,-999,26,-999,-999,-999,-999,-999,-999,-999,"BC mammals - Jones et al., 2003"
Mammalia,Carnivora,Mustelidae,Enhydra,lutris,-999,Sea Otter,-999,-999,-999,-999,-999,-999,-999,-999,-999,-999,-999,-999,-999,-999,-999,-999,-999,-999,-999,-999,29.8,-999,-999,-999,-999,-999,-999,-999,"BC mammals - Jones et al., 2003"
Mammalia,Carnivora,Mustelidae,Enhydra,lutris,-999,Sea Otter,-999,-999,-999,590,-999,-999,-999,-999,-999,-999,-999,-999,-999,-999,-999,-999,-999,-999,-999,-999,-999,-999,-999,-999,-999,-999,-999,-999,"BC mammals - Jones et al., 2003"
Mammalia,Carnivora,Mustelidae,Enhydra,lutris,-999,Sea Otter,-999,-999,-999,700,-999,-999,-999,-999,-999,-999,-999,-999,-999,-999,-999,-999,-999,-999,-999,-999,-999,-999,-999,-999,-999,-999,-999,-999,"BC mammals - Jones et al., 2003"
Mammalia,Carnivora,Mustelidae,Enhydra,lutris,-999,Sea Otter,-999,-999,-999,935,-999,-999,-999,-999,-999,-999,-999,-999,-999,-999,-999,-999,-999,-999,-999,-999,-999,-999,-999,-999,-999,-999,-999,-999,"BC mammals - Savage et al., 2004"
Mammalia,Carnivora,Mustelidae,Enhydra,lutris,-999,Sea Otter,-999,-999,-999,946,-999,-999,-999,-999,-999,-999,-999,-999,-999,-999,-999,-999,-999,-999,-999,-999,-999,-999,-999,-999,-999,-999,-999,-999,"BC mammals - Savage et al., 2004"
Mammalia,Carnivora,Mustelidae,Enhydra,lutris,-999,Sea Otter,-999,-999,-999,940.5,-999,-999,-999,-999,-999,-999,-999,-999,-999,-999,-999,-999,-999,-999,-999,-999,-999,-999,-999,-999,-999,-999,-999,-999,"BC mammals - Savage et al., 2004"
Mammalia,Carnivora,Mustelidae,Enhydra,lutris,-999,Sea Otter,-999,-999,-999,18000,-999,-999,-999,-999,-999,-999,-999,-999,-999,-999,-999,-999,-999,-999,-999,-999,-999,-999,-999,-999,-999,-999,-999,-999,"BC mammals - Savage et al., 2004"
Mammalia,Carnivora,Mustelidae,Enhydra,lutris,-999,Sea Otter,-999,-999,-999,40000,-999,-999,-999,-999,-999,-999,-999,-999,-999,-999,-999,-999,-999,-999,-999,-999,-999,-999,-999,-999,-999,-999,-999,-999,"BC mammals - Savage et al., 2004"
Mammalia,Carnivora,Mustelidae,Enhydra,lutris,-999,Sea Otter,-999,-999,-999,26832.8,-999,-999,-999,-999,-999,-999,-999,-999,-999,-999,-999,-999,-999,-999,-999,-999,-999,-999,-999,-999,-999,-999,-999,-999,"BC mammals - Savage et al., 2004"
Mammalia,Carnivora,Ursidae,Ailuropoda,melanoleuca,-999,Giant Panda,2413.02,1.62,-999,117999.99,30,134.99,178.98,104.39,21999.99,-999,-999,-999,-999,1.74880219,-999,-999,-999,-999,-999,-999,134.598,-999,-999,-999,-999,-999,-999,-999,"Jones, K., Bielby, J., Cardillo, M. et al., 2009"
Mammalia,Carnivora,Ursidae,Ailuropoda,melanoleuca,-999,Giant Panda,-999,-999,0.82,-999,-999,-999,-999,-999,-999,-999,-999,-999,-999,-999,-999,-999,-999,-999,-999,-999,-999,-999,-999,-999,-999,-999,-999,-999,"Jones, K., Bielby, J., Cardillo, M. et al., 2009"
Mammalia,Carnivora,Ursidae,Ailuropoda,melanoleuca,-999,Giant Panda,2192,1.5,0.7,117500,36.8,48,182,110,22000,-999,-999,-999,2192,1.500342231,-999,-999,-999,-999,-999,-999,-999,-999,-999,-999,-999,-999,-999,-999,"de Magalhaes and Costa, 2009"
Mammalia,Carnivora,Ursidae,Ailuropoda,melanoleuca,-999,Giant Panda,2351.48536,1.54,0.7,111600,34,131.17916,203.9212,109.29,15000,-999,-999,-999,-999,-999,-999,-999,-999,-999,-999,-999,-999,-999,-999,-999,-999,-999,-999,-999,"Ernest et al., 2003"
Mammalia,Carnivora,Ursidae,Ailuropoda,melanoleuca,-999,Giant Panda,-999,-999,-999,-999,-999,-999,-999,-999,-999,-999,-999,-999,-999,-999,-999,-999,-999,-999,-999,-999,150,-999,-999,-999,-999,-999,-999,-999,"Boback and Guyer, 2003"
Mammalia,Carnivora,Ursidae,Ailuropoda,melanoleuca,-999,Giant Panda,-999,-999,-999,-999,26,-999,-999,-999,-999,-999,-999,-999,-999,-999,-999,-999,-999,-999,-999,-999,-999,-999,-999,-999,-999,-999,-999,-999,"Carey, J.R. and D.S. Judge, 2002"
Mammalia,Carnivora,Ursidae,Ailuropoda,melanoleuca,-999,Giant Panda,-999,-999,-999,-999,30,-999,-999,-999,-999,-999,-999,-999,-999,-999,-999,-999,-999,-999,-999,-999,-999,-999,-999,-999,-999,-999,-999,-999,"Carey, J.R. and D.S. Judge, 2002"
Mammalia,Carnivora,Ursidae,Ailuropoda,melanoleuca,-999,Giant Panda,-999,-999,-999,-999,36.76666667,-999,-999,-999,-999,-999,-999,-999,-999,-999,-999,-999,-999,-999,-999,-999,-999,-999,-999,-999,-999,-999,-999,-999,"Weigl, R., 2005"
Mammalia,Carnivora,Ursidae,Helarctos,malayanus,-999,Sun bear,-999,1.1,-999,57075.78,24.8,98.34,90.36,324.99,-999,-999,-999,-999,-999,-999,-999,-999,-999,-999,-999,-999,122.079,-999,-999,-999,-999,-999,-999,-999,"Jones, K., Bielby, J., Cardillo, M. et al., 2009"
Mammalia,Carnivora,Ursidae,Helarctos,malayanus,-999,Sun bear,2372,1,-999,46000,35.9,95,90,325,-999,-999,-999,-999,-999,-999,-999,-999,-999,-999,-999,-999,-999,-999,-999,-999,-999,-999,-999,-999,"de Magalhaes and Costa, 2009"
Mammalia,Carnivora,Ursidae,Helarctos,malayanus,-999,Sun bear,2374.008,1.16,-999,46000,31,112.00448,91.308,275,-999,-999,-999,-999,-999,-999,-999,-999,-999,-999,-999,-999,-999,-999,-999,-999,-999,-999,-999,-999,"Ernest et al., 2003"
Mammalia,Carnivora,Ursidae,Helarctos,malayanus,-999,Sun bear,-999,-999,-999,-999,-999,-999,-999,-999,-999,-999,-999,-999,-999,-999,-999,-999,-999,-999,-999,-999,140,-999,-999,-999,-999,-999,-999,-999,"Boback and Guyer, 2003"
Mammalia,Carnivora,Ursidae,Helarctos,malayanus,-999,Sun bear,-999,-999,-999,-999,24.8,-999,-999,-999,-999,-999,-999,-999,-999,-999,-999,-999,-999,-999,-999,-999,-999,-999,-999,-999,-999,-999,-999,-999,"Carey, J.R. and D.S. Judge, 2002"
Mammalia,Carnivora,Ursidae,Helarctos,malayanus,-999,Sun bear,-999,-999,-999,-999,35.76666667,-999,-999,-999,-999,-999,-999,-999,-999,-999,-999,-999,-999,-999,-999,-999,-999,-999,-999,-999,-999,-999,-999,-999,"Weigl, R., 2005"
Mammalia,Carnivora,Ursidae,Melursus,ursinus,-999,Sloth Bear,1262.74,1.54,-999,99999.99,40,203.36,194.67,-999,-999,-999,-999,-999,-999,2.997946612,-999,-999,-999,-999,-999,-999,159.523,-999,-999,-999,-999,-999,-999,-999,"Jones, K., Bielby, J., Cardillo, M. et al., 2009"
Mammalia,Carnivora,Ursidae,Melursus,ursinus,-999,Sloth Bear,-999,-999,0.63,-999,-999,-999,-999,-999,-999,-999,-999,-999,-999,-999,-999,-999,-999,-999,-999,-999,-999,-999,-999,-999,-999,-999,-999,-999,"Jones, K., Bielby, J., Cardillo, M. et al., 2009"
Mammalia,Carnivora,Ursidae,Melursus,ursinus,-999,Sloth Bear,1095,1.5,-999,100000,33.3,198,76,400,-999,-999,-999,-999,1095,2.997946612,-999,-999,66957,-999,-999,-999,-999,-999,-999,-999,-999,-999,-999,-999,"de Magalhaes and Costa, 2009"
Mammalia,Carnivora,Ursidae,Melursus,ursinus,-999,Sloth Bear,-999,1.69,-999,100000,40,195.39912,76.09,-999,-999,-999,-999,-999,-999,-999,-999,-999,-999,-999,-999,-999,-999,-999,-999,-999,-999,-999,-999,-999,"Ernest et al., 2003"
Mammalia,Carnivora,Ursidae,Melursus,ursinus,-999,Sloth Bear,-999,-999,-999,-999,-999,-999,-999,-999,-999,-999,-999,-999,-999,-999,-999,-999,-999,-999,-999,-999,180,-999,-999,-999,-999,-999,-999,-999,"Boback and Guyer, 2003"
Mammalia,Carnivora,Ursidae,Melursus,ursinus,-999,Sloth Bear,-999,-999,-999,-999,33.26666667,-999,-999,-999,-999,-999,-999,-999,-999,-999,-999,-999,-999,-999,-999,-999,-999,-999,-999,-999,-999,-999,-999,-999,"Weigl, R., 2005"
Mammalia,Carnivora,Ursidae,Melursus,ursinus,-999,Sloth Bear,-999,-999,-999,66957,-999,-999,-999,-999,-999,-999,-999,-999,-999,-999,-999,-999,-999,-999,-999,-999,-999,-999,-999,-999,-999,-999,-999,-999,"BC mammals - Savage et al., 2004"
Mammalia,Carnivora,Ursidae,Melursus,ursinus,-999,Sloth Bear,-999,-999,-999,66957,-999,-999,-999,-999,-999,-999,-999,-999,-999,-999,-999,-999,-999,-999,-999,-999,-999,-999,-999,-999,-999,-999,-999,-999,"BC mammals - Savage et al., 2004"
Mammalia,Carnivora,Ursidae,Tremarctos,ornatus,-999,Spectacled Bear,-999,1.44,-999,123176.97,36.41666667,215,173.44,320,-999,-999,-999,-999,-999,-999,-999,-999,-999,-999,-999,-999,176.658,-999,-999,-999,-999,-999,-999,-999,"Jones, K., Bielby, J., Cardillo, M. et al., 2009"
Mammalia,Carnivora,Ursidae,Tremarctos,ornatus,-999,Spectacled Bear,-999,1.5,-999,109250,39,228,90,320,-999,-999,-999,-999,-999,-999,-999,-999,-999,-999,-999,-999,-999,-999,-999,-999,-999,-999,-999,-999,"de Magalhaes and Costa, 2009"
Mammalia,Carnivora,Ursidae,Tremarctos,ornatus,-999,Spectacled Bear,-999,1.65,-999,61000,38.66666667,223.09588,90.09056,320,-999,-999,-999,-999,-999,-999,-999,-999,-999,-999,-999,-999,-999,-999,-999,-999,-999,-999,-999,-999,"Ernest et al., 2003"
Mammalia,Carnivora,Ursidae,Tremarctos,ornatus,-999,Spectacled Bear,-999,-999,-999,-999,-999,-999,-999,-999,-999,-999,-999,-999,-999,-999,-999,-999,-999,-999,-999,-999,180,-999,-999,-999,-999,-999,-999,-999,"Boback and Guyer, 2003"
Mammalia,Carnivora,Ursidae,Tremarctos,ornatus,-999,Spectacled Bear,-999,-999,-999,-999,25,-999,-999,-999,-999,-999,-999,-999,-999,-999,-999,-999,-999,-999,-999,-999,-999,-999,-999,-999,-999,-999,-999,-999,"Carey, J.R. and D.S. Judge, 2002"
Mammalia,Carnivora,Ursidae,Tremarctos,ornatus,-999,Spectacled Bear,-999,-999,-999,-999,36.4,-999,-999,-999,-999,-999,-999,-999,-999,-999,-999,-999,-999,-999,-999,-999,-999,-999,-999,-999,-999,-999,-999,-999,"Carey, J.R. and D.S. Judge, 2002"
Mammalia,Carnivora,Ursidae,Tremarctos,ornatus,-999,Spectacled Bear,-999,-999,-999,-999,39.25833333,-999,-999,-999,-999,-999,-999,-999,-999,-999,-999,-999,-999,-999,-999,-999,-999,-999,-999,-999,-999,-999,-999,-999,"Weigl, R., 2005"
Mammalia,Carnivora,Ursidae,Tremarctos,ornatus,-999,Spectacled Bear,-999,-999,-999,60000,-999,-999,-999,-999,-999,-999,-999,-999,-999,-999,-999,-999,-999,-999,-999,-999,-999,-999,-999,-999,-999,-999,-999,-999,"BC mammals - Meyers et al., 2009"
Mammalia,Carnivora,Ursidae,Tremarctos,ornatus,-999,Spectacled Bear,-999,-999,-999,200000,-999,-999,-999,-999,-999,-999,-999,-999,-999,-999,-999,-999,-999,-999,-999,-999,-999,-999,-999,-999,-999,-999,-999,-999,"BC mammals - Meyers et al., 2009"
Mammalia,Carnivora,Ursidae,Tremarctos,ornatus,-999,Spectacled Bear,-999,-999,-999,-999,-999,-999,-999,300,-999,-999,-999,-999,-999,-999,-999,-999,-999,-999,-999,-999,-999,-999,-999,-999,-999,-999,-999,-999,"BC mammals - Meyers et al., 2009"
Mammalia,Carnivora,Ursidae,Tremarctos,ornatus,-999,Spectacled Bear,-999,-999,-999,-999,-999,-999,-999,-999,-999,-999,-999,-999,-999,1,-999,-999,-999,-999,-999,-999,-999,-999,-999,-999,-999,-999,-999,-999,"BC mammals - Meyers et al., 2009"
Mammalia,Carnivora,Ursidae,Tremarctos,ornatus,-999,Spectacled Bear,-999,1,-999,-999,-999,-999,-999,-999,-999,-999,-999,-999,-999,-999,-999,-999,-999,-999,-999,-999,-999,-999,-999,-999,-999,-999,-999,-999,"BC mammals - Meyers et al., 2009"
Mammalia,Carnivora,Ursidae,Tremarctos,ornatus,-999,Spectacled Bear,-999,4,-999,-999,-999,-999,-999,-999,-999,-999,-999,-999,-999,-999,-999,-999,-999,-999,-999,-999,-999,-999,-999,-999,-999,-999,-999,-999,"BC mammals - Meyers et al., 2009"
Mammalia,Carnivora,Ursidae,Tremarctos,ornatus,-999,Spectacled Bear,-999,2,-999,-999,-999,-999,-999,-999,-999,-999,-999,-999,-999,-999,-999,-999,-999,-999,-999,-999,-999,-999,-999,-999,-999,-999,-999,-999,"BC mammals - Meyers et al., 2009"
Mammalia,Carnivora,Ursidae,Tremarctos,ornatus,-999,Spectacled Bear,-999,-999,-999,-999,-999,167.42,-999,-999,-999,-999,-999,-999,-999,-999,-999,-999,-999,-999,-999,-999,-999,-999,-999,-999,-999,-999,-999,-999,"BC mammals - Meyers et al., 2009"
Mammalia,Carnivora,Ursidae,Tremarctos,ornatus,-999,Spectacled Bear,-999,-999,-999,-999,-999,258.74,-999,-999,-999,-999,-999,-999,-999,-999,-999,-999,-999,-999,-999,-999,-999,-999,-999,-999,-999,-999,-999,-999,"BC mammals - Meyers et al., 2009"
Mammalia,Carnivora,Ursidae,Tremarctos,ornatus,-999,Spectacled Bear,1461,-999,-999,-999,-999,-999,-999,-999,-999,-999,-999,-999,-999,-999,-999,-999,-999,-999,-999,-999,-999,-999,-999,-999,-999,-999,-999,-999,"BC mammals - Meyers et al., 2009"
Mammalia,Carnivora,Ursidae,Tremarctos,ornatus,-999,Spectacled Bear,2556.75,-999,-999,-999,-999,-999,-999,-999,-999,-999,-999,-999,-999,-999,-999,-999,-999,-999,-999,-999,-999,-999,-999,-999,-999,-999,-999,-999,"BC mammals - Meyers et al., 2009"
Mammalia,Carnivora,Ursidae,Tremarctos,ornatus,-999,Spectacled Bear,-999,-999,-999,-999,-999,-999,-999,-999,-999,-999,-999,-999,1461,-999,-999,-999,-999,-999,-999,-999,-999,-999,-999,-999,-999,-999,-999,-999,"BC mammals - Meyers et al., 2009"
Mammalia,Carnivora,Ursidae,Tremarctos,ornatus,-999,Spectacled Bear,-999,-999,-999,-999,-999,-999,-999,-999,-999,-999,-999,-999,2556.75,-999,-999,-999,-999,-999,-999,-999,-999,-999,-999,-999,-999,-999,-999,-999,"BC mammals - Meyers et al., 2009"
Mammalia,Carnivora,Ursidae,Tremarctos,ornatus,-999,Spectacled Bear,-999,-999,-999,-999,36.7,-999,-999,-999,-999,-999,-999,-999,-999,-999,-999,-999,-999,-999,-999,-999,-999,-999,-999,-999,-999,-999,-999,-999,"BC mammals - Meyers et al., 2009"
Mammalia,Carnivora,Ursidae,Tremarctos,ornatus,-999,Spectacled Bear,-999,-999,-999,-999,20,-999,-999,-999,-999,-999,-999,-999,-999,-999,-999,-999,-999,-999,-999,-999,-999,-999,-999,-999,-999,-999,-999,-999,"BC mammals - Meyers et al., 2009"
Mammalia,Carnivora,Ursidae,Tremarctos,ornatus,-999,Spectacled Bear,-999,-999,-999,-999,25,-999,-999,-999,-999,-999,-999,-999,-999,-999,-999,-999,-999,-999,-999,-999,-999,-999,-999,-999,-999,-999,-999,-999,"BC mammals - Meyers et al., 2009"
Mammalia,Carnivora,Ursidae,Tremarctos,ornatus,-999,Spectacled Bear,-999,-999,-999,-999,36.4,-999,-999,-999,-999,-999,-999,-999,-999,-999,-999,-999,-999,-999,-999,-999,-999,-999,-999,-999,-999,-999,-999,-999,"BC mammals - Meyers et al., 2009"
Mammalia,Carnivora,Ursidae,Tremarctos,ornatus,-999,Spectacled Bear,-999,-999,-999,-999,39,-999,-999,-999,-999,-999,-999,-999,-999,-999,-999,-999,-999,-999,-999,-999,-999,-999,-999,-999,-999,-999,-999,-999,"BC mammals - Tacutu, R., T. Craig, A. Budovsky et al. 2013"
Mammalia,Carnivora,Ursidae,Tremarctos,ornatus,-999,Spectacled Bear,-999,-999,-999,-999,-999,228,-999,-999,-999,-999,-999,-999,-999,-999,-999,-999,-999,-999,-999,-999,-999,-999,-999,-999,-999,-999,-999,-999,"BC mammals - Tacutu, R., T. Craig, A. Budovsky et al. 2013"
Mammalia,Carnivora,Ursidae,Tremarctos,ornatus,-999,Spectacled Bear,-999,-999,-999,-999,-999,-999,90,-999,-999,-999,-999,-999,-999,-999,-999,-999,-999,-999,-999,-999,-999,-999,-999,-999,-999,-999,-999,-999,"BC mammals - Tacutu, R., T. Craig, A. Budovsky et al. 2013"
Mammalia,Carnivora,Ursidae,Tremarctos,ornatus,-999,Spectacled Bear,-999,1.5,-999,-999,-999,-999,-999,-999,-999,-999,-999,-999,-999,-999,-999,-999,-999,-999,-999,-999,-999,-999,-999,-999,-999,-999,-999,-999,"BC mammals - Tacutu, R., T. Craig, A. Budovsky et al. 2013"
Mammalia,Carnivora,Ursidae,Tremarctos,ornatus,-999,Spectacled Bear,-999,-999,-999,-999,-999,-999,-999,320,-999,-999,-999,-999,-999,-999,-999,-999,-999,-999,-999,-999,-999,-999,-999,-999,-999,-999,-999,-999,"BC mammals - Tacutu, R., T. Craig, A. Budovsky et al. 2013"
Mammalia,Carnivora,Ursidae,Tremarctos,ornatus,-999,Spectacled Bear,-999,-999,-999,109250,-999,-999,-999,-999,-999,-999,-999,-999,-999,-999,-999,-999,-999,-999,-999,-999,-999,-999,-999,-999,-999,-999,-999,-999,"BC mammals - Tacutu, R., T. Craig, A. Budovsky et al. 2013"
Mammalia,Carnivora,Ursidae,Tremarctos,ornatus,-999,Spectacled Bear,-999,-999,-999,100000,-999,-999,-999,-999,-999,-999,-999,-999,-999,-999,-999,-999,-999,-999,-999,-999,-999,-999,-999,-999,-999,-999,-999,-999,"BC mammals - Wilson, 2003"
Mammalia,Carnivora,Ursidae,Tremarctos,ornatus,-999,Spectacled Bear,-999,-999,-999,155000,-999,-999,-999,-999,-999,-999,-999,-999,-999,-999,-999,-999,-999,-999,-999,-999,-999,-999,-999,-999,-999,-999,-999,-999,"BC mammals - Wilson, 2003"
Mammalia,Carnivora,Ursidae,Tremarctos,ornatus,-999,Spectacled Bear,1461,-999,-999,-999,-999,-999,-999,-999,-999,-999,-999,-999,-999,-999,-999,-999,-999,-999,-999,-999,-999,-999,-999,-999,-999,-999,-999,-999,"BC mammals - Wilson, 2003"
Mammalia,Carnivora,Ursidae,Tremarctos,ornatus,-999,Spectacled Bear,-999,-999,-999,-999,-999,-999,-999,-999,-999,-999,-999,-999,1461,-999,-999,-999,-999,-999,-999,-999,-999,-999,-999,-999,-999,-999,-999,-999,"BC mammals - Wilson, 2003"
Mammalia,Carnivora,Ursidae,Ursus,americanus,-999,American Black Bear,1448.45,2.39,-999,110500,32,213.95,167.99,293.99,-999,-999,-999,-999,-999,2.248459959,-999,-999,-999,-999,-999,-999,138.087,-999,-999,-999,-999,-999,-999,-999,"Jones, K., Bielby, J., Cardillo, M. et al., 2009"
Mammalia,Carnivora,Ursidae,Ursus,americanus,-999,American Black Bear,-999,-999,0.73,-999,-999,-999,-999,-999,-999,-999,-999,-999,-999,-999,-999,-999,-999,-999,-999,-999,-999,-999,-999,-999,-999,-999,-999,-999,"Jones, K., Bielby, J., Cardillo, M. et al., 2009"
Mammalia,Carnivora,Ursidae,Ursus,americanus,-999,American Black Bear,1278,2,0.4,154250,34,70,198,277.5,14050,-999,-999,-999,1278,1.998631075,-999,-999,-999,-999,-999,-999,-999,-999,-999,-999,-999,-999,-999,-999,"de Magalhaes and Costa, 2009"
Mammalia,Carnivora,Ursidae,Ursus,americanus,-999,American Black Bear,1239.04956,2.54,0.38,110560,31,205.443,195.39912,294.47,14050,-999,-999,-999,-999,-999,-999,-999,-999,-999,-999,-999,-999,-999,-999,-999,-999,-999,-999,-999,"Ernest et al., 2003"
Mammalia,Carnivora,Ursidae,Ursus,americanus,-999,American Black Bear,1278,-999,-999,154250,34,70,198,277.5,14050,-999,-999,-999,-999,-999,-999,-999,-999,-999,-999,-999,-999,-999,-999,-999,-999,-999,-999,-999,"Ricklefs, 2010b"
Mammalia,Carnivora,Ursidae,Ursus,americanus,-999,American Black Bear,-999,-999,-999,-999,-999,-999,-999,-999,-999,-999,-999,-999,-999,-999,-999,-999,-999,-999,-999,-999,180,-999,-999,-999,-999,-999,-999,-999,"Boback and Guyer, 2003"
Mammalia,Carnivora,Ursidae,Ursus,americanus,-999,American Black Bear,-999,-999,-999,-999,-999,-999,-999,-999,-999,-999,-999,-999,-999,-999,58000,-999,-999,-999,-999,-999,-999,-999,-999,-999,-999,-999,-999,-999,"Lariviere, S., 2001c"
Mammalia,Carnivora,Ursidae,Ursus,americanus,-999,American Black Bear,-999,-999,-999,-999,-999,-999,-999,-999,-999,-999,-999,-999,-999,-999,50100,-999,-999,-999,-999,-999,-999,-999,-999,-999,-999,-999,-999,-999,"Lariviere, S., 2001c"
Mammalia,Carnivora,Ursidae,Ursus,americanus,-999,American Black Bear,730.5,-999,-999,-999,-999,-999,-999,-999,-999,-999,-999,-999,-999,-999,-999,-999,-999,-999,-999,-999,-999,-999,-999,-999,-999,-999,-999,-999,"Lariviere, S., 2001c"
Mammalia,Carnivora,Ursidae,Ursus,americanus,-999,American Black Bear,2922,-999,-999,-999,-999,-999,-999,-999,-999,-999,-999,-999,-999,-999,-999,-999,-999,-999,-999,-999,-999,-999,-999,-999,-999,-999,-999,-999,"Lariviere, S., 2001c"
Mammalia,Carnivora,Ursidae,Ursus,americanus,-999,American Black Bear,-999,1,-999,-999,-999,-999,-999,-999,-999,-999,-999,-999,-999,-999,-999,-999,-999,-999,-999,-999,-999,-999,-999,-999,-999,-999,-999,-999,"Lariviere, S., 2001c"
Mammalia,Carnivora,Ursidae,Ursus,americanus,-999,American Black Bear,-999,4,-999,-999,-999,-999,-999,-999,-999,-999,-999,-999,-999,-999,-999,-999,-999,-999,-999,-999,-999,-999,-999,-999,-999,-999,-999,-999,"Lariviere, S., 2001c"
Mammalia,Carnivora,Ursidae,Ursus,americanus,-999,American Black Bear,-999,-999,1,-999,-999,-999,-999,-999,-999,-999,-999,-999,-999,-999,-999,-999,-999,-999,-999,-999,-999,-999,-999,-999,-999,-999,-999,-999,"Lariviere, S., 2001c"
Mammalia,Carnivora,Ursidae,Ursus,americanus,-999,American Black Bear,-999,-999,0.25,-999,-999,-999,-999,-999,-999,-999,-999,-999,-999,-999,-999,-999,-999,-999,-999,-999,-999,-999,-999,-999,-999,-999,-999,-999,"Lariviere, S., 2001c"
Mammalia,Carnivora,Ursidae,Ursus,americanus,-999,American Black Bear,-999,-999,0.5,-999,-999,-999,-999,-999,-999,-999,-999,-999,-999,-999,-999,-999,-999,-999,-999,-999,-999,-999,-999,-999,-999,-999,-999,-999,"Lariviere, S., 2001c"
Mammalia,Carnivora,Ursidae,Ursus,americanus,-999,American Black Bear,-999,-999,0.33,-999,-999,-999,-999,-999,-999,-999,-999,-999,-999,-999,-999,-999,-999,-999,-999,-999,-999,-999,-999,-999,-999,-999,-999,-999,"Lariviere, S., 2001c"
Mammalia,Carnivora,Ursidae,Ursus,americanus,-999,American Black Bear,-999,-999,-999,-999,-999,-999,-999,-999,-999,-999,-999,-999,-999,-999,-999,86000,-999,-999,-999,-999,-999,-999,-999,-999,-999,-999,-999,-999,"Lariviere, S., 2001c"
Mammalia,Carnivora,Ursidae,Ursus,americanus,-999,American Black Bear,-999,-999,-999,-999,-999,-999,-999,-999,-999,-999,-999,-999,-999,-999,-999,67300,-999,-999,-999,-999,-999,-999,-999,-999,-999,-999,-999,-999,"Lariviere, S., 2001c"
Mammalia,Carnivora,Ursidae,Ursus,americanus,-999,American Black Bear,-999,-999,-999,-999,31.44166667,-999,-999,-999,-999,-999,-999,-999,-999,-999,-999,-999,-999,-999,-999,-999,-999,-999,-999,-999,-999,-999,-999,-999,"Weigl, R., 2005"
Mammalia,Carnivora,Ursidae,Ursus,americanus,-999,American Black Bear,-999,-999,-999,-999,24,-999,-999,-999,-999,-999,-999,-999,-999,-999,-999,-999,-999,-999,-999,-999,-999,-999,-999,-999,-999,-999,-999,-999,"Lariviere, S., 2001c"
Mammalia,Carnivora,Ursidae,Ursus,americanus,-999,American Black Bear,-999,2.54,-999,-999,-999,91.008125,195.81,288.07,-999,-999,-999,-999,-999,-999,-999,102287,-999,-999,-999,-999,-999,-999,-999,-999,-999,-999,-999,-999,"Garratt et al., 2014"
Mammalia,Carnivora,Ursidae,Ursus,arctos,-999,Brown Bear,1327.95,2.24,-999,196287.5,50,227.56,182.5,499.99,26000,-999,-999,-999,-999,2.498288843,-999,-999,-999,-999,-999,-999,148.407,-999,-999,-999,-999,-999,-999,-999,"Jones, K., Bielby, J., Cardillo, M. et al., 2009"
Mammalia,Carnivora,Ursidae,Ursus,arctos,-999,Brown Bear,-999,-999,0.69,-999,-999,-999,-999,-999,-999,-999,-999,-999,-999,-999,-999,-999,-999,-999,-999,-999,-999,-999,-999,-999,-999,-999,-999,-999,"Jones, K., Bielby, J., Cardillo, M. et al., 2009"
Mammalia,Carnivora,Ursidae,Ursus,arctos,-999,Brown Bear,1313,2,0.4,277500,40,103,213,510,26000,-999,-999,-999,1313,2.332648871,-999,-999,-999,-999,-999,-999,-999,-999,-999,-999,-999,-999,-999,-999,"de Magalhaes and Costa, 2009"
Mammalia,Carnivora,Ursidae,Ursus,arctos,-999,Brown Bear,1826.46436,2.36,0.36,203500,39.33333333,210.92148,419.40808,494.82,26000,-999,-999,-999,-999,-999,-999,-999,-999,-999,-999,-999,-999,-999,-999,-999,-999,-999,-999,-999,"Ernest et al., 2003"
Mammalia,Carnivora,Ursidae,Ursus,arctos,-999,Brown Bear,1313,-999,-999,277500,40,103,213,510,26000,-999,-999,-999,-999,-999,-999,-999,-999,-999,-999,-999,-999,-999,-999,-999,-999,-999,-999,-999,"Ricklefs, 2010b"
Mammalia,Carnivora,Ursidae,Ursus,arctos,-999,Brown Bear,-999,-999,-999,-999,-999,-999,-999,-999,-999,-999,-999,-999,-999,-999,-999,-999,-999,-999,-999,-999,280,-999,-999,-999,-999,-999,-999,-999,"Boback and Guyer, 2003"
Mammalia,Carnivora,Ursidae,Ursus,arctos,-999,Brown Bear,-999,-999,-999,-999,-999,-999,-999,-999,-999,-999,-999,-999,-999,-999,-999,-999,-999,-999,-999,-999,213,-999,-999,-999,-999,-999,-999,-999,"Boback and Guyer, 2003"
Mammalia,Carnivora,Ursidae,Ursus,arctos,-999,Brown Bear,-999,-999,-999,-999,-999,-999,-999,-999,-999,-999,-999,-999,-999,-999,-999,-999,-999,-999,-999,-999,244,-999,-999,-999,-999,-999,-999,-999,"Boback and Guyer, 2003"
Mammalia,Carnivora,Ursidae,Ursus,arctos,-999,Brown Bear,-999,-999,-999,-999,50,-999,-999,-999,-999,-999,-999,-999,-999,-999,-999,-999,-999,-999,-999,-999,-999,-999,-999,-999,-999,-999,-999,-999,"Carey, J.R. and D.S. Judge, 2002"
Mammalia,Carnivora,Ursidae,Ursus,arctos,-999,Brown Bear,-999,-999,-999,-999,47,-999,-999,-999,-999,-999,-999,-999,-999,-999,-999,-999,-999,-999,-999,-999,-999,-999,-999,-999,-999,-999,-999,-999,"Carey, J.R. and D.S. Judge, 2002"
Mammalia,Carnivora,Ursidae,Ursus,arctos,-999,Brown Bear,-999,-999,-999,-999,47,-999,-999,-999,-999,-999,-999,-999,-999,-999,-999,-999,-999,-999,-999,-999,-999,-999,-999,-999,-999,-999,-999,-999,"Carey, J.R. and D.S. Judge, 2002"
Mammalia,Carnivora,Ursidae,Ursus,arctos,-999,Brown Bear,-999,-999,-999,-999,39.25833333,-999,-999,-999,-999,-999,-999,-999,-999,-999,-999,-999,-999,-999,-999,-999,-999,-999,-999,-999,-999,-999,-999,-999,"Weigl, R., 2005"
Mammalia,Carnivora,Ursidae,Ursus,arctos,-999,Brown Bear,-999,2.3,-999,-999,-999,63.005625,301.4,361,26000,-999,-999,-999,-999,-999,-999,180900,-999,-999,-999,-999,-999,-999,-999,-999,-999,-999,-999,-999,"Garratt et al., 2014"
Mammalia,Carnivora,Ursidae,Ursus,maritimus,-999,Polar Bear,1850.26,1.66,-999,371703.81,38.2,64.66,205.17,670.48,8500,-999,-999,-999,-999,2.276988364,-999,-999,-999,-999,-999,-999,199.255,-999,-999,-999,-999,-999,-999,-999,"Jones, K., Bielby, J., Cardillo, M. et al., 2009"
Mammalia,Carnivora,Ursidae,Ursus,maritimus,-999,Polar Bear,-999,-999,0.72,-999,-999,-999,-999,-999,-999,-999,-999,-999,-999,-999,-999,-999,-999,-999,-999,-999,-999,-999,-999,-999,-999,-999,-999,-999,"Jones, K., Bielby, J., Cardillo, M. et al., 2009"
Mammalia,Carnivora,Ursidae,Ursus,maritimus,-999,Polar Bear,1734,2,0.4,475000,43.8,230,303,665,27000,-999,-999,-999,1734,2.05338809,-999,-999,-999,-999,-999,-999,-999,-999,-999,-999,-999,-999,-999,-999,"de Magalhaes and Costa, 2009"
Mammalia,Carnivora,Ursidae,Ursus,maritimus,-999,Polar Bear,1680.67592,1.66,0.36,286366.67,45,246.83596,385.92848,634.25,31156,-999,-999,-999,-999,-999,-999,-999,-999,-999,-999,-999,-999,-999,-999,-999,-999,-999,-999,-999,"Ernest et al., 2003"
Mammalia,Carnivora,Ursidae,Ursus,maritimus,-999,Polar Bear,-999,-999,-999,-999,-999,-999,-999,-999,-999,-999,-999,-999,-999,-999,-999,-999,-999,-999,-999,-999,250,-999,-999,-999,-999,-999,-999,-999,"Boback and Guyer, 2003"
Mammalia,Carnivora,Ursidae,Ursus,maritimus,-999,Polar Bear,-999,-999,-999,-999,43.75,-999,-999,-999,-999,-999,-999,-999,-999,-999,-999,-999,-999,-999,-999,-999,-999,-999,-999,-999,-999,-999,-999,-999,"Weigl, R., 2005"
Mammalia,Carnivora,Ursidae,Ursus,maritimus,-999,Polar Bear,-999,1.66,-999,-999,-999,64.831875,349.88,634.25,8500,-999,-999,-999,-999,-999,-999,427000,-999,-999,-999,-999,-999,-999,-999,-999,-999,-999,-999,-999,"Garratt et al., 2014"
Mammalia,Carnivora,Ursidae,Ursus,thibetanus,-999,Asian Black Bear,1015,1.5,-999,99714.19,35.16666667,199.92,82.01,357.5,-999,-999,-999,-999,-999,0.999315537,-999,-999,-999,-999,-999,-999,150.57,-999,-999,-999,-999,-999,-999,-999,"Jones, K., Bielby, J., Cardillo, M. et al., 2009"
Mammalia,Carnivora,Ursidae,Ursus,thibetanus,-999,Asian Black Bear,-999,-999,1.1,-999,-999,-999,-999,-999,-999,-999,-999,-999,-999,-999,-999,-999,-999,-999,-999,-999,-999,-999,-999,-999,-999,-999,-999,-999,"Jones, K., Bielby, J., Cardillo, M. et al., 2009"
Mammalia,Carnivora,Ursidae,Ursus,thibetanus,-999,Asian Black Bear,1095,2,-999,103750,39.2,228,99,463,-999,-999,-999,-999,1095,0.999315537,-999,-999,-999,-999,-999,-999,-999,-999,-999,-999,-999,-999,-999,-999,"de Magalhaes and Costa, 2009"
Mammalia,Carnivora,Ursidae,Ursus,thibetanus,-999,Asian Black Bear,953.55988,1.67,-999,76666.67,36,213.052,98.917,351.67,-999,-999,-999,-999,-999,-999,-999,-999,-999,-999,-999,-999,-999,-999,-999,-999,-999,-999,-999,-999,"Ernest et al., 2003"
Mammalia,Carnivora,Ursidae,Ursus,thibetanus,-999,Asian Black Bear,-999,-999,-999,-999,-999,-999,-999,-999,-999,-999,-999,-999,-999,-999,-999,-999,-999,-999,-999,-999,180,-999,-999,-999,-999,-999,-999,-999,"Boback and Guyer, 2003"
Mammalia,Carnivora,Ursidae,Ursus,thibetanus,-999,Asian Black Bear,-999,-999,-999,-999,38.84166667,-999,-999,-999,-999,-999,-999,-999,-999,-999,-999,-999,-999,-999,-999,-999,-999,-999,-999,-999,-999,-999,-999,-999,"Weigl, R., 2005"
Mammalia,Cetacea,Balaenopteridae,Balaenoptera,musculus,-999,Blue Whale,1959.8,1,0.45,1.54E+08,110,326.97,211.71,2.74E+06,1.70E+07,-999,-999,-999,-999,2.248459959,-999,-999,-999,-999,-999,-999,3048,-999,-999,723.655,-999,-999,-999,-999,"Jones, K., Bielby, J., Cardillo, M. et al., 2009"
Mammalia,Cetacea,Balaenopteridae,Balaenoptera,musculus,-999,Blue Whale,1827,1,0.4,1.36E+08,110,350,182,2.00E+06,1.70E+07,-999,-999,-999,1827,2.502395619,-999,-999,-999,-999,-999,-999,-999,-999,-999,-999,-999,-999,-999,-999,"de Magalhaes and Costa, 2009"
Mammalia,Cetacea,Balaenopteridae,Balaenoptera,musculus,-999,Blue Whale,2201.74024,1.01,0.41,149000000,110,325.96956,215.48688,2250000,19075000,-999,-999,-999,-999,-999,-999,-999,-999,-999,-999,-999,-999,-999,-999,-999,-999,-999,-999,-999,"Ernest et al., 2003"
Mammalia,Cetacea,Balaenopteridae,Balaenoptera,musculus,-999,Blue Whale,-999,-999,-999,-999,-999,-999,-999,-999,-999,-999,-999,-999,-999,-999,-999,-999,-999,-999,-999,-999,3050,-999,-999,-999,-999,-999,-999,-999,"Boback and Guyer, 2003"
Mammalia,Cetacea,Balaenopteridae,Balaenoptera,musculus,-999,Blue Whale,-999,-999,-999,-999,45,-999,-999,-999,-999,-999,-999,-999,-999,-999,-999,-999,-999,-999,-999,-999,-999,-999,-999,-999,-999,-999,-999,-999,"Carey, J.R. and D.S. Judge, 2002"
Mammalia,Cetacea,Balaenopteridae,Balaenoptera,musculus,-999,Blue Whale,-999,-999,-999,-999,50,-999,-999,-999,-999,-999,-999,-999,-999,-999,-999,-999,-999,-999,-999,-999,-999,-999,-999,-999,-999,-999,-999,-999,"Carey, J.R. and D.S. Judge, 2002"
Mammalia,Cetacea,Balaenopteridae,Balaenoptera,musculus,-999,Blue Whale,-999,-999,-999,-999,110,-999,-999,-999,-999,-999,-999,-999,-999,-999,-999,-999,-999,-999,-999,-999,-999,-999,-999,-999,-999,-999,-999,-999,"Carey, J.R. and D.S. Judge, 2002"
Mammalia,Cetacea,Balaenopteridae,Balaenoptera,musculus,-999,Blue Whale,-999,-999,-999,-999,65,-999,-999,-999,-999,-999,-999,-999,-999,-999,-999,-999,-999,-999,-999,-999,-999,-999,-999,-999,-999,-999,-999,-999,"Carey, J.R. and D.S. Judge, 2002"
Mammalia,Cetacea,Balaenopteridae,Balaenoptera,musculus,-999,Blue Whale,-999,-999,-999,-999,-999,-999,-999,-999,-999,-999,-999,-999,-999,-999,-999,-999,-999,-999,-999,-999,-999,-999,-999,731.52,-999,-999,-999,-999,"Gaskin, D.E., 1972"
Mammalia,Cetacea,Balaenopteridae,Balaenoptera,musculus,-999,Blue Whale,-999,-999,-999,-999,-999,304.3,-999,-999,-999,-999,-999,-999,-999,-999,-999,-999,-999,-999,-999,-999,-999,-999,-999,-999,-999,-999,-999,-999,"Gaskin, D.E., 1972"
Mammalia,Cetacea,Balaenopteridae,Balaenoptera,musculus,-999,Blue Whale,-999,-999,-999,-999,-999,365.16,-999,-999,-999,-999,-999,-999,-999,-999,-999,-999,-999,-999,-999,-999,-999,-999,-999,-999,-999,-999,-999,-999,"Gaskin, D.E., 1972"
Mammalia,Cetacea,Balaenopteridae,Balaenoptera,musculus,-999,Blue Whale,-999,-999,-999,-999,29.86666667,-999,-999,-999,-999,-999,-999,-999,-999,-999,-999,-999,-999,-999,-999,-999,-999,-999,-999,-999,-999,-999,-999,-999,"Gaskin, D.E., 1972"
Mammalia,Cetacea,Balaenopteridae,Balaenoptera,musculus,-999,Blue Whale,-999,-999,-999,-999,-999,-999,-999,-999,-999,-999,-999,-999,-999,-999,-999,-999,136000000,-999,-999,-999,-999,-999,-999,-999,-999,-999,-999,-999,"Heintzelman, D.S., 1981"
Mammalia,Cetacea,Balaenopteridae,Balaenoptera,musculus,-999,Blue Whale,-999,-999,-999,-999,-999,-999,-999,-999,-999,-999,-999,-999,-999,-999,-999,-999,-999,-999,-999,-999,-999,-999,-999,-999,-999,-999,-999,1821.25,"Gaskin, D.E., 1972"
Mammalia,Cetacea,Balaenopteridae,Balaenoptera,musculus,-999,Blue Whale,-999,-999,-999,-999,-999,-999,-999,-999,-999,-999,-999,-999,-999,-999,-999,-999,-999,-999,-999,-999,-999,-999,-999,-999,-999,-999,3300,-999,"Heintzelman, D.S., 1981"
Mammalia,Cetacea,Balaenopteridae,Balaenoptera,musculus,-999,Blue Whale,-999,-999,-999,-999,-999,-999,213.01,-999,-999,-999,-999,-999,-999,-999,-999,-999,-999,-999,-999,-999,-999,-999,-999,-999,-999,-999,-999,-999,"Gaskin, D.E., 1972"
Mammalia,Cetacea,Balaenopteridae,Balaenoptera,musculus,-999,Blue Whale,-999,-999,-999,-999,-999,-999,-999,-999,-999,-999,-999,-999,3652.5,-999,-999,-999,-999,-999,-999,-999,-999,-999,-999,-999,-999,-999,-999,-999,"BC mammals - Trumble et al., 2013"
Mammalia,Cetacea,Balaenopteridae,Megaptera,novaeangliae,-999,Humpback Whale,1310.35,1,0.37,3.00E+07,95,349.79,318.46,1.30E+06,-999,-999,-999,-999,-999,1.998631075,-999,-999,-999,-999,-999,-999,1285.621,-999,-999,-999,-999,-999,-999,-999,"Jones, K., Bielby, J., Cardillo, M. et al., 2009"
Mammalia,Cetacea,Balaenopteridae,Megaptera,novaeangliae,-999,Humpback Whale,1643,1,0.5,3.00E+07,95,342,236,1.35E+06,-999,-999,-999,-999,1643,1.798767967,-999,-999,-999,-999,-999,-999,-999,-999,-999,-999,-999,-999,-999,-999,"de Magalhaes and Costa, 2009"
Mammalia,Cetacea,Balaenopteridae,Megaptera,novaeangliae,-999,Humpback Whale,1956.42608,1.01,0.5,30000000,77,347.88348,276.35888,1325000,-999,-999,-999,-999,-999,-999,-999,-999,-999,-999,-999,-999,-999,-999,-999,-999,-999,-999,-999,-999,"Ernest et al., 2003"
Mammalia,Cetacea,Balaenopteridae,Megaptera,novaeangliae,-999,Humpback Whale,-999,-999,-999,-999,-999,-999,-999,-999,-999,-999,-999,-999,-999,-999,-999,-999,-999,-999,-999,-999,1520,-999,-999,-999,-999,-999,-999,-999,"Boback and Guyer, 2003"
Mammalia,Cetacea,Balaenopteridae,Megaptera,novaeangliae,-999,Humpback Whale,-999,-999,-999,-999,77,-999,-999,-999,-999,-999,-999,-999,-999,-999,-999,-999,-999,-999,-999,-999,-999,-999,-999,-999,-999,-999,-999,-999,"Carey, J.R. and D.S. Judge, 2002"
Mammalia,Cetacea,Balaenopteridae,Megaptera,novaeangliae,-999,Humpback Whale,-999,-999,-999,-999,95,-999,-999,-999,-999,-999,-999,-999,-999,-999,-999,-999,-999,-999,-999,-999,-999,-999,-999,-999,-999,-999,-999,-999,"Carey, J.R. and D.S. Judge, 2002"
Mammalia,Cetacea,Balaenopteridae,Megaptera,novaeangliae,-999,Humpback Whale,-999,-999,-999,-999,-999,349.945,-999,-999,-999,-999,-999,-999,-999,-999,-999,-999,-999,-999,-999,-999,-999,-999,-999,-999,-999,-999,-999,-999,"Gaskin, D.E., 1972"
Mammalia,Cetacea,Balaenopteridae,Megaptera,novaeangliae,-999,Humpback Whale,-999,1,-999,-999,-999,-999,-999,-999,-999,-999,-999,-999,-999,-999,-999,-999,-999,-999,-999,-999,-999,-999,-999,-999,-999,-999,-999,-999,"Gaskin, D.E., 1972"
Mammalia,Cetacea,Balaenopteridae,Megaptera,novaeangliae,-999,Humpback Whale,-999,-999,0.5,-999,-999,-999,-999,-999,-999,-999,-999,-999,-999,-999,-999,-999,-999,-999,-999,-999,-999,-999,-999,-999,-999,-999,-999,-999,"Gaskin, D.E., 1972"
Mammalia,Cetacea,Balaenopteridae,Megaptera,novaeangliae,-999,Humpback Whale,-999,-999,-999,-999,47.79166667,-999,-999,-999,-999,-999,-999,-999,-999,-999,-999,-999,-999,-999,-999,-999,-999,-999,-999,-999,-999,-999,-999,-999,"Gaskin, D.E., 1972"
Mammalia,Cetacea,Balaenopteridae,Megaptera,novaeangliae,-999,Humpback Whale,-999,-999,-999,-999,-999,-999,-999,-999,-999,-999,-999,-999,-999,-999,-999,-999,40824000,-999,-999,-999,-999,-999,-999,-999,-999,-999,-999,-999,"Heintzelman, D.S., 1981"
Mammalia,Cetacea,Balaenopteridae,Megaptera,novaeangliae,-999,Humpback Whale,-999,-999,-999,-999,-999,-999,-999,-999,-999,-999,-999,-999,-999,-999,-999,-999,-999,-999,-999,-999,-999,-999,-999,-999,-999,-999,-999,1457,"Gaskin, D.E., 1972"
Mammalia,Cetacea,Balaenopteridae,Megaptera,novaeangliae,-999,Humpback Whale,-999,-999,-999,-999,-999,-999,-999,-999,-999,-999,-999,-999,-999,-999,-999,-999,-999,-999,-999,-999,-999,-999,-999,-999,-999,-999,1620,-999,"Heintzelman, D.S., 1981"
Mammalia,Cetacea,Balaenopteridae,Megaptera,novaeangliae,-999,Humpback Whale,-999,-999,-999,-999,-999,-999,304.3,-999,-999,-999,-999,-999,-999,-999,-999,-999,-999,-999,-999,-999,-999,-999,-999,-999,-999,-999,-999,-999,"Gaskin, D.E., 1972"
Mammalia,Cetacea,Delphinidae,Orcinus,orca,-999,Killer Whale,4989.76,1,-999,5.63E+06,100,456.25,415.76,158745.07,-999,-999,-999,-999,-999,4.996577687,-999,-999,-999,-999,-999,-999,865.264,-999,-999,237.499,-999,-999,-999,-999,"Jones, K., Bielby, J., Cardillo, M. et al., 2009"
Mammalia,Cetacea,Delphinidae,Orcinus,orca,-999,Killer Whale,-999,-999,0.48,-999,-999,-999,-999,-999,-999,-999,-999,-999,-999,-999,-999,-999,-999,-999,-999,-999,-999,-999,-999,-999,-999,-999,-999,-999,"Jones, K., Bielby, J., Cardillo, M. et al., 2009"
Mammalia,Cetacea,Delphinidae,Orcinus,orca,-999,Killer Whale,3780,1,0.2,3.99E+06,90,435,471,180000,-999,-999,-999,-999,4930,3.000684463,-999,-999,-999,-999,-999,-999,-999,-999,-999,-999,-999,-999,-999,-999,"de Magalhaes and Costa, 2009"
Mammalia,Cetacea,Delphinidae,Orcinus,orca,-999,Killer Whale,4206.86392,1,0.21,4300000,90,453.19204,471.758,159333.33,-999,-999,-999,-999,-999,-999,-999,-999,-999,-999,-999,-999,-999,-999,-999,-999,-999,-999,-999,-999,"Ernest et al., 2003"
Mammalia,Cetacea,Delphinidae,Orcinus,orca,-999,Killer Whale,-999,-999,-999,-999,-999,-999,-999,-999,-999,-999,-999,-999,-999,-999,-999,-999,-999,-999,-999,-999,980,-999,-999,-999,-999,-999,-999,-999,"Boback and Guyer, 2003"
Mammalia,Cetacea,Delphinidae,Orcinus,orca,-999,Killer Whale,-999,-999,-999,-999,90,-999,-999,-999,-999,-999,-999,-999,-999,-999,-999,-999,-999,-999,-999,-999,-999,-999,-999,-999,-999,-999,-999,-999,"Carey, J.R. and D.S. Judge, 2002"
Mammalia,Cetacea,Delphinidae,Orcinus,orca,-999,Killer Whale,-999,-999,-999,-999,50,-999,-999,-999,-999,-999,-999,-999,-999,-999,-999,-999,-999,-999,-999,-999,-999,-999,-999,-999,-999,-999,-999,-999,"Carey, J.R. and D.S. Judge, 2002"
Mammalia,Cetacea,Delphinidae,Orcinus,orca,-999,Killer Whale,-999,-999,-999,-999,100,-999,-999,-999,-999,-999,-999,-999,-999,-999,-999,-999,-999,-999,-999,-999,-999,-999,-999,-999,-999,-999,-999,-999,"Carey, J.R. and D.S. Judge, 2002"
Mammalia,Cetacea,Delphinidae,Orcinus,orca,-999,Killer Whale,-999,-999,-999,-999,-999,4006.75,-999,-999,-999,-999,-999,-999,-999,-999,-999,-999,-999,-999,-999,-999,-999,-999,-999,-999,-999,-999,-999,-999,"Gaskin, D.E., 1972"
Mammalia,Cetacea,Delphinidae,Orcinus,orca,-999,Killer Whale,-999,-999,-999,-999,36.93333333,-999,-999,-999,-999,-999,-999,-999,-999,-999,-999,-999,-999,-999,-999,-999,-999,-999,-999,-999,-999,-999,-999,-999,"Weigl, R., 2005"
Mammalia,Cetacea,Delphinidae,Orcinus,orca,-999,Killer Whale,-999,-999,-999,-999,29.86666667,-999,-999,-999,-999,-999,-999,-999,-999,-999,-999,-999,-999,-999,-999,-999,-999,-999,-999,-999,-999,-999,-999,-999,"Gaskin, D.E., 1972"
Mammalia,Cetacea,Delphinidae,Orcinus,orca,-999,Killer Whale,-999,-999,-999,-999,-999,-999,-999,-999,-999,-999,-999,-999,-999,-999,-999,-999,7258000,-999,-999,-999,-999,-999,-999,-999,-999,-999,-999,-999,"Heintzelman, D.S., 1981"
Mammalia,Cetacea,Delphinidae,Orcinus,orca,-999,Killer Whale,-999,-999,-999,-999,-999,-999,-999,-999,-999,-999,-999,-999,-999,-999,-999,-999,-999,-999,-999,-999,-999,-999,-999,-999,-999,-999,900,-999,"Heintzelman, D.S., 1981"
Mammalia,Cetacea,Delphinidae,Orcinus,orca,-999,Killer Whale,-999,-999,-999,-999,-999,-999,365.16,-999,-999,-999,-999,-999,-999,-999,-999,-999,-999,-999,-999,-999,-999,-999,-999,-999,-999,-999,-999,-999,"Gaskin, D.E., 1972"
Mammalia,Cetacea,Delphinidae,Tursiops,truncatus,-999,Bottlenose Dolphin,3354.8,0.98,-999,281040.55,46,365,544.4,24369.6,-999,-999,-999,-999,-999,2.046488706,-999,-999,-999,-999,-999,-999,325.791,-999,-999,105,-999,-999,-999,-999,"Jones, K., Bielby, J., Cardillo, M. et al., 2009"
Mammalia,Cetacea,Delphinidae,Tursiops,truncatus,-999,Bottlenose Dolphin,-999,-999,0.76,-999,-999,-999,-999,-999,-999,-999,-999,-999,-999,-999,-999,-999,-999,-999,-999,-999,-999,-999,-999,-999,-999,-999,-999,-999,"Jones, K., Bielby, J., Cardillo, M. et al., 2009"
Mammalia,Cetacea,Delphinidae,Tursiops,truncatus,-999,Bottlenose Dolphin,2831,1,0.5,200000,51.6,365,548,19350,-999,-999,-999,-999,3689,2.349075975,-999,-999,-999,-999,-999,-999,-999,-999,-999,-999,-999,-999,-999,-999,"de Magalhaes and Costa, 2009"
Mammalia,Cetacea,Delphinidae,Tursiops,truncatus,-999,Bottlenose Dolphin,2964.77076,1,0.5,173333.33,49,368.88432,576.45784,18920,-999,-999,-999,-999,-999,-999,-999,-999,-999,-999,-999,-999,-999,-999,-999,-999,-999,-999,-999,-999,"Ernest et al., 2003"
Mammalia,Cetacea,Delphinidae,Tursiops,truncatus,-999,Bottlenose Dolphin,2831,-999,-999,200000,51.6,365,548,19350,-999,-999,-999,-999,-999,-999,-999,-999,-999,-999,-999,-999,-999,-999,-999,-999,-999,-999,-999,-999,"Ricklefs, 2010b"
Mammalia,Cetacea,Delphinidae,Tursiops,truncatus,-999,Bottlenose Dolphin,-999,-999,-999,-999,-999,-999,-999,-999,-999,-999,-999,-999,-999,-999,-999,-999,-999,-999,-999,-999,400,-999,-999,-999,-999,-999,-999,-999,"Boback and Guyer, 2003"
Mammalia,Cetacea,Delphinidae,Tursiops,truncatus,-999,Bottlenose Dolphin,-999,-999,-999,-999,-999,-999,-999,-999,-999,-999,-999,-999,-999,-999,-999,-999,-999,-999,-999,-999,400,-999,-999,-999,-999,-999,-999,-999,"Boback and Guyer, 2003"
Mammalia,Cetacea,Delphinidae,Tursiops,truncatus,-999,Bottlenose Dolphin,-999,-999,-999,-999,25,-999,-999,-999,-999,-999,-999,-999,-999,-999,-999,-999,-999,-999,-999,-999,-999,-999,-999,-999,-999,-999,-999,-999,"Carey, J.R. and D.S. Judge, 2002"
Mammalia,Cetacea,Delphinidae,Tursiops,truncatus,-999,Bottlenose Dolphin,-999,-999,-999,-999,30,-999,-999,-999,-999,-999,-999,-999,-999,-999,-999,-999,-999,-999,-999,-999,-999,-999,-999,-999,-999,-999,-999,-999,"Carey, J.R. and D.S. Judge, 2002"
Mammalia,Cetacea,Delphinidae,Tursiops,truncatus,-999,Bottlenose Dolphin,-999,-999,-999,-999,25,-999,-999,-999,-999,-999,-999,-999,-999,-999,-999,-999,-999,-999,-999,-999,-999,-999,-999,-999,-999,-999,-999,-999,"Carey, J.R. and D.S. Judge, 2002"
Mammalia,Cetacea,Delphinidae,Tursiops,truncatus,-999,Bottlenose Dolphin,-999,-999,-999,-999,-999,364.25,-999,-999,-999,-999,-999,-999,-999,-999,-999,-999,-999,-999,-999,-999,-999,-999,-999,-999,-999,-999,-999,-999,"Gaskin, D.E., 1972"
Mammalia,Cetacea,Delphinidae,Tursiops,truncatus,-999,Bottlenose Dolphin,-999,-999,0.5,-999,-999,-999,-999,-999,-999,-999,-999,-999,-999,-999,-999,-999,-999,-999,-999,-999,-999,-999,-999,-999,-999,-999,-999,-999,"Gaskin, D.E., 1972"
Mammalia,Cetacea,Delphinidae,Tursiops,truncatus,-999,Bottlenose Dolphin,-999,-999,-999,-999,51.48333333,-999,-999,-999,-999,-999,-999,-999,-999,-999,-999,-999,-999,-999,-999,-999,-999,-999,-999,-999,-999,-999,-999,-999,"Weigl, R., 2005"
Mammalia,Cetacea,Delphinidae,Tursiops,truncatus,-999,Bottlenose Dolphin,-999,-999,-999,-999,19.90833333,-999,-999,-999,-999,-999,-999,-999,-999,-999,-999,-999,-999,-999,-999,-999,-999,-999,-999,-999,-999,-999,-999,-999,"Gaskin, D.E., 1972"
Mammalia,Cetacea,Delphinidae,Tursiops,truncatus,-999,Bottlenose Dolphin,-999,-999,-999,-999,-999,-999,-999,-999,-999,-999,-999,-999,-999,-999,-999,-999,650000,-999,-999,-999,-999,-999,-999,-999,-999,-999,-999,-999,"Heintzelman, D.S., 1981"
Mammalia,Cetacea,Delphinidae,Tursiops,truncatus,-999,Bottlenose Dolphin,-999,-999,-999,-999,-999,-999,-999,-999,-999,-999,-999,-999,-999,-999,-999,-999,-999,-999,-999,-999,-999,-999,-999,-999,-999,-999,-999,2185.5,"Gaskin, D.E., 1972"
Mammalia,Cetacea,Delphinidae,Tursiops,truncatus,-999,Bottlenose Dolphin,-999,-999,-999,-999,-999,-999,-999,-999,-999,-999,-999,-999,-999,-999,-999,-999,-999,-999,-999,-999,-999,-999,-999,-999,-999,-999,360,-999,"Heintzelman, D.S., 1981"
Mammalia,Cetacea,Delphinidae,Tursiops,truncatus,-999,Bottlenose Dolphin,-999,1,-999,-999,-999,-999,-999,-999,-999,-999,-999,-999,-999,-999,-999,-999,-999,-999,-999,-999,-999,-999,-999,-999,-999,-999,-999,-999,"BC mammals - Holyoake, et al. 2010"
Mammalia,Cetacea,Delphinidae,Tursiops,truncatus,-999,Bottlenose Dolphin,-999,-999,-999,-999,-999,365.28,-999,-999,-999,-999,-999,-999,-999,-999,-999,-999,-999,-999,-999,-999,-999,-999,-999,-999,-999,-999,-999,-999,"BC mammals - Holyoake, et al. 2010"
Mammalia,Cetacea,Delphinidae,Tursiops,truncatus,-999,Bottlenose Dolphin,-999,-999,-999,-999,-999,-999,-999,-999,-999,-999,-999,-999,-999,3,-999,-999,-999,-999,-999,-999,-999,-999,-999,-999,-999,-999,-999,-999,"BC mammals - Holyoake, et al. 2010"
Mammalia,Cetacea,Delphinidae,Tursiops,truncatus,-999,Bottlenose Dolphin,-999,-999,-999,-999,-999,-999,-999,-999,-999,-999,-999,-999,-999,6,-999,-999,-999,-999,-999,-999,-999,-999,-999,-999,-999,-999,-999,-999,"BC mammals - Holyoake, et al. 2010"
Mammalia,Cetacea,Delphinidae,Tursiops,truncatus,-999,Bottlenose Dolphin,-999,-999,-999,-999,-999,-999,986.175,-999,-999,-999,-999,-999,-999,-999,-999,-999,-999,-999,-999,-999,-999,-999,-999,-999,-999,-999,-999,-999,"BC mammals - Holyoake, et al. 2010"
Mammalia,Cetacea,Delphinidae,Tursiops,truncatus,-999,Bottlenose Dolphin,-999,-999,-999,-999,-999,-999,2922,-999,-999,-999,-999,-999,-999,-999,-999,-999,-999,-999,-999,-999,-999,-999,-999,-999,-999,-999,-999,-999,"BC mammals - Holyoake, et al. 2010"
Mammalia,Cetacea,Delphinidae,Tursiops,truncatus,-999,Bottlenose Dolphin,-999,-999,-999,-999,-999,-999,-999,-999,-999,-999,-999,-999,-999,-999,-999,-999,-999,-999,-999,-999,-999,-999,-999,-999,-999,194000,-999,-999,"BC mammals - Holyoake, et al. 2010"
Mammalia,Cetacea,Delphinidae,Tursiops,truncatus,-999,Bottlenose Dolphin,1826.25,-999,-999,-999,-999,-999,-999,-999,-999,-999,-999,-999,-999,-999,-999,-999,-999,-999,-999,-999,-999,-999,-999,-999,-999,-999,-999,-999,"BC mammals - Holyoake, et al. 2010"
Mammalia,Cetacea,Delphinidae,Tursiops,truncatus,-999,Bottlenose Dolphin,3652.5,-999,-999,-999,-999,-999,-999,-999,-999,-999,-999,-999,-999,-999,-999,-999,-999,-999,-999,-999,-999,-999,-999,-999,-999,-999,-999,-999,"BC mammals - Holyoake, et al. 2010"
Mammalia,Cetacea,Delphinidae,Tursiops,truncatus,-999,Bottlenose Dolphin,-999,-999,-999,-999,-999,-999,-999,-999,-999,-999,-999,-999,2922,-999,-999,-999,-999,-999,-999,-999,-999,-999,-999,-999,-999,-999,-999,-999,"BC mammals - Holyoake, et al. 2010"
Mammalia,Cetacea,Delphinidae,Tursiops,truncatus,-999,Bottlenose Dolphin,-999,-999,-999,-999,-999,-999,-999,-999,-999,-999,-999,-999,4383,-999,-999,-999,-999,-999,-999,-999,-999,-999,-999,-999,-999,-999,-999,-999,"BC mammals - Holyoake, et al. 2010"
Mammalia,Cetacea,Delphinidae,Tursiops,truncatus,-999,Bottlenose Dolphin,-999,-999,-999,260000,-999,-999,-999,-999,-999,-999,-999,-999,-999,-999,-999,-999,-999,-999,-999,-999,-999,-999,-999,-999,-999,-999,-999,-999,"BC mammals - Meyers et al., 2009"
Mammalia,Cetacea,Delphinidae,Tursiops,truncatus,-999,Bottlenose Dolphin,-999,-999,-999,500000,-999,-999,-999,-999,-999,-999,-999,-999,-999,-999,-999,-999,-999,-999,-999,-999,-999,-999,-999,-999,-999,-999,-999,-999,"BC mammals - Meyers et al., 2009"
Mammalia,Cetacea,Delphinidae,Tursiops,truncatus,-999,Bottlenose Dolphin,-999,-999,-999,-999,53,-999,-999,-999,-999,-999,-999,-999,-999,-999,-999,-999,-999,-999,-999,-999,-999,-999,-999,-999,-999,-999,-999,-999,"BC mammals - Meyers et al., 2009"
Mammalia,Cetacea,Delphinidae,Tursiops,truncatus,-999,Bottlenose Dolphin,-999,-999,-999,-999,45,-999,-999,-999,-999,-999,-999,-999,-999,-999,-999,-999,-999,-999,-999,-999,-999,-999,-999,-999,-999,-999,-999,-999,"BC mammals - Meyers et al., 2009"
Mammalia,Cetacea,Delphinidae,Tursiops,truncatus,-999,Bottlenose Dolphin,-999,-999,-999,-999,25,-999,-999,-999,-999,-999,-999,-999,-999,-999,-999,-999,-999,-999,-999,-999,-999,-999,-999,-999,-999,-999,-999,-999,"BC mammals - Meyers et al., 2009"
Mammalia,Cetacea,Delphinidae,Tursiops,truncatus,-999,Bottlenose Dolphin,-999,-999,-999,-999,30,-999,-999,-999,-999,-999,-999,-999,-999,-999,-999,-999,-999,-999,-999,-999,-999,-999,-999,-999,-999,-999,-999,-999,"BC mammals - Meyers et al., 2009"
Mammalia,Cetacea,Delphinidae,Tursiops,truncatus,-999,Bottlenose Dolphin,-999,-999,-999,-999,25,-999,-999,-999,-999,-999,-999,-999,-999,-999,-999,-999,-999,-999,-999,-999,-999,-999,-999,-999,-999,-999,-999,-999,"BC mammals - Meyers et al., 2009"
Mammalia,Cetacea,Delphinidae,Tursiops,truncatus,-999,Bottlenose Dolphin,-999,-999,-999,-999,35,-999,-999,-999,-999,-999,-999,-999,-999,-999,-999,-999,-999,-999,-999,-999,-999,-999,-999,-999,-999,-999,-999,-999,"BC mammals - Meyers et al., 2009"
Mammalia,Cetacea,Delphinidae,Tursiops,truncatus,-999,Bottlenose Dolphin,-999,-999,-999,-999,25,-999,-999,-999,-999,-999,-999,-999,-999,-999,-999,-999,-999,-999,-999,-999,-999,-999,-999,-999,-999,-999,-999,-999,"BC mammals - Meyers et al., 2009"
Mammalia,Cetacea,Delphinidae,Tursiops,truncatus,-999,Bottlenose Dolphin,-999,-999,-999,-999,-999,-999,-999,-999,-999,-999,-999,-999,-999,3,-999,-999,-999,-999,-999,-999,-999,-999,-999,-999,-999,-999,-999,-999,"BC mammals - Meyers et al., 2009"
Mammalia,Cetacea,Delphinidae,Tursiops,truncatus,-999,Bottlenose Dolphin,-999,-999,-999,-999,-999,-999,-999,-999,-999,-999,-999,-999,-999,6,-999,-999,-999,-999,-999,-999,-999,-999,-999,-999,-999,-999,-999,-999,"BC mammals - Meyers et al., 2009"
Mammalia,Cetacea,Delphinidae,Tursiops,truncatus,-999,Bottlenose Dolphin,-999,-999,-999,-999,-999,365.25,-999,-999,-999,-999,-999,-999,-999,-999,-999,-999,-999,-999,-999,-999,-999,-999,-999,-999,-999,-999,-999,-999,"BC mammals - Meyers et al., 2009"
Mammalia,Cetacea,Delphinidae,Tursiops,truncatus,-999,Bottlenose Dolphin,-999,-999,-999,-999,-999,365,-999,-999,-999,-999,-999,-999,-999,-999,-999,-999,-999,-999,-999,-999,-999,-999,-999,-999,-999,-999,-999,-999,"BC mammals - Meyers et al., 2009"
Mammalia,Cetacea,Delphinidae,Tursiops,truncatus,-999,Bottlenose Dolphin,-999,1,-999,-999,-999,-999,-999,-999,-999,-999,-999,-999,-999,-999,-999,-999,-999,-999,-999,-999,-999,-999,-999,-999,-999,-999,-999,-999,"BC mammals - Meyers et al., 2009"
Mammalia,Cetacea,Delphinidae,Tursiops,truncatus,-999,Bottlenose Dolphin,-999,1,-999,-999,-999,-999,-999,-999,-999,-999,-999,-999,-999,-999,-999,-999,-999,-999,-999,-999,-999,-999,-999,-999,-999,-999,-999,-999,"BC mammals - Meyers et al., 2009"
Mammalia,Cetacea,Delphinidae,Tursiops,truncatus,-999,Bottlenose Dolphin,-999,-999,-999,-999,-999,-999,-999,19350,-999,-999,-999,-999,-999,-999,-999,-999,-999,-999,-999,-999,-999,-999,-999,-999,-999,-999,-999,-999,"BC mammals - Meyers et al., 2009"
Mammalia,Cetacea,Delphinidae,Tursiops,truncatus,-999,Bottlenose Dolphin,-999,-999,-999,-999,-999,-999,547.92,-999,-999,-999,-999,-999,-999,-999,-999,-999,-999,-999,-999,-999,-999,-999,-999,-999,-999,-999,-999,-999,"BC mammals - Meyers et al., 2009"
Mammalia,Cetacea,Delphinidae,Tursiops,truncatus,-999,Bottlenose Dolphin,-999,-999,-999,-999,-999,-999,608.8,-999,-999,-999,-999,-999,-999,-999,-999,-999,-999,-999,-999,-999,-999,-999,-999,-999,-999,-999,-999,-999,"BC mammals - Meyers et al., 2009"
Mammalia,Cetacea,Delphinidae,Tursiops,truncatus,-999,Bottlenose Dolphin,1826.25,-999,-999,-999,-999,-999,-999,-999,-999,-999,-999,-999,-999,-999,-999,-999,-999,-999,-999,-999,-999,-999,-999,-999,-999,-999,-999,-999,"BC mammals - Meyers et al., 2009"
Mammalia,Cetacea,Delphinidae,Tursiops,truncatus,-999,Bottlenose Dolphin,3652.5,-999,-999,-999,-999,-999,-999,-999,-999,-999,-999,-999,-999,-999,-999,-999,-999,-999,-999,-999,-999,-999,-999,-999,-999,-999,-999,-999,"BC mammals - Meyers et al., 2009"
Mammalia,Cetacea,Delphinidae,Tursiops,truncatus,-999,Bottlenose Dolphin,-999,-999,-999,-999,-999,-999,-999,-999,-999,-999,-999,-999,2922,-999,-999,-999,-999,-999,-999,-999,-999,-999,-999,-999,-999,-999,-999,-999,"BC mammals - Meyers et al., 2009"
Mammalia,Cetacea,Delphinidae,Tursiops,truncatus,-999,Bottlenose Dolphin,-999,-999,-999,-999,-999,-999,-999,-999,-999,-999,-999,-999,4748.25,-999,-999,-999,-999,-999,-999,-999,-999,-999,-999,-999,-999,-999,-999,-999,"BC mammals - Meyers et al., 2009"
Mammalia,Cetacea,Delphinidae,Tursiops,truncatus,-999,Bottlenose Dolphin,2556.75,-999,-999,-999,-999,-999,-999,-999,-999,-999,-999,-999,-999,-999,-999,-999,-999,-999,-999,-999,-999,-999,-999,-999,-999,-999,-999,-999,"BC mammals - Borges Costa, A.P. and P. Simoes-Lopes, 2012"
Mammalia,Cetacea,Delphinidae,Tursiops,truncatus,-999,Bottlenose Dolphin,5113.5,-999,-999,-999,-999,-999,-999,-999,-999,-999,-999,-999,-999,-999,-999,-999,-999,-999,-999,-999,-999,-999,-999,-999,-999,-999,-999,-999,"BC mammals - Borges Costa, A.P. and P. Simoes-Lopes, 2012"
Mammalia,Cetacea,Delphinidae,Tursiops,truncatus,-999,Bottlenose Dolphin,-999,-999,-999,-999,-999,-999,-999,-999,-999,-999,-999,-999,3652.5,-999,-999,-999,-999,-999,-999,-999,-999,-999,-999,-999,-999,-999,-999,-999,"BC mammals - Borges Costa, A.P. and P. Simoes-Lopes, 2012"
Mammalia,Cetacea,Delphinidae,Tursiops,truncatus,-999,Bottlenose Dolphin,-999,-999,-999,-999,-999,-999,-999,-999,-999,-999,-999,-999,4748.25,-999,-999,-999,-999,-999,-999,-999,-999,-999,-999,-999,-999,-999,-999,-999,"BC mammals - Borges Costa, A.P. and P. Simoes-Lopes, 2012"
Mammalia,Cetacea,Delphinidae,Tursiops,truncatus,-999,Bottlenose Dolphin,3287.25,-999,-999,-999,-999,-999,-999,-999,-999,-999,-999,-999,-999,-999,-999,-999,-999,-999,-999,-999,-999,-999,-999,-999,-999,-999,-999,-999,"BC mammals - Borges Costa, A.P. and P. Simoes-Lopes, 2012"
Mammalia,Cetacea,Delphinidae,Tursiops,truncatus,-999,Bottlenose Dolphin,4017.75,-999,-999,-999,-999,-999,-999,-999,-999,-999,-999,-999,-999,-999,-999,-999,-999,-999,-999,-999,-999,-999,-999,-999,-999,-999,-999,-999,"BC mammals - Borges Costa, A.P. and P. Simoes-Lopes, 2012"
Mammalia,Cetacea,Delphinidae,Tursiops,truncatus,-999,Bottlenose Dolphin,-999,-999,-999,-999,-999,-999,-999,-999,-999,-999,-999,-999,3652.5,-999,-999,-999,-999,-999,-999,-999,-999,-999,-999,-999,-999,-999,-999,-999,"BC mammals - Borges Costa, A.P. and P. Simoes-Lopes, 2012"
Mammalia,Cetacea,Delphinidae,Tursiops,truncatus,-999,Bottlenose Dolphin,-999,-999,-999,-999,-999,-999,-999,-999,-999,-999,-999,-999,4383,-999,-999,-999,-999,-999,-999,-999,-999,-999,-999,-999,-999,-999,-999,-999,"BC mammals - Borges Costa, A.P. and P. Simoes-Lopes, 2012"
Mammalia,Didelphimorphia,Didelphidae,Didelphis,marsupialis,-999,Common Opossum,192.74,6.11,-999,1105.88,-999,-999,99.71,-999,-999,-999,-999,-999,-999,-999,-999,-999,-999,-999,-999,-999,-999,-999,-999,-999,-999,-999,-999,-999,"Jones, K., Bielby, J., Cardillo, M. et al., 2009"
Mammalia,Didelphimorphia,Didelphidae,Didelphis,marsupialis,-999,Common Opossum,200.88,7.09,2,1134.75,2.7,14,92.47,0.16,95.91,-999,-999,-999,-999,0.301163587,-999,-999,-999,-999,-999,-999,40.27,-999,-999,-999,-999,-999,-999,-999,"Jones, K., Bielby, J., Cardillo, M. et al., 2009"
Mammalia,Didelphimorphia,Didelphidae,Didelphis,marsupialis,-999,Common Opossum,170,6.2,-999,850,4,-999,100,-999,-999,-999,-999,-999,-999,-999,-999,-999,-999,-999,-999,-999,-999,-999,-999,-999,-999,-999,-999,-999,"de Magalhaes and Costa, 2009"
Mammalia,Didelphimorphia,Didelphidae,Didelphis,marsupialis,-999,Common Opossum,178,6,2,1530,4.2,12,94,0.2,96,-999,-999,-999,240,0.547570157,-999,-999,1244.3,-999,-999,-999,-999,-999,-999,-999,-999,-999,-999,-999,"de Magalhaes and Costa, 2009"
Mammalia,Didelphimorphia,Didelphidae,Didelphis,marsupialis,-999,Common Opossum,-999,-999,-999,-999,-999,-999,-999,-999,-999,-999,-999,-999,-999,-999,-999,-999,-999,-999,-999,-999,43,-999,-999,-999,-999,-999,-999,-999,"Boback and Guyer, 2003"
Mammalia,Didelphimorphia,Didelphidae,Didelphis,marsupialis,-999,Common Opossum,-999,-999,-999,-999,3.991666667,-999,-999,-999,-999,-999,-999,-999,-999,-999,-999,-999,-999,-999,-999,-999,-999,-999,-999,-999,-999,-999,-999,-999,"Weigl, R., 2005"
Mammalia,Didelphimorphia,Didelphidae,Didelphis,marsupialis,-999,Common Opossum,-999,-999,-999,-999,4.158333333,-999,-999,-999,-999,-999,-999,-999,-999,-999,-999,-999,-999,-999,-999,-999,-999,-999,-999,-999,-999,-999,-999,-999,"Weigl, R., 2005"
Mammalia,Didelphimorphia,Didelphidae,Didelphis,marsupialis,-999,Common Opossum,-999,-999,-999,700,-999,-999,-999,-999,-999,-999,-999,-999,-999,-999,-999,-999,-999,-999,-999,-999,-999,-999,-999,-999,-999,-999,-999,-999,"BC mammals - Meyers et al., 2009"
Mammalia,Didelphimorphia,Didelphidae,Didelphis,marsupialis,-999,Common Opossum,-999,-999,-999,1880,-999,-999,-999,-999,-999,-999,-999,-999,-999,-999,-999,-999,-999,-999,-999,-999,-999,-999,-999,-999,-999,-999,-999,-999,"BC mammals - Meyers et al., 2009"
Mammalia,Didelphimorphia,Didelphidae,Didelphis,marsupialis,-999,Common Opossum,-999,-999,-999,-999,-999,-999,-999,-999,-999,-999,-999,-999,-999,-999,-999,1500,-999,-999,-999,-999,-999,-999,-999,-999,-999,-999,-999,-999,"BC mammals - Meyers et al., 2009"
Mammalia,Didelphimorphia,Didelphidae,Didelphis,marsupialis,-999,Common Opossum,-999,-999,-999,-999,-999,-999,-999,-999,-999,-999,-999,-999,-999,-999,-999,1880,-999,-999,-999,-999,-999,-999,-999,-999,-999,-999,-999,-999,"BC mammals - Meyers et al., 2009"
Mammalia,Didelphimorphia,Didelphidae,Didelphis,marsupialis,-999,Common Opossum,-999,-999,-999,-999,-999,-999,-999,-999,-999,-999,-999,-999,-999,-999,1000,-999,-999,-999,-999,-999,-999,-999,-999,-999,-999,-999,-999,-999,"BC mammals - Meyers et al., 2009"
Mammalia,Didelphimorphia,Didelphidae,Didelphis,marsupialis,-999,Common Opossum,-999,-999,-999,-999,-999,-999,-999,-999,-999,-999,-999,-999,-999,-999,1300,-999,-999,-999,-999,-999,-999,-999,-999,-999,-999,-999,-999,-999,"BC mammals - Meyers et al., 2009"
Mammalia,Didelphimorphia,Didelphidae,Didelphis,marsupialis,-999,Common Opossum,-999,-999,2,-999,-999,-999,-999,-999,-999,-999,-999,-999,-999,-999,-999,-999,-999,-999,-999,-999,-999,-999,-999,-999,-999,-999,-999,-999,"BC mammals - Meyers et al., 2009"
Mammalia,Didelphimorphia,Didelphidae,Didelphis,marsupialis,-999,Common Opossum,-999,-999,3,-999,-999,-999,-999,-999,-999,-999,-999,-999,-999,-999,-999,-999,-999,-999,-999,-999,-999,-999,-999,-999,-999,-999,-999,-999,"BC mammals - Meyers et al., 2009"
Mammalia,Didelphimorphia,Didelphidae,Didelphis,marsupialis,-999,Common Opossum,-999,7.3,-999,-999,-999,-999,-999,-999,-999,-999,-999,-999,-999,-999,-999,-999,-999,-999,-999,-999,-999,-999,-999,-999,-999,-999,-999,-999,"BC mammals - Meyers et al., 2009"
Mammalia,Didelphimorphia,Didelphidae,Didelphis,marsupialis,-999,Common Opossum,-999,-999,-999,-999,-999,14,-999,-999,-999,-999,-999,-999,-999,-999,-999,-999,-999,-999,-999,-999,-999,-999,-999,-999,-999,-999,-999,-999,"BC mammals - Meyers et al., 2009"
Mammalia,Didelphimorphia,Didelphidae,Didelphis,marsupialis,-999,Common Opossum,-999,-999,-999,-999,-999,-999,100,-999,-999,-999,-999,-999,-999,-999,-999,-999,-999,-999,-999,-999,-999,-999,-999,-999,-999,-999,-999,-999,"BC mammals - Meyers et al., 2009"
Mammalia,Didelphimorphia,Didelphidae,Didelphis,marsupialis,-999,Common Opossum,170,-999,-999,-999,-999,-999,-999,-999,-999,-999,-999,-999,-999,-999,-999,-999,-999,-999,-999,-999,-999,-999,-999,-999,-999,-999,-999,-999,"BC mammals - Meyers et al., 2009"
Mammalia,Didelphimorphia,Didelphidae,Didelphis,marsupialis,-999,Common Opossum,336,-999,-999,-999,-999,-999,-999,-999,-999,-999,-999,-999,-999,-999,-999,-999,-999,-999,-999,-999,-999,-999,-999,-999,-999,-999,-999,-999,"BC mammals - Meyers et al., 2009"
Mammalia,Didelphimorphia,Didelphidae,Didelphis,marsupialis,-999,Common Opossum,-999,-999,-999,-999,7,-999,-999,-999,-999,-999,-999,-999,-999,-999,-999,-999,-999,-999,-999,-999,-999,-999,-999,-999,-999,-999,-999,-999,"BC mammals - Meyers et al., 2009"
Mammalia,Didelphimorphia,Didelphidae,Didelphis,marsupialis,-999,Common Opossum,-999,-999,-999,-999,2,-999,-999,-999,-999,-999,-999,-999,-999,-999,-999,-999,-999,-999,-999,-999,-999,-999,-999,-999,-999,-999,-999,-999,"BC mammals - Meyers et al., 2009"
Mammalia,Didelphimorphia,Didelphidae,Didelphis,marsupialis,-999,Common Opossum,-999,-999,-999,-999,4,-999,-999,-999,-999,-999,-999,-999,-999,-999,-999,-999,-999,-999,-999,-999,-999,-999,-999,-999,-999,-999,-999,-999,"BC mammals - Tacutu, R., T. Craig, A. Budovsky et al. 2013"
Mammalia,Didelphimorphia,Didelphidae,Didelphis,marsupialis,-999,Common Opossum,170,-999,-999,-999,-999,-999,-999,-999,-999,-999,-999,-999,-999,-999,-999,-999,-999,-999,-999,-999,-999,-999,-999,-999,-999,-999,-999,-999,"BC mammals - Tacutu, R., T. Craig, A. Budovsky et al. 2013"
Mammalia,Didelphimorphia,Didelphidae,Didelphis,marsupialis,-999,Common Opossum,-999,-999,-999,-999,-999,-999,100,-999,-999,-999,-999,-999,-999,-999,-999,-999,-999,-999,-999,-999,-999,-999,-999,-999,-999,-999,-999,-999,"BC mammals - Tacutu, R., T. Craig, A. Budovsky et al. 2013"
Mammalia,Didelphimorphia,Didelphidae,Didelphis,marsupialis,-999,Common Opossum,-999,6.2,-999,-999,-999,-999,-999,-999,-999,-999,-999,-999,-999,-999,-999,-999,-999,-999,-999,-999,-999,-999,-999,-999,-999,-999,-999,-999,"BC mammals - Tacutu, R., T. Craig, A. Budovsky et al. 2013"
Mammalia,Didelphimorphia,Didelphidae,Didelphis,marsupialis,-999,Common Opossum,-999,-999,-999,850,-999,-999,-999,-999,-999,-999,-999,-999,-999,-999,-999,-999,-999,-999,-999,-999,-999,-999,-999,-999,-999,-999,-999,-999,"BC mammals - Tacutu, R., T. Craig, A. Budovsky et al. 2013"
Mammalia,Didelphimorphia,Didelphidae,Didelphis,marsupialis,-999,Common Opossum,-999,-999,-999,928,-999,-999,-999,-999,-999,-999,-999,-999,-999,-999,-999,-999,-999,-999,-999,-999,-999,-999,-999,-999,-999,-999,-999,-999,"BC mammals - Cunha, A.A. and M.V. Vieira, 2002"
Mammalia,Didelphimorphia,Didelphidae,Didelphis,marsupialis,-999,Common Opossum,-999,-999,-999,1500,-999,-999,-999,-999,-999,-999,-999,-999,-999,-999,-999,-999,-999,-999,-999,-999,-999,-999,-999,-999,-999,-999,-999,-999,"BC mammals - Ferreira et al., 2013"
Mammalia,Didelphimorphia,Didelphidae,Didelphis,marsupialis,-999,Common Opossum,-999,-999,-999,-999,-999,-999,100,-999,-999,-999,-999,-999,-999,-999,-999,-999,-999,-999,-999,-999,-999,-999,-999,-999,-999,-999,-999,-999,"BC mammals - Ferreira et al., 2013"
Mammalia,Didelphimorphia,Didelphidae,Didelphis,marsupialis,-999,Common Opossum,-999,-999,-999,-999,-999,-999,-999,-999,-999,-999,-999,-999,-999,-999,-999,-999,-999,-999,-999,-999,-999,-999,-999,-999,-999,-999,-999,170,"BC mammals - Ferreira et al., 2013"
Mammalia,Didelphimorphia,Didelphidae,Didelphis,marsupialis,-999,Common Opossum,-999,-999,2,-999,-999,-999,-999,-999,-999,-999,-999,-999,-999,-999,-999,-999,-999,-999,-999,-999,-999,-999,-999,-999,-999,-999,-999,-999,"BC mammals - Ferreira et al., 2013"
Mammalia,Didelphimorphia,Didelphidae,Didelphis,marsupialis,-999,Common Opossum,-999,-999,-999,-999,-999,-999,-999,-999,-999,-999,-999,-999,-999,-999,-999,-999,-999,-999,-999,-999,-999,41,-999,-999,-999,-999,-999,-999,"BC mammals - Jones et al., 2003"
Mammalia,Didelphimorphia,Didelphidae,Didelphis,marsupialis,-999,Common Opossum,-999,-999,-999,-999,-999,-999,-999,-999,-999,-999,-999,-999,-999,-999,-999,1650,-999,-999,-999,-999,-999,-999,-999,-999,-999,-999,-999,-999,"BC mammals - Jones et al., 2003"
Mammalia,Didelphimorphia,Didelphidae,Didelphis,marsupialis,-999,Common Opossum,-999,-999,-999,-999,-999,-999,-999,-999,-999,-999,-999,-999,-999,-999,-999,-999,-999,-999,-999,-999,31,-999,-999,-999,-999,-999,-999,-999,"BC mammals - Jones et al., 2003"
Mammalia,Didelphimorphia,Didelphidae,Didelphis,marsupialis,-999,Common Opossum,-999,-999,-999,-999,-999,-999,-999,-999,-999,-999,-999,-999,-999,-999,-999,-999,-999,-999,-999,-999,39,-999,-999,-999,-999,-999,-999,-999,"BC mammals - Jones et al., 2003"
Mammalia,Didelphimorphia,Didelphidae,Didelphis,marsupialis,-999,Common Opossum,-999,-999,-999,700,-999,-999,-999,-999,-999,-999,-999,-999,-999,-999,-999,-999,-999,-999,-999,-999,-999,-999,-999,-999,-999,-999,-999,-999,"BC mammals - Jones et al., 2003"
Mammalia,Didelphimorphia,Didelphidae,Didelphis,marsupialis,-999,Common Opossum,-999,-999,-999,1500,-999,-999,-999,-999,-999,-999,-999,-999,-999,-999,-999,-999,-999,-999,-999,-999,-999,-999,-999,-999,-999,-999,-999,-999,"BC mammals - Jones et al., 2003"
Mammalia,Didelphimorphia,Didelphidae,Didelphis,marsupialis,-999,Common Opossum,-999,-999,-999,-999,-999,-999,-999,-999,-999,-999,-999,-999,-999,-999,-999,-999,-999,-999,-999,-999,32.4,-999,-999,-999,-999,-999,-999,-999,"BC mammals - Jones et al., 2003"
Mammalia,Didelphimorphia,Didelphidae,Didelphis,marsupialis,-999,Common Opossum,-999,-999,-999,-999,-999,-999,-999,-999,-999,-999,-999,-999,-999,-999,-999,-999,-999,-999,-999,-999,42.5,-999,-999,-999,-999,-999,-999,-999,"BC mammals - Jones et al., 2003"
Mammalia,Didelphimorphia,Didelphidae,Didelphis,marsupialis,-999,Common Opossum,-999,-999,-999,565,-999,-999,-999,-999,-999,-999,-999,-999,-999,-999,-999,-999,-999,-999,-999,-999,-999,-999,-999,-999,-999,-999,-999,-999,"BC mammals - Jones et al., 2003"
Mammalia,Didelphimorphia,Didelphidae,Didelphis,marsupialis,-999,Common Opossum,-999,-999,-999,1610,-999,-999,-999,-999,-999,-999,-999,-999,-999,-999,-999,-999,-999,-999,-999,-999,-999,-999,-999,-999,-999,-999,-999,-999,"BC mammals - Jones et al., 2003"
Mammalia,Didelphimorphia,Didelphidae,Didelphis,marsupialis,-999,Common Opossum,-999,-999,-999,1165,-999,-999,-999,-999,-999,-999,-999,-999,-999,-999,-999,-999,-999,-999,-999,-999,-999,-999,-999,-999,-999,-999,-999,-999,"BC mammals - Savage et al., 2004"
Mammalia,Didelphimorphia,Didelphidae,Didelphis,marsupialis,-999,Common Opossum,-999,-999,-999,1329,-999,-999,-999,-999,-999,-999,-999,-999,-999,-999,-999,-999,-999,-999,-999,-999,-999,-999,-999,-999,-999,-999,-999,-999,"BC mammals - Savage et al., 2004"
Mammalia,Didelphimorphia,Didelphidae,Didelphis,marsupialis,-999,Common Opossum,-999,-999,-999,1244.3,-999,-999,-999,-999,-999,-999,-999,-999,-999,-999,-999,-999,-999,-999,-999,-999,-999,-999,-999,-999,-999,-999,-999,-999,"BC mammals - Savage et al., 2004"
Mammalia,Diprotodontia,Macropodidae,Macropus,rufus,-999,Red Kangaroo,695.03,1,-999,38968.39,30,33.99,359.99,0.81,7416.19,-999,-999,-999,-999,0.652977413,-999,-999,-999,-999,-999,-999,-999,-999,-999,-999,-999,-999,-999,-999,"Jones, K., Bielby, J., Cardillo, M. et al., 2009"
Mammalia,Diprotodontia,Macropodidae,Macropus,rufus,-999,Red Kangaroo,-999,-999,1.36,-999,-999,-999,-999,-999,-999,-999,-999,-999,-999,-999,-999,-999,-999,-999,-999,-999,-999,-999,-999,-999,-999,-999,-999,-999,"Jones, K., Bielby, J., Cardillo, M. et al., 2009"
Mammalia,Diprotodontia,Macropodidae,Macropus,rufus,-999,Red Kangaroo,517,1,-999,55000,25,33,360,0.784,5000,-999,-999,-999,806,0.65982204,-999,-999,28500,-999,-999,-999,-999,-999,-999,-999,-999,-999,-999,-999,"de Magalhaes and Costa, 2009"
Mammalia,Diprotodontia,Macropodidae,Macropus,rufus,-999,Red Kangaroo,517,-999,-999,55000,25,33,360,0.784,5000,-999,-999,-999,-999,-999,-999,-999,-999,-999,-999,-999,-999,-999,-999,-999,-999,-999,-999,-999,"Ricklefs, 2010b"
Mammalia,Diprotodontia,Macropodidae,Macropus,rufus,-999,Red Kangaroo,-999,-999,-999,-999,-999,-999,-999,-999,-999,-999,-999,-999,-999,-999,-999,-999,-999,-999,-999,-999,160,-999,-999,-999,-999,-999,-999,-999,"Boback and Guyer, 2003"
Mammalia,Diprotodontia,Macropodidae,Macropus,rufus,-999,Red Kangaroo,-999,-999,-999,-999,30,-999,-999,-999,-999,-999,-999,-999,-999,-999,-999,-999,-999,-999,-999,-999,-999,-999,-999,-999,-999,-999,-999,-999,"Carey, J.R. and D.S. Judge, 2002"
Mammalia,Diprotodontia,Macropodidae,Macropus,rufus,-999,Red Kangaroo,-999,-999,-999,-999,20,-999,-999,-999,-999,-999,-999,-999,-999,-999,-999,-999,-999,-999,-999,-999,-999,-999,-999,-999,-999,-999,-999,-999,"Carey, J.R. and D.S. Judge, 2002"
Mammalia,Diprotodontia,Macropodidae,Macropus,rufus,-999,Red Kangaroo,-999,-999,-999,-999,22,-999,-999,-999,-999,-999,-999,-999,-999,-999,-999,-999,-999,-999,-999,-999,-999,-999,-999,-999,-999,-999,-999,-999,"Carey, J.R. and D.S. Judge, 2002"
Mammalia,Diprotodontia,Macropodidae,Macropus,rufus,-999,Red Kangaroo,-999,-999,-999,-999,24.95,-999,-999,-999,-999,-999,-999,-999,-999,-999,-999,-999,-999,-999,-999,-999,-999,-999,-999,-999,-999,-999,-999,-999,"Weigl, R., 2005"
Mammalia,Diprotodontia,Macropodidae,Macropus,rufus,-999,Red Kangaroo,-999,-999,-999,25000,-999,-999,-999,-999,-999,-999,-999,-999,-999,-999,-999,-999,-999,-999,-999,-999,-999,-999,-999,-999,-999,-999,-999,-999,"BC mammals - Savage et al., 2004"
Mammalia,Diprotodontia,Macropodidae,Macropus,rufus,-999,Red Kangaroo,-999,-999,-999,32490,-999,-999,-999,-999,-999,-999,-999,-999,-999,-999,-999,-999,-999,-999,-999,-999,-999,-999,-999,-999,-999,-999,-999,-999,"BC mammals - Savage et al., 2004"
Mammalia,Diprotodontia,Macropodidae,Macropus,rufus,-999,Red Kangaroo,-999,-999,-999,28500,-999,-999,-999,-999,-999,-999,-999,-999,-999,-999,-999,-999,-999,-999,-999,-999,-999,-999,-999,-999,-999,-999,-999,-999,"BC mammals - Savage et al., 2004"
Mammalia,Diprotodontia,Phascolarctidae,Phascolarctos,cinereus,-999,Koala,834.72,1.01,1,6528.74,20,34.29,347.53,0.36,1155,-999,-999,-999,-999,1.023956194,-999,-999,-999,-999,-999,-999,-999,-999,-999,-999,-999,-999,-999,-999,"Jones, K., Bielby, J., Cardillo, M. et al., 2009"
Mammalia,Diprotodontia,Phascolarctidae,Phascolarctos,cinereus,-999,Koala,646,1,-999,9300,22.1,31,342,0.36,1155,-999,-999,-999,1095,1.289527721,-999,-999,4732.4,-999,-999,-999,-999,-999,-999,-999,-999,-999,-999,-999,"de Magalhaes and Costa, 2009"
Mammalia,Diprotodontia,Phascolarctidae,Phascolarctos,cinereus,-999,Koala,646,-999,-999,9300,22.1,31,342,0.36,1155,-999,-999,-999,-999,-999,-999,-999,-999,-999,-999,-999,-999,-999,-999,-999,-999,-999,-999,-999,"Ricklefs, 2010b"
Mammalia,Diprotodontia,Phascolarctidae,Phascolarctos,cinereus,-999,Koala,-999,-999,-999,-999,-999,-999,-999,-999,-999,-999,-999,-999,-999,-999,-999,-999,-999,-999,-999,-999,85,-999,-999,-999,-999,-999,-999,-999,"Boback and Guyer, 2003"
Mammalia,Diprotodontia,Phascolarctidae,Phascolarctos,cinereus,-999,Koala,-999,-999,-999,-999,20,-999,-999,-999,-999,-999,-999,-999,-999,-999,-999,-999,-999,-999,-999,-999,-999,-999,-999,-999,-999,-999,-999,-999,"Carey, J.R. and D.S. Judge, 2002"
Mammalia,Diprotodontia,Phascolarctidae,Phascolarctos,cinereus,-999,Koala,-999,-999,-999,-999,18,-999,-999,-999,-999,-999,-999,-999,-999,-999,-999,-999,-999,-999,-999,-999,-999,-999,-999,-999,-999,-999,-999,-999,"Carey, J.R. and D.S. Judge, 2002"
Mammalia,Diprotodontia,Phascolarctidae,Phascolarctos,cinereus,-999,Koala,-999,-999,-999,-999,15,-999,-999,-999,-999,-999,-999,-999,-999,-999,-999,-999,-999,-999,-999,-999,-999,-999,-999,-999,-999,-999,-999,-999,"Carey, J.R. and D.S. Judge, 2002"
Mammalia,Diprotodontia,Phascolarctidae,Phascolarctos,cinereus,-999,Koala,-999,-999,-999,-999,22.04166667,-999,-999,-999,-999,-999,-999,-999,-999,-999,-999,-999,-999,-999,-999,-999,-999,-999,-999,-999,-999,-999,-999,-999,"Weigl, R., 2005"
Mammalia,Diprotodontia,Phascolarctidae,Phascolarctos,cinereus,-999,Koala,-999,-999,-999,4700,-999,-999,-999,-999,-999,-999,-999,-999,-999,-999,-999,-999,-999,-999,-999,-999,-999,-999,-999,-999,-999,-999,-999,-999,"BC mammals - Savage et al., 2004"
Mammalia,Diprotodontia,Phascolarctidae,Phascolarctos,cinereus,-999,Koala,-999,-999,-999,4765,-999,-999,-999,-999,-999,-999,-999,-999,-999,-999,-999,-999,-999,-999,-999,-999,-999,-999,-999,-999,-999,-999,-999,-999,"BC mammals - Savage et al., 2004"
Mammalia,Diprotodontia,Phascolarctidae,Phascolarctos,cinereus,-999,Koala,-999,-999,-999,4732.4,-999,-999,-999,-999,-999,-999,-999,-999,-999,-999,-999,-999,-999,-999,-999,-999,-999,-999,-999,-999,-999,-999,-999,-999,"BC mammals - Savage et al., 2004"
Mammalia,Erinaceomorpha,Erinaceidae,Erinaceus,europaeus,-999,West European Hedgehog,265.8,4.64,1.5,777.95,14,36.98,40,15.54,235,-999,-999,-999,-999,-999,-999,-999,-999,-999,-999,-999,23.717,-999,-999,7,-999,-999,-999,-999,"Jones, K., Bielby, J., Cardillo, M. et al., 2009"
Mammalia,Erinaceomorpha,Erinaceidae,Erinaceus,europaeus,-999,West European Hedgehog,253,1.5,1.6,750,11.7,30,42,14.7,235,-999,-999,-999,253,-999,-999,-999,1213.5,-999,-999,-999,-999,-999,-999,-999,-999,-999,-999,-999,"de Magalhaes and Costa, 2009"
Mammalia,Erinaceomorpha,Erinaceidae,Erinaceus,europaeus,-999,West European Hedgehog,328.7088,4.64,1.58,771,8,36.5232,41.69732,15.7,203,-999,-999,-999,-999,-999,-999,-999,-999,-999,-999,-999,-999,-999,-999,-999,-999,-999,-999,-999,"Ernest et al., 2003"
Mammalia,Erinaceomorpha,Erinaceidae,Erinaceus,europaeus,-999,West European Hedgehog,-999,-999,-999,-999,-999,-999,-999,-999,-999,-999,-999,-999,-999,-999,-999,-999,-999,-999,-999,-999,30,-999,-999,-999,-999,-999,-999,-999,"Boback and Guyer, 2003"
Mammalia,Erinaceomorpha,Erinaceidae,Erinaceus,europaeus,-999,West European Hedgehog,-999,-999,-999,-999,14,-999,-999,-999,-999,-999,-999,-999,-999,-999,-999,-999,-999,-999,-999,-999,-999,-999,-999,-999,-999,-999,-999,-999,"Carey, J.R. and D.S. Judge, 2002"
Mammalia,Erinaceomorpha,Erinaceidae,Erinaceus,europaeus,-999,West European Hedgehog,-999,-999,-999,-999,7,-999,-999,-999,-999,-999,-999,-999,-999,-999,-999,-999,-999,-999,-999,-999,-999,-999,-999,-999,-999,-999,-999,-999,"Carey, J.R. and D.S. Judge, 2002"
Mammalia,Erinaceomorpha,Erinaceidae,Erinaceus,europaeus,-999,West European Hedgehog,-999,-999,-999,-999,8,-999,-999,-999,-999,-999,-999,-999,-999,-999,-999,-999,-999,-999,-999,-999,-999,-999,-999,-999,-999,-999,-999,-999,"Carey, J.R. and D.S. Judge, 2002"
Mammalia,Erinaceomorpha,Erinaceidae,Erinaceus,europaeus,-999,West European Hedgehog,-999,-999,-999,-999,11.64166667,-999,-999,-999,-999,-999,-999,-999,-999,-999,-999,-999,-999,-999,-999,-999,-999,-999,-999,-999,-999,-999,-999,-999,"Weigl, R., 2005"
Mammalia,Erinaceomorpha,Erinaceidae,Erinaceus,europaeus,-999,West European Hedgehog,-999,-999,-999,750,-999,-999,-999,-999,-999,-999,-999,-999,-999,-999,-999,-999,-999,-999,-999,-999,-999,-999,-999,-999,-999,-999,-999,-999,"BC mammals - Savage et al., 2004"
Mammalia,Erinaceomorpha,Erinaceidae,Erinaceus,europaeus,-999,West European Hedgehog,-999,-999,-999,1191.2,-999,-999,-999,-999,-999,-999,-999,-999,-999,-999,-999,-999,-999,-999,-999,-999,-999,-999,-999,-999,-999,-999,-999,-999,"BC mammals - Savage et al., 2004"
Mammalia,Erinaceomorpha,Erinaceidae,Erinaceus,europaeus,-999,West European Hedgehog,-999,-999,-999,2000,-999,-999,-999,-999,-999,-999,-999,-999,-999,-999,-999,-999,-999,-999,-999,-999,-999,-999,-999,-999,-999,-999,-999,-999,"BC mammals - Savage et al., 2004"
Mammalia,Erinaceomorpha,Erinaceidae,Erinaceus,europaeus,-999,West European Hedgehog,-999,-999,-999,1213.5,-999,-999,-999,-999,-999,-999,-999,-999,-999,-999,-999,-999,-999,-999,-999,-999,-999,-999,-999,-999,-999,-999,-999,-999,"BC mammals - Savage et al., 2004"
Mammalia,Erinaceomorpha,Erinaceidae,Erinaceus,europaeus,-999,West European Hedgehog,-999,3.8,-999,-999,-999,35.611875,41.71,15.708,235,-999,-999,-999,-999,-999,-999,665,-999,-999,-999,-999,-999,-999,-999,-999,-999,-999,-999,-999,"Garratt et al., 2014"
Mammalia,Monotremata,Ornithorhynchidae,Ornithorhynchus,anatinus,-999,Platypus,742.46,2,-999,1484.25,22,12.48,120.97,-999,-999,-999,-999,-999,-999,0.999315537,-999,-999,-999,-999,-999,-999,41.918,-999,-999,-999,-999,-999,-999,-999,"Jones, K., Bielby, J., Cardillo, M. et al., 2009"
Mammalia,Monotremata,Ornithorhynchidae,Ornithorhynchus,anatinus,-999,Platypus,-999,-999,1.1,-999,-999,-999,-999,-999,-999,-999,-999,-999,-999,-999,-999,-999,-999,-999,-999,-999,-999,-999,-999,-999,-999,-999,-999,-999,"Jones, K., Bielby, J., Cardillo, M. et al., 2009"
Mammalia,Monotremata,Ornithorhynchidae,Ornithorhynchus,anatinus,-999,Platypus,548,2,-999,1250,22.6,17,106,-999,-999,-999,-999,-999,548,0.999315537,-999,-999,1030.3,-999,-999,-999,-999,-999,-999,-999,-999,-999,-999,-999,"de Magalhaes and Costa, 2009"
Mammalia,Monotremata,Ornithorhynchidae,Ornithorhynchus,anatinus,-999,Platypus,-999,-999,-999,-999,17,-999,-999,-999,-999,-999,-999,-999,-999,-999,-999,-999,-999,-999,-999,-999,-999,-999,-999,-999,-999,-999,-999,-999,"Carey, J.R. and D.S. Judge, 2002"
Mammalia,Monotremata,Ornithorhynchidae,Ornithorhynchus,anatinus,-999,Platypus,-999,-999,-999,-999,17,-999,-999,-999,-999,-999,-999,-999,-999,-999,-999,-999,-999,-999,-999,-999,-999,-999,-999,-999,-999,-999,-999,-999,"Carey, J.R. and D.S. Judge, 2002"
Mammalia,Monotremata,Ornithorhynchidae,Ornithorhynchus,anatinus,-999,Platypus,-999,-999,-999,-999,17,-999,-999,-999,-999,-999,-999,-999,-999,-999,-999,-999,-999,-999,-999,-999,-999,-999,-999,-999,-999,-999,-999,-999,"Carey, J.R. and D.S. Judge, 2002"
Mammalia,Monotremata,Ornithorhynchidae,Ornithorhynchus,anatinus,-999,Platypus,-999,-999,-999,-999,17,-999,-999,-999,-999,-999,-999,-999,-999,-999,-999,-999,-999,-999,-999,-999,-999,-999,-999,-999,-999,-999,-999,-999,"Carey, J.R. and D.S. Judge, 2002"
Mammalia,Monotremata,Ornithorhynchidae,Ornithorhynchus,anatinus,-999,Platypus,-999,-999,-999,-999,22.54166667,-999,-999,-999,-999,-999,-999,-999,-999,-999,-999,-999,-999,-999,-999,-999,-999,-999,-999,-999,-999,-999,-999,-999,"Weigl, R., 2005"
Mammalia,Monotremata,Ornithorhynchidae,Ornithorhynchus,anatinus,-999,Platypus,-999,-999,-999,693,-999,-999,-999,-999,-999,-999,-999,-999,-999,-999,-999,-999,-999,-999,-999,-999,-999,-999,-999,-999,-999,-999,-999,-999,"BC mammals - Savage et al., 2004"
Mammalia,Monotremata,Ornithorhynchidae,Ornithorhynchus,anatinus,-999,Platypus,-999,-999,-999,1200,-999,-999,-999,-999,-999,-999,-999,-999,-999,-999,-999,-999,-999,-999,-999,-999,-999,-999,-999,-999,-999,-999,-999,-999,"BC mammals - Savage et al., 2004"
Mammalia,Monotremata,Ornithorhynchidae,Ornithorhynchus,anatinus,-999,Platypus,-999,-999,-999,1315,-999,-999,-999,-999,-999,-999,-999,-999,-999,-999,-999,-999,-999,-999,-999,-999,-999,-999,-999,-999,-999,-999,-999,-999,"BC mammals - Savage et al., 2004"
Mammalia,Monotremata,Ornithorhynchidae,Ornithorhynchus,anatinus,-999,Platypus,-999,-999,-999,1030.3,-999,-999,-999,-999,-999,-999,-999,-999,-999,-999,-999,-999,-999,-999,-999,-999,-999,-999,-999,-999,-999,-999,-999,-999,"BC mammals - Savage et al., 2004"
Mammalia,Perissodactyla,Equidae,Equus,asinus,-999,Ass,742.46,1,-999,164998.49,47,367,-999,29249.99,32500,-999,-999,-999,-999,-999,-999,-999,-999,-999,-999,-999,-999,-999,-999,-999,-999,-999,-999,-999,"Jones, K., Bielby, J., Cardillo, M. et al., 2009"
Mammalia,Perissodactyla,Equidae,Equus,asinus,-999,Ass,708,1,-999,164998,47,359,-999,30000,-999,-999,-999,-999,1005,-999,-999,-999,177500,-999,-999,-999,-999,-999,-999,-999,-999,-999,-999,-999,"de Magalhaes and Costa, 2009"
Mammalia,Perissodactyla,Equidae,Equus,asinus,-999,Ass,693.9408,1,-999,250000,47,364.31892,-999,29166.67,-999,-999,-999,-999,-999,-999,-999,-999,-999,-999,-999,-999,-999,-999,-999,-999,-999,-999,-999,-999,"Ernest et al., 2003"
Mammalia,Perissodactyla,Equidae,Equus,asinus,-999,Ass,708,-999,-999,164998,47,359,-999,30000,-999,-999,-999,-999,-999,-999,-999,-999,-999,-999,-999,-999,-999,-999,-999,-999,-999,-999,-999,-999,"Ricklefs, 2010b"
Mammalia,Perissodactyla,Equidae,Equus,asinus,-999,Ass,-999,-999,-999,-999,-999,-999,-999,-999,-999,-999,-999,-999,-999,-999,-999,-999,-999,-999,-999,-999,200,-999,-999,-999,-999,-999,-999,-999,"Boback and Guyer, 2003"
Mammalia,Perissodactyla,Equidae,Equus,asinus,-999,Ass,-999,-999,-999,-999,20,-999,-999,-999,-999,-999,-999,-999,-999,-999,-999,-999,-999,-999,-999,-999,-999,-999,-999,-999,-999,-999,-999,-999,"Carey, J.R. and D.S. Judge, 2002"
Mammalia,Perissodactyla,Equidae,Equus,asinus,-999,Ass,-999,-999,-999,-999,47,-999,-999,-999,-999,-999,-999,-999,-999,-999,-999,-999,-999,-999,-999,-999,-999,-999,-999,-999,-999,-999,-999,-999,"Carey, J.R. and D.S. Judge, 2002"
Mammalia,Perissodactyla,Equidae,Equus,asinus,-999,Ass,-999,-999,-999,-999,28.45,-999,-999,-999,-999,-999,-999,-999,-999,-999,-999,-999,-999,-999,-999,-999,-999,-999,-999,-999,-999,-999,-999,-999,"Weigl, R., 2005"
Mammalia,Perissodactyla,Equidae,Equus,asinus,-999,Ass,-999,-999,-999,250000,-999,-999,-999,-999,-999,-999,-999,-999,-999,-999,-999,-999,-999,-999,-999,-999,-999,-999,-999,-999,-999,-999,-999,-999,"BC mammals - Meyers et al., 2009"
Mammalia,Perissodactyla,Equidae,Equus,asinus,-999,Ass,-999,-999,-999,-999,-999,-999,-999,8600,-999,-999,-999,-999,-999,-999,-999,-999,-999,-999,-999,-999,-999,-999,-999,-999,-999,-999,-999,-999,"BC mammals - Meyers et al., 2009"
Mammalia,Perissodactyla,Equidae,Equus,asinus,-999,Ass,-999,-999,-999,-999,-999,-999,-999,13600,-999,-999,-999,-999,-999,-999,-999,-999,-999,-999,-999,-999,-999,-999,-999,-999,-999,-999,-999,-999,"BC mammals - Meyers et al., 2009"
Mammalia,Perissodactyla,Equidae,Equus,asinus,-999,Ass,-999,-999,-999,-999,-999,-999,-999,-999,-999,-999,-999,-999,-999,1,-999,-999,-999,-999,-999,-999,-999,-999,-999,-999,-999,-999,-999,-999,"BC mammals - Meyers et al., 2009"
Mammalia,Perissodactyla,Equidae,Equus,asinus,-999,Ass,-999,1,-999,-999,-999,-999,-999,-999,-999,-999,-999,-999,-999,-999,-999,-999,-999,-999,-999,-999,-999,-999,-999,-999,-999,-999,-999,-999,"BC mammals - Meyers et al., 2009"
Mammalia,Perissodactyla,Equidae,Equus,asinus,-999,Ass,-999,-999,-999,-999,-999,365.28,-999,-999,-999,-999,-999,-999,-999,-999,-999,-999,-999,-999,-999,-999,-999,-999,-999,-999,-999,-999,-999,-999,"BC mammals - Meyers et al., 2009"
Mammalia,Perissodactyla,Equidae,Equus,asinus,-999,Ass,-999,-999,-999,-999,-999,-999,152.2,-999,-999,-999,-999,-999,-999,-999,-999,-999,-999,-999,-999,-999,-999,-999,-999,-999,-999,-999,-999,-999,"BC mammals - Meyers et al., 2009"
Mammalia,Perissodactyla,Equidae,Equus,asinus,-999,Ass,730.5,-999,-999,-999,-999,-999,-999,-999,-999,-999,-999,-999,-999,-999,-999,-999,-999,-999,-999,-999,-999,-999,-999,-999,-999,-999,-999,-999,"BC mammals - Meyers et al., 2009"
Mammalia,Perissodactyla,Equidae,Equus,asinus,-999,Ass,-999,-999,-999,-999,25,-999,-999,-999,-999,-999,-999,-999,-999,-999,-999,-999,-999,-999,-999,-999,-999,-999,-999,-999,-999,-999,-999,-999,"BC mammals - Meyers et al., 2009"
Mammalia,Perissodactyla,Equidae,Equus,asinus,-999,Ass,-999,-999,-999,-999,30,-999,-999,-999,-999,-999,-999,-999,-999,-999,-999,-999,-999,-999,-999,-999,-999,-999,-999,-999,-999,-999,-999,-999,"BC mammals - Meyers et al., 2009"
Mammalia,Perissodactyla,Equidae,Equus,asinus,-999,Ass,-999,-999,-999,-999,40,-999,-999,-999,-999,-999,-999,-999,-999,-999,-999,-999,-999,-999,-999,-999,-999,-999,-999,-999,-999,-999,-999,-999,"BC mammals - Meyers et al., 2009"
Mammalia,Perissodactyla,Equidae,Equus,asinus,-999,Ass,-999,-999,-999,-999,50,-999,-999,-999,-999,-999,-999,-999,-999,-999,-999,-999,-999,-999,-999,-999,-999,-999,-999,-999,-999,-999,-999,-999,"BC mammals - Meyers et al., 2009"
Mammalia,Perissodactyla,Equidae,Equus,asinus,-999,Ass,-999,-999,-999,-999,25,-999,-999,-999,-999,-999,-999,-999,-999,-999,-999,-999,-999,-999,-999,-999,-999,-999,-999,-999,-999,-999,-999,-999,"BC mammals - Meyers et al., 2009"
Mammalia,Perissodactyla,Equidae,Equus,asinus,-999,Ass,-999,-999,-999,-999,30,-999,-999,-999,-999,-999,-999,-999,-999,-999,-999,-999,-999,-999,-999,-999,-999,-999,-999,-999,-999,-999,-999,-999,"BC mammals - Meyers et al., 2009"
Mammalia,Perissodactyla,Equidae,Equus,asinus,-999,Ass,-999,-999,-999,-999,47,-999,-999,-999,-999,-999,-999,-999,-999,-999,-999,-999,-999,-999,-999,-999,-999,-999,-999,-999,-999,-999,-999,-999,"BC mammals - Meyers et al., 2009"
Mammalia,Perissodactyla,Equidae,Equus,asinus,-999,Ass,-999,-999,-999,-999,47,-999,-999,-999,-999,-999,-999,-999,-999,-999,-999,-999,-999,-999,-999,-999,-999,-999,-999,-999,-999,-999,-999,-999,"BC mammals - Tacutu, R., T. Craig, A. Budovsky et al. 2013"
Mammalia,Perissodactyla,Equidae,Equus,asinus,-999,Ass,708,-999,-999,-999,-999,-999,-999,-999,-999,-999,-999,-999,-999,-999,-999,-999,-999,-999,-999,-999,-999,-999,-999,-999,-999,-999,-999,-999,"BC mammals - Tacutu, R., T. Craig, A. Budovsky et al. 2013"
Mammalia,Perissodactyla,Equidae,Equus,asinus,-999,Ass,-999,-999,-999,-999,-999,-999,-999,-999,-999,-999,-999,-999,1005,-999,-999,-999,-999,-999,-999,-999,-999,-999,-999,-999,-999,-999,-999,-999,"BC mammals - Tacutu, R., T. Craig, A. Budovsky et al. 2013"
Mammalia,Perissodactyla,Equidae,Equus,asinus,-999,Ass,-999,-999,-999,-999,-999,359,-999,-999,-999,-999,-999,-999,-999,-999,-999,-999,-999,-999,-999,-999,-999,-999,-999,-999,-999,-999,-999,-999,"BC mammals - Tacutu, R., T. Craig, A. Budovsky et al. 2013"
Mammalia,Perissodactyla,Equidae,Equus,asinus,-999,Ass,-999,1,-999,-999,-999,-999,-999,-999,-999,-999,-999,-999,-999,-999,-999,-999,-999,-999,-999,-999,-999,-999,-999,-999,-999,-999,-999,-999,"BC mammals - Tacutu, R., T. Craig, A. Budovsky et al. 2013"
Mammalia,Perissodactyla,Equidae,Equus,asinus,-999,Ass,-999,-999,-999,-999,-999,-999,-999,30000,-999,-999,-999,-999,-999,-999,-999,-999,-999,-999,-999,-999,-999,-999,-999,-999,-999,-999,-999,-999,"BC mammals - Tacutu, R., T. Craig, A. Budovsky et al. 2013"
Mammalia,Perissodactyla,Equidae,Equus,asinus,-999,Ass,-999,-999,-999,164998,-999,-999,-999,-999,-999,-999,-999,-999,-999,-999,-999,-999,-999,-999,-999,-999,-999,-999,-999,-999,-999,-999,-999,-999,"BC mammals - Tacutu, R., T. Craig, A. Budovsky et al. 2013"
Mammalia,Perissodactyla,Equidae,Equus,asinus,-999,Ass,-999,-999,-999,177500,-999,-999,-999,-999,-999,-999,-999,-999,-999,-999,-999,-999,-999,-999,-999,-999,-999,-999,-999,-999,-999,-999,-999,-999,"BC mammals - Savage et al., 2004"
Mammalia,Perissodactyla,Equidae,Equus,asinus,-999,Ass,-999,-999,-999,177500,-999,-999,-999,-999,-999,-999,-999,-999,-999,-999,-999,-999,-999,-999,-999,-999,-999,-999,-999,-999,-999,-999,-999,-999,"BC mammals - Savage et al., 2004"
Mammalia,Perissodactyla,Equidae,Equus,quagga,-999,Quagga,-999,-999,-999,400000,20,-999,-999,-999,-999,-999,-999,-999,-999,-999,-999,-999,-999,-999,-999,-999,-999,-999,-999,-999,-999,-999,-999,-999,"Jones, K., Bielby, J., Cardillo, M. et al., 2009"
Mammalia,Perissodactyla,Equidae,Equus,quagga,-999,Quagga,-999,-999,-999,-999,-999,-999,-999,-999,-999,-999,-999,-999,-999,-999,-999,-999,-999,-999,-999,-999,257,-999,-999,-999,-999,-999,-999,-999,"Boback and Guyer, 2003"
Mammalia,Perissodactyla,Equidae,Equus,quagga,-999,Quagga,-999,-999,-999,-999,20,-999,-999,-999,-999,-999,-999,-999,-999,-999,-999,-999,-999,-999,-999,-999,-999,-999,-999,-999,-999,-999,-999,-999,"Carey, J.R. and D.S. Judge, 2002"
Mammalia,Perissodactyla,Equidae,Equus,quagga,-999,Quagga,-999,-999,-999,-999,21.29166667,-999,-999,-999,-999,-999,-999,-999,-999,-999,-999,-999,-999,-999,-999,-999,-999,-999,-999,-999,-999,-999,-999,-999,"Weigl, R., 2005"
Mammalia,Perissodactyla,Equidae,Equus,quagga,-999,Quagga,-999,-999,-999,250000,-999,-999,-999,-999,-999,-999,-999,-999,-999,-999,-999,-999,-999,-999,-999,-999,-999,-999,-999,-999,-999,-999,-999,-999,"BC mammals - Meyers et al., 2009"
Mammalia,Perissodactyla,Equidae,Equus,quagga,-999,Quagga,-999,-999,-999,300000,-999,-999,-999,-999,-999,-999,-999,-999,-999,-999,-999,-999,-999,-999,-999,-999,-999,-999,-999,-999,-999,-999,-999,-999,"BC mammals - Meyers et al., 2009"
Mammalia,Perissodactyla,Equidae,Equus,quagga,-999,Quagga,-999,-999,-999,-999,-999,-999,-999,-999,-999,-999,-999,-999,-999,2,-999,-999,-999,-999,-999,-999,-999,-999,-999,-999,-999,-999,-999,-999,"BC mammals - Meyers et al., 2009"
Mammalia,Perissodactyla,Equidae,Equus,quagga,-999,Quagga,730.5,-999,-999,-999,-999,-999,-999,-999,-999,-999,-999,-999,-999,-999,-999,-999,-999,-999,-999,-999,-999,-999,-999,-999,-999,-999,-999,-999,"BC mammals - Meyers et al., 2009"
Mammalia,Perissodactyla,Equidae,Equus,quagga,-999,Quagga,913.125,-999,-999,-999,-999,-999,-999,-999,-999,-999,-999,-999,-999,-999,-999,-999,-999,-999,-999,-999,-999,-999,-999,-999,-999,-999,-999,-999,"BC mammals - Meyers et al., 2009"
Mammalia,Perissodactyla,Equidae,Equus,quagga,-999,Quagga,-999,-999,-999,-999,40,-999,-999,-999,-999,-999,-999,-999,-999,-999,-999,-999,-999,-999,-999,-999,-999,-999,-999,-999,-999,-999,-999,-999,"BC mammals - Meyers et al., 2009"
Mammalia,Perissodactyla,Equidae,Equus,quagga,-999,Quagga,-999,-999,-999,-999,20,-999,-999,-999,-999,-999,-999,-999,-999,-999,-999,-999,-999,-999,-999,-999,-999,-999,-999,-999,-999,-999,-999,-999,"BC mammals - Meyers et al., 2009"
Mammalia,Perissodactyla,Equidae,Equus,quagga,-999,Quagga,-999,-999,-999,-999,-999,365.28,-999,-999,-999,-999,-999,-999,-999,-999,-999,-999,-999,-999,-999,-999,-999,-999,-999,-999,-999,-999,-999,-999,"BC mammals - Wilson, 2003"
Mammalia,Perissodactyla,Equidae,Equus,quagga,-999,Quagga,730.5,-999,-999,-999,-999,-999,-999,-999,-999,-999,-999,-999,-999,-999,-999,-999,-999,-999,-999,-999,-999,-999,-999,-999,-999,-999,-999,-999,"BC mammals - Wilson, 2003"
Mammalia,Perissodactyla,Equidae,Equus,quagga,-999,Quagga,1095.75,-999,-999,-999,-999,-999,-999,-999,-999,-999,-999,-999,-999,-999,-999,-999,-999,-999,-999,-999,-999,-999,-999,-999,-999,-999,-999,-999,"BC mammals - Wilson, 2003"
Mammalia,Perissodactyla,Equidae,Equus,quagga,-999,Quagga,-999,-999,-999,-999,-999,371.2,-999,-999,-999,-999,-999,-999,-999,-999,-999,-999,-999,-999,-999,-999,-999,-999,-999,-999,-999,-999,-999,-999,"BC mammals - Barnier et al., 2012"
Mammalia,Perissodactyla,Equidae,Equus,quagga,-999,Quagga,-999,-999,-999,-999,-999,-999,-999,-999,-999,-999,-999,-999,-999,1.141683778,-999,-999,-999,-999,-999,-999,-999,-999,-999,-999,-999,-999,-999,-999,"BC mammals - Barnier et al., 2012"
Mammalia,Perissodactyla,Equidae,Equus,quagga,-999,Quagga,1095.75,-999,-999,-999,-999,-999,-999,-999,-999,-999,-999,-999,-999,-999,-999,-999,-999,-999,-999,-999,-999,-999,-999,-999,-999,-999,-999,-999,"BC mammals - Barnier et al., 2012"
Mammalia,Perissodactyla,Equidae,Equus,quagga,-999,Quagga,-999,-999,-999,308000,-999,-999,-999,-999,-999,-999,-999,-999,-999,-999,-999,-999,-999,-999,-999,-999,-999,-999,-999,-999,-999,-999,-999,-999,"BC mammals - Van Houtan et al., 2009"
Mammalia,Perissodactyla,Equidae,Equus,quagga,-999,Quagga,-999,-999,-999,-999,-999,-999,-999,-999,-999,-999,-999,-999,-999,-999,-999,313000,-999,-999,-999,-999,-999,-999,-999,-999,-999,-999,-999,-999,"BC mammals - Clark, J.L., 2009"
Mammalia,Perissodactyla,Equidae,Equus,quagga,-999,Quagga,-999,-999,-999,-999,-999,-999,-999,-999,-999,-999,-999,-999,-999,-999,302000,-999,-999,-999,-999,-999,-999,-999,-999,-999,-999,-999,-999,-999,"BC mammals - Clark, J.L., 2009"
Mammalia,Perissodactyla,Equidae,Equus,quagga,-999,Quagga,-999,-999,-999,-999,38,-999,-999,-999,-999,-999,-999,-999,-999,-999,-999,-999,-999,-999,-999,-999,-999,-999,-999,-999,-999,-999,-999,-999,"BC mammals - Tacutu, R., T. Craig, A. Budovsky et al. 2013"
Mammalia,Perissodactyla,Equidae,Equus,quagga,-999,Quagga,900,-999,-999,-999,-999,-999,-999,-999,-999,-999,-999,-999,-999,-999,-999,-999,-999,-999,-999,-999,-999,-999,-999,-999,-999,-999,-999,-999,"BC mammals - Tacutu, R., T. Craig, A. Budovsky et al. 2013"
Mammalia,Perissodactyla,Equidae,Equus,quagga,-999,Quagga,-999,-999,-999,-999,-999,-999,-999,-999,-999,-999,-999,-999,900,-999,-999,-999,-999,-999,-999,-999,-999,-999,-999,-999,-999,-999,-999,-999,"BC mammals - Tacutu, R., T. Craig, A. Budovsky et al. 2013"
Mammalia,Perissodactyla,Equidae,Equus,quagga,-999,Quagga,-999,-999,-999,-999,-999,365,-999,-999,-999,-999,-999,-999,-999,-999,-999,-999,-999,-999,-999,-999,-999,-999,-999,-999,-999,-999,-999,-999,"BC mammals - Tacutu, R., T. Craig, A. Budovsky et al. 2013"
Mammalia,Perissodactyla,Equidae,Equus,quagga,-999,Quagga,-999,-999,-999,-999,-999,-999,395,-999,-999,-999,-999,-999,-999,-999,-999,-999,-999,-999,-999,-999,-999,-999,-999,-999,-999,-999,-999,-999,"BC mammals - Tacutu, R., T. Craig, A. Budovsky et al. 2013"
Mammalia,Perissodactyla,Equidae,Equus,quagga,-999,Quagga,-999,1,-999,-999,-999,-999,-999,-999,-999,-999,-999,-999,-999,-999,-999,-999,-999,-999,-999,-999,-999,-999,-999,-999,-999,-999,-999,-999,"BC mammals - Tacutu, R., T. Craig, A. Budovsky et al. 2013"
Mammalia,Perissodactyla,Equidae,Equus,quagga,-999,Quagga,-999,-999,0.6,-999,-999,-999,-999,-999,-999,-999,-999,-999,-999,-999,-999,-999,-999,-999,-999,-999,-999,-999,-999,-999,-999,-999,-999,-999,"BC mammals - Tacutu, R., T. Craig, A. Budovsky et al. 2013"
Mammalia,Perissodactyla,Equidae,Equus,quagga,-999,Quagga,-999,-999,-999,-999,-999,-999,-999,-999,-999,-999,-999,-999,-999,1.522245038,-999,-999,-999,-999,-999,-999,-999,-999,-999,-999,-999,-999,-999,-999,"BC mammals - Tacutu, R., T. Craig, A. Budovsky et al. 2013"
Mammalia,Perissodactyla,Equidae,Equus,quagga,-999,Quagga,-999,-999,-999,-999,-999,-999,-999,32000,-999,-999,-999,-999,-999,-999,-999,-999,-999,-999,-999,-999,-999,-999,-999,-999,-999,-999,-999,-999,"BC mammals - Tacutu, R., T. Craig, A. Budovsky et al. 2013"
Mammalia,Perissodactyla,Equidae,Equus,quagga,-999,Quagga,-999,-999,-999,-999,-999,-999,-999,-999,205000,-999,-999,-999,-999,-999,-999,-999,-999,-999,-999,-999,-999,-999,-999,-999,-999,-999,-999,-999,"BC mammals - Tacutu, R., T. Craig, A. Budovsky et al. 2013"
Mammalia,Perissodactyla,Equidae,Equus,quagga,-999,Quagga,-999,-999,-999,280000,-999,-999,-999,-999,-999,-999,-999,-999,-999,-999,-999,-999,-999,-999,-999,-999,-999,-999,-999,-999,-999,-999,-999,-999,"BC mammals - Tacutu, R., T. Craig, A. Budovsky et al. 2013"
Mammalia,Perissodactyla,Equidae,Equus,quagga,-999,Quagga,-999,-999,-999,-999,-999,365.28,-999,-999,-999,-999,-999,-999,-999,-999,-999,-999,-999,-999,-999,-999,-999,-999,-999,-999,-999,-999,-999,-999,"BC mammals - Wilson, 2003"
Mammalia,Perissodactyla,Equidae,Equus,quagga,-999,Quagga,730.5,-999,-999,-999,-999,-999,-999,-999,-999,-999,-999,-999,-999,-999,-999,-999,-999,-999,-999,-999,-999,-999,-999,-999,-999,-999,-999,-999,"BC mammals - Wilson, 2003"
Mammalia,Perissodactyla,Equidae,Equus,quagga,-999,Quagga,1095.75,-999,-999,-999,-999,-999,-999,-999,-999,-999,-999,-999,-999,-999,-999,-999,-999,-999,-999,-999,-999,-999,-999,-999,-999,-999,-999,-999,"BC mammals - Wilson, 2003"
Mammalia,Perissodactyla,Equidae,Equus,quagga,-999,Quagga,-999,-999,-999,250000,-999,-999,-999,-999,-999,-999,-999,-999,-999,-999,-999,-999,-999,-999,-999,-999,-999,-999,-999,-999,-999,-999,-999,-999,"BC mammals - Wilson, 2003"
Mammalia,Perissodactyla,Equidae,Equus,quagga,-999,Quagga,-999,-999,-999,300000,-999,-999,-999,-999,-999,-999,-999,-999,-999,-999,-999,-999,-999,-999,-999,-999,-999,-999,-999,-999,-999,-999,-999,-999,"BC mammals - Wilson, 2003"
Mammalia,Perissodactyla,Equidae,Equus,quagga,-999,Quagga,-999,-999,-999,-999,40,-999,-999,-999,-999,-999,-999,-999,-999,-999,-999,-999,-999,-999,-999,-999,-999,-999,-999,-999,-999,-999,-999,-999,"BC mammals - Wilson, 2003"
Mammalia,Perissodactyla,Equidae,Equus,quagga,-999,Quagga,-999,-999,-999,-999,20,-999,-999,-999,-999,-999,-999,-999,-999,-999,-999,-999,-999,-999,-999,-999,-999,-999,-999,-999,-999,-999,-999,-999,"BC mammals - Wilson, 2003"
Mammalia,Perissodactyla,Equidae,Equus,quagga,-999,Quagga,-999,-999,-999,-999,-999,-999,-999,-999,-999,-999,-999,-999,-999,2,-999,-999,-999,-999,-999,-999,-999,-999,-999,-999,-999,-999,-999,-999,"BC mammals - Wilson, 2003"
Mammalia,Perissodactyla,Rhinocerotidae,Ceratotherium,simum,-999,White Rhinoceros,2741.23,1,-999,2.29E+06,50,534.19,365,48500,274482.35,-999,-999,-999,-999,2.648186174,-999,-999,-999,-999,-999,-999,258.681,-999,-999,-999,-999,-999,-999,-999,"Jones, K., Bielby, J., Cardillo, M. et al., 2009"
Mammalia,Perissodactyla,Rhinocerotidae,Ceratotherium,simum,-999,White Rhinoceros,-999,-999,0.67,-999,-999,-999,-999,-999,-999,-999,-999,-999,-999,-999,-999,-999,-999,-999,-999,-999,-999,-999,-999,-999,-999,-999,-999,-999,"Jones, K., Bielby, J., Cardillo, M. et al., 2009"
Mammalia,Perissodactyla,Rhinocerotidae,Ceratotherium,simum,-999,White Rhinoceros,1643,1,0.4,2.18E+06,45,515,365,52500,-999,-999,-999,-999,1643,2.762491444,-999,-999,-999,-999,-999,-999,-999,-999,-999,-999,-999,-999,-999,-999,"de Magalhaes and Costa, 2009"
Mammalia,Perissodactyla,Rhinocerotidae,Ceratotherium,simum,-999,White Rhinoceros,2026.12452,1,0.42,2.23E+06,50,483.01932,365.232,51166.67,-999,-999,-999,-999,-999,-999,-999,-999,-999,-999,-999,-999,-999,-999,-999,-999,-999,-999,-999,-999,"Ernest et al., 2003"
Mammalia,Perissodactyla,Rhinocerotidae,Ceratotherium,simum,-999,White Rhinoceros,-999,-999,-999,-999,-999,-999,-999,-999,-999,-999,-999,-999,-999,-999,-999,-999,-999,-999,-999,-999,420,-999,-999,-999,-999,-999,-999,-999,"Boback and Guyer, 2003"
Mammalia,Perissodactyla,Rhinocerotidae,Ceratotherium,simum,-999,White Rhinoceros,-999,-999,-999,-999,36,-999,-999,-999,-999,-999,-999,-999,-999,-999,-999,-999,-999,-999,-999,-999,-999,-999,-999,-999,-999,-999,-999,-999,"Carey, J.R. and D.S. Judge, 2002"
Mammalia,Perissodactyla,Rhinocerotidae,Ceratotherium,simum,-999,White Rhinoceros,-999,-999,-999,-999,50,-999,-999,-999,-999,-999,-999,-999,-999,-999,-999,-999,-999,-999,-999,-999,-999,-999,-999,-999,-999,-999,-999,-999,"Carey, J.R. and D.S. Judge, 2002"
Mammalia,Perissodactyla,Rhinocerotidae,Ceratotherium,simum,-999,White Rhinoceros,-999,-999,-999,-999,45,-999,-999,-999,-999,-999,-999,-999,-999,-999,-999,-999,-999,-999,-999,-999,-999,-999,-999,-999,-999,-999,-999,-999,"Carey, J.R. and D.S. Judge, 2002"
Mammalia,Perissodactyla,Rhinocerotidae,Ceratotherium,simum,-999,White Rhinoceros,-999,-999,-999,-999,45,-999,-999,-999,-999,-999,-999,-999,-999,-999,-999,-999,-999,-999,-999,-999,-999,-999,-999,-999,-999,-999,-999,-999,"Weigl, R., 2005"
Mammalia,Primates,Cercopithecidae,Macaca,mulatta,-999,Rhesus Monkey,1101.07,1.01,1,6455.19,36,166.07,304.16,471.47,1314.91,-999,-999,-999,-999,1.055441478,-999,-999,-999,-999,-999,-999,55.5,-999,-999,-999,-999,-999,-999,-999,"Jones, K., Bielby, J., Cardillo, M. et al., 2009"
Mammalia,Primates,Cercopithecidae,Macaca,mulatta,-999,Rhesus Monkey,1231,1,1,8235,40,165,292,464,1454,-999,-999,-999,2007,1.215605749,-999,-999,-999,-999,-999,-999,-999,-999,-999,-999,-999,-999,-999,-999,"de Magalhaes and Costa, 2009"
Mammalia,Primates,Cercopithecidae,Macaca,mulatta,-999,Rhesus Monkey,1250.31088,1,0.75,5413.4,21.58333333,166.48492,288.22892,476.2,1454,-999,-999,-999,-999,-999,-999,-999,-999,-999,-999,-999,-999,-999,-999,-999,-999,-999,-999,-999,"Ernest et al., 2003"
Mammalia,Primates,Cercopithecidae,Macaca,mulatta,-999,Rhesus Monkey,1231,-999,-999,8235,40,165,292,464,1454,-999,-999,-999,-999,-999,-999,-999,-999,-999,-999,-999,-999,-999,-999,-999,-999,-999,-999,-999,"Ricklefs, 2010b"
Mammalia,Primates,Cercopithecidae,Macaca,mulatta,-999,Rhesus Monkey,-999,-999,-999,-999,-999,-999,-999,-999,-999,-999,-999,-999,-999,-999,-999,-999,-999,-999,-999,-999,76.4,-999,-999,-999,-999,-999,-999,-999,"Boback and Guyer, 2003"
Mammalia,Primates,Cercopithecidae,Macaca,mulatta,-999,Rhesus Monkey,-999,-999,-999,-999,30,-999,-999,-999,-999,-999,-999,-999,-999,-999,-999,-999,-999,-999,-999,-999,-999,-999,-999,-999,-999,-999,-999,-999,"Carey, J.R. and D.S. Judge, 2002"
Mammalia,Primates,Cercopithecidae,Macaca,mulatta,-999,Rhesus Monkey,-999,-999,-999,-999,26,-999,-999,-999,-999,-999,-999,-999,-999,-999,-999,-999,-999,-999,-999,-999,-999,-999,-999,-999,-999,-999,-999,-999,"Carey, J.R. and D.S. Judge, 2002"
Mammalia,Primates,Cercopithecidae,Macaca,mulatta,-999,Rhesus Monkey,-999,-999,-999,-999,23,-999,-999,-999,-999,-999,-999,-999,-999,-999,-999,-999,-999,-999,-999,-999,-999,-999,-999,-999,-999,-999,-999,-999,"Carey, J.R. and D.S. Judge, 2002"
Mammalia,Primates,Cercopithecidae,Macaca,mulatta,-999,Rhesus Monkey,-999,-999,-999,-999,36,-999,-999,-999,-999,-999,-999,-999,-999,-999,-999,-999,-999,-999,-999,-999,-999,-999,-999,-999,-999,-999,-999,-999,"Carey, J.R. and D.S. Judge, 2002"
Mammalia,Primates,Cercopithecidae,Macaca,mulatta,-999,Rhesus Monkey,-999,-999,-999,-999,35,-999,-999,-999,-999,-999,-999,-999,-999,-999,-999,-999,-999,-999,-999,-999,-999,-999,-999,-999,-999,-999,-999,-999,"Carey, J.R. and D.S. Judge, 2002"
Mammalia,Primates,Cercopithecidae,Macaca,mulatta,-999,Rhesus Monkey,-999,-999,-999,-999,-999,-999,-999,544.4,-999,-999,-999,-999,-999,-999,-999,-999,-999,-999,-999,-999,-999,-999,-999,-999,-999,-999,-999,-999,"Ricklefs, R.E., 2010a"
Mammalia,Primates,Cercopithecidae,Macaca,mulatta,-999,Rhesus Monkey,-999,-999,-999,-999,34.26666667,-999,-999,-999,-999,-999,-999,-999,-999,-999,-999,-999,-999,-999,-999,-999,-999,-999,-999,-999,-999,-999,-999,-999,"Weigl, R., 2005"
Mammalia,Primates,Cercopithecidae,Macaca,mulatta,-999,Rhesus Monkey,-999,-999,-999,6614,-999,-999,-999,-999,-999,-999,-999,-999,-999,-999,5339,7889,-999,-999,-999,-999,-999,-999,-999,-999,-999,-999,-999,-999,"Delson, E., Terranova, C.J., Jungers, W.L. et al., 2000"
Mammalia,Primates,Cercopithecidae,Macaca,mulatta,-999,Rhesus Monkey,-999,-999,-999,3505,-999,-999,-999,-999,-999,-999,-999,-999,-999,-999,3000,4010,-999,-999,-999,-999,-999,-999,-999,-999,-999,-999,-999,-999,"Delson, E., Terranova, C.J., Jungers, W.L. et al., 2000"
Mammalia,Primates,Cercopithecidae,Macaca,mulatta,-999,Rhesus Monkey,-999,-999,-999,12020.5,-999,-999,-999,-999,-999,-999,-999,-999,-999,-999,9979,14062,-999,-999,-999,-999,-999,-999,-999,-999,-999,-999,-999,-999,"Delson, E., Terranova, C.J., Jungers, W.L. et al., 2000"
Mammalia,Primates,Cercopithecidae,Macaca,mulatta,-999,Rhesus Monkey,-999,1,-999,-999,-999,164.3625,297.14,475.61,1310,-999,-999,-999,-999,-999,-999,10430,-999,-999,-999,-999,-999,-999,-999,-999,-999,-999,-999,-999,"Garratt et al., 2014"
Mammalia,Primates,Hominidae,Gorilla,gorilla,-999,Western Gorilla,3353.12,1.05,-999,112588.99,54,257,920.35,2095.89,18967.67,-999,-999,-999,-999,3.917316906,-999,-999,-999,-999,-999,-999,159.444,-999,-999,-999,-999,-999,-999,-999,"Jones, K., Bielby, J., Cardillo, M. et al., 2009"
Mammalia,Primates,Hominidae,Gorilla,gorilla,-999,Western Gorilla,-999,-999,0.55,-999,-999,-999,-999,-999,-999,-999,-999,-999,-999,-999,-999,-999,-999,-999,-999,-999,-999,-999,-999,-999,-999,-999,-999,-999,"Jones, K., Bielby, J., Cardillo, M. et al., 2009"
Mammalia,Primates,Hominidae,Gorilla,gorilla,-999,Western Gorilla,2829,1,0.3,139842,55.4,256,834,2061.4,12595,-999,-999,-999,4015,3.82477755,-999,-999,-999,-999,-999,-999,-999,-999,-999,-999,-999,-999,-999,-999,"de Magalhaes and Costa, 2009"
Mammalia,Primates,Hominidae,Gorilla,gorilla,-999,Western Gorilla,2718.84788,1.01,0.26,101386.11,39.33333333,257.79292,835.16384,2077.5,12595,-999,-999,-999,-999,-999,-999,-999,-999,-999,-999,-999,-999,-999,-999,-999,-999,-999,-999,-999,"Ernest et al., 2003"
Mammalia,Primates,Hominidae,Gorilla,gorilla,-999,Western Gorilla,2829,-999,-999,139842,53.5,256,834,2061.4,12595,-999,-999,-999,-999,-999,-999,-999,-999,-999,-999,-999,-999,-999,-999,-999,-999,-999,-999,-999,"Ricklefs, 2010b"
Mammalia,Primates,Hominidae,Gorilla,gorilla,-999,Western Gorilla,-999,-999,-999,-999,-999,-999,-999,-999,-999,-999,-999,-999,-999,-999,-999,-999,-999,-999,-999,-999,175,-999,-999,-999,-999,-999,-999,-999,"Boback and Guyer, 2003"
Mammalia,Primates,Hominidae,Gorilla,gorilla,-999,Western Gorilla,-999,-999,-999,-999,54,-999,-999,-999,-999,-999,-999,-999,-999,-999,-999,-999,-999,-999,-999,-999,-999,-999,-999,-999,-999,-999,-999,-999,"Carey, J.R. and D.S. Judge, 2002"
Mammalia,Primates,Hominidae,Gorilla,gorilla,-999,Western Gorilla,-999,-999,-999,-999,47,-999,-999,-999,-999,-999,-999,-999,-999,-999,-999,-999,-999,-999,-999,-999,-999,-999,-999,-999,-999,-999,-999,-999,"Carey, J.R. and D.S. Judge, 2002"
Mammalia,Primates,Hominidae,Gorilla,gorilla,-999,Western Gorilla,-999,-999,-999,-999,47,-999,-999,-999,-999,-999,-999,-999,-999,-999,-999,-999,-999,-999,-999,-999,-999,-999,-999,-999,-999,-999,-999,-999,"Carey, J.R. and D.S. Judge, 2002"
Mammalia,Primates,Hominidae,Gorilla,gorilla,-999,Western Gorilla,-999,-999,-999,-999,39.3,-999,-999,-999,-999,-999,-999,-999,-999,-999,-999,-999,-999,-999,-999,-999,-999,-999,-999,-999,-999,-999,-999,-999,"Carey, J.R. and D.S. Judge, 2002"
Mammalia,Primates,Hominidae,Gorilla,gorilla,-999,Western Gorilla,-999,-999,-999,-999,36,-999,-999,-999,-999,-999,-999,-999,-999,-999,-999,-999,-999,-999,-999,-999,-999,-999,-999,-999,-999,-999,-999,-999,"Carey, J.R. and D.S. Judge, 2002"
Mammalia,Primates,Hominidae,Gorilla,gorilla,-999,Western Gorilla,-999,-999,-999,-999,53.4,-999,-999,-999,-999,-999,-999,-999,-999,-999,-999,-999,-999,-999,-999,-999,-999,-999,-999,-999,-999,-999,-999,-999,"Weigl, R., 2005"
Mammalia,Primates,Hominidae,Gorilla,gorilla,-999,Western Gorilla,-999,1,-999,-999,-999,257.196875,751.07,2072,19000,-999,-999,-999,-999,-999,-999,134000,-999,-999,-999,-999,-999,-999,-999,-999,-999,-999,-999,-999,"Garratt et al., 2014"
Mammalia,Primates,Hominidae,Pan,troglodytes,-999,Common Chimpanzee,3897.96,1.05,-999,45000,60,231.49,1260.81,1745.02,8499.99,-999,-999,-999,-999,4.996577687,-999,-999,-999,-999,-999,-999,79.609,-999,-999,-999,-999,-999,-999,-999,"Jones, K., Bielby, J., Cardillo, M. et al., 2009"
Mammalia,Primates,Hominidae,Pan,troglodytes,-999,Common Chimpanzee,-999,-999,0.48,-999,-999,-999,-999,-999,-999,-999,-999,-999,-999,-999,-999,-999,-999,-999,-999,-999,-999,-999,-999,-999,-999,-999,-999,-999,"Jones, K., Bielby, J., Cardillo, M. et al., 2009"
Mammalia,Primates,Hominidae,Pan,troglodytes,-999,Common Chimpanzee,3376,1,0.2,44983.5,59.4,229,1111,1821,8500,-999,-999,-999,2920,2.299794661,-999,-999,-999,-999,-999,-999,-999,-999,-999,-999,-999,-999,-999,-999,"de Magalhaes and Costa, 2009"
Mammalia,Primates,Hominidae,Pan,troglodytes,-999,Common Chimpanzee,4013.59532,1.1,0.2,37618.18,60.5,224.00896,1112.13144,1669.92,8500,-999,-999,-999,-999,-999,-999,-999,-999,-999,-999,-999,-999,-999,-999,-999,-999,-999,-999,-999,"Ernest et al., 2003"
Mammalia,Primates,Hominidae,Pan,troglodytes,-999,Common Chimpanzee,3376,-999,-999,44983.5,74,229,1111,1821,8500,-999,-999,-999,-999,-999,-999,-999,-999,-999,-999,-999,-999,-999,-999,-999,-999,-999,-999,-999,"Ricklefs, 2010b"
Mammalia,Primates,Hominidae,Pan,troglodytes,-999,Common Chimpanzee,-999,-999,-999,-999,-999,-999,-999,-999,-999,-999,-999,-999,-999,-999,-999,-999,-999,-999,-999,-999,94,-999,-999,-999,-999,-999,-999,-999,"Boback and Guyer, 2003"
Mammalia,Primates,Hominidae,Pan,troglodytes,-999,Common Chimpanzee,-999,-999,-999,-999,51,-999,-999,-999,-999,-999,-999,-999,-999,-999,-999,-999,-999,-999,-999,-999,-999,-999,-999,-999,-999,-999,-999,-999,"Carey, J.R. and D.S. Judge, 2002"
Mammalia,Primates,Hominidae,Pan,troglodytes,-999,Common Chimpanzee,-999,-999,-999,-999,50,-999,-999,-999,-999,-999,-999,-999,-999,-999,-999,-999,-999,-999,-999,-999,-999,-999,-999,-999,-999,-999,-999,-999,"Carey, J.R. and D.S. Judge, 2002"
Mammalia,Primates,Hominidae,Pan,troglodytes,-999,Common Chimpanzee,-999,-999,-999,-999,56,-999,-999,-999,-999,-999,-999,-999,-999,-999,-999,-999,-999,-999,-999,-999,-999,-999,-999,-999,-999,-999,-999,-999,"Carey, J.R. and D.S. Judge, 2002"
Mammalia,Primates,Hominidae,Pan,troglodytes,-999,Common Chimpanzee,-999,-999,-999,-999,59.4,-999,-999,-999,-999,-999,-999,-999,-999,-999,-999,-999,-999,-999,-999,-999,-999,-999,-999,-999,-999,-999,-999,-999,"Carey, J.R. and D.S. Judge, 2002"
Mammalia,Primates,Hominidae,Pan,troglodytes,-999,Common Chimpanzee,-999,-999,-999,-999,44.5,-999,-999,-999,-999,-999,-999,-999,-999,-999,-999,-999,-999,-999,-999,-999,-999,-999,-999,-999,-999,-999,-999,-999,"Carey, J.R. and D.S. Judge, 2002"
Mammalia,Primates,Hominidae,Pan,troglodytes,-999,Common Chimpanzee,-999,-999,-999,-999,60,-999,-999,-999,-999,-999,-999,-999,-999,-999,-999,-999,-999,-999,-999,-999,-999,-999,-999,-999,-999,-999,-999,-999,"Carey, J.R. and D.S. Judge, 2002"
Mammalia,Primates,Hominidae,Pan,troglodytes,-999,Common Chimpanzee,-999,-999,-999,-999,45,-999,-999,-999,-999,-999,-999,-999,-999,-999,-999,-999,-999,-999,-999,-999,-999,-999,-999,-999,-999,-999,-999,-999,"Carey, J.R. and D.S. Judge, 2002"
Mammalia,Primates,Hominidae,Pan,troglodytes,-999,Common Chimpanzee,-999,-999,-999,-999,59.3,-999,-999,-999,-999,-999,-999,-999,-999,-999,-999,-999,-999,-999,-999,-999,-999,-999,-999,-999,-999,-999,-999,-999,"Weigl, R., 2005"
Mammalia,Primates,Hominidae,Pan,troglodytes,-999,Common Chimpanzee,-999,1.67,-999,-999,-999,227.06375,1130.51,1528.3,8500,-999,-999,-999,-999,-999,-999,44300,-999,-999,-999,-999,-999,-999,-999,-999,-999,-999,-999,-999,"Garratt et al., 2014"
Mammalia,Primates,Hominidae,Pongo,pygmaeus,-999,Bornean Orangutan,3318.62,1.07,-999,53408.29,60,259.42,1088.8,1644.2,10537.59,-999,-999,-999,-999,5.496235455,-999,-999,-999,-999,-999,-999,89,-999,-999,-999,-999,-999,-999,-999,"Jones, K., Bielby, J., Cardillo, M. et al., 2009"
Mammalia,Primates,Hominidae,Pongo,pygmaeus,-999,Bornean Orangutan,-999,-999,0.46,-999,-999,-999,-999,-999,-999,-999,-999,-999,-999,-999,-999,-999,-999,-999,-999,-999,-999,-999,-999,-999,-999,-999,-999,-999,"Jones, K., Bielby, J., Cardillo, M. et al., 2009"
Mammalia,Primates,Hominidae,Pongo,pygmaeus,-999,Bornean Orangutan,2555,1,0.2,64475,59,249,1003,1736.5,11000,-999,-999,-999,2555,3.871321013,-999,-999,-999,-999,-999,-999,-999,-999,-999,-999,-999,-999,-999,-999,"de Magalhaes and Costa, 2009"
Mammalia,Primates,Hominidae,Pongo,pygmaeus,-999,Bornean Orangutan,3351.61232,1.21,0.22,37115.6,56,263.88012,1119.74044,1671.93,11000,-999,-999,-999,-999,-999,-999,-999,-999,-999,-999,-999,-999,-999,-999,-999,-999,-999,-999,-999,"Ernest et al., 2003"
Mammalia,Primates,Hominidae,Pongo,pygmaeus,-999,Bornean Orangutan,2555,-999,-999,64475,59,249,1003,1736.5,11000,-999,-999,-999,-999,-999,-999,-999,-999,-999,-999,-999,-999,-999,-999,-999,-999,-999,-999,-999,"Ricklefs, 2010b"
Mammalia,Primates,Hominidae,Pongo,pygmaeus,-999,Bornean Orangutan,-999,-999,-999,-999,-999,-999,-999,-999,-999,-999,-999,-999,-999,-999,-999,-999,-999,-999,-999,-999,150,-999,-999,-999,-999,-999,-999,-999,"Boback and Guyer, 2003"
Mammalia,Primates,Hominidae,Pongo,pygmaeus,-999,Bornean Orangutan,-999,-999,-999,-999,59,-999,-999,-999,-999,-999,-999,-999,-999,-999,-999,-999,-999,-999,-999,-999,-999,-999,-999,-999,-999,-999,-999,-999,"Carey, J.R. and D.S. Judge, 2002"
Mammalia,Primates,Hominidae,Pongo,pygmaeus,-999,Bornean Orangutan,-999,-999,-999,-999,50,-999,-999,-999,-999,-999,-999,-999,-999,-999,-999,-999,-999,-999,-999,-999,-999,-999,-999,-999,-999,-999,-999,-999,"Carey, J.R. and D.S. Judge, 2002"
Mammalia,Primates,Hominidae,Pongo,pygmaeus,-999,Bornean Orangutan,-999,-999,-999,-999,59,-999,-999,-999,-999,-999,-999,-999,-999,-999,-999,-999,-999,-999,-999,-999,-999,-999,-999,-999,-999,-999,-999,-999,"Carey, J.R. and D.S. Judge, 2002"
Mammalia,Primates,Hominidae,Pongo,pygmaeus,-999,Bornean Orangutan,-999,-999,-999,-999,58.8,-999,-999,-999,-999,-999,-999,-999,-999,-999,-999,-999,-999,-999,-999,-999,-999,-999,-999,-999,-999,-999,-999,-999,"Carey, J.R. and D.S. Judge, 2002"
Mammalia,Primates,Hominidae,Pongo,pygmaeus,-999,Bornean Orangutan,-999,-999,-999,-999,57.3,-999,-999,-999,-999,-999,-999,-999,-999,-999,-999,-999,-999,-999,-999,-999,-999,-999,-999,-999,-999,-999,-999,-999,"Carey, J.R. and D.S. Judge, 2002"
Mammalia,Primates,Hominidae,Pongo,pygmaeus,-999,Bornean Orangutan,-999,-999,-999,-999,52.56666667,-999,-999,-999,-999,-999,-999,-999,-999,-999,-999,-999,-999,-999,-999,-999,-999,-999,-999,-999,-999,-999,-999,-999,"Weigl, R., 2005"
Mammalia,Primates,Hominidae,Pongo,pygmaeus,-999,Bornean Orangutan,-999,1.21,-999,-999,-999,263.893125,1215.08,1671.93,10600,-999,-999,-999,-999,-999,-999,74640,-999,-999,-999,-999,-999,-999,-999,-999,-999,-999,-999,-999,"Garratt et al., 2014"
Mammalia,Proboscidea,Elephantidae,Loxodonta,africana,-999,African Bush Elephant,4977.64,0.84,-999,3.82E+06,80,660,1088.8,105000,550616.56,-999,-999,-999,-999,4.996577687,-999,-999,-999,-999,-999,-999,-999,-999,-999,119.863,-999,-999,-999,-999,"Jones, K., Bielby, J., Cardillo, M. et al., 2009"
Mammalia,Proboscidea,Elephantidae,Loxodonta,africana,-999,African Bush Elephant,-999,-999,0.48,-999,-999,-999,-999,-999,-999,-999,-999,-999,-999,-999,-999,-999,-999,-999,-999,-999,-999,-999,-999,-999,-999,-999,-999,-999,"Jones, K., Bielby, J., Cardillo, M. et al., 2009"
Mammalia,Proboscidea,Elephantidae,Loxodonta,africana,-999,African Bush Elephant,4018,1,0.2,4.80E+06,65,670,1071,105000,600000,-999,-999,-999,3650,4.673511294,-999,-999,-999,-999,-999,-999,-999,-999,-999,-999,-999,-999,-999,-999,"de Magalhaes and Costa, 2009"
Mammalia,Proboscidea,Elephantidae,Loxodonta,africana,-999,African Bush Elephant,4489.61436,1.02,0.21,3507000,70,653.15656,1197.6566,99006.25,600000,-999,-999,-999,-999,-999,-999,-999,-999,-999,-999,-999,-999,-999,-999,-999,-999,-999,-999,-999,"Ernest et al., 2003"
Mammalia,Proboscidea,Elephantidae,Loxodonta,africana,-999,African Bush Elephant,4018,-999,-999,4.80E+06,65,670,1071,105000,600000,-999,-999,-999,-999,-999,-999,-999,-999,-999,-999,-999,-999,-999,-999,-999,-999,-999,-999,-999,"Ricklefs, 2010b"
Mammalia,Proboscidea,Elephantidae,Loxodonta,africana,-999,African Bush Elephant,-999,-999,-999,-999,-999,-999,-999,-999,-999,-999,-999,-999,-999,-999,-999,-999,-999,-999,-999,-999,750,-999,-999,-999,-999,-999,-999,-999,"Boback and Guyer, 2003"
Mammalia,Proboscidea,Elephantidae,Loxodonta,africana,-999,African Bush Elephant,-999,-999,-999,-999,70,-999,-999,-999,-999,-999,-999,-999,-999,-999,-999,-999,-999,-999,-999,-999,-999,-999,-999,-999,-999,-999,-999,-999,"Carey, J.R. and D.S. Judge, 2002"
Mammalia,Proboscidea,Elephantidae,Loxodonta,africana,-999,African Bush Elephant,-999,-999,-999,-999,80,-999,-999,-999,-999,-999,-999,-999,-999,-999,-999,-999,-999,-999,-999,-999,-999,-999,-999,-999,-999,-999,-999,-999,"Carey, J.R. and D.S. Judge, 2002"
Mammalia,Proboscidea,Elephantidae,Loxodonta,africana,-999,African Bush Elephant,-999,-999,-999,-999,52.06666667,-999,-999,-999,-999,-999,-999,-999,-999,-999,-999,-999,-999,-999,-999,-999,-999,-999,-999,-999,-999,-999,-999,-999,"Weigl, R., 2005"
Mammalia,Proboscidea,Elephantidae,Loxodonta,africana,-999,African Bush Elephant,-999,-999,-999,2.70E+06,-999,-999,-999,-999,-999,-999,-999,-999,-999,-999,-999,-999,-999,-999,-999,-999,-999,-999,-999,-999,-999,-999,-999,-999,"BC mammals - Meyers et al., 2009"
Mammalia,Proboscidea,Elephantidae,Loxodonta,africana,-999,African Bush Elephant,-999,-999,-999,6.00E+06,-999,-999,-999,-999,-999,-999,-999,-999,-999,-999,-999,-999,-999,-999,-999,-999,-999,-999,-999,-999,-999,-999,-999,-999,"BC mammals - Meyers et al., 2009"
Mammalia,Proboscidea,Elephantidae,Loxodonta,africana,-999,African Bush Elephant,-999,-999,-999,-999,-999,-999,-999,-999,-999,-999,-999,-999,-999,4,-999,-999,-999,-999,-999,-999,-999,-999,-999,-999,-999,-999,-999,-999,"BC mammals - Meyers et al., 2009"
Mammalia,Proboscidea,Elephantidae,Loxodonta,africana,-999,African Bush Elephant,-999,1,-999,-999,-999,-999,-999,-999,-999,-999,-999,-999,-999,-999,-999,-999,-999,-999,-999,-999,-999,-999,-999,-999,-999,-999,-999,-999,"BC mammals - Meyers et al., 2009"
Mammalia,Proboscidea,Elephantidae,Loxodonta,africana,-999,African Bush Elephant,-999,2,-999,-999,-999,-999,-999,-999,-999,-999,-999,-999,-999,-999,-999,-999,-999,-999,-999,-999,-999,-999,-999,-999,-999,-999,-999,-999,"BC mammals - Meyers et al., 2009"
Mammalia,Proboscidea,Elephantidae,Loxodonta,africana,-999,African Bush Elephant,-999,1,-999,-999,-999,-999,-999,-999,-999,-999,-999,-999,-999,-999,-999,-999,-999,-999,-999,-999,-999,-999,-999,-999,-999,-999,-999,-999,"BC mammals - Meyers et al., 2009"
Mammalia,Proboscidea,Elephantidae,Loxodonta,africana,-999,African Bush Elephant,-999,-999,-999,-999,-999,669.68,-999,-999,-999,-999,-999,-999,-999,-999,-999,-999,-999,-999,-999,-999,-999,-999,-999,-999,-999,-999,-999,-999,"BC mammals - Meyers et al., 2009"
Mammalia,Proboscidea,Elephantidae,Loxodonta,africana,-999,African Bush Elephant,-999,-999,-999,-999,-999,730.56,-999,-999,-999,-999,-999,-999,-999,-999,-999,-999,-999,-999,-999,-999,-999,-999,-999,-999,-999,-999,-999,-999,"BC mammals - Meyers et al., 2009"
Mammalia,Proboscidea,Elephantidae,Loxodonta,africana,-999,African Bush Elephant,-999,-999,-999,-999,-999,-999,1095.84,-999,-999,-999,-999,-999,-999,-999,-999,-999,-999,-999,-999,-999,-999,-999,-999,-999,-999,-999,-999,-999,"BC mammals - Meyers et al., 2009"
Mammalia,Proboscidea,Elephantidae,Loxodonta,africana,-999,African Bush Elephant,-999,-999,-999,-999,-999,-999,2374.32,-999,-999,-999,-999,-999,-999,-999,-999,-999,-999,-999,-999,-999,-999,-999,-999,-999,-999,-999,-999,-999,"BC mammals - Meyers et al., 2009"
Mammalia,Proboscidea,Elephantidae,Loxodonta,africana,-999,African Bush Elephant,4017.75,-999,-999,-999,-999,-999,-999,-999,-999,-999,-999,-999,-999,-999,-999,-999,-999,-999,-999,-999,-999,-999,-999,-999,-999,-999,-999,-999,"BC mammals - Meyers et al., 2009"
Mammalia,Proboscidea,Elephantidae,Loxodonta,africana,-999,African Bush Elephant,5113.5,-999,-999,-999,-999,-999,-999,-999,-999,-999,-999,-999,-999,-999,-999,-999,-999,-999,-999,-999,-999,-999,-999,-999,-999,-999,-999,-999,"BC mammals - Meyers et al., 2009"
Mammalia,Proboscidea,Elephantidae,Loxodonta,africana,-999,African Bush Elephant,-999,-999,-999,-999,-999,-999,-999,-999,-999,-999,-999,-999,2922,-999,-999,-999,-999,-999,-999,-999,-999,-999,-999,-999,-999,-999,-999,-999,"BC mammals - Meyers et al., 2009"
Mammalia,Proboscidea,Elephantidae,Loxodonta,africana,-999,African Bush Elephant,-999,-999,-999,-999,-999,-999,-999,-999,-999,-999,-999,-999,5478.75,-999,-999,-999,-999,-999,-999,-999,-999,-999,-999,-999,-999,-999,-999,-999,"BC mammals - Meyers et al., 2009"
Mammalia,Proboscidea,Elephantidae,Loxodonta,africana,-999,African Bush Elephant,-999,-999,-999,-999,70,-999,-999,-999,-999,-999,-999,-999,-999,-999,-999,-999,-999,-999,-999,-999,-999,-999,-999,-999,-999,-999,-999,-999,"BC mammals - Meyers et al., 2009"
Mammalia,Proboscidea,Elephantidae,Loxodonta,africana,-999,African Bush Elephant,-999,-999,-999,-999,54,-999,-999,-999,-999,-999,-999,-999,-999,-999,-999,-999,-999,-999,-999,-999,-999,-999,-999,-999,-999,-999,-999,-999,"BC mammals - Meyers et al., 2009"
Mammalia,Proboscidea,Elephantidae,Loxodonta,africana,-999,African Bush Elephant,-999,-999,-999,-999,65,-999,-999,-999,-999,-999,-999,-999,-999,-999,-999,-999,-999,-999,-999,-999,-999,-999,-999,-999,-999,-999,-999,-999,"BC mammals - Meyers et al., 2009"
Mammalia,Proboscidea,Elephantidae,Loxodonta,africana,-999,African Bush Elephant,-999,-999,-999,-999,33,-999,-999,-999,-999,-999,-999,-999,-999,-999,-999,-999,-999,-999,-999,-999,-999,-999,-999,-999,-999,-999,-999,-999,"BC mammals - Meyers et al., 2009"
Mammalia,Proboscidea,Elephantidae,Loxodonta,africana,-999,African Bush Elephant,-999,-999,-999,2.00E+06,-999,-999,-999,-999,-999,-999,-999,-999,-999,-999,-999,-999,-999,-999,-999,-999,-999,-999,-999,-999,-999,-999,-999,-999,"BC mammals - Patrick, Patrick, and Hunt, 2011"
Mammalia,Proboscidea,Elephantidae,Loxodonta,africana,-999,African Bush Elephant,-999,-999,-999,4.50E+06,-999,-999,-999,-999,-999,-999,-999,-999,-999,-999,-999,-999,-999,-999,-999,-999,-999,-999,-999,-999,-999,-999,-999,-999,"BC mammals - Patrick, Patrick, and Hunt, 2011"
Mammalia,Proboscidea,Elephantidae,Loxodonta,africana,-999,African Bush Elephant,-999,-999,-999,7.00E+06,-999,-999,-999,-999,-999,-999,-999,-999,-999,-999,-999,-999,-999,-999,-999,-999,-999,-999,-999,-999,-999,-999,-999,-999,"BC mammals - Mbatchou, V.C., Sackey, J., and I. Sackey, 2011"
Mammalia,Proboscidea,Elephantidae,Loxodonta,africana,-999,African Bush Elephant,-999,1,-999,-999,-999,654.40625,1003.97,103448.5714,552000,-999,-999,-999,-999,-999,-999,4365000,-999,-999,-999,-999,-999,-999,-999,-999,-999,-999,-999,-999,"Garratt et al., 2014"
Mammalia,Rodentia,Castoridae,Castor,canadensis,-999,American Beaver,663.02,3.6,1,18124.41,15,111.59,46.5,415.17,-999,-999,-999,-999,-999,-999,-999,-999,-999,-999,-999,-999,75.474,-999,-999,-999,-999,-999,-999,-999,"Jones, K., Bielby, J., Cardillo, M. et al., 2009"
Mammalia,Rodentia,Castoridae,Castor,canadensis,-999,American Beaver,639,3.5,1,20250,23.4,128,60,430,-999,-999,-999,-999,639,0.999315537,-999,-999,-999,-999,-999,-999,-999,-999,-999,-999,-999,-999,-999,-999,"de Magalhaes and Costa, 2009"
Mammalia,Rodentia,Castoridae,Castor,canadensis,-999,American Beaver,657.4176,3.56,1,19606.67,-999,114.43936,56.3066,455.43,-999,-999,-999,-999,-999,-999,-999,-999,-999,-999,-999,-999,-999,-999,-999,-999,-999,-999,-999,-999,"Ernest et al., 2003"
Mammalia,Rodentia,Castoridae,Castor,canadensis,-999,American Beaver,639,-999,-999,20250,23.4,128,60,430,-999,-999,-999,-999,-999,-999,-999,-999,-999,-999,-999,-999,-999,-999,-999,-999,-999,-999,-999,-999,"Ricklefs, 2010b"
Mammalia,Rodentia,Castoridae,Castor,canadensis,-999,American Beaver,-999,-999,-999,-999,-999,-999,-999,-999,-999,-999,-999,-999,-999,-999,-999,-999,-999,-999,-999,-999,80,-999,-999,-999,-999,-999,-999,-999,"Boback and Guyer, 2003"
Mammalia,Rodentia,Castoridae,Castor,canadensis,-999,American Beaver,-999,-999,-999,-999,15,-999,-999,-999,-999,-999,-999,-999,-999,-999,-999,-999,-999,-999,-999,-999,-999,-999,-999,-999,-999,-999,-999,-999,"Carey, J.R. and D.S. Judge, 2002"
Mammalia,Rodentia,Castoridae,Castor,canadensis,-999,American Beaver,-999,-999,-999,-999,23.29166667,-999,-999,-999,-999,-999,-999,-999,-999,-999,-999,-999,-999,-999,-999,-999,-999,-999,-999,-999,-999,-999,-999,-999,"Weigl, R., 2005"
Mammalia,Rodentia,Castoridae,Castor,canadensis,-999,American Beaver,-999,3.75,-999,-999,-999,110.18375,56.43,419.075,-999,-999,-999,-999,-999,-999,-999,19000.054,-999,-999,-999,-999,-999,-999,-999,-999,-999,-999,-999,-999,"Garratt et al., 2014"
Mammalia,Rodentia,Caviidae,Cavia,porcellus,-999,Domesticated Guinea Pig,67.46,2.14,5,524.38,-999,61.7,20.86,58.38,142.52,-999,-999,-999,-999,-999,-999,-999,-999,-999,-999,-999,-999,-999,-999,-999,-999,-999,-999,-999,"Jones, K., Bielby, J., Cardillo, M. et al., 2009"
Mammalia,Rodentia,Caviidae,Cavia,porcellus,-999,Domesticated Guinea Pig,68.59,3.45,5,727.99,14.8,66.99,16.68,79.91,212.34,-999,-999,-999,-999,-999,-999,-999,-999,-999,-999,-999,-999,-999,-999,-999,-999,-999,-999,-999,"Jones, K., Bielby, J., Cardillo, M. et al., 2009"
Mammalia,Rodentia,Caviidae,Cavia,porcellus,-999,Domesticated Guinea Pig,74,2.5,-999,341,6,63,17,59.66,171.1,-999,-999,-999,77,-999,-999,-999,-999,-999,-999,-999,-999,-999,-999,-999,-999,-999,-999,-999,"de Magalhaes and Costa, 2009"
Mammalia,Rodentia,Caviidae,Cavia,porcellus,-999,Domesticated Guinea Pig,66,3.8,-999,728,12,68,18,85,228,-999,-999,-999,76,0.262833676,-999,-999,639.1,-999,-999,-999,-999,-999,-999,-999,-999,-999,-999,-999,"de Magalhaes and Costa, 2009"
Mammalia,Rodentia,Caviidae,Cavia,porcellus,-999,Domesticated Guinea Pig,74.26384,2.48,-999,341,-999,63.00252,17.04416,59.66,171.05,-999,-999,-999,-999,-999,-999,-999,-999,-999,-999,-999,-999,-999,-999,-999,-999,-999,-999,-999,"Ernest et al., 2003"
Mammalia,Rodentia,Caviidae,Cavia,porcellus,-999,Domesticated Guinea Pig,68.481,4.3,-999,728,-999,68.17664,18.2616,85.14,228,-999,-999,-999,-999,-999,-999,-999,-999,-999,-999,-999,-999,-999,-999,-999,-999,-999,-999,-999,"Ernest et al., 2003"
Mammalia,Rodentia,Caviidae,Cavia,porcellus,-999,Domesticated Guinea Pig,66,-999,-999,728,12,68,18,85,228,-999,-999,-999,-999,-999,-999,-999,-999,-999,-999,-999,-999,-999,-999,-999,-999,-999,-999,-999,"Ricklefs, 2010b"
Mammalia,Rodentia,Caviidae,Cavia,porcellus,-999,Domesticated Guinea Pig,-999,-999,-999,-999,-999,-999,-999,-999,-999,-999,-999,-999,-999,-999,-999,-999,-999,-999,-999,-999,40,-999,-999,-999,-999,-999,-999,-999,"Boback and Guyer, 2003"
Mammalia,Rodentia,Caviidae,Cavia,porcellus,-999,Domesticated Guinea Pig,-999,-999,-999,-999,-999,-999,-999,-999,-999,-999,-999,-999,-999,-999,-999,-999,-999,-999,-999,-999,40,-999,-999,-999,-999,-999,-999,-999,"Boback and Guyer, 2003"
Mammalia,Rodentia,Caviidae,Cavia,porcellus,-999,Domesticated Guinea Pig,-999,-999,-999,-999,-999,-999,-999,-999,-999,-999,-999,-999,-999,-999,-999,-999,-999,-999,-999,-999,40,-999,-999,-999,-999,-999,-999,-999,"Boback and Guyer, 2003"
Mammalia,Rodentia,Caviidae,Cavia,porcellus,-999,Domesticated Guinea Pig,-999,-999,-999,-999,-999,-999,-999,-999,-999,-999,-999,-999,-999,-999,-999,-999,-999,-999,-999,-999,40,-999,-999,-999,-999,-999,-999,-999,"Boback and Guyer, 2003"
Mammalia,Rodentia,Caviidae,Cavia,porcellus,-999,Domesticated Guinea Pig,-999,-999,-999,-999,10,-999,-999,-999,-999,-999,-999,-999,-999,-999,-999,-999,-999,-999,-999,-999,-999,-999,-999,-999,-999,-999,-999,-999,"Carey, J.R. and D.S. Judge, 2002"
Mammalia,Rodentia,Caviidae,Cavia,porcellus,-999,Domesticated Guinea Pig,-999,-999,-999,-999,14.8,-999,-999,-999,-999,-999,-999,-999,-999,-999,-999,-999,-999,-999,-999,-999,-999,-999,-999,-999,-999,-999,-999,-999,"Carey, J.R. and D.S. Judge, 2002"
Mammalia,Rodentia,Caviidae,Cavia,porcellus,-999,Domesticated Guinea Pig,-999,-999,-999,-999,5.991666667,-999,-999,-999,-999,-999,-999,-999,-999,-999,-999,-999,-999,-999,-999,-999,-999,-999,-999,-999,-999,-999,-999,-999,"Weigl, R., 2005"
Mammalia,Rodentia,Caviidae,Cavia,porcellus,-999,Domesticated Guinea Pig,-999,-999,-999,-999,-999,-999,-999,83.85,-999,-999,-999,-999,-999,-999,-999,-999,-999,-999,-999,-999,-999,-999,-999,-999,-999,-999,-999,-999,"Ricklefs, R.E., 2010a"
Mammalia,Rodentia,Caviidae,Cavia,porcellus,-999,Domesticated Guinea Pig,-999,-999,-999,570,-999,-999,-999,-999,-999,-999,-999,-999,-999,-999,-999,-999,-999,-999,-999,-999,-999,-999,-999,-999,-999,-999,-999,-999,"BC mammals - Savage et al., 2004"
Mammalia,Rodentia,Caviidae,Cavia,porcellus,-999,Domesticated Guinea Pig,-999,-999,-999,629,-999,-999,-999,-999,-999,-999,-999,-999,-999,-999,-999,-999,-999,-999,-999,-999,-999,-999,-999,-999,-999,-999,-999,-999,"BC mammals - Savage et al., 2004"
Mammalia,Rodentia,Caviidae,Cavia,porcellus,-999,Domesticated Guinea Pig,-999,-999,-999,728,-999,-999,-999,-999,-999,-999,-999,-999,-999,-999,-999,-999,-999,-999,-999,-999,-999,-999,-999,-999,-999,-999,-999,-999,"BC mammals - Savage et al., 2004"
Mammalia,Rodentia,Caviidae,Cavia,porcellus,-999,Domesticated Guinea Pig,-999,-999,-999,639.1,-999,-999,-999,-999,-999,-999,-999,-999,-999,-999,-999,-999,-999,-999,-999,-999,-999,-999,-999,-999,-999,-999,-999,-999,"BC mammals - Savage et al., 2004"
Mammalia,Rodentia,Caviidae,Cavia,porcellus,-999,Domesticated Guinea Pig,-999,4.3,-999,-999,-999,68.18,14.89,85.14,213,-999,-999,-999,-999,-999,-999,813,-999,-999,-999,-999,-999,-999,-999,-999,-999,-999,-999,-999,"Garratt et al., 2014"
Mammalia,Scandentia,Tupaiidae,Tupaia,glis,-999,Common Treeshrew,122.77,2.22,2.5,132.43,12.41666667,45.99,34.27,12.6,100,-999,-999,-999,-999,0.124024641,-999,-999,-999,-999,-999,-999,18.5,-999,-999,9.736,-999,-999,-999,-999,"Jones, K., Bielby, J., Cardillo, M. et al., 2009"
Mammalia,Scandentia,Tupaiidae,Tupaia,glis,-999,Common Treeshrew,90,2,-999,200,12.4,46,36,12.94,100,-999,-999,-999,90,0.123203285,-999,-999,123,-999,-999,-999,-999,-999,-999,-999,-999,-999,-999,-999,"de Magalhaes and Costa, 2009"
Mammalia,Scandentia,Tupaiidae,Tupaia,glis,-999,Common Treeshrew,137.87508,2.44,-999,159,12.41666667,46.26272,35.61012,12.94,100,-999,-999,-999,-999,-999,-999,-999,-999,-999,-999,-999,-999,-999,-999,-999,-999,-999,-999,-999,"Ernest et al., 2003"
Mammalia,Scandentia,Tupaiidae,Tupaia,glis,-999,Common Treeshrew,90,-999,-999,200,12.4,46,36,12.94,100,-999,-999,-999,-999,-999,-999,-999,-999,-999,-999,-999,-999,-999,-999,-999,-999,-999,-999,-999,"Ricklefs, 2010b"
Mammalia,Scandentia,Tupaiidae,Tupaia,glis,-999,Common Treeshrew,-999,-999,-999,-999,-999,-999,-999,-999,-999,-999,-999,-999,-999,-999,-999,-999,-999,-999,-999,-999,23,-999,-999,-999,-999,-999,-999,-999,"Boback and Guyer, 2003"
Mammalia,Scandentia,Tupaiidae,Tupaia,glis,-999,Common Treeshrew,-999,-999,-999,-999,12,-999,-999,-999,-999,-999,-999,-999,-999,-999,-999,-999,-999,-999,-999,-999,-999,-999,-999,-999,-999,-999,-999,-999,"Carey, J.R. and D.S. Judge, 2002"
Mammalia,Scandentia,Tupaiidae,Tupaia,glis,-999,Common Treeshrew,-999,-999,-999,-999,12.4,-999,-999,-999,-999,-999,-999,-999,-999,-999,-999,-999,-999,-999,-999,-999,-999,-999,-999,-999,-999,-999,-999,-999,"Carey, J.R. and D.S. Judge, 2002"
Mammalia,Scandentia,Tupaiidae,Tupaia,glis,-999,Common Treeshrew,-999,-999,-999,-999,12.39166667,-999,-999,-999,-999,-999,-999,-999,-999,-999,-999,-999,-999,-999,-999,-999,-999,-999,-999,-999,-999,-999,-999,-999,"Weigl, R., 2005"
Mammalia,Scandentia,Tupaiidae,Tupaia,glis,-999,Common Treeshrew,-999,-999,-999,123,-999,-999,-999,-999,-999,-999,-999,-999,-999,-999,-999,-999,-999,-999,-999,-999,-999,-999,-999,-999,-999,-999,-999,-999,"BC mammals - Savage et al., 2004"
Mammalia,Scandentia,Tupaiidae,Tupaia,glis,-999,Common Treeshrew,-999,-999,-999,123,-999,-999,-999,-999,-999,-999,-999,-999,-999,-999,-999,-999,-999,-999,-999,-999,-999,-999,-999,-999,-999,-999,-999,-999,"BC mammals - Savage et al., 2004"
Reptilia,Crocodilia,Alligatoridae,Alligator,mississippiensis,-999,"Alligator, Gator, American alligator, Florida alligator, Mississippi alligator, Louisiana alligator.",4380,-999,-999,150000,73.1,-999,-999,-999,-999,-999,-999,-999,4380,-999,-999,-999,-999,-999,-999,-999,-999,-999,-999,-999,-999,-999,-999,-999,"de Magalhaes and Costa, 2009"
Reptilia,Crocodilia,Alligatoridae,Alligator,mississippiensis,-999,"Alligator, Gator, American alligator, Florida alligator, Mississippi alligator, Louisiana alligator.",4830,-999,-999,170000,73.1,-999,-999,-999,-999,-999,65,-999,-999,-999,-999,-999,-999,-999,-999,-999,-999,-999,-999,-999,-999,-999,-999,-999,"Ricklefs, 2010b"
Reptilia,Crocodilia,Alligatoridae,Alligator,mississippiensis,-999,"Alligator, Gator, American alligator, Florida alligator, Mississippi alligator, Louisiana alligator.",-999,-999,-999,-999,-999,-999,-999,-999,-999,-999,-999,-999,-999,-999,-999,-999,-999,-999,-999,-999,-999,-999,-999,-999,-999,-999,200,-999,"IUCN, 1989"
Reptilia,Crocodilia,Alligatoridae,Alligator,mississippiensis,-999,"Alligator, Gator, American alligator, Florida alligator, Mississippi alligator, Louisiana alligator.",-999,-999,-999,-999,-999,-999,-999,-999,-999,-999,-999,-999,-999,-999,-999,-999,35000,-999,-999,-999,-999,-999,-999,-999,-999,-999,-999,-999,"IUCN, 1989"
Reptilia,Crocodilia,Alligatoridae,Alligator,mississippiensis,-999,"Alligator, Gator, American alligator, Florida alligator, Mississippi alligator, Louisiana alligator.",-999,-999,-999,-999,-999,-999,-999,50,-999,-999,-999,-999,-999,-999,-999,-999,-999,-999,-999,-999,-999,-999,-999,-999,-999,-999,-999,-999,"IUCN, 1989"
Reptilia,Crocodilia,Alligatoridae,Alligator,mississippiensis,-999,"Alligator, Gator, American alligator, Florida alligator, Mississippi alligator, Louisiana alligator.",-999,-999,1,-999,-999,-999,-999,-999,-999,-999,-999,-999,-999,-999,-999,-999,-999,-999,-999,-999,-999,-999,-999,-999,-999,-999,-999,-999,"IUCN, 1989"
Reptilia,Crocodilia,Alligatoridae,Alligator,mississippiensis,-999,"Alligator, Gator, American alligator, Florida alligator, Mississippi alligator, Louisiana alligator.",-999,35.3,-999,-999,-999,-999,-999,-999,-999,-999,-999,-999,-999,-999,-999,-999,-999,-999,-999,-999,-999,-999,-999,-999,-999,-999,-999,-999,"IUCN, 1989"
Reptilia,Crocodilia,Alligatoridae,Alligator,mississippiensis,-999,"Alligator, Gator, American alligator, Florida alligator, Mississippi alligator, Louisiana alligator.",-999,40.6,-999,-999,-999,-999,-999,-999,-999,-999,-999,-999,-999,-999,-999,-999,-999,-999,-999,-999,-999,-999,-999,-999,-999,-999,-999,-999,"IUCN, 1989"
Reptilia,Crocodilia,Alligatoridae,Alligator,mississippiensis,-999,"Alligator, Gator, American alligator, Florida alligator, Mississippi alligator, Louisiana alligator.",-999,442,-999,-999,-999,-999,-999,-999,-999,-999,-999,-999,-999,-999,-999,-999,-999,-999,-999,-999,-999,-999,-999,-999,-999,-999,-999,-999,"IUCN, 1989"
Reptilia,Crocodilia,Alligatoridae,Alligator,mississippiensis,-999,"Alligator, Gator, American alligator, Florida alligator, Mississippi alligator, Louisiana alligator.",-999,39.4,-999,-999,-999,-999,-999,-999,-999,-999,-999,-999,-999,-999,-999,-999,-999,-999,-999,-999,-999,-999,-999,-999,-999,-999,-999,-999,"IUCN, 1989"
Reptilia,Crocodilia,Alligatoridae,Alligator,mississippiensis,-999,"Alligator, Gator, American alligator, Florida alligator, Mississippi alligator, Louisiana alligator.",-999,55,-999,-999,-999,-999,-999,-999,-999,-999,-999,-999,-999,-999,-999,-999,-999,-999,-999,-999,-999,-999,-999,-999,-999,-999,-999,-999,"IUCN, 1989"
Reptilia,Crocodilia,Alligatoridae,Alligator,mississippiensis,-999,"Alligator, Gator, American alligator, Florida alligator, Mississippi alligator, Louisiana alligator.",-999,67,-999,-999,-999,-999,-999,-999,-999,-999,-999,-999,-999,-999,-999,-999,-999,-999,-999,-999,-999,-999,-999,-999,-999,-999,-999,-999,"IUCN, 1989"
Reptilia,Crocodilia,Alligatoridae,Alligator,mississippiensis,-999,"Alligator, Gator, American alligator, Florida alligator, Mississippi alligator, Louisiana alligator.",-999,21,-999,-999,-999,-999,-999,-999,-999,-999,-999,-999,-999,-999,-999,-999,-999,-999,-999,-999,-999,-999,-999,-999,-999,-999,-999,-999,"IUCN, 1989"
Reptilia,Crocodilia,Alligatoridae,Alligator,mississippiensis,-999,"Alligator, Gator, American alligator, Florida alligator, Mississippi alligator, Louisiana alligator.",-999,78,-999,-999,-999,-999,-999,-999,-999,-999,-999,-999,-999,-999,-999,-999,-999,-999,-999,-999,-999,-999,-999,-999,-999,-999,-999,-999,"IUCN, 1989"
Reptilia,Crocodilia,Alligatoridae,Alligator,mississippiensis,-999,"Alligator, Gator, American alligator, Florida alligator, Mississippi alligator, Louisiana alligator.",-999,20,-999,-999,-999,-999,-999,-999,-999,-999,-999,-999,-999,-999,-999,-999,-999,-999,-999,-999,-999,-999,-999,-999,-999,-999,-999,-999,"IUCN, 1989"
Reptilia,Crocodilia,Alligatoridae,Alligator,mississippiensis,-999,"Alligator, Gator, American alligator, Florida alligator, Mississippi alligator, Louisiana alligator.",-999,63,-999,-999,-999,-999,-999,-999,-999,-999,-999,-999,-999,-999,-999,-999,-999,-999,-999,-999,-999,-999,-999,-999,-999,-999,-999,-999,"IUCN, 1989"
Reptilia,Crocodilia,Alligatoridae,Alligator,mississippiensis,-999,"Alligator, Gator, American alligator, Florida alligator, Mississippi alligator, Louisiana alligator.",-999,-999,-999,-999,50,-999,-999,-999,-999,-999,-999,-999,-999,-999,-999,-999,-999,-999,-999,-999,-999,-999,-999,-999,-999,-999,-999,-999,"IUCN, 1989"
Reptilia,Crocodilia,Alligatoridae,Alligator,mississippiensis,-999,"Alligator, Gator, American alligator, Florida alligator, Mississippi alligator, Louisiana alligator.",-999,-999,1,-999,-999,-999,-999,-999,-999,-999,-999,-999,-999,-999,-999,-999,-999,-999,-999,-999,-999,-999,-999,-999,-999,-999,-999,-999,"Lance, 1989"
Reptilia,Crocodilia,Alligatoridae,Alligator,mississippiensis,-999,"Alligator, Gator, American alligator, Florida alligator, Mississippi alligator, Louisiana alligator.",-999,-999,-999,-999,-999,-999,-999,-999,-999,-999,66,-999,-999,-999,-999,-999,-999,-999,-999,-999,-999,-999,-999,-999,-999,-999,-999,-999,"Lance, 1989"
Reptilia,Crocodilia,Alligatoridae,Alligator,mississippiensis,-999,"Alligator, Gator, American alligator, Florida alligator, Mississippi alligator, Louisiana alligator.",-999,-999,-999,-999,85,-999,-999,-999,-999,-999,-999,-999,-999,-999,-999,-999,-999,-999,-999,-999,-999,-999,-999,-999,-999,-999,-999,-999,"Thorbjarnarson and Wang, 2010"
Reptilia,Crocodilia,Alligatoridae,Alligator,mississippiensis,-999,"Alligator, Gator, American alligator, Florida alligator, Mississippi alligator, Louisiana alligator.",-999,-999,1,-999,-999,-999,-999,-999,-999,-999,-999,-999,-999,-999,-999,-999,-999,-999,-999,-999,-999,-999,-999,-999,-999,-999,-999,-999,"Lance, 2003"
Reptilia,Crocodilia,Alligatoridae,Alligator,mississippiensis,-999,"Alligator, Gator, American alligator, Florida alligator, Mississippi alligator, Louisiana alligator.",-999,-999,-999,-999,-999,-999,-999,-999,-999,-999,-999,-999,-999,-999,-999,-999,-999,-999,-999,-999,-999,-999,-999,-999,-999,-999,-999,3652.5,"Lance, 2003"
Reptilia,Crocodilia,Alligatoridae,Alligator,mississippiensis,-999,"Alligator, Gator, American alligator, Florida alligator, Mississippi alligator, Louisiana alligator.",-999,-999,-999,-999,-999,-999,-999,-999,-999,-999,-999,-999,-999,-999,-999,-999,-999,-999,-999,-999,-999,-999,-999,-999,-999,-999,-999,6574.5,"Lance, 2003"
Reptilia,Crocodilia,Alligatoridae,Alligator,mississippiensis,-999,"Alligator, Gator, American alligator, Florida alligator, Mississippi alligator, Louisiana alligator.",-999,-999,-999,62000,-999,-999,-999,-999,-999,-999,-999,-999,-999,-999,-999,-999,-999,-999,-999,-999,-999,-999,-999,-999,-999,-999,-999,-999,"Seymour, 1979"
Reptilia,Crocodilia,Alligatoridae,Alligator,mississippiensis,-999,"Alligator, Gator, American alligator, Florida alligator, Mississippi alligator, Louisiana alligator.",-999,-999,-999,-999,-999,-999,-999,-999,-999,66,-999,-999,-999,-999,-999,-999,-999,-999,-999,-999,-999,-999,-999,-999,-999,-999,-999,-999,"Seymour, 1979"
Reptilia,Crocodilia,Alligatoridae,Alligator,mississippiensis,-999,"Alligator, Gator, American alligator, Florida alligator, Mississippi alligator, Louisiana alligator.",-999,39,-999,-999,-999,-999,-999,-999,-999,-999,-999,-999,-999,-999,-999,-999,-999,-999,-999,-999,-999,-999,-999,-999,-999,-999,-999,-999,"Seymour, 1979"
Reptilia,Crocodilia,Alligatoridae,Alligator,mississippiensis,-999,"Alligator, Gator, American alligator, Florida alligator, Mississippi alligator, Louisiana alligator.",-999,35.39947781,1,47800,-999,-999,-999,-999,-999,76.6,-999,-999,-999,-999,-999,-999,47800,-999,-999,-999,-999,-999,-999,-999,-999,-999,-999,-999,"Werner and Griebeler, 2013"
Reptilia,Crocodilia,Alligatoridae,Alligator,mississippiensis,-999,"Alligator, Gator, American alligator, Florida alligator, Mississippi alligator, Louisiana alligator.",-999,35.4,-999,47800,-999,-999,-999,-999,-999,76.6,-999,-999,-999,-999,47800,-999,47800,-999,-999,-999,-999,-999,-999,-999,-999,-999,-999,-999,"Thorbjarnarson,  1996"
Reptilia,Crocodilia,Alligatoridae,Alligator,mississippiensis,-999,"Alligator, Gator, American alligator, Florida alligator, Mississippi alligator, Louisiana alligator.",-999,2,-999,-999,-999,-999,-999,-999,-999,-999,55,-999,-999,-999,-999,-999,-999,-999,-999,-999,-999,-999,-999,-999,-999,-999,-999,-999,Reptile Incubation book
Reptilia,Crocodilia,Alligatoridae,Alligator,mississippiensis,-999,"Alligator, Gator, American alligator, Florida alligator, Mississippi alligator, Louisiana alligator.",-999,88,-999,-999,-999,-999,-999,-999,-999,-999,76,-999,-999,-999,-999,-999,-999,-999,-999,-999,-999,-999,-999,-999,-999,-999,-999,-999,Reptile Incubation book
Reptilia,Crocodilia,Alligatoridae,Alligator,mississippiensis,-999,"Alligator, Gator, American alligator, Florida alligator, Mississippi alligator, Louisiana alligator.",-999,-999,-999,-999,-999,-999,-999,-999,-999,65.6,68,-999,-999,-999,-999,-999,-999,-999,-999,-999,-999,-999,-999,-999,-999,-999,-999,-999,"Birchard, G. and D. Marcellini, 1996"
Reptilia,Crocodilia,Alligatoridae,Alligator,mississippiensis,-999,"Alligator, Gator, American alligator, Florida alligator, Mississippi alligator, Louisiana alligator.",-999,-999,-999,-999,47.8,-999,-999,-999,-999,-999,-999,-999,-999,-999,-999,-999,-999,-999,-999,-999,-999,-999,-999,-999,-999,-999,-999,-999,"Carey, J.R. and D.S. Judge, 2002"
Reptilia,Crocodilia,Alligatoridae,Alligator,mississippiensis,-999,"Alligator, Gator, American alligator, Florida alligator, Mississippi alligator, Louisiana alligator.",-999,-999,-999,-999,56,-999,-999,-999,-999,-999,-999,-999,-999,-999,-999,-999,-999,-999,-999,-999,-999,-999,-999,-999,-999,-999,-999,-999,"Carey, J.R. and D.S. Judge, 2002"
Reptilia,Crocodilia,Alligatoridae,Alligator,mississippiensis,-999,"Alligator, Gator, American alligator, Florida alligator, Mississippi alligator, Louisiana alligator.",-999,-999,-999,-999,34.8,-999,-999,-999,-999,-999,-999,-999,-999,-999,-999,-999,-999,-999,-999,-999,-999,-999,-999,-999,-999,-999,-999,-999,"Carey, J.R. and D.S. Judge, 2002"
Reptilia,Crocodilia,Alligatoridae,Alligator,mississippiensis,-999,"Alligator, Gator, American alligator, Florida alligator, Mississippi alligator, Louisiana alligator.",-999,-999,-999,-999,-999,-999,-999,-999,-999,77,-999,-999,-999,-999,-999,-999,-999,-999,-999,-999,-999,-999,-999,-999,-999,-999,-999,-999,"Werner, J., 2010"
Reptilia,Crocodilia,Alligatoridae,Alligator,mississippiensis,-999,"Alligator, Gator, American alligator, Florida alligator, Mississippi alligator, Louisiana alligator.",-999,-999,-999,-999,-999,-999,-999,-999,-999,-999,62,-999,-999,-999,-999,-999,-999,-999,-999,-999,-999,-999,-999,-999,-999,-999,-999,-999,"Lance, 1989"
Reptilia,Crocodilia,Alligatoridae,Alligator,mississippiensis,-999,"Alligator, Gator, American alligator, Florida alligator, Mississippi alligator, Louisiana alligator.",-999,-999,-999,-999,-999,-999,-999,-999,-999,-999,66,-999,-999,-999,-999,-999,-999,-999,-999,-999,-999,-999,-999,-999,-999,-999,-999,-999,"Lance, 1989"
Reptilia,Crocodilia,Alligatoridae,Alligator,mississippiensis,-999,"Alligator, Gator, American alligator, Florida alligator, Mississippi alligator, Louisiana alligator.",-999,-999,-999,-999,-999,-999,-999,-999,-999,-999,63,-999,-999,-999,-999,-999,-999,-999,-999,-999,-999,-999,-999,-999,-999,-999,-999,-999,"Elsey, R.M., Woodward, A.R., 2010"
Reptilia,Crocodilia,Alligatoridae,Alligator,mississippiensis,-999,"Alligator, Gator, American alligator, Florida alligator, Mississippi alligator, Louisiana alligator.",-999,-999,-999,-999,-999,-999,-999,-999,-999,-999,84,-999,-999,-999,-999,-999,-999,-999,-999,-999,-999,-999,-999,-999,-999,-999,-999,-999,"Elsey, R.M., Woodward, A.R., 2010"
Reptilia,Crocodilia,Alligatoridae,Alligator,mississippiensis,-999,"Alligator, Gator, American alligator, Florida alligator, Mississippi alligator, Louisiana alligator.",-999,30,-999,-999,-999,-999,-999,-999,-999,-999,-999,-999,-999,-999,-999,-999,-999,-999,-999,-999,-999,-999,-999,-999,-999,-999,-999,-999,"Elsey, R.M., Woodward, A.R., 2010"
Reptilia,Crocodilia,Alligatoridae,Alligator,mississippiensis,-999,"Alligator, Gator, American alligator, Florida alligator, Mississippi alligator, Louisiana alligator.",-999,50,-999,-999,-999,-999,-999,-999,-999,-999,-999,-999,-999,-999,-999,-999,-999,-999,-999,-999,-999,-999,-999,-999,-999,-999,-999,-999,"Elsey, R.M., Woodward, A.R., 2010"
Reptilia,Crocodilia,Alligatoridae,Alligator,mississippiensis,-999,"Alligator, Gator, American alligator, Florida alligator, Mississippi alligator, Louisiana alligator.",-999,-999,-999,-999,-999,-999,-999,-999,-999,-999,-999,-999,-999,-999,-999,-999,47800,-999,-999,-999,-999,-999,-999,-999,-999,-999,-999,-999,"Werner, J., 2010"
Reptilia,Crocodilia,Alligatoridae,Alligator,mississippiensis,-999,"Alligator, Gator, American alligator, Florida alligator, Mississippi alligator, Louisiana alligator.",-999,-999,-999,-999,-999,-999,-999,-999,-999,-999,-999,-999,-999,-999,-999,-999,-999,-999,-999,-999,-999,-999,-999,-999,-999,-999,-999,3652.4,"Lance, 1989"
Reptilia,Crocodilia,Alligatoridae,Alligator,mississippiensis,-999,"Alligator, Gator, American alligator, Florida alligator, Mississippi alligator, Louisiana alligator.",-999,-999,-999,-999,-999,-999,-999,-999,-999,-999,-999,-999,-999,-999,-999,-999,-999,-999,-999,-999,-999,-999,-999,-999,-999,-999,-999,6574.32,"Lance, 1989"
Reptilia,Crocodilia,Alligatoridae,Alligator,mississippiensis,-999,"Alligator, Gator, American alligator, Florida alligator, Mississippi alligator, Louisiana alligator.",-999,-999,-999,-999,-999,-999,-999,-999,-999,-999,-999,-999,-999,-999,-999,-999,-999,-999,-999,-999,-999,-999,-999,-999,-999,-999,-999,3652.4,"Elsey, R.M., Woodward, A.R., 2010"
Reptilia,Crocodilia,Alligatoridae,Alligator,mississippiensis,-999,"Alligator, Gator, American alligator, Florida alligator, Mississippi alligator, Louisiana alligator.",-999,-999,-999,-999,-999,-999,-999,-999,-999,-999,-999,-999,-999,-999,-999,-999,-999,-999,76,-999,-999,-999,-999,-999,-999,-999,-999,-999,"Behler, J.L., King, F.W., 1979"
Reptilia,Crocodilia,Alligatoridae,Alligator,mississippiensis,-999,"Alligator, Gator, American alligator, Florida alligator, Mississippi alligator, Louisiana alligator.",-999,-999,-999,-999,-999,-999,-999,-999,-999,-999,65,-999,-999,-999,-999,-999,-999,-999,-999,-999,-999,-999,-999,-999,-999,-999,-999,-999,"Brazaitis, P., Watanabe, M., 2011"
Reptilia,Crocodilia,Alligatoridae,Alligator,mississippiensis,-999,"Alligator, Gator, American alligator, Florida alligator, Mississippi alligator, Louisiana alligator.",-999,-999,-999,-999,-999,-999,-999,-999,-999,-999,70,-999,-999,-999,-999,-999,-999,-999,-999,-999,-999,-999,-999,-999,-999,-999,-999,-999,"Brazaitis, P., Watanabe, M., 2011"
Reptilia,Crocodilia,Alligatoridae,Alligator,mississippiensis,-999,"Alligator, Gator, American alligator, Florida alligator, Mississippi alligator, Louisiana alligator.",-999,-999,-999,-999,-999,-999,-999,-999,-999,-999,65,-999,-999,-999,-999,-999,-999,-999,-999,-999,-999,-999,-999,-999,-999,-999,-999,-999,"Alderton, D., 1991"
Reptilia,Crocodilia,Alligatoridae,Alligator,mississippiensis,-999,"Alligator, Gator, American alligator, Florida alligator, Mississippi alligator, Louisiana alligator.",-999,-999,-999,-999,-999,-999,-999,-999,-999,-999,63,-999,-999,-999,-999,-999,-999,-999,-999,-999,-999,-999,-999,-999,-999,-999,-999,-999,"Behler, J.L., King, F.W., 1979"
Reptilia,Crocodilia,Alligatoridae,Alligator,mississippiensis,-999,"Alligator, Gator, American alligator, Florida alligator, Mississippi alligator, Louisiana alligator.",-999,-999,-999,-999,-999,-999,-999,-999,-999,-999,67.5,-999,-999,-999,-999,-999,-999,-999,-999,-999,-999,-999,-999,-999,-999,-999,-999,-999,"Brazaitis, P., Watanabe, M., 2011"
Reptilia,Crocodilia,Alligatoridae,Alligator,mississippiensis,-999,"Alligator, Gator, American alligator, Florida alligator, Mississippi alligator, Louisiana alligator.",-999,30,-999,-999,-999,-999,-999,-999,-999,-999,-999,-999,-999,-999,-999,-999,-999,-999,-999,-999,-999,-999,-999,-999,-999,-999,-999,-999,"Brazaitis, P., Watanabe, M., 2011"
Reptilia,Crocodilia,Alligatoridae,Alligator,mississippiensis,-999,"Alligator, Gator, American alligator, Florida alligator, Mississippi alligator, Louisiana alligator.",-999,50,-999,-999,-999,-999,-999,-999,-999,-999,-999,-999,-999,-999,-999,-999,-999,-999,-999,-999,-999,-999,-999,-999,-999,-999,-999,-999,"Brazaitis, P., Watanabe, M., 2011"
Reptilia,Crocodilia,Alligatoridae,Alligator,mississippiensis,-999,"Alligator, Gator, American alligator, Florida alligator, Mississippi alligator, Louisiana alligator.",-999,20,-999,-999,-999,-999,-999,-999,-999,-999,-999,-999,-999,-999,-999,-999,-999,-999,-999,-999,-999,-999,-999,-999,-999,-999,-999,-999,"Alderton, D., 1991"
Reptilia,Crocodilia,Alligatoridae,Alligator,mississippiensis,-999,"Alligator, Gator, American alligator, Florida alligator, Mississippi alligator, Louisiana alligator.",-999,50,-999,-999,-999,-999,-999,-999,-999,-999,-999,-999,-999,-999,-999,-999,-999,-999,-999,-999,-999,-999,-999,-999,-999,-999,-999,-999,"Alderton, D., 1991"
Reptilia,Crocodilia,Alligatoridae,Alligator,mississippiensis,-999,"Alligator, Gator, American alligator, Florida alligator, Mississippi alligator, Louisiana alligator.",-999,25,-999,-999,-999,-999,-999,-999,-999,-999,-999,-999,-999,-999,-999,-999,-999,-999,-999,-999,-999,-999,-999,-999,-999,-999,-999,-999,"Behler, J.L., King, F.W., 1979"
Reptilia,Crocodilia,Alligatoridae,Alligator,mississippiensis,-999,"Alligator, Gator, American alligator, Florida alligator, Mississippi alligator, Louisiana alligator.",-999,60,-999,-999,-999,-999,-999,-999,-999,-999,-999,-999,-999,-999,-999,-999,-999,-999,-999,-999,-999,-999,-999,-999,-999,-999,-999,-999,"Behler, J.L., King, F.W., 1979"
Reptilia,Crocodilia,Alligatoridae,Alligator,mississippiensis,-999,"Alligator, Gator, American alligator, Florida alligator, Mississippi alligator, Louisiana alligator.",-999,40,-999,-999,-999,-999,-999,-999,-999,-999,-999,-999,-999,-999,-999,-999,-999,-999,-999,-999,-999,-999,-999,-999,-999,-999,-999,-999,"Brazaitis, P., Watanabe, M., 2011"
Reptilia,Crocodilia,Crocodylidae,Crocodylus,acutus,-999,American crocodile,-999,-999,-999,-999,32.9,-999,-999,-999,-999,-999,-999,-999,-999,-999,-999,-999,-999,-999,-999,-999,-999,-999,-999,-999,-999,-999,-999,-999,"de Magalhaes and Costa, 2009"
Reptilia,Crocodilia,Crocodylidae,Crocodylus,acutus,-999,American crocodile,-999,38,-999,-999,-999,-999,-999,-999,-999,-999,-999,-999,-999,-999,-999,-999,-999,-999,-999,-999,-999,-999,-999,-999,-999,-999,-999,-999,"Kushlan, J.A. and F.J. Mazzotti, 1989"
Reptilia,Crocodilia,Crocodylidae,Crocodylus,acutus,-999,American crocodile,-999,-999,-999,-999,-999,-999,-999,-999,-999,-999,-999,-999,-999,-999,-999,-999,-999,-999,-999,-999,-999,-999,-999,-999,-999,-999,225,-999,"Kushlan, J.A. and F.J. Mazzotti, 1989"
Reptilia,Crocodilia,Crocodylidae,Crocodylus,acutus,-999,American crocodile,-999,-999,1,-999,-999,-999,-999,-999,-999,-999,-999,-999,-999,-999,-999,-999,-999,-999,-999,-999,-999,-999,-999,-999,-999,-999,-999,-999,"Kushlan, J.A. and F.J. Mazzotti, 1989"
Reptilia,Crocodilia,Crocodylidae,Crocodylus,acutus,-999,American crocodile,-999,-999,-999,-999,-999,-999,-999,-999,-999,-999,85,-999,-999,-999,-999,-999,-999,-999,-999,-999,-999,-999,-999,-999,-999,-999,-999,-999,"Kushlan, J.A. and F.J. Mazzotti, 1989"
Reptilia,Crocodilia,Crocodylidae,Crocodylus,acutus,-999,American crocodile,3652.5,-999,-999,-999,-999,-999,-999,-999,-999,-999,-999,-999,-999,-999,-999,-999,-999,-999,-999,-999,-999,-999,-999,-999,-999,-999,-999,-999,"IUCN, 1989"
Reptilia,Crocodilia,Crocodylidae,Crocodylus,acutus,-999,American crocodile,-999,-999,-999,-999,-999,-999,-999,-999,-999,-999,80,-999,-999,-999,-999,-999,-999,-999,-999,-999,-999,-999,-999,-999,-999,-999,-999,-999,"IUCN, 1989"
Reptilia,Crocodilia,Crocodylidae,Crocodylus,acutus,-999,American crocodile,-999,-999,-999,-999,-999,-999,-999,-999,-999,-999,90,-999,-999,-999,-999,-999,-999,-999,-999,-999,-999,-999,-999,-999,-999,-999,-999,-999,"IUCN, 1989"
Reptilia,Crocodilia,Crocodylidae,Crocodylus,acutus,-999,American crocodile,-999,-999,-999,-999,-999,-999,-999,-999,-999,-999,85,-999,-999,-999,-999,-999,-999,-999,-999,-999,-999,-999,-999,-999,-999,-999,-999,-999,"IUCN, 1989"
Reptilia,Crocodilia,Crocodylidae,Crocodylus,acutus,-999,American crocodile,-999,-999,-999,-999,-999,-999,-999,-999,-999,-999,80,-999,-999,-999,-999,-999,-999,-999,-999,-999,-999,-999,-999,-999,-999,-999,-999,-999,"IUCN, 1989"
Reptilia,Crocodilia,Crocodylidae,Crocodylus,acutus,-999,American crocodile,-999,-999,-999,-999,-999,-999,-999,-999,-999,-999,84,-999,-999,-999,-999,-999,-999,-999,-999,-999,-999,-999,-999,-999,-999,-999,-999,-999,"IUCN, 1989"
Reptilia,Crocodilia,Crocodylidae,Crocodylus,acutus,-999,American crocodile,-999,38,-999,-999,-999,-999,-999,-999,-999,-999,-999,-999,-999,-999,-999,-999,-999,-999,-999,-999,-999,-999,-999,-999,-999,-999,-999,-999,"IUCN, 1989"
Reptilia,Crocodilia,Crocodylidae,Crocodylus,acutus,-999,American crocodile,-999,39.1,-999,-999,-999,-999,-999,-999,-999,-999,-999,-999,-999,-999,-999,-999,-999,-999,-999,-999,-999,-999,-999,-999,-999,-999,-999,-999,"IUCN, 1989"
Reptilia,Crocodilia,Crocodylidae,Crocodylus,acutus,-999,American crocodile,-999,44,-999,-999,-999,-999,-999,-999,-999,-999,-999,-999,-999,-999,-999,-999,-999,-999,-999,-999,-999,-999,-999,-999,-999,-999,-999,-999,"IUCN, 1989"
Reptilia,Crocodilia,Crocodylidae,Crocodylus,acutus,-999,American crocodile,-999,40,-999,-999,-999,-999,-999,-999,-999,-999,-999,-999,-999,-999,-999,-999,-999,-999,-999,-999,-999,-999,-999,-999,-999,-999,-999,-999,"IUCN, 1989"
Reptilia,Crocodilia,Crocodylidae,Crocodylus,acutus,-999,American crocodile,-999,60,-999,-999,-999,-999,-999,-999,-999,-999,-999,-999,-999,-999,-999,-999,-999,-999,-999,-999,-999,-999,-999,-999,-999,-999,-999,-999,"IUCN, 1989"
Reptilia,Crocodilia,Crocodylidae,Crocodylus,acutus,-999,American crocodile,-999,46,-999,-999,-999,-999,-999,-999,-999,-999,-999,-999,-999,-999,-999,-999,-999,-999,-999,-999,-999,-999,-999,-999,-999,-999,-999,-999,"IUCN, 1989"
Reptilia,Crocodilia,Crocodylidae,Crocodylus,acutus,-999,American crocodile,-999,22,-999,-999,-999,-999,-999,-999,-999,-999,-999,-999,-999,-999,-999,-999,-999,-999,-999,-999,-999,-999,-999,-999,-999,-999,-999,-999,"IUCN, 1989"
Reptilia,Crocodilia,Crocodylidae,Crocodylus,acutus,-999,American crocodile,-999,23.8,-999,-999,-999,-999,-999,-999,-999,-999,-999,-999,-999,-999,-999,-999,-999,-999,-999,-999,-999,-999,-999,-999,-999,-999,-999,-999,"IUCN, 1989"
Reptilia,Crocodilia,Crocodylidae,Crocodylus,acutus,-999,American crocodile,-999,22.5,-999,-999,-999,-999,-999,-999,-999,-999,-999,-999,-999,-999,-999,-999,-999,-999,-999,-999,-999,-999,-999,-999,-999,-999,-999,-999,"IUCN, 1989"
Reptilia,Crocodilia,Crocodylidae,Crocodylus,acutus,-999,American crocodile,-999,30,-999,-999,-999,-999,-999,-999,-999,-999,-999,-999,-999,-999,-999,-999,-999,-999,-999,-999,-999,-999,-999,-999,-999,-999,-999,-999,"IUCN, 1989"
Reptilia,Crocodilia,Crocodylidae,Crocodylus,acutus,-999,American crocodile,-999,60,-999,-999,-999,-999,-999,-999,-999,-999,-999,-999,-999,-999,-999,-999,-999,-999,-999,-999,-999,-999,-999,-999,-999,-999,-999,-999,"IUCN, 1989"
Reptilia,Crocodilia,Crocodylidae,Crocodylus,acutus,-999,American crocodile,-999,81,-999,-999,-999,-999,-999,-999,-999,-999,-999,-999,-999,-999,-999,-999,-999,-999,-999,-999,-999,-999,-999,-999,-999,-999,-999,-999,"IUCN, 1989"
Reptilia,Crocodilia,Crocodylidae,Crocodylus,acutus,-999,American crocodile,-999,105,-999,-999,-999,-999,-999,-999,-999,-999,-999,-999,-999,-999,-999,-999,-999,-999,-999,-999,-999,-999,-999,-999,-999,-999,-999,-999,"IUCN, 1989"
Reptilia,Crocodilia,Crocodylidae,Crocodylus,acutus,-999,American crocodile,-999,-999,-999,-999,-999,-999,-999,-999,-999,91.3,-999,-999,-999,-999,-999,-999,-999,-999,-999,-999,-999,-999,-999,-999,-999,-999,-999,-999,"IUCN, 1989"
Reptilia,Crocodilia,Crocodylidae,Crocodylus,acutus,-999,American crocodile,-999,-999,-999,-999,-999,-999,-999,-999,-999,97,-999,-999,-999,-999,-999,-999,-999,-999,-999,-999,-999,-999,-999,-999,-999,-999,-999,-999,"IUCN, 1989"
Reptilia,Crocodilia,Crocodylidae,Crocodylus,acutus,-999,American crocodile,-999,-999,-999,-999,-999,-999,-999,-999,-999,103.4,-999,-999,-999,-999,-999,-999,-999,-999,-999,-999,-999,-999,-999,-999,-999,-999,-999,-999,"IUCN, 1989"
Reptilia,Crocodilia,Crocodylidae,Crocodylus,acutus,-999,American crocodile,-999,-999,-999,127000,-999,-999,-999,-999,-999,-999,-999,-999,-999,-999,-999,-999,-999,-999,-999,-999,-999,-999,-999,-999,-999,-999,-999,-999,"Seymour, 1979"
Reptilia,Crocodilia,Crocodylidae,Crocodylus,acutus,-999,American crocodile,-999,-999,-999,-999,-999,-999,-999,-999,-999,92,-999,-999,-999,-999,-999,-999,-999,-999,-999,-999,-999,-999,-999,-999,-999,-999,-999,-999,"Seymour, 1979"
Reptilia,Crocodilia,Crocodylidae,Crocodylus,acutus,-999,American crocodile,-999,56,-999,-999,-999,-999,-999,-999,-999,-999,-999,-999,-999,-999,-999,-999,-999,-999,-999,-999,-999,-999,-999,-999,-999,-999,-999,-999,"Seymour, 1979"
Reptilia,Crocodilia,Crocodylidae,Crocodylus,acutus,-999,American crocodile,-999,35.6001773,1,76700,-999,-999,-999,-999,-999,112.8,-999,-999,-999,-999,-999,-999,76700,-999,-999,-999,-999,-999,-999,-999,-999,-999,-999,-999,"Werner and Griebeler, 2013"
Reptilia,Crocodilia,Crocodylidae,Crocodylus,acutus,-999,American crocodile,-999,35.6,-999,76700,-999,-999,-999,-999,-999,112.8,-999,-999,-999,-999,76700,-999,76700,-999,-999,-999,-999,-999,-999,-999,-999,-999,-999,-999,"Thorbjarnarson,  1996"
Reptilia,Crocodilia,Crocodylidae,Crocodylus,acutus,-999,American crocodile,-999,15,-999,-999,-999,-999,-999,-999,-999,-999,85,-999,-999,-999,-999,-999,-999,-999,-999,-999,-999,-999,-999,-999,-999,-999,-999,-999,Reptile Incubation book
Reptilia,Crocodilia,Crocodylidae,Crocodylus,acutus,-999,American crocodile,-999,105,-999,-999,-999,-999,-999,-999,-999,-999,111,-999,-999,-999,-999,-999,-999,-999,-999,-999,-999,-999,-999,-999,-999,-999,-999,-999,Reptile Incubation book
Reptilia,Crocodilia,Crocodylidae,Crocodylus,acutus,-999,American crocodile,-999,-999,-999,-999,32.9,-999,-999,-999,-999,-999,-999,-999,-999,-999,-999,-999,-999,-999,-999,-999,-999,-999,-999,-999,-999,-999,-999,-999,"Carey, J.R. and D.S. Judge, 2002"
Reptilia,Crocodilia,Crocodylidae,Crocodylus,acutus,-999,American crocodile,-999,-999,-999,-999,-999,-999,-999,-999,-999,-999,-999,-999,-999,-999,-999,-999,-999,-999,75,-999,-999,-999,-999,-999,-999,-999,-999,-999,"Alderton, D., 1991"
Reptilia,Crocodilia,Crocodylidae,Crocodylus,acutus,-999,American crocodile,-999,-999,-999,-999,-999,-999,-999,-999,-999,113,-999,-999,-999,-999,-999,-999,-999,-999,-999,-999,-999,-999,-999,-999,-999,-999,-999,-999,"Werner, J., 2010"
Reptilia,Crocodilia,Crocodylidae,Crocodylus,acutus,-999,American crocodile,-999,-999,-999,-999,-999,-999,-999,-999,-999,-999,-999,-999,-999,-999,-999,-999,-999,50,-999,-999,-999,-999,-999,-999,-999,-999,-999,-999,"Alderton, D., 1991"
Reptilia,Crocodilia,Crocodylidae,Crocodylus,acutus,-999,American crocodile,-999,-999,-999,-999,-999,-999,-999,-999,-999,-999,90,-999,-999,-999,-999,-999,-999,-999,-999,-999,-999,-999,-999,-999,-999,-999,-999,-999,"Brazaitis, P., Watanabe, M., 2011"
Reptilia,Crocodilia,Crocodylidae,Crocodylus,acutus,-999,American crocodile,-999,-999,-999,-999,-999,-999,-999,-999,-999,-999,100,-999,-999,-999,-999,-999,-999,-999,-999,-999,-999,-999,-999,-999,-999,-999,-999,-999,"Brazaitis, P., Watanabe, M., 2011"
Reptilia,Crocodilia,Crocodylidae,Crocodylus,acutus,-999,American crocodile,-999,-999,-999,-999,-999,-999,-999,-999,-999,-999,91.29,-999,-999,-999,-999,-999,-999,-999,-999,-999,-999,-999,-999,-999,-999,-999,-999,-999,"Alderton, D., 1991"
Reptilia,Crocodilia,Crocodylidae,Crocodylus,acutus,-999,American crocodile,-999,-999,-999,-999,-999,-999,-999,-999,-999,-999,95,-999,-999,-999,-999,-999,-999,-999,-999,-999,-999,-999,-999,-999,-999,-999,-999,-999,"Brazaitis, P., Watanabe, M., 2011"
Reptilia,Crocodilia,Crocodylidae,Crocodylus,acutus,-999,American crocodile,-999,30,-999,-999,-999,-999,-999,-999,-999,-999,-999,-999,-999,-999,-999,-999,-999,-999,-999,-999,-999,-999,-999,-999,-999,-999,-999,-999,"Brazaitis, P., Watanabe, M., 2011"
Reptilia,Crocodilia,Crocodylidae,Crocodylus,acutus,-999,American crocodile,-999,60,-999,-999,-999,-999,-999,-999,-999,-999,-999,-999,-999,-999,-999,-999,-999,-999,-999,-999,-999,-999,-999,-999,-999,-999,-999,-999,"Brazaitis, P., Watanabe, M., 2011"
Reptilia,Crocodilia,Crocodylidae,Crocodylus,acutus,-999,American crocodile,-999,40,-999,-999,-999,-999,-999,-999,-999,-999,-999,-999,-999,-999,-999,-999,-999,-999,-999,-999,-999,-999,-999,-999,-999,-999,-999,-999,"Alderton, D., 1991"
Reptilia,Crocodilia,Crocodylidae,Crocodylus,acutus,-999,American crocodile,-999,80,-999,-999,-999,-999,-999,-999,-999,-999,-999,-999,-999,-999,-999,-999,-999,-999,-999,-999,-999,-999,-999,-999,-999,-999,-999,-999,"Alderton, D., 1991"
Reptilia,Crocodilia,Crocodylidae,Crocodylus,acutus,-999,American crocodile,-999,35,-999,-999,-999,-999,-999,-999,-999,-999,-999,-999,-999,-999,-999,-999,-999,-999,-999,-999,-999,-999,-999,-999,-999,-999,-999,-999,"Behler, J.L., King, F.W., 1979"
Reptilia,Crocodilia,Crocodylidae,Crocodylus,acutus,-999,American crocodile,-999,50,-999,-999,-999,-999,-999,-999,-999,-999,-999,-999,-999,-999,-999,-999,-999,-999,-999,-999,-999,-999,-999,-999,-999,-999,-999,-999,"Behler, J.L., King, F.W., 1979"
Reptilia,Crocodilia,Crocodylidae,Crocodylus,acutus,-999,American crocodile,-999,45,-999,-999,-999,-999,-999,-999,-999,-999,-999,-999,-999,-999,-999,-999,-999,-999,-999,-999,-999,-999,-999,-999,-999,-999,-999,-999,"Brazaitis, P., Watanabe, M., 2011"
Reptilia,Crocodilia,Crocodylidae,Crocodylus,acutus,-999,American crocodile,-999,-999,-999,-999,-999,-999,-999,-999,-999,-999,-999,-999,-999,-999,-999,-999,76700,-999,-999,-999,-999,-999,-999,-999,-999,-999,-999,-999,"Werner, J., 2010"
Reptilia,Crocodilia,Crocodylidae,Crocodylus,niloticus,-999,Nile crocodile,-999,-999,-999,-999,43.8,-999,-999,-999,-999,-999,-999,-999,-999,-999,-999,-999,-999,-999,-999,-999,-999,-999,-999,-999,-999,-999,-999,-999,"de Magalhaes and Costa, 2009"
Reptilia,Crocodilia,Crocodylidae,Crocodylus,niloticus,-999,Nile crocodile,-999,-999,-999,-999,43.8,-999,-999,-999,-999,-999,-999,-999,-999,-999,-999,-999,-999,-999,-999,-999,-999,-999,-999,-999,-999,-999,-999,-999,"Ricklefs, 2010b"
Reptilia,Crocodilia,Crocodylidae,Crocodylus,niloticus,-999,Nile crocodile,-999,45,-999,-999,-999,-999,-999,-999,-999,-999,-999,-999,-999,-999,-999,-999,-999,-999,-999,-999,-999,-999,-999,-999,-999,-999,-999,-999,"IUCN, 1989"
Reptilia,Crocodilia,Crocodylidae,Crocodylus,niloticus,-999,Nile crocodile,2922,-999,-999,-999,-999,-999,-999,-999,-999,-999,-999,-999,-999,-999,-999,-999,-999,-999,-999,-999,-999,-999,-999,-999,-999,-999,-999,-999,"IUCN, 1989"
Reptilia,Crocodilia,Crocodylidae,Crocodylus,niloticus,-999,Nile crocodile,10957.5,-999,-999,-999,-999,-999,-999,-999,-999,-999,-999,-999,-999,-999,-999,-999,-999,-999,-999,-999,-999,-999,-999,-999,-999,-999,-999,-999,"IUCN, 1989"
Reptilia,Crocodilia,Crocodylidae,Crocodylus,niloticus,-999,Nile crocodile,-999,-999,-999,-999,-999,-999,-999,-999,-999,-999,90,-999,-999,-999,-999,-999,-999,-999,-999,-999,-999,-999,-999,-999,-999,-999,-999,-999,"IUCN, 1989"
Reptilia,Crocodilia,Crocodylidae,Crocodylus,niloticus,-999,Nile crocodile,-999,-999,1,-999,-999,-999,-999,-999,-999,-999,-999,-999,-999,-999,-999,-999,-999,-999,-999,-999,-999,-999,-999,-999,-999,-999,-999,-999,"Modha, 1967"
Reptilia,Crocodilia,Crocodylidae,Crocodylus,niloticus,-999,Nile crocodile,-999,-999,-999,-999,-999,-999,-999,-999,-999,83.7,-999,-999,-999,-999,-999,-999,-999,-999,-999,-999,-999,-999,-999,-999,-999,-999,-999,-999,"Modha, 1967"
Reptilia,Crocodilia,Crocodylidae,Crocodylus,niloticus,-999,Nile crocodile,-999,-999,-999,-999,-999,-999,-999,-999,-999,126.6,-999,-999,-999,-999,-999,-999,-999,-999,-999,-999,-999,-999,-999,-999,-999,-999,-999,-999,"Modha, 1967"
Reptilia,Crocodilia,Crocodylidae,Crocodylus,niloticus,-999,Nile crocodile,-999,14,-999,-999,-999,-999,-999,-999,-999,-999,-999,-999,-999,-999,-999,-999,-999,-999,-999,-999,-999,-999,-999,-999,-999,-999,-999,-999,"Modha, 1967"
Reptilia,Crocodilia,Crocodylidae,Crocodylus,niloticus,-999,Nile crocodile,-999,33,-999,-999,-999,-999,-999,-999,-999,-999,-999,-999,-999,-999,-999,-999,-999,-999,-999,-999,-999,-999,-999,-999,-999,-999,-999,-999,"Modha, 1967"
Reptilia,Crocodilia,Crocodylidae,Crocodylus,niloticus,-999,Nile crocodile,-999,46,-999,-999,-999,-999,-999,-999,-999,-999,-999,-999,-999,-999,-999,-999,-999,-999,-999,-999,-999,-999,-999,-999,-999,-999,-999,-999,"Modha, 1967"
Reptilia,Crocodilia,Crocodylidae,Crocodylus,niloticus,-999,Nile crocodile,-999,-999,-999,-999,-999,-999,-999,76.8,-999,-999,-999,-999,-999,-999,-999,-999,-999,-999,-999,-999,-999,-999,-999,-999,-999,-999,-999,-999,"Modha, 1967"
Reptilia,Crocodilia,Crocodylidae,Crocodylus,niloticus,-999,Nile crocodile,-999,-999,-999,-999,64,-999,-999,-999,-999,-999,-999,-999,-999,-999,-999,-999,-999,-999,-999,-999,-999,-999,-999,-999,-999,-999,-999,-999,"Thorbjarnarson and Wang, 2010"
Reptilia,Crocodilia,Crocodylidae,Crocodylus,niloticus,-999,Nile crocodile,-999,-999,-999,200000,-999,-999,-999,-999,-999,-999,-999,-999,-999,-999,-999,-999,-999,-999,-999,-999,-999,-999,-999,-999,-999,-999,-999,-999,"Seymour, 1979"
Reptilia,Crocodilia,Crocodylidae,Crocodylus,niloticus,-999,Nile crocodile,-999,60,-999,-999,-999,-999,-999,-999,-999,-999,-999,-999,-999,-999,-999,-999,-999,-999,-999,-999,-999,-999,-999,-999,-999,-999,-999,-999,"Seymour, 1979"
Reptilia,Crocodilia,Crocodylidae,Crocodylus,niloticus,-999,Nile crocodile,-999,47.60037348,1,94200,-999,-999,-999,-999,-999,107.1,-999,-999,-999,-999,-999,-999,94200,-999,-999,-999,-999,-999,-999,-999,-999,-999,-999,-999,"Werner and Griebeler, 2013"
Reptilia,Crocodilia,Crocodylidae,Crocodylus,niloticus,-999,Nile crocodile,-999,47.6,-999,94200,-999,-999,-999,-999,-999,107.1,-999,-999,-999,-999,94200,-999,94200,-999,-999,-999,-999,-999,-999,-999,-999,-999,-999,-999,"Thorbjarnarson,  1996"
Reptilia,Crocodilia,Crocodylidae,Crocodylus,niloticus,-999,Nile crocodile,-999,9,-999,-999,-999,-999,-999,-999,-999,-999,77,-999,-999,-999,-999,-999,-999,-999,-999,-999,-999,-999,-999,-999,-999,-999,-999,-999,Reptile Incubation book
Reptilia,Crocodilia,Crocodylidae,Crocodylus,niloticus,-999,Nile crocodile,-999,100,-999,-999,-999,-999,-999,-999,-999,-999,108,-999,-999,-999,-999,-999,-999,-999,-999,-999,-999,-999,-999,-999,-999,-999,-999,-999,Reptile Incubation book
Reptilia,Crocodilia,Crocodylidae,Crocodylus,niloticus,-999,Nile crocodile,-999,-999,-999,-999,-999,-999,-999,-999,-999,86.4,89,-999,-999,-999,-999,-999,-999,-999,-999,-999,-999,-999,-999,-999,-999,-999,-999,-999,"Birchard, G. and D. Marcellini, 1996"
Reptilia,Crocodilia,Crocodylidae,Crocodylus,niloticus,-999,Nile crocodile,-999,-999,-999,-999,9,-999,-999,-999,-999,-999,-999,-999,-999,-999,-999,-999,-999,-999,-999,-999,-999,-999,-999,-999,-999,-999,-999,-999,"Carey, J.R. and D.S. Judge, 2002"
Reptilia,Crocodilia,Crocodylidae,Crocodylus,niloticus,-999,Nile crocodile,-999,-999,-999,-999,15,-999,-999,-999,-999,-999,-999,-999,-999,-999,-999,-999,-999,-999,-999,-999,-999,-999,-999,-999,-999,-999,-999,-999,"Carey, J.R. and D.S. Judge, 2002"
Reptilia,Crocodilia,Crocodylidae,Crocodylus,niloticus,-999,Nile crocodile,-999,-999,-999,-999,18.4,-999,-999,-999,-999,-999,-999,-999,-999,-999,-999,-999,-999,-999,-999,-999,-999,-999,-999,-999,-999,-999,-999,-999,"Carey, J.R. and D.S. Judge, 2002"
Reptilia,Crocodilia,Crocodylidae,Crocodylus,niloticus,-999,Nile crocodile,-999,-999,-999,-999,-999,-999,-999,-999,-999,107,-999,-999,-999,-999,-999,-999,-999,-999,-999,-999,-999,-999,-999,-999,-999,-999,-999,-999,"Werner, J., 2010"
Reptilia,Crocodilia,Crocodylidae,Crocodylus,niloticus,-999,Nile crocodile,-999,-999,-999,-999,-999,-999,-999,-999,-999,-999,90,-999,-999,-999,-999,-999,-999,-999,-999,-999,-999,-999,-999,-999,-999,-999,-999,-999,"Brazaitis, P., Watanabe, M., 2011"
Reptilia,Crocodilia,Crocodylidae,Crocodylus,niloticus,-999,Nile crocodile,-999,-999,-999,-999,-999,-999,-999,-999,-999,-999,100,-999,-999,-999,-999,-999,-999,-999,-999,-999,-999,-999,-999,-999,-999,-999,-999,-999,"Brazaitis, P., Watanabe, M., 2011"
Reptilia,Crocodilia,Crocodylidae,Crocodylus,niloticus,-999,Nile crocodile,-999,-999,-999,-999,-999,-999,-999,-999,-999,-999,95,-999,-999,-999,-999,-999,-999,-999,-999,-999,-999,-999,-999,-999,-999,-999,-999,-999,"Brazaitis, P., Watanabe, M., 2011"
Reptilia,Crocodilia,Crocodylidae,Crocodylus,niloticus,-999,Nile crocodile,-999,25,-999,-999,-999,-999,-999,-999,-999,-999,-999,-999,-999,-999,-999,-999,-999,-999,-999,-999,-999,-999,-999,-999,-999,-999,-999,-999,"Brazaitis, P., Watanabe, M., 2011"
Reptilia,Crocodilia,Crocodylidae,Crocodylus,niloticus,-999,Nile crocodile,-999,80,-999,-999,-999,-999,-999,-999,-999,-999,-999,-999,-999,-999,-999,-999,-999,-999,-999,-999,-999,-999,-999,-999,-999,-999,-999,-999,"Brazaitis, P., Watanabe, M., 2011"
Reptilia,Crocodilia,Crocodylidae,Crocodylus,niloticus,-999,Nile crocodile,-999,16,-999,-999,-999,-999,-999,-999,-999,-999,-999,-999,-999,-999,-999,-999,-999,-999,-999,-999,-999,-999,-999,-999,-999,-999,-999,-999,"Alderton, D., 1991"
Reptilia,Crocodilia,Crocodylidae,Crocodylus,niloticus,-999,Nile crocodile,-999,80,-999,-999,-999,-999,-999,-999,-999,-999,-999,-999,-999,-999,-999,-999,-999,-999,-999,-999,-999,-999,-999,-999,-999,-999,-999,-999,"Alderton, D., 1991"
Reptilia,Crocodilia,Crocodylidae,Crocodylus,niloticus,-999,Nile crocodile,-999,52.5,-999,-999,-999,-999,-999,-999,-999,-999,-999,-999,-999,-999,-999,-999,-999,-999,-999,-999,-999,-999,-999,-999,-999,-999,-999,-999,"Brazaitis, P., Watanabe, M., 2011"
Reptilia,Crocodilia,Crocodylidae,Crocodylus,niloticus,-999,Nile crocodile,-999,-999,-999,-999,-999,-999,-999,-999,-999,-999,-999,-999,-999,-999,-999,-999,94200,-999,-999,-999,-999,-999,-999,-999,-999,-999,-999,-999,"Werner, J., 2010"
Reptilia,Crocodilia,Crocodylidae,Crocodylus,niloticus,-999,Nile crocodile,-999,-999,-999,-999,-999,-999,-999,-999,-999,-999,-999,-999,-999,-999,-999,-999,-999,-999,-999,-999,-999,-999,-999,-999,-999,-999,-999,4382.88,"Alderton, D., 1991"
Reptilia,Crocodilia,Crocodylidae,Crocodylus,niloticus,-999,Nile crocodile,-999,-999,-999,-999,-999,-999,-999,-999,-999,-999,-999,-999,-999,-999,-999,-999,-999,-999,-999,-999,-999,-999,-999,-999,-999,-999,-999,5478.6,"Alderton, D., 1991"
Reptilia,Crocodilia,Crocodylidae,Osteolaemus,tetraspis,-999,"Dwarf crocodile, West African dwarf crocodile, Broad-nosed crocodile",1825,10,-999,40000,69,-999,-999,-999,-999,-999,-999,-999,1825,-999,-999,-999,-999,-999,-999,-999,-999,-999,-999,-999,-999,-999,-999,-999,"de Magalhaes and Costa, 2009"
Reptilia,Crocodilia,Crocodylidae,Osteolaemus,tetraspis,-999,"Dwarf crocodile, West African dwarf crocodile, Broad-nosed crocodile",-999,10,-999,-999,-999,-999,-999,-999,-999,-999,-999,-999,-999,-999,-999,-999,-999,-999,-999,-999,-999,-999,-999,-999,-999,-999,-999,-999,"IUCN, 1989"
Reptilia,Crocodilia,Crocodylidae,Osteolaemus,tetraspis,-999,"Dwarf crocodile, West African dwarf crocodile, Broad-nosed crocodile",-999,-999,-999,-999,-999,-999,-999,-999,-999,-999,100,-999,-999,-999,-999,-999,-999,-999,-999,-999,-999,-999,-999,-999,-999,-999,-999,-999,"IUCN, 1989"
Reptilia,Crocodilia,Crocodylidae,Osteolaemus,tetraspis,-999,"Dwarf crocodile, West African dwarf crocodile, Broad-nosed crocodile",-999,-999,-999,-999,-999,-999,-999,-999,-999,-999,84,-999,-999,-999,-999,-999,-999,-999,-999,-999,-999,-999,-999,-999,-999,-999,-999,-999,"IUCN, 1989"
Reptilia,Crocodilia,Crocodylidae,Osteolaemus,tetraspis,-999,"Dwarf crocodile, West African dwarf crocodile, Broad-nosed crocodile",-999,-999,-999,-999,-999,-999,-999,-999,-999,-999,118,-999,-999,-999,-999,-999,-999,-999,-999,-999,-999,-999,-999,-999,-999,-999,-999,-999,"IUCN, 1989"
Reptilia,Crocodilia,Crocodylidae,Osteolaemus,tetraspis,-999,"Dwarf crocodile, West African dwarf crocodile, Broad-nosed crocodile",-999,-999,-999,-999,-999,-999,-999,-999,-999,-999,109,-999,-999,-999,-999,-999,-999,-999,-999,-999,-999,-999,-999,-999,-999,-999,-999,-999,"IUCN, 1989"
Reptilia,Crocodilia,Crocodylidae,Osteolaemus,tetraspis,-999,"Dwarf crocodile, West African dwarf crocodile, Broad-nosed crocodile",-999,-999,-999,-999,-999,-999,-999,-999,-999,-999,-999,-999,-999,-999,-999,-999,-999,-999,-999,-999,-999,-999,-999,27.93,-999,-999,-999,-999,"IUCN, 1989"
Reptilia,Crocodilia,Crocodylidae,Osteolaemus,tetraspis,-999,"Dwarf crocodile, West African dwarf crocodile, Broad-nosed crocodile",-999,-999,1,-999,-999,-999,-999,-999,-999,-999,-999,-999,-999,-999,-999,-999,-999,-999,-999,-999,-999,-999,-999,-999,-999,-999,-999,-999,"Kofron, C.P. and C. Steiner, 1994"
Reptilia,Crocodilia,Crocodylidae,Osteolaemus,tetraspis,-999,"Dwarf crocodile, West African dwarf crocodile, Broad-nosed crocodile",-999,6,-999,-999,-999,-999,-999,-999,-999,-999,-999,-999,-999,-999,-999,-999,-999,-999,-999,-999,-999,-999,-999,-999,-999,-999,-999,-999,"Kofron, C.P. and C. Steiner, 1994"
Reptilia,Crocodilia,Crocodylidae,Osteolaemus,tetraspis,-999,"Dwarf crocodile, West African dwarf crocodile, Broad-nosed crocodile",-999,11,-999,-999,-999,-999,-999,-999,-999,-999,-999,-999,-999,-999,-999,-999,-999,-999,-999,-999,-999,-999,-999,-999,-999,-999,-999,-999,"Kofron, C.P. and C. Steiner, 1994"
Reptilia,Crocodilia,Crocodylidae,Osteolaemus,tetraspis,-999,"Dwarf crocodile, West African dwarf crocodile, Broad-nosed crocodile",-999,17,-999,-999,-999,-999,-999,-999,-999,-999,-999,-999,-999,-999,-999,-999,-999,-999,-999,-999,-999,-999,-999,-999,-999,-999,-999,-999,"Kofron, C.P. and C. Steiner, 1994"
Reptilia,Crocodilia,Crocodylidae,Osteolaemus,tetraspis,-999,"Dwarf crocodile, West African dwarf crocodile, Broad-nosed crocodile",-999,12.3,1,18800,-999,-999,-999,-999,-999,55,-999,-999,-999,-999,-999,-999,18800,-999,-999,-999,-999,-999,-999,-999,-999,-999,-999,-999,"Werner and Griebeler, 2013"
Reptilia,Crocodilia,Crocodylidae,Osteolaemus,tetraspis,-999,"Dwarf crocodile, West African dwarf crocodile, Broad-nosed crocodile",-999,12.3,-999,18800,-999,-999,-999,-999,-999,55,-999,-999,-999,-999,18800,-999,18800,-999,-999,-999,-999,-999,-999,-999,-999,-999,-999,-999,"Thorbjarnarson,  1996"
Reptilia,Crocodilia,Crocodylidae,Osteolaemus,tetraspis,-999,"Dwarf crocodile, West African dwarf crocodile, Broad-nosed crocodile",-999,6,-999,-999,-999,-999,-999,-999,-999,-999,82,-999,-999,-999,-999,-999,-999,-999,-999,-999,-999,-999,-999,-999,-999,-999,-999,-999,Reptile Incubation book
Reptilia,Crocodilia,Crocodylidae,Osteolaemus,tetraspis,-999,"Dwarf crocodile, West African dwarf crocodile, Broad-nosed crocodile",-999,21,-999,-999,-999,-999,-999,-999,-999,-999,126,-999,-999,-999,-999,-999,-999,-999,-999,-999,-999,-999,-999,-999,-999,-999,-999,-999,Reptile Incubation book
Reptilia,Crocodilia,Crocodylidae,Osteolaemus,tetraspis,-999,"Dwarf crocodile, West African dwarf crocodile, Broad-nosed crocodile",-999,-999,-999,-999,15,-999,-999,-999,-999,-999,-999,-999,-999,-999,-999,-999,-999,-999,-999,-999,-999,-999,-999,-999,-999,-999,-999,-999,"Carey, J.R. and D.S. Judge, 2002"
Reptilia,Crocodilia,Crocodylidae,Osteolaemus,tetraspis,-999,"Dwarf crocodile, West African dwarf crocodile, Broad-nosed crocodile",-999,-999,-999,-999,42.2,-999,-999,-999,-999,-999,-999,-999,-999,-999,-999,-999,-999,-999,-999,-999,-999,-999,-999,-999,-999,-999,-999,-999,"Carey, J.R. and D.S. Judge, 2002"
Reptilia,Crocodilia,Crocodylidae,Osteolaemus,tetraspis,-999,"Dwarf crocodile, West African dwarf crocodile, Broad-nosed crocodile",-999,-999,-999,-999,-999,-999,-999,-999,-999,-999,-999,-999,-999,-999,-999,-999,-999,-999,70,-999,-999,-999,-999,-999,-999,-999,-999,-999,"Alderton, D., 1991"
Reptilia,Crocodilia,Crocodylidae,Osteolaemus,tetraspis,-999,"Dwarf crocodile, West African dwarf crocodile, Broad-nosed crocodile",-999,-999,-999,-999,-999,-999,-999,-999,-999,55,-999,-999,-999,-999,-999,-999,-999,-999,-999,-999,-999,-999,-999,-999,-999,-999,-999,-999,"Werner, J., 2010"
Reptilia,Crocodilia,Crocodylidae,Osteolaemus,tetraspis,-999,"Dwarf crocodile, West African dwarf crocodile, Broad-nosed crocodile",-999,-999,-999,-999,-999,-999,-999,-999,-999,-999,85,-999,-999,-999,-999,-999,-999,-999,-999,-999,-999,-999,-999,-999,-999,-999,-999,-999,"Brazaitis, P., Watanabe, M., 2011"
Reptilia,Crocodilia,Crocodylidae,Osteolaemus,tetraspis,-999,"Dwarf crocodile, West African dwarf crocodile, Broad-nosed crocodile",-999,-999,-999,-999,-999,-999,-999,-999,-999,-999,105,-999,-999,-999,-999,-999,-999,-999,-999,-999,-999,-999,-999,-999,-999,-999,-999,-999,"Brazaitis, P., Watanabe, M., 2011"
Reptilia,Crocodilia,Crocodylidae,Osteolaemus,tetraspis,-999,"Dwarf crocodile, West African dwarf crocodile, Broad-nosed crocodile",-999,-999,-999,-999,-999,-999,-999,-999,-999,-999,84,-999,-999,-999,-999,-999,-999,-999,-999,-999,-999,-999,-999,-999,-999,-999,-999,-999,"Alderton, D., 1991"
Reptilia,Crocodilia,Crocodylidae,Osteolaemus,tetraspis,-999,"Dwarf crocodile, West African dwarf crocodile, Broad-nosed crocodile",-999,-999,-999,-999,-999,-999,-999,-999,-999,-999,95,-999,-999,-999,-999,-999,-999,-999,-999,-999,-999,-999,-999,-999,-999,-999,-999,-999,"Brazaitis, P., Watanabe, M., 2011"
Reptilia,Crocodilia,Crocodylidae,Osteolaemus,tetraspis,-999,"Dwarf crocodile, West African dwarf crocodile, Broad-nosed crocodile",-999,10,-999,-999,-999,-999,-999,-999,-999,-999,-999,-999,-999,-999,-999,-999,-999,-999,-999,-999,-999,-999,-999,-999,-999,-999,-999,-999,"Brazaitis, P., Watanabe, M., 2011"
Reptilia,Crocodilia,Crocodylidae,Osteolaemus,tetraspis,-999,"Dwarf crocodile, West African dwarf crocodile, Broad-nosed crocodile",-999,20,-999,-999,-999,-999,-999,-999,-999,-999,-999,-999,-999,-999,-999,-999,-999,-999,-999,-999,-999,-999,-999,-999,-999,-999,-999,-999,"Brazaitis, P., Watanabe, M., 2011"
Reptilia,Crocodilia,Crocodylidae,Osteolaemus,tetraspis,-999,"Dwarf crocodile, West African dwarf crocodile, Broad-nosed crocodile",-999,10,-999,-999,-999,-999,-999,-999,-999,-999,-999,-999,-999,-999,-999,-999,-999,-999,-999,-999,-999,-999,-999,-999,-999,-999,-999,-999,"Alderton, D., 1991"
Reptilia,Crocodilia,Crocodylidae,Osteolaemus,tetraspis,-999,"Dwarf crocodile, West African dwarf crocodile, Broad-nosed crocodile",-999,17,-999,-999,-999,-999,-999,-999,-999,-999,-999,-999,-999,-999,-999,-999,-999,-999,-999,-999,-999,-999,-999,-999,-999,-999,-999,-999,"Alderton, D., 1991"
Reptilia,Crocodilia,Crocodylidae,Osteolaemus,tetraspis,-999,"Dwarf crocodile, West African dwarf crocodile, Broad-nosed crocodile",-999,15,-999,-999,-999,-999,-999,-999,-999,-999,-999,-999,-999,-999,-999,-999,-999,-999,-999,-999,-999,-999,-999,-999,-999,-999,-999,-999,"Brazaitis, P., Watanabe, M., 2011"
Reptilia,Crocodilia,Crocodylidae,Osteolaemus,tetraspis,-999,"Dwarf crocodile, West African dwarf crocodile, Broad-nosed crocodile",-999,-999,-999,-999,-999,-999,-999,-999,-999,-999,-999,-999,-999,-999,-999,-999,18800,-999,-999,-999,-999,-999,-999,-999,-999,-999,-999,-999,"Werner, J., 2010"
Reptilia,Crocodilia,Gavialidae,Gavialis,gangeticus,-999,Gharial,-999,-999,-999,-999,28.8,-999,-999,-999,-999,-999,-999,-999,-999,-999,-999,-999,-999,-999,-999,-999,-999,-999,-999,-999,-999,-999,-999,-999,"de Magalhaes and Costa, 2009"
Reptilia,Crocodilia,Gavialidae,Gavialis,gangeticus,-999,Gharial,-999,-999,-999,-999,-999,-999,-999,-999,-999,-999,60,-999,-999,-999,-999,-999,-999,-999,-999,-999,-999,-999,-999,-999,-999,-999,-999,-999,"Rao, 2006"
Reptilia,Crocodilia,Gavialidae,Gavialis,gangeticus,-999,Gharial,-999,-999,-999,-999,-999,-999,-999,-999,-999,-999,80,-999,-999,-999,-999,-999,-999,-999,-999,-999,-999,-999,-999,-999,-999,-999,-999,-999,"Rao, 2006"
Reptilia,Crocodilia,Gavialidae,Gavialis,gangeticus,-999,Gharial,-999,-999,1,-999,-999,-999,-999,-999,-999,-999,-999,-999,-999,-999,-999,-999,-999,-999,-999,-999,-999,-999,-999,-999,-999,-999,-999,-999,"Rao, 2006"
Reptilia,Crocodilia,Gavialidae,Gavialis,gangeticus,-999,Gharial,-999,36.51,-999,-999,-999,-999,-999,-999,-999,-999,-999,-999,-999,-999,-999,-999,-999,-999,-999,-999,-999,-999,-999,-999,-999,-999,-999,-999,"Hussain, S.A., 1999"
Reptilia,Crocodilia,Gavialidae,Gavialis,gangeticus,-999,Gharial,-999,-999,1,-999,-999,-999,-999,-999,-999,-999,-999,-999,-999,-999,-999,-999,-999,-999,-999,-999,-999,-999,-999,-999,-999,-999,-999,-999,"Hussain, S.A., 1999"
Reptilia,Crocodilia,Gavialidae,Gavialis,gangeticus,-999,Gharial,-999,-999,-999,-999,-999,-999,-999,-999,-999,160,-999,-999,-999,-999,-999,-999,-999,-999,-999,-999,-999,-999,-999,-999,-999,-999,-999,-999,"Stevenson, C. and R. Whitaker, 2010"
Reptilia,Crocodilia,Gavialidae,Gavialis,gangeticus,-999,Gharial,-999,30,-999,-999,-999,-999,-999,-999,-999,-999,-999,-999,-999,-999,-999,-999,-999,-999,-999,-999,-999,-999,-999,-999,-999,-999,-999,-999,"Stevenson, C. and R. Whitaker, 2010"
Reptilia,Crocodilia,Gavialidae,Gavialis,gangeticus,-999,Gharial,-999,50,-999,-999,-999,-999,-999,-999,-999,-999,-999,-999,-999,-999,-999,-999,-999,-999,-999,-999,-999,-999,-999,-999,-999,-999,-999,-999,"Stevenson, C. and R. Whitaker, 2010"
Reptilia,Crocodilia,Gavialidae,Gavialis,gangeticus,-999,Gharial,-999,-999,-999,-999,-999,-999,-999,-999,-999,-999,-999,-999,-999,-999,-999,-999,-999,-999,-999,-999,-999,-999,-999,-999,300,-999,-999,-999,"Stevenson, C. and R. Whitaker, 2010"
Reptilia,Crocodilia,Gavialidae,Gavialis,gangeticus,-999,Gharial,-999,34.4,-999,-999,-999,-999,-999,-999,-999,-999,-999,-999,-999,-999,-999,-999,-999,-999,-999,-999,-999,-999,-999,-999,-999,-999,-999,-999,"Ballouard et al., 2010"
Reptilia,Crocodilia,Gavialidae,Gavialis,gangeticus,-999,Gharial,-999,37,-999,-999,-999,-999,-999,-999,-999,-999,-999,-999,-999,-999,-999,-999,-999,-999,-999,-999,-999,-999,-999,-999,-999,-999,-999,-999,"Ballouard et al., 2010"
Reptilia,Crocodilia,Gavialidae,Gavialis,gangeticus,-999,Gharial,-999,-999,-999,-999,-999,-999,-999,-999,-999,-999,-999,-999,-999,-999,-999,-999,-999,-999,-999,-999,-999,-999,-999,-999,-999,-999,-999,4748.25,"Ballouard et al., 2010"
Reptilia,Crocodilia,Gavialidae,Gavialis,gangeticus,-999,Gharial,-999,-999,-999,-999,-999,-999,-999,-999,-999,-999,-999,-999,-999,-999,-999,-999,-999,-999,-999,-999,-999,-999,-999,-999,-999,-999,-999,5113.5,"Ballouard et al., 2010"
Reptilia,Crocodilia,Gavialidae,Gavialis,gangeticus,-999,Gharial,-999,14,-999,-999,-999,-999,-999,-999,-999,-999,-999,-999,-999,-999,-999,-999,-999,-999,-999,-999,-999,-999,-999,-999,-999,-999,-999,-999,"Khadka, M., Kafley, H., and B.P. Thapaliya, 2008"
Reptilia,Crocodilia,Gavialidae,Gavialis,gangeticus,-999,Gharial,-999,62,-999,-999,-999,-999,-999,-999,-999,-999,-999,-999,-999,-999,-999,-999,-999,-999,-999,-999,-999,-999,-999,-999,-999,-999,-999,-999,"Khadka, M., Kafley, H., and B.P. Thapaliya, 2008"
Reptilia,Crocodilia,Gavialidae,Gavialis,gangeticus,-999,Gharial,-999,-999,-999,-999,100,-999,-999,-999,-999,-999,-999,-999,-999,-999,-999,-999,-999,-999,-999,-999,-999,-999,-999,-999,-999,-999,-999,-999,"Khadka, M., Kafley, H., and B.P. Thapaliya, 2008"
Reptilia,Crocodilia,Gavialidae,Gavialis,gangeticus,-999,Gharial,-999,-999,-999,-999,-999,-999,-999,-999,-999,-999,-999,-999,-999,-999,-999,-999,-999,-999,-999,-999,-999,-999,-999,-999,-999,-999,-999,5844,"Khadka, M., Kafley, H., and B.P. Thapaliya, 2008"
Reptilia,Crocodilia,Gavialidae,Gavialis,gangeticus,-999,Gharial,-999,38.90024783,1,147000,-999,-999,-999,-999,-999,161.4,-999,-999,-999,-999,-999,-999,147000,-999,-999,-999,-999,-999,-999,-999,-999,-999,-999,-999,"Werner and Griebeler, 2013"
Reptilia,Crocodilia,Gavialidae,Gavialis,gangeticus,-999,Gharial,-999,6,-999,-999,-999,-999,-999,-999,-999,-999,57,-999,-999,-999,-999,-999,-999,-999,-999,-999,-999,-999,-999,-999,-999,-999,-999,-999,Reptile Incubation book
Reptilia,Crocodilia,Gavialidae,Gavialis,gangeticus,-999,Gharial,-999,95,-999,-999,-999,-999,-999,-999,-999,-999,94,-999,-999,-999,-999,-999,-999,-999,-999,-999,-999,-999,-999,-999,-999,-999,-999,-999,Reptile Incubation book
Reptilia,Crocodilia,Gavialidae,Gavialis,gangeticus,-999,Gharial,-999,-999,-999,-999,-999,-999,-999,-999,-999,119,72,-999,-999,-999,-999,-999,-999,-999,-999,-999,-999,-999,-999,-999,-999,-999,-999,-999,"Birchard, G. and D. Marcellini, 1996"
Reptilia,Crocodilia,Gavialidae,Gavialis,gangeticus,-999,Gharial,-999,-999,-999,-999,27.8,-999,-999,-999,-999,-999,-999,-999,-999,-999,-999,-999,-999,-999,-999,-999,-999,-999,-999,-999,-999,-999,-999,-999,"Carey, J.R. and D.S. Judge, 2002"
Reptilia,Crocodilia,Gavialidae,Gavialis,gangeticus,-999,Gharial,-999,-999,-999,-999,-999,-999,-999,-999,-999,161,-999,-999,-999,-999,-999,-999,-999,-999,-999,-999,-999,-999,-999,-999,-999,-999,-999,-999,"Werner, J., 2010"
Reptilia,Crocodilia,Gavialidae,Gavialis,gangeticus,-999,Gharial,-999,-999,-999,-999,-999,-999,-999,-999,-999,-999,85,-999,-999,-999,-999,-999,-999,-999,-999,-999,-999,-999,-999,-999,-999,-999,-999,-999,"Brazaitis, P., Watanabe, M., 2011"
Reptilia,Crocodilia,Gavialidae,Gavialis,gangeticus,-999,Gharial,-999,-999,-999,-999,-999,-999,-999,-999,-999,-999,90,-999,-999,-999,-999,-999,-999,-999,-999,-999,-999,-999,-999,-999,-999,-999,-999,-999,"Brazaitis, P., Watanabe, M., 2011"
Reptilia,Crocodilia,Gavialidae,Gavialis,gangeticus,-999,Gharial,-999,-999,-999,-999,-999,-999,-999,-999,-999,-999,87.5,-999,-999,-999,-999,-999,-999,-999,-999,-999,-999,-999,-999,-999,-999,-999,-999,-999,"Brazaitis, P., Watanabe, M., 2011"
Reptilia,Crocodilia,Gavialidae,Gavialis,gangeticus,-999,Gharial,-999,30,-999,-999,-999,-999,-999,-999,-999,-999,-999,-999,-999,-999,-999,-999,-999,-999,-999,-999,-999,-999,-999,-999,-999,-999,-999,-999,"Brazaitis, P., Watanabe, M., 2011"
Reptilia,Crocodilia,Gavialidae,Gavialis,gangeticus,-999,Gharial,-999,50,-999,-999,-999,-999,-999,-999,-999,-999,-999,-999,-999,-999,-999,-999,-999,-999,-999,-999,-999,-999,-999,-999,-999,-999,-999,-999,"Brazaitis, P., Watanabe, M., 2011"
Reptilia,Crocodilia,Gavialidae,Gavialis,gangeticus,-999,Gharial,-999,40,-999,-999,-999,-999,-999,-999,-999,-999,-999,-999,-999,-999,-999,-999,-999,-999,-999,-999,-999,-999,-999,-999,-999,-999,-999,-999,"Brazaitis, P., Watanabe, M., 2011"
Reptilia,Crocodilia,Gavialidae,Gavialis,gangeticus,-999,Gharial,-999,-999,-999,-999,-999,-999,-999,-999,-999,-999,-999,-999,-999,-999,-999,-999,147000,-999,-999,-999,-999,-999,-999,-999,-999,-999,-999,-999,"Werner, J., 2010"
Reptilia,Crocodilia,Gavialidae,Gavialis,gangeticus,-999,Gharial,-999,-999,-999,103000,-999,-999,-999,-999,-999,-999,-999,-999,-999,-999,-999,-999,-999,-999,-999,-999,-999,-999,-999,-999,-999,-999,-999,-999,"BC Reptiles - Erickson et al., 2012"
Reptilia,Crocodilia,Gavialidae,Gavialis,gangeticus,-999,Gharial,-999,-999,-999,121000,-999,-999,-999,-999,-999,-999,-999,-999,-999,-999,-999,-999,-999,-999,-999,-999,-999,-999,-999,-999,-999,-999,-999,-999,"BC Reptiles - Erickson et al., 2012"
Reptilia,Crocodilia,Gavialidae,Gavialis,gangeticus,-999,Gharial,-999,-999,-999,-999,-999,-999,-999,-999,-999,-999,-999,-999,-999,-999,-999,-999,-999,-999,-999,-999,-999,-999,-999,13.2,-999,-999,-999,-999,"BC Reptiles - Das, A., Basu, D., Converse, L., and S.C. Choudhury, 2012"
Reptilia,Crocodilia,Gavialidae,Gavialis,gangeticus,-999,Gharial,-999,-999,-999,-999,-999,-999,-999,-999,-999,-999,-999,-999,-999,-999,-999,-999,-999,-999,-999,-999,-999,-999,-999,15,-999,-999,-999,-999,"BC Reptiles - Das, A., Basu, D., Converse, L., and S.C. Choudhury, 2012"
Reptilia,Crocodilia,Gavialidae,Gavialis,gangeticus,-999,Gharial,-999,46,-999,-999,-999,-999,-999,-999,-999,-999,-999,-999,-999,-999,-999,-999,-999,-999,-999,-999,-999,-999,-999,-999,-999,-999,-999,-999,"BC Reptiles - Das, A., Basu, D., Converse, L., and S.C. Choudhury, 2012"
Reptilia,Crocodilia,Gavialidae,Gavialis,gangeticus,-999,Gharial,-999,30,-999,-999,-999,-999,-999,-999,-999,-999,-999,-999,-999,-999,-999,-999,-999,-999,-999,-999,-999,-999,-999,-999,-999,-999,-999,-999,"BC Reptiles - Das, A., Das, A.K., Sarma, P.K., and A.K. Singh, 2011"
Reptilia,Crocodilia,Gavialidae,Gavialis,gangeticus,-999,Gharial,-999,50,-999,-999,-999,-999,-999,-999,-999,-999,-999,-999,-999,-999,-999,-999,-999,-999,-999,-999,-999,-999,-999,-999,-999,-999,-999,-999,"BC Reptiles - Das, A., Das, A.K., Sarma, P.K., and A.K. Singh, 2011"
Reptilia,Crocodilia,Gavialidae,Gavialis,gangeticus,-999,Gharial,-999,-999,-999,-999,-999,-999,-999,-999,-999,160,-999,-999,-999,-999,-999,-999,-999,-999,-999,-999,-999,-999,-999,-999,-999,-999,-999,-999,"BC Reptiles - Das, A., Das, A.K., Sarma, P.K., and A.K. Singh, 2011"
Reptilia,Crocodilia,Gavialidae,Gavialis,gangeticus,-999,Gharial,-999,-999,-999,160000,-999,-999,-999,-999,-999,-999,-999,-999,-999,-999,-999,-999,-999,-999,-999,-999,-999,-999,-999,-999,-999,-999,-999,-999,"BC Reptiles - Das, A., Das, A.K., Sarma, P.K., and A.K. Singh, 2011"
Reptilia,Crocodilia,Gavialidae,Gavialis,gangeticus,-999,Gharial,3652.5,-999,-999,-999,-999,-999,-999,-999,-999,-999,-999,-999,-999,-999,-999,-999,-999,-999,-999,-999,-999,-999,-999,-999,-999,-999,-999,-999,"BC Reptiles - Das, A., Das, A.K., Sarma, P.K., and A.K. Singh, 2011"
Reptilia,Crocodilia,Gavialidae,Gavialis,gangeticus,-999,Gharial,4383,-999,-999,-999,-999,-999,-999,-999,-999,-999,-999,-999,-999,-999,-999,-999,-999,-999,-999,-999,-999,-999,-999,-999,-999,-999,-999,-999,"BC Reptiles - Das, A., Das, A.K., Sarma, P.K., and A.K. Singh, 2011"
Reptilia,Crocodilia,Gavialidae,Gavialis,gangeticus,-999,Gharial,-999,-999,-999,-999,-999,-999,-999,-999,-999,-999,-999,-999,4383,-999,-999,-999,-999,-999,-999,-999,-999,-999,-999,-999,-999,-999,-999,-999,"BC Reptiles - Das, A., Das, A.K., Sarma, P.K., and A.K. Singh, 2011"
Reptilia,Crocodilia,Gavialidae,Gavialis,gangeticus,-999,Gharial,-999,-999,-999,-999,-999,-999,-999,-999,-999,-999,-999,-999,4748.25,-999,-999,-999,-999,-999,-999,-999,-999,-999,-999,-999,-999,-999,-999,-999,"BC Reptiles - Das, A., Das, A.K., Sarma, P.K., and A.K. Singh, 2011"
Reptilia,Crocodilia,Gavialidae,Gavialis,gangeticus,-999,Gharial,-999,-999,-999,159000,-999,-999,-999,-999,-999,-999,-999,-999,-999,-999,-999,-999,-999,-999,-999,-999,-999,-999,-999,-999,-999,-999,-999,-999,"BC Reptiles - Meyers et al., 2009"
Reptilia,Crocodilia,Gavialidae,Gavialis,gangeticus,-999,Gharial,-999,-999,-999,181000,-999,-999,-999,-999,-999,-999,-999,-999,-999,-999,-999,-999,-999,-999,-999,-999,-999,-999,-999,-999,-999,-999,-999,-999,"BC Reptiles - Meyers et al., 2009"
Reptilia,Crocodilia,Gavialidae,Gavialis,gangeticus,-999,Gharial,-999,-999,-999,-999,-999,-999,-999,-999,-999,-999,-999,-999,-999,1,-999,-999,-999,-999,-999,-999,-999,-999,-999,-999,-999,-999,-999,-999,"BC Reptiles - Meyers et al., 2009"
Reptilia,Crocodilia,Gavialidae,Gavialis,gangeticus,-999,Gharial,-999,-999,-999,-999,-999,-999,-999,-999,-999,-999,60,-999,-999,-999,-999,-999,-999,-999,-999,-999,-999,-999,-999,-999,-999,-999,-999,-999,"BC Reptiles - Meyers et al., 2009"
Reptilia,Crocodilia,Gavialidae,Gavialis,gangeticus,-999,Gharial,-999,-999,-999,-999,-999,-999,-999,-999,-999,-999,80,-999,-999,-999,-999,-999,-999,-999,-999,-999,-999,-999,-999,-999,-999,-999,-999,-999,"BC Reptiles - Meyers et al., 2009"
Reptilia,Crocodilia,Gavialidae,Gavialis,gangeticus,-999,Gharial,-999,12,-999,-999,-999,-999,-999,-999,-999,-999,-999,-999,-999,-999,-999,-999,-999,-999,-999,-999,-999,-999,-999,-999,-999,-999,-999,-999,"BC Reptiles - Meyers et al., 2009"
Reptilia,Crocodilia,Gavialidae,Gavialis,gangeticus,-999,Gharial,-999,100,-999,-999,-999,-999,-999,-999,-999,-999,-999,-999,-999,-999,-999,-999,-999,-999,-999,-999,-999,-999,-999,-999,-999,-999,-999,-999,"BC Reptiles - Meyers et al., 2009"
Reptilia,Crocodilia,Gavialidae,Gavialis,gangeticus,-999,Gharial,-999,35,-999,-999,-999,-999,-999,-999,-999,-999,-999,-999,-999,-999,-999,-999,-999,-999,-999,-999,-999,-999,-999,-999,-999,-999,-999,-999,"BC Reptiles - Meyers et al., 2009"
Reptilia,Crocodilia,Gavialidae,Gavialis,gangeticus,-999,Gharial,-999,60,-999,-999,-999,-999,-999,-999,-999,-999,-999,-999,-999,-999,-999,-999,-999,-999,-999,-999,-999,-999,-999,-999,-999,-999,-999,-999,"BC Reptiles - Meyers et al., 2009"
Reptilia,Crocodilia,Gavialidae,Gavialis,gangeticus,-999,Gharial,-999,-999,-999,-999,-999,60,-999,-999,-999,-999,-999,-999,-999,-999,-999,-999,-999,-999,-999,-999,-999,-999,-999,-999,-999,-999,-999,-999,"BC Reptiles - Meyers et al., 2009"
Reptilia,Crocodilia,Gavialidae,Gavialis,gangeticus,-999,Gharial,-999,-999,-999,-999,-999,80,-999,-999,-999,-999,-999,-999,-999,-999,-999,-999,-999,-999,-999,-999,-999,-999,-999,-999,-999,-999,-999,-999,"BC Reptiles - Meyers et al., 2009"
Reptilia,Crocodilia,Gavialidae,Gavialis,gangeticus,-999,Gharial,2922,-999,-999,-999,-999,-999,-999,-999,-999,-999,-999,-999,-999,-999,-999,-999,-999,-999,-999,-999,-999,-999,-999,-999,-999,-999,-999,-999,"BC Reptiles - Meyers et al., 2009"
Reptilia,Crocodilia,Gavialidae,Gavialis,gangeticus,-999,Gharial,-999,-999,-999,-999,-999,-999,-999,-999,-999,-999,-999,-999,5478.75,-999,-999,-999,-999,-999,-999,-999,-999,-999,-999,-999,-999,-999,-999,-999,"BC Reptiles - Meyers et al., 2009"
Reptilia,Crocodilia,Gavialidae,Gavialis,gangeticus,-999,Gharial,-999,-999,-999,-999,29,-999,-999,-999,-999,-999,-999,-999,-999,-999,-999,-999,-999,-999,-999,-999,-999,-999,-999,-999,-999,-999,-999,-999,"BC Reptiles - Meyers et al., 2009"
Reptilia,Crocodilia,Gavialidae,Gavialis,gangeticus,-999,Gharial,-999,-999,-999,-999,28.8,-999,-999,-999,-999,-999,-999,-999,-999,-999,-999,-999,-999,-999,-999,-999,-999,-999,-999,-999,-999,-999,-999,-999,"BC Reptiles - Tacutu, R., T. Craig, A. Budovsky et al. 2013"
Reptilia,Crocodilia,Gavialidae,Gavialis,gangeticus,-999,Gharial,3652.5,-999,-999,-999,-999,-999,-999,-999,-999,-999,-999,-999,-999,-999,-999,-999,-999,-999,-999,-999,-999,-999,-999,-999,-999,-999,-999,-999,"BC Reptiles - Wilson, 2003"
Reptilia,Crocodilia,Gavialidae,Gavialis,gangeticus,-999,Gharial,-999,40,-999,-999,-999,-999,-999,-999,-999,-999,-999,-999,-999,-999,-999,-999,-999,-999,-999,-999,-999,-999,-999,-999,-999,-999,-999,-999,"BC Reptiles - Wilson, 2003"
Reptilia,Crocodilia,Gavialidae,Gavialis,gangeticus,-999,Gharial,-999,-999,-999,-999,-999,-999,-999,-999,-999,-999,70,-999,-999,-999,-999,-999,-999,-999,-999,-999,-999,-999,-999,-999,-999,-999,-999,-999,"BC Reptiles - Wilson, 2003"
Reptilia,Crocodilia,Gavialidae,Gavialis,gangeticus,-999,Gharial,-999,-999,-999,-999,-999,-999,-999,75,-999,-999,-999,-999,-999,-999,-999,-999,-999,-999,-999,-999,-999,-999,-999,-999,-999,-999,-999,-999,"BC Reptiles - Wilson, 2003"
Reptilia,Crocodilia,Gavialidae,Gavialis,gangeticus,-999,Gharial,-999,-999,-999,-999,-999,-999,-999,130,-999,-999,-999,-999,-999,-999,-999,-999,-999,-999,-999,-999,-999,-999,-999,-999,-999,-999,-999,-999,"BC Reptiles - Wilson, 2003"
Reptilia,Squamata,Agamidae,Chlamydosaurus,kingii,-999,Frilled Lizard,-999,-999,-999,-999,9.9,-999,-999,-999,-999,-999,-999,-999,-999,-999,-999,-999,-999,-999,-999,-999,-999,-999,-999,-999,-999,-999,-999,-999,"de Magalhaes and Costa, 2009"
Reptilia,Squamata,Agamidae,Chlamydosaurus,kingii,-999,Frilled Lizard,-999,-999,-999,635,-999,-999,-999,-999,-999,-999,-999,-999,-999,-999,-999,-999,635,-999,-999,-999,22.723,-999,-999,-999,-999,-999,-999,-999,"Meiri, 2010"
Reptilia,Squamata,Agamidae,Chlamydosaurus,kingii,-999,Frilled Lizard,-999,-999,-999,-999,-999,-999,-999,-999,-999,-999,-999,-999,-999,-999,-999,-999,-999,-999,-999,-999,-999,-999,-999,-999,-999,-999,-999,365.25,"Ujvari, Shine, and Madsen, 2010"
Reptilia,Squamata,Agamidae,Chlamydosaurus,kingii,-999,Frilled Lizard,-999,11.6,1.4,263.25,-999,-999,-999,1.64,-999,-999,-999,-999,-999,-999,263.25,-999,263.25,-999,-999,-999,21.936,-999,21.936,4.2,-999,-999,-999,-999,"Meiri, S., Brown, J.H., and R.M. Sibly, 2011"
Reptilia,Squamata,Agamidae,Chlamydosaurus,kingii,-999,Frilled Lizard,-999,-999,-999,-999,-999,-999,-999,-999,-999,-999,115,-999,-999,-999,-999,-999,-999,-999,-999,-999,-999,-999,-999,-999,-999,-999,-999,-999,Reptile Incubation book
Reptilia,Squamata,Agamidae,Chlamydosaurus,kingii,-999,Frilled Lizard,-999,10,-999,-999,-999,-999,-999,-999,-999,-999,67,-999,-999,-999,-999,-999,-999,-999,-999,-999,-999,-999,-999,-999,-999,-999,-999,-999,Reptile Incubation book
Reptilia,Squamata,Agamidae,Chlamydosaurus,kingii,-999,Frilled Lizard,-999,-999,-999,-999,-999,-999,-999,-999,-999,-999,68,-999,-999,-999,-999,-999,-999,-999,-999,-999,-999,-999,-999,-999,-999,-999,-999,-999,Reptile Incubation book
Reptilia,Squamata,Agamidae,Chlamydosaurus,kingii,-999,Frilled Lizard,-999,-999,-999,-999,-999,-999,-999,-999,-999,-999,135,-999,-999,-999,-999,-999,-999,-999,-999,-999,-999,-999,-999,-999,-999,-999,-999,-999,Reptile Incubation book
Reptilia,Squamata,Agamidae,Chlamydosaurus,kingii,-999,Frilled Lizard,-999,20,-999,-999,-999,-999,-999,-999,-999,-999,90,-999,-999,-999,-999,-999,-999,-999,-999,-999,-999,-999,-999,-999,-999,-999,-999,-999,Reptile Incubation book
Reptilia,Squamata,Agamidae,Chlamydosaurus,kingii,-999,Frilled Lizard,-999,-999,-999,-999,-999,-999,-999,-999,-999,-999,76,-999,-999,-999,-999,-999,-999,-999,-999,-999,-999,-999,-999,-999,-999,-999,-999,-999,Reptile Incubation book
Reptilia,Squamata,Agamidae,Chlamydosaurus,kingii,-999,Frilled Lizard,-999,-999,-999,-999,-999,-999,-999,-999,-999,3.1,79,-999,-999,-999,-999,-999,-999,-999,-999,-999,-999,-999,-999,-999,-999,-999,-999,-999,"Birchard, G. and D. Marcellini, 1996"
Reptilia,Squamata,Agamidae,Chlamydosaurus,kingii,-999,Frilled Lizard,-999,-999,-999,-999,6.3,-999,-999,-999,-999,-999,-999,-999,-999,-999,-999,-999,-999,-999,-999,-999,-999,-999,-999,-999,-999,-999,-999,-999,"Carey, J.R. and D.S. Judge, 2002"
Reptilia,Squamata,Agamidae,Chlamydosaurus,kingii,-999,Frilled Lizard,-999,-999,-999,-999,-999,-999,-999,-999,-999,-999,67,-999,-999,-999,-999,-999,-999,-999,-999,-999,-999,-999,-999,-999,-999,-999,-999,-999,"Greer, A.E., 1989"
Reptilia,Squamata,Agamidae,Chlamydosaurus,kingii,-999,Frilled Lizard,-999,-999,-999,-999,-999,-999,-999,-999,-999,-999,70,-999,-999,-999,-999,-999,-999,-999,-999,-999,-999,-999,-999,-999,-999,-999,-999,-999,"Greer, A.E., 1989"
Reptilia,Squamata,Agamidae,Chlamydosaurus,kingii,-999,Frilled Lizard,-999,-999,-999,-999,-999,-999,-999,-999,-999,-999,75,-999,-999,-999,-999,-999,-999,-999,-999,-999,-999,-999,-999,-999,-999,-999,-999,-999,"Greer, A.E., 1989"
Reptilia,Squamata,Agamidae,Chlamydosaurus,kingii,-999,Frilled Lizard,-999,-999,-999,-999,-999,-999,-999,-999,-999,-999,88,-999,-999,-999,-999,-999,-999,-999,-999,-999,-999,-999,-999,-999,-999,-999,-999,-999,"Greer, A.E., 1989"
Reptilia,Squamata,Agamidae,Chlamydosaurus,kingii,-999,Frilled Lizard,-999,-999,-999,-999,-999,-999,-999,-999,-999,-999,92,-999,-999,-999,-999,-999,-999,-999,-999,-999,-999,-999,-999,-999,-999,-999,-999,-999,"Greer, A.E., 1989"
Reptilia,Squamata,Agamidae,Chlamydosaurus,kingii,-999,Frilled Lizard,-999,-999,-999,-999,-999,-999,-999,-999,-999,-999,95,-999,-999,-999,-999,-999,-999,-999,-999,-999,-999,-999,-999,-999,-999,-999,-999,-999,"Greer, A.E., 1989"
Reptilia,Squamata,Agamidae,Chlamydosaurus,kingii,-999,Frilled Lizard,-999,7,-999,-999,-999,-999,-999,-999,-999,-999,-999,-999,-999,-999,-999,-999,-999,-999,-999,-999,-999,-999,-999,-999,-999,-999,-999,-999,"Greer, A.E., 1989"
Reptilia,Squamata,Agamidae,Chlamydosaurus,kingii,-999,Frilled Lizard,-999,10,-999,-999,-999,-999,-999,-999,-999,-999,-999,-999,-999,-999,-999,-999,-999,-999,-999,-999,-999,-999,-999,-999,-999,-999,-999,-999,"Greer, A.E., 1989"
Reptilia,Squamata,Agamidae,Chlamydosaurus,kingii,-999,Frilled Lizard,-999,12,-999,-999,-999,-999,-999,-999,-999,-999,-999,-999,-999,-999,-999,-999,-999,-999,-999,-999,-999,-999,-999,-999,-999,-999,-999,-999,"Greer, A.E., 1989"
Reptilia,Squamata,Agamidae,Chlamydosaurus,kingii,-999,Frilled Lizard,-999,14,-999,-999,-999,-999,-999,-999,-999,-999,-999,-999,-999,-999,-999,-999,-999,-999,-999,-999,-999,-999,-999,-999,-999,-999,-999,-999,"Greer, A.E., 1989"
Reptilia,Squamata,Agamidae,Chlamydosaurus,kingii,-999,Frilled Lizard,-999,-999,-999,-999,-999,-999,-999,-999,-999,-999,-999,-999,-999,-999,-999,-999,-999,-999,-999,-999,-999,-999,-999,-999,-999,-999,27.26,-999,"Meiri, S., 2007"
Reptilia,Squamata,Agamidae,Chlamydosaurus,kingii,-999,Frilled Lizard,-999,-999,-999,-999,-999,-999,-999,-999,-999,-999,-999,-999,-999,-999,-999,-999,-999,-999,-999,-999,-999,-999,-999,-999,-999,-999,5,-999,"Greer, A.E., 1989"
Reptilia,Squamata,Agamidae,Chlamydosaurus,kingii,-999,Frilled Lizard,-999,-999,-999,-999,-999,-999,-999,-999,-999,-999,-999,-999,-999,-999,-999,-999,-999,-999,-999,-999,-999,-999,-999,-999,-999,-999,25.8,-999,"Greer, A.E., 1989"
Reptilia,Squamata,Agamidae,Chlamydosaurus,kingii,-999,Frilled Lizard,-999,-999,-999,-999,-999,-999,-999,-999,-999,-999,-999,-999,-999,-999,-999,-999,-999,-999,-999,-999,-999,29,-999,-999,-999,-999,-999,-999,"BC Reptiles - Meyers et al., 2009"
Reptilia,Squamata,Agamidae,Chlamydosaurus,kingii,-999,Frilled Lizard,-999,-999,-999,-999,-999,-999,-999,-999,-999,-999,-999,-999,-999,-999,-999,870,-999,-999,-999,-999,-999,-999,-999,-999,-999,-999,-999,-999,"BC Reptiles - Meyers et al., 2009"
Reptilia,Squamata,Agamidae,Chlamydosaurus,kingii,-999,Frilled Lizard,-999,-999,-999,-999,-999,-999,-999,-999,-999,-999,-999,-999,-999,-999,-999,-999,-999,-999,-999,-999,-999,-999,23.5,-999,-999,-999,-999,-999,"BC Reptiles - Meyers et al., 2009"
Reptilia,Squamata,Agamidae,Chlamydosaurus,kingii,-999,Frilled Lizard,-999,-999,-999,-999,-999,-999,-999,-999,-999,-999,-999,-999,-999,-999,400,-999,-999,-999,-999,-999,-999,-999,-999,-999,-999,-999,-999,-999,"BC Reptiles - Meyers et al., 2009"
Reptilia,Squamata,Agamidae,Chlamydosaurus,kingii,-999,Frilled Lizard,-999,-999,-999,-999,-999,-999,-999,-999,-999,-999,70,-999,-999,-999,-999,-999,-999,-999,-999,-999,-999,-999,-999,-999,-999,-999,-999,-999,"BC Reptiles - Meyers et al., 2009"
Reptilia,Squamata,Agamidae,Chlamydosaurus,kingii,-999,Frilled Lizard,-999,4,-999,-999,-999,-999,-999,-999,-999,-999,-999,-999,-999,-999,-999,-999,-999,-999,-999,-999,-999,-999,-999,-999,-999,-999,-999,-999,"BC Reptiles - Meyers et al., 2009"
Reptilia,Squamata,Agamidae,Chlamydosaurus,kingii,-999,Frilled Lizard,-999,13,-999,-999,-999,-999,-999,-999,-999,-999,-999,-999,-999,-999,-999,-999,-999,-999,-999,-999,-999,-999,-999,-999,-999,-999,-999,-999,"BC Reptiles - Meyers et al., 2009"
Reptilia,Squamata,Agamidae,Chlamydosaurus,kingii,-999,Frilled Lizard,-999,8,-999,-999,-999,-999,-999,-999,-999,-999,-999,-999,-999,-999,-999,-999,-999,-999,-999,-999,-999,-999,-999,-999,-999,-999,-999,-999,"BC Reptiles - Meyers et al., 2009"
Reptilia,Squamata,Agamidae,Chlamydosaurus,kingii,-999,Frilled Lizard,-999,-999,-999,-999,9.9,-999,-999,-999,-999,-999,-999,-999,-999,-999,-999,-999,-999,-999,-999,-999,-999,-999,-999,-999,-999,-999,-999,-999,"BC Reptiles - Tacutu, R., T. Craig, A. Budovsky et al. 2013"
Reptilia,Squamata,Agamidae,Chlamydosaurus,kingii,-999,Frilled Lizard,-999,-999,-999,-999,9.9,-999,-999,-999,-999,-999,-999,-999,-999,-999,-999,-999,-999,-999,-999,-999,-999,-999,-999,-999,-999,-999,-999,-999,"BC Reptiles - Tacutu, R., T. Craig, A. Budovsky et al. 2013"
Reptilia,Squamata,Agamidae,Chlamydosaurus,kingii,-999,Frilled Lizard,-999,-999,-999,-999,-999,-999,-999,-999,-999,-999,-999,-999,-999,-999,-999,870,-999,-999,-999,-999,-999,-999,-999,-999,-999,-999,-999,-999,"BC Reptiles - Wilson, 2003"
Reptilia,Squamata,Agamidae,Chlamydosaurus,kingii,-999,Frilled Lizard,-999,-999,-999,-999,-999,-999,-999,-999,-999,-999,-999,-999,-999,-999,400,-999,-999,-999,-999,-999,-999,-999,-999,-999,-999,-999,-999,-999,"BC Reptiles - Wilson, 2003"
Reptilia,Squamata,Agamidae,Chlamydosaurus,kingii,-999,Frilled Lizard,-999,-999,-999,-999,-999,-999,-999,-999,-999,-999,70,-999,-999,-999,-999,-999,-999,-999,-999,-999,-999,-999,-999,-999,-999,-999,-999,-999,"BC Reptiles - Wilson, 2003"
Reptilia,Squamata,Agamidae,Chlamydosaurus,kingii,-999,Frilled Lizard,-999,4,-999,-999,-999,-999,-999,-999,-999,-999,-999,-999,-999,-999,-999,-999,-999,-999,-999,-999,-999,-999,-999,-999,-999,-999,-999,-999,"BC Reptiles - Wilson, 2003"
Reptilia,Squamata,Agamidae,Chlamydosaurus,kingii,-999,Frilled Lizard,-999,13,-999,-999,-999,-999,-999,-999,-999,-999,-999,-999,-999,-999,-999,-999,-999,-999,-999,-999,-999,-999,-999,-999,-999,-999,-999,-999,"BC Reptiles - Wilson, 2003"
Reptilia,Squamata,Agamidae,Chlamydosaurus,kingii,-999,Frilled Lizard,-999,8,-999,-999,-999,-999,-999,-999,-999,-999,-999,-999,-999,-999,-999,-999,-999,-999,-999,-999,-999,-999,-999,-999,-999,-999,-999,-999,"BC Reptiles - Wilson, 2003"
Reptilia,Squamata,Boidae,Boa,constrictor,-999,"Boa Constrictor (color morphs: albino, Anery, Blood, Camel, Coral Albino, Leopard, Leucistic, Pearl, Prodigy, Squaretail, Arabesque, Salmon, jaguar, Jungle, Marron, Motley, Onyx, Roswell, Fire, Inca, IMG, Pink, Avalanche, Blizzard, Ghost, Hytec, Moonglow, Paradigm, Pewter, Paradigm, Snow, Sunglow, Sunset,",1095,35,-999,3532,40.4,125,-999,-999,-999,-999,-999,-999,1095,-999,-999,-999,3532,-999,-999,-999,-999,-999,-999,-999,-999,-999,-999,-999,"de Magalhaes and Costa, 2009"
Reptilia,Squamata,Boidae,Boa,constrictor,-999,"Boa Constrictor (color morphs: albino, Anery, Blood, Camel, Coral Albino, Leopard, Leucistic, Pearl, Prodigy, Squaretail, Arabesque, Salmon, jaguar, Jungle, Marron, Motley, Onyx, Roswell, Fire, Inca, IMG, Pink, Avalanche, Blizzard, Ghost, Hytec, Moonglow, Paradigm, Pewter, Paradigm, Snow, Sunglow, Sunset,",1095,-999,-999,3532,40.4,-999,-999,-999,-999,-999,125,-999,-999,-999,-999,-999,-999,-999,-999,-999,-999,-999,-999,-999,-999,-999,-999,-999,"Ricklefs, 2010b"
Reptilia,Squamata,Boidae,Boa,constrictor,-999,"Boa Constrictor (color morphs: albino, Anery, Blood, Camel, Coral Albino, Leopard, Leucistic, Pearl, Prodigy, Squaretail, Arabesque, Salmon, jaguar, Jungle, Marron, Motley, Onyx, Roswell, Fire, Inca, IMG, Pink, Avalanche, Blizzard, Ghost, Hytec, Moonglow, Paradigm, Pewter, Paradigm, Snow, Sunglow, Sunset,",-999,-999,-999,-999,15.6,-999,-999,-999,-999,-999,-999,-999,-999,-999,-999,-999,-999,-999,-999,-999,-999,-999,-999,-999,-999,-999,-999,-999,"Carey, J.R. and D.S. Judge, 2002"
Reptilia,Squamata,Boidae,Boa,constrictor,-999,"Boa Constrictor (color morphs: albino, Anery, Blood, Camel, Coral Albino, Leopard, Leucistic, Pearl, Prodigy, Squaretail, Arabesque, Salmon, jaguar, Jungle, Marron, Motley, Onyx, Roswell, Fire, Inca, IMG, Pink, Avalanche, Blizzard, Ghost, Hytec, Moonglow, Paradigm, Pewter, Paradigm, Snow, Sunglow, Sunset,",-999,-999,-999,-999,38.8,-999,-999,-999,-999,-999,-999,-999,-999,-999,-999,-999,-999,-999,-999,-999,-999,-999,-999,-999,-999,-999,-999,-999,"Carey, J.R. and D.S. Judge, 2002"
Reptilia,Squamata,Boidae,Boa,constrictor,-999,"Boa Constrictor (color morphs: albino, Anery, Blood, Camel, Coral Albino, Leopard, Leucistic, Pearl, Prodigy, Squaretail, Arabesque, Salmon, jaguar, Jungle, Marron, Motley, Onyx, Roswell, Fire, Inca, IMG, Pink, Avalanche, Blizzard, Ghost, Hytec, Moonglow, Paradigm, Pewter, Paradigm, Snow, Sunglow, Sunset,",-999,-999,-999,-999,13.3,-999,-999,-999,-999,-999,-999,-999,-999,-999,-999,-999,-999,-999,-999,-999,-999,-999,-999,-999,-999,-999,-999,-999,"Carey, J.R. and D.S. Judge, 2002"
Reptilia,Squamata,Boidae,Boa,constrictor,-999,"Boa Constrictor (color morphs: albino, Anery, Blood, Camel, Coral Albino, Leopard, Leucistic, Pearl, Prodigy, Squaretail, Arabesque, Salmon, jaguar, Jungle, Marron, Motley, Onyx, Roswell, Fire, Inca, IMG, Pink, Avalanche, Blizzard, Ghost, Hytec, Moonglow, Paradigm, Pewter, Paradigm, Snow, Sunglow, Sunset,",-999,-999,-999,-999,29.1,-999,-999,-999,-999,-999,-999,-999,-999,-999,-999,-999,-999,-999,-999,-999,-999,-999,-999,-999,-999,-999,-999,-999,"Carey, J.R. and D.S. Judge, 2002"
Reptilia,Squamata,Boidae,Boa,constrictor,-999,"Boa Constrictor (color morphs: albino, Anery, Blood, Camel, Coral Albino, Leopard, Leucistic, Pearl, Prodigy, Squaretail, Arabesque, Salmon, jaguar, Jungle, Marron, Motley, Onyx, Roswell, Fire, Inca, IMG, Pink, Avalanche, Blizzard, Ghost, Hytec, Moonglow, Paradigm, Pewter, Paradigm, Snow, Sunglow, Sunset,",-999,-999,-999,-999,11.9,-999,-999,-999,-999,-999,-999,-999,-999,-999,-999,-999,-999,-999,-999,-999,-999,-999,-999,-999,-999,-999,-999,-999,"Carey, J.R. and D.S. Judge, 2002"
Reptilia,Squamata,Boidae,Boa,constrictor,-999,"Boa Constrictor (color morphs: albino, Anery, Blood, Camel, Coral Albino, Leopard, Leucistic, Pearl, Prodigy, Squaretail, Arabesque, Salmon, jaguar, Jungle, Marron, Motley, Onyx, Roswell, Fire, Inca, IMG, Pink, Avalanche, Blizzard, Ghost, Hytec, Moonglow, Paradigm, Pewter, Paradigm, Snow, Sunglow, Sunset,",-999,10,-999,-999,-999,-999,-999,-999,-999,-999,-999,-999,-999,-999,-999,-999,-999,-999,-999,-999,-999,-999,-999,-999,-999,-999,-999,-999,"O'Shea, M., 2007"
Reptilia,Squamata,Boidae,Boa,constrictor,-999,"Boa Constrictor (color morphs: albino, Anery, Blood, Camel, Coral Albino, Leopard, Leucistic, Pearl, Prodigy, Squaretail, Arabesque, Salmon, jaguar, Jungle, Marron, Motley, Onyx, Roswell, Fire, Inca, IMG, Pink, Avalanche, Blizzard, Ghost, Hytec, Moonglow, Paradigm, Pewter, Paradigm, Snow, Sunglow, Sunset,",-999,64,-999,-999,-999,-999,-999,-999,-999,-999,-999,-999,-999,-999,-999,-999,-999,-999,-999,-999,-999,-999,-999,-999,-999,-999,-999,-999,"O'Shea, M., 2007"
Reptilia,Squamata,Boidae,Boa,constrictor,-999,"Boa Constrictor (color morphs: albino, Anery, Blood, Camel, Coral Albino, Leopard, Leucistic, Pearl, Prodigy, Squaretail, Arabesque, Salmon, jaguar, Jungle, Marron, Motley, Onyx, Roswell, Fire, Inca, IMG, Pink, Avalanche, Blizzard, Ghost, Hytec, Moonglow, Paradigm, Pewter, Paradigm, Snow, Sunglow, Sunset,",-999,-999,-999,-999,38.93333333,-999,-999,-999,-999,-999,-999,-999,-999,-999,-999,-999,-999,-999,-999,-999,-999,-999,-999,-999,-999,-999,-999,-999,"O'Shea, M., 2007"
Reptilia,Squamata,Boidae,Boa,constrictor,-999,"Boa Constrictor (color morphs: albino, Anery, Blood, Camel, Coral Albino, Leopard, Leucistic, Pearl, Prodigy, Squaretail, Arabesque, Salmon, jaguar, Jungle, Marron, Motley, Onyx, Roswell, Fire, Inca, IMG, Pink, Avalanche, Blizzard, Ghost, Hytec, Moonglow, Paradigm, Pewter, Paradigm, Snow, Sunglow, Sunset,",-999,-999,-999,10592,-999,-999,-999,-999,-999,-999,-999,-999,-999,-999,-999,-999,-999,-999,-999,-999,-999,-999,-999,-999,-999,-999,-999,-999,"Boback and Guyer, 2003"
Reptilia,Squamata,Boidae,Boa,constrictor,-999,"Boa Constrictor (color morphs: albino, Anery, Blood, Camel, Coral Albino, Leopard, Leucistic, Pearl, Prodigy, Squaretail, Arabesque, Salmon, jaguar, Jungle, Marron, Motley, Onyx, Roswell, Fire, Inca, IMG, Pink, Avalanche, Blizzard, Ghost, Hytec, Moonglow, Paradigm, Pewter, Paradigm, Snow, Sunglow, Sunset,",-999,-999,-999,-999,-999,-999,-999,-999,-999,-999,-999,-999,-999,2,-999,-999,-999,-999,-999,-999,-999,-999,-999,-999,-999,-999,-999,-999,"BC Reptiles - Meyers et al., 2009"
Reptilia,Squamata,Boidae,Boa,constrictor,-999,"Boa Constrictor (color morphs: albino, Anery, Blood, Camel, Coral Albino, Leopard, Leucistic, Pearl, Prodigy, Squaretail, Arabesque, Salmon, jaguar, Jungle, Marron, Motley, Onyx, Roswell, Fire, Inca, IMG, Pink, Avalanche, Blizzard, Ghost, Hytec, Moonglow, Paradigm, Pewter, Paradigm, Snow, Sunglow, Sunset,",-999,10,-999,-999,-999,-999,-999,-999,-999,-999,-999,-999,-999,-999,-999,-999,-999,-999,-999,-999,-999,-999,-999,-999,-999,-999,-999,-999,"BC Reptiles - Meyers et al., 2009"
Reptilia,Squamata,Boidae,Boa,constrictor,-999,"Boa Constrictor (color morphs: albino, Anery, Blood, Camel, Coral Albino, Leopard, Leucistic, Pearl, Prodigy, Squaretail, Arabesque, Salmon, jaguar, Jungle, Marron, Motley, Onyx, Roswell, Fire, Inca, IMG, Pink, Avalanche, Blizzard, Ghost, Hytec, Moonglow, Paradigm, Pewter, Paradigm, Snow, Sunglow, Sunset,",-999,64,-999,-999,-999,-999,-999,-999,-999,-999,-999,-999,-999,-999,-999,-999,-999,-999,-999,-999,-999,-999,-999,-999,-999,-999,-999,-999,"BC Reptiles - Meyers et al., 2009"
Reptilia,Squamata,Boidae,Boa,constrictor,-999,"Boa Constrictor (color morphs: albino, Anery, Blood, Camel, Coral Albino, Leopard, Leucistic, Pearl, Prodigy, Squaretail, Arabesque, Salmon, jaguar, Jungle, Marron, Motley, Onyx, Roswell, Fire, Inca, IMG, Pink, Avalanche, Blizzard, Ghost, Hytec, Moonglow, Paradigm, Pewter, Paradigm, Snow, Sunglow, Sunset,",-999,24,-999,-999,-999,-999,-999,-999,-999,-999,-999,-999,-999,-999,-999,-999,-999,-999,-999,-999,-999,-999,-999,-999,-999,-999,-999,-999,"BC Reptiles - Meyers et al., 2009"
Reptilia,Squamata,Boidae,Boa,constrictor,-999,"Boa Constrictor (color morphs: albino, Anery, Blood, Camel, Coral Albino, Leopard, Leucistic, Pearl, Prodigy, Squaretail, Arabesque, Salmon, jaguar, Jungle, Marron, Motley, Onyx, Roswell, Fire, Inca, IMG, Pink, Avalanche, Blizzard, Ghost, Hytec, Moonglow, Paradigm, Pewter, Paradigm, Snow, Sunglow, Sunset,",-999,-999,-999,-999,-999,152.2,-999,-999,-999,-999,-999,-999,-999,-999,-999,-999,-999,-999,-999,-999,-999,-999,-999,-999,-999,-999,-999,-999,"BC Reptiles - Meyers et al., 2009"
Reptilia,Squamata,Boidae,Boa,constrictor,-999,"Boa Constrictor (color morphs: albino, Anery, Blood, Camel, Coral Albino, Leopard, Leucistic, Pearl, Prodigy, Squaretail, Arabesque, Salmon, jaguar, Jungle, Marron, Motley, Onyx, Roswell, Fire, Inca, IMG, Pink, Avalanche, Blizzard, Ghost, Hytec, Moonglow, Paradigm, Pewter, Paradigm, Snow, Sunglow, Sunset,",-999,-999,-999,-999,-999,243.52,-999,-999,-999,-999,-999,-999,-999,-999,-999,-999,-999,-999,-999,-999,-999,-999,-999,-999,-999,-999,-999,-999,"BC Reptiles - Meyers et al., 2009"
Reptilia,Squamata,Boidae,Boa,constrictor,-999,"Boa Constrictor (color morphs: albino, Anery, Blood, Camel, Coral Albino, Leopard, Leucistic, Pearl, Prodigy, Squaretail, Arabesque, Salmon, jaguar, Jungle, Marron, Motley, Onyx, Roswell, Fire, Inca, IMG, Pink, Avalanche, Blizzard, Ghost, Hytec, Moonglow, Paradigm, Pewter, Paradigm, Snow, Sunglow, Sunset,",730.5,-999,-999,-999,-999,-999,-999,-999,-999,-999,-999,-999,-999,-999,-999,-999,-999,-999,-999,-999,-999,-999,-999,-999,-999,-999,-999,-999,"BC Reptiles - Meyers et al., 2009"
Reptilia,Squamata,Boidae,Boa,constrictor,-999,"Boa Constrictor (color morphs: albino, Anery, Blood, Camel, Coral Albino, Leopard, Leucistic, Pearl, Prodigy, Squaretail, Arabesque, Salmon, jaguar, Jungle, Marron, Motley, Onyx, Roswell, Fire, Inca, IMG, Pink, Avalanche, Blizzard, Ghost, Hytec, Moonglow, Paradigm, Pewter, Paradigm, Snow, Sunglow, Sunset,",1095.75,-999,-999,-999,-999,-999,-999,-999,-999,-999,-999,-999,-999,-999,-999,-999,-999,-999,-999,-999,-999,-999,-999,-999,-999,-999,-999,-999,"BC Reptiles - Meyers et al., 2009"
Reptilia,Squamata,Boidae,Boa,constrictor,-999,"Boa Constrictor (color morphs: albino, Anery, Blood, Camel, Coral Albino, Leopard, Leucistic, Pearl, Prodigy, Squaretail, Arabesque, Salmon, jaguar, Jungle, Marron, Motley, Onyx, Roswell, Fire, Inca, IMG, Pink, Avalanche, Blizzard, Ghost, Hytec, Moonglow, Paradigm, Pewter, Paradigm, Snow, Sunglow, Sunset,",-999,-999,-999,-999,-999,-999,-999,-999,-999,-999,-999,-999,730.5,-999,-999,-999,-999,-999,-999,-999,-999,-999,-999,-999,-999,-999,-999,-999,"BC Reptiles - Meyers et al., 2009"
Reptilia,Squamata,Boidae,Boa,constrictor,-999,"Boa Constrictor (color morphs: albino, Anery, Blood, Camel, Coral Albino, Leopard, Leucistic, Pearl, Prodigy, Squaretail, Arabesque, Salmon, jaguar, Jungle, Marron, Motley, Onyx, Roswell, Fire, Inca, IMG, Pink, Avalanche, Blizzard, Ghost, Hytec, Moonglow, Paradigm, Pewter, Paradigm, Snow, Sunglow, Sunset,",-999,-999,-999,-999,-999,-999,-999,-999,-999,-999,-999,-999,1095.75,-999,-999,-999,-999,-999,-999,-999,-999,-999,-999,-999,-999,-999,-999,-999,"BC Reptiles - Meyers et al., 2009"
Reptilia,Squamata,Boidae,Boa,constrictor,-999,"Boa Constrictor (color morphs: albino, Anery, Blood, Camel, Coral Albino, Leopard, Leucistic, Pearl, Prodigy, Squaretail, Arabesque, Salmon, jaguar, Jungle, Marron, Motley, Onyx, Roswell, Fire, Inca, IMG, Pink, Avalanche, Blizzard, Ghost, Hytec, Moonglow, Paradigm, Pewter, Paradigm, Snow, Sunglow, Sunset,",-999,-999,-999,-999,30,-999,-999,-999,-999,-999,-999,-999,-999,-999,-999,-999,-999,-999,-999,-999,-999,-999,-999,-999,-999,-999,-999,-999,"BC Reptiles - Meyers et al., 2009"
Reptilia,Squamata,Boidae,Boa,constrictor,-999,"Boa Constrictor (color morphs: albino, Anery, Blood, Camel, Coral Albino, Leopard, Leucistic, Pearl, Prodigy, Squaretail, Arabesque, Salmon, jaguar, Jungle, Marron, Motley, Onyx, Roswell, Fire, Inca, IMG, Pink, Avalanche, Blizzard, Ghost, Hytec, Moonglow, Paradigm, Pewter, Paradigm, Snow, Sunglow, Sunset,",-999,-999,-999,-999,40,-999,-999,-999,-999,-999,-999,-999,-999,-999,-999,-999,-999,-999,-999,-999,-999,-999,-999,-999,-999,-999,-999,-999,"BC Reptiles - Meyers et al., 2009"
Reptilia,Squamata,Boidae,Boa,constrictor,-999,"Boa Constrictor (color morphs: albino, Anery, Blood, Camel, Coral Albino, Leopard, Leucistic, Pearl, Prodigy, Squaretail, Arabesque, Salmon, jaguar, Jungle, Marron, Motley, Onyx, Roswell, Fire, Inca, IMG, Pink, Avalanche, Blizzard, Ghost, Hytec, Moonglow, Paradigm, Pewter, Paradigm, Snow, Sunglow, Sunset,",-999,-999,-999,-999,20,-999,-999,-999,-999,-999,-999,-999,-999,-999,-999,-999,-999,-999,-999,-999,-999,-999,-999,-999,-999,-999,-999,-999,"BC Reptiles - Meyers et al., 2009"
Reptilia,Squamata,Boidae,Boa,constrictor,-999,"Boa Constrictor (color morphs: albino, Anery, Blood, Camel, Coral Albino, Leopard, Leucistic, Pearl, Prodigy, Squaretail, Arabesque, Salmon, jaguar, Jungle, Marron, Motley, Onyx, Roswell, Fire, Inca, IMG, Pink, Avalanche, Blizzard, Ghost, Hytec, Moonglow, Paradigm, Pewter, Paradigm, Snow, Sunglow, Sunset,",-999,-999,-999,-999,25,-999,-999,-999,-999,-999,-999,-999,-999,-999,-999,-999,-999,-999,-999,-999,-999,-999,-999,-999,-999,-999,-999,-999,"BC Reptiles - Meyers et al., 2009"
Reptilia,Squamata,Boidae,Boa,constrictor,-999,"Boa Constrictor (color morphs: albino, Anery, Blood, Camel, Coral Albino, Leopard, Leucistic, Pearl, Prodigy, Squaretail, Arabesque, Salmon, jaguar, Jungle, Marron, Motley, Onyx, Roswell, Fire, Inca, IMG, Pink, Avalanche, Blizzard, Ghost, Hytec, Moonglow, Paradigm, Pewter, Paradigm, Snow, Sunglow, Sunset,",-999,-999,-999,-999,35,-999,-999,-999,-999,-999,-999,-999,-999,-999,-999,-999,-999,-999,-999,-999,-999,-999,-999,-999,-999,-999,-999,-999,"BC Reptiles - Meyers et al., 2009"
Reptilia,Squamata,Boidae,Boa,constrictor,-999,"Boa Constrictor (color morphs: albino, Anery, Blood, Camel, Coral Albino, Leopard, Leucistic, Pearl, Prodigy, Squaretail, Arabesque, Salmon, jaguar, Jungle, Marron, Motley, Onyx, Roswell, Fire, Inca, IMG, Pink, Avalanche, Blizzard, Ghost, Hytec, Moonglow, Paradigm, Pewter, Paradigm, Snow, Sunglow, Sunset,",-999,-999,-999,-999,40.4,-999,-999,-999,-999,-999,-999,-999,-999,-999,-999,-999,-999,-999,-999,-999,-999,-999,-999,-999,-999,-999,-999,-999,"BC Reptiles - Tacutu, R., T. Craig, A. Budovsky et al. 2013"
Reptilia,Squamata,Boidae,Boa,constrictor,-999,"Boa Constrictor (color morphs: albino, Anery, Blood, Camel, Coral Albino, Leopard, Leucistic, Pearl, Prodigy, Squaretail, Arabesque, Salmon, jaguar, Jungle, Marron, Motley, Onyx, Roswell, Fire, Inca, IMG, Pink, Avalanche, Blizzard, Ghost, Hytec, Moonglow, Paradigm, Pewter, Paradigm, Snow, Sunglow, Sunset,",1095,-999,-999,-999,-999,-999,-999,-999,-999,-999,-999,-999,-999,-999,-999,-999,-999,-999,-999,-999,-999,-999,-999,-999,-999,-999,-999,-999,"BC Reptiles - Tacutu, R., T. Craig, A. Budovsky et al. 2013"
Reptilia,Squamata,Boidae,Boa,constrictor,-999,"Boa Constrictor (color morphs: albino, Anery, Blood, Camel, Coral Albino, Leopard, Leucistic, Pearl, Prodigy, Squaretail, Arabesque, Salmon, jaguar, Jungle, Marron, Motley, Onyx, Roswell, Fire, Inca, IMG, Pink, Avalanche, Blizzard, Ghost, Hytec, Moonglow, Paradigm, Pewter, Paradigm, Snow, Sunglow, Sunset,",-999,-999,-999,-999,-999,-999,-999,-999,-999,-999,-999,-999,1095,-999,-999,-999,-999,-999,-999,-999,-999,-999,-999,-999,-999,-999,-999,-999,"BC Reptiles - Tacutu, R., T. Craig, A. Budovsky et al. 2013"
Reptilia,Squamata,Boidae,Boa,constrictor,-999,"Boa Constrictor (color morphs: albino, Anery, Blood, Camel, Coral Albino, Leopard, Leucistic, Pearl, Prodigy, Squaretail, Arabesque, Salmon, jaguar, Jungle, Marron, Motley, Onyx, Roswell, Fire, Inca, IMG, Pink, Avalanche, Blizzard, Ghost, Hytec, Moonglow, Paradigm, Pewter, Paradigm, Snow, Sunglow, Sunset,",-999,-999,-999,-999,-999,125,-999,-999,-999,-999,-999,-999,-999,-999,-999,-999,-999,-999,-999,-999,-999,-999,-999,-999,-999,-999,-999,-999,"BC Reptiles - Tacutu, R., T. Craig, A. Budovsky et al. 2013"
Reptilia,Squamata,Boidae,Boa,constrictor,-999,"Boa Constrictor (color morphs: albino, Anery, Blood, Camel, Coral Albino, Leopard, Leucistic, Pearl, Prodigy, Squaretail, Arabesque, Salmon, jaguar, Jungle, Marron, Motley, Onyx, Roswell, Fire, Inca, IMG, Pink, Avalanche, Blizzard, Ghost, Hytec, Moonglow, Paradigm, Pewter, Paradigm, Snow, Sunglow, Sunset,",-999,35,-999,-999,-999,-999,-999,-999,-999,-999,-999,-999,-999,-999,-999,-999,-999,-999,-999,-999,-999,-999,-999,-999,-999,-999,-999,-999,"BC Reptiles - Tacutu, R., T. Craig, A. Budovsky et al. 2013"
Reptilia,Squamata,Boidae,Boa,constrictor,-999,"Boa Constrictor (color morphs: albino, Anery, Blood, Camel, Coral Albino, Leopard, Leucistic, Pearl, Prodigy, Squaretail, Arabesque, Salmon, jaguar, Jungle, Marron, Motley, Onyx, Roswell, Fire, Inca, IMG, Pink, Avalanche, Blizzard, Ghost, Hytec, Moonglow, Paradigm, Pewter, Paradigm, Snow, Sunglow, Sunset,",-999,-999,-999,3532,-999,-999,-999,-999,-999,-999,-999,-999,-999,-999,-999,-999,-999,-999,-999,-999,-999,-999,-999,-999,-999,-999,-999,-999,"BC Reptiles - Tacutu, R., T. Craig, A. Budovsky et al. 2013"
Reptilia,Squamata,Boidae,Boa,constrictor,-999,"Boa Constrictor (color morphs: albino, Anery, Blood, Camel, Coral Albino, Leopard, Leucistic, Pearl, Prodigy, Squaretail, Arabesque, Salmon, jaguar, Jungle, Marron, Motley, Onyx, Roswell, Fire, Inca, IMG, Pink, Avalanche, Blizzard, Ghost, Hytec, Moonglow, Paradigm, Pewter, Paradigm, Snow, Sunglow, Sunset,",-999,-999,-999,-999,-999,-999,-999,-999,-999,-999,-999,-999,-999,-999,-999,-999,-999,-999,-999,-999,150,-999,-999,-999,-999,-999,-999,-999,"BC Reptiles - Noguez, A.A. and A. Ramirez-Bautista, 2008"
Reptilia,Squamata,Boidae,Boa,constrictor,-999,"Boa Constrictor (color morphs: albino, Anery, Blood, Camel, Coral Albino, Leopard, Leucistic, Pearl, Prodigy, Squaretail, Arabesque, Salmon, jaguar, Jungle, Marron, Motley, Onyx, Roswell, Fire, Inca, IMG, Pink, Avalanche, Blizzard, Ghost, Hytec, Moonglow, Paradigm, Pewter, Paradigm, Snow, Sunglow, Sunset,",-999,-999,-999,-999,-999,-999,-999,-999,-999,-999,-999,-999,-999,-999,-999,-999,-999,-999,-999,-999,200,-999,-999,-999,-999,-999,-999,-999,"BC Reptiles - Noguez, A.A. and A. Ramirez-Bautista, 2008"
Reptilia,Squamata,Boidae,Boa,constrictor,-999,"Boa Constrictor (color morphs: albino, Anery, Blood, Camel, Coral Albino, Leopard, Leucistic, Pearl, Prodigy, Squaretail, Arabesque, Salmon, jaguar, Jungle, Marron, Motley, Onyx, Roswell, Fire, Inca, IMG, Pink, Avalanche, Blizzard, Ghost, Hytec, Moonglow, Paradigm, Pewter, Paradigm, Snow, Sunglow, Sunset,",-999,22,-999,-999,-999,-999,-999,-999,-999,-999,-999,-999,-999,-999,-999,-999,-999,-999,-999,-999,-999,-999,-999,-999,-999,-999,-999,-999,"BC Reptiles - Booth, W., Smith, C.F., Eskridge, P.H., Hoss, S.K. et al., 2012"
Reptilia,Squamata,Boidae,Boa,constrictor,-999,"Boa Constrictor (color morphs: albino, Anery, Blood, Camel, Coral Albino, Leopard, Leucistic, Pearl, Prodigy, Squaretail, Arabesque, Salmon, jaguar, Jungle, Marron, Motley, Onyx, Roswell, Fire, Inca, IMG, Pink, Avalanche, Blizzard, Ghost, Hytec, Moonglow, Paradigm, Pewter, Paradigm, Snow, Sunglow, Sunset,",-999,-999,-999,14000,-999,-999,-999,-999,-999,-999,-999,-999,-999,-999,-999,-999,-999,-999,-999,-999,-999,-999,-999,-999,-999,-999,-999,-999,"BC Reptiles - Coates, 2009"
Reptilia,Squamata,Boidae,Boa,constrictor,-999,"Boa Constrictor (color morphs: albino, Anery, Blood, Camel, Coral Albino, Leopard, Leucistic, Pearl, Prodigy, Squaretail, Arabesque, Salmon, jaguar, Jungle, Marron, Motley, Onyx, Roswell, Fire, Inca, IMG, Pink, Avalanche, Blizzard, Ghost, Hytec, Moonglow, Paradigm, Pewter, Paradigm, Snow, Sunglow, Sunset,",-999,-999,-999,31000,-999,-999,-999,-999,-999,-999,-999,-999,-999,-999,-999,-999,-999,-999,-999,-999,-999,-999,-999,-999,-999,-999,-999,-999,"BC Reptiles - Coates, 2009"
Reptilia,Squamata,Boidae,Boa,constrictor,-999,"Boa Constrictor (color morphs: albino, Anery, Blood, Camel, Coral Albino, Leopard, Leucistic, Pearl, Prodigy, Squaretail, Arabesque, Salmon, jaguar, Jungle, Marron, Motley, Onyx, Roswell, Fire, Inca, IMG, Pink, Avalanche, Blizzard, Ghost, Hytec, Moonglow, Paradigm, Pewter, Paradigm, Snow, Sunglow, Sunset,",-999,-999,-999,-999,20,-999,-999,-999,-999,-999,-999,-999,-999,-999,-999,-999,-999,-999,-999,-999,-999,-999,-999,-999,-999,-999,-999,-999,"BC Reptiles - Coates, 2009"
Reptilia,Squamata,Boidae,Boa,constrictor,-999,"Boa Constrictor (color morphs: albino, Anery, Blood, Camel, Coral Albino, Leopard, Leucistic, Pearl, Prodigy, Squaretail, Arabesque, Salmon, jaguar, Jungle, Marron, Motley, Onyx, Roswell, Fire, Inca, IMG, Pink, Avalanche, Blizzard, Ghost, Hytec, Moonglow, Paradigm, Pewter, Paradigm, Snow, Sunglow, Sunset,",-999,-999,-999,-999,30,-999,-999,-999,-999,-999,-999,-999,-999,-999,-999,-999,-999,-999,-999,-999,-999,-999,-999,-999,-999,-999,-999,-999,"BC Reptiles - Coates, 2009"
Reptilia,Squamata,Boidae,Boa,constrictor,-999,"Boa Constrictor (color morphs: albino, Anery, Blood, Camel, Coral Albino, Leopard, Leucistic, Pearl, Prodigy, Squaretail, Arabesque, Salmon, jaguar, Jungle, Marron, Motley, Onyx, Roswell, Fire, Inca, IMG, Pink, Avalanche, Blizzard, Ghost, Hytec, Moonglow, Paradigm, Pewter, Paradigm, Snow, Sunglow, Sunset,",-999,-999,-999,45000,-999,-999,-999,-999,-999,-999,-999,-999,-999,-999,-999,-999,-999,-999,-999,-999,-999,-999,-999,-999,-999,-999,-999,-999,"BC Reptiles - Lanser, 2013"
Reptilia,Squamata,Boidae,Boa,constrictor,-999,"Boa Constrictor (color morphs: albino, Anery, Blood, Camel, Coral Albino, Leopard, Leucistic, Pearl, Prodigy, Squaretail, Arabesque, Salmon, jaguar, Jungle, Marron, Motley, Onyx, Roswell, Fire, Inca, IMG, Pink, Avalanche, Blizzard, Ghost, Hytec, Moonglow, Paradigm, Pewter, Paradigm, Snow, Sunglow, Sunset,",-999,25,-999,-999,-999,-999,-999,-999,-999,-999,-999,-999,-999,-999,-999,-999,-999,-999,-999,-999,-999,-999,-999,-999,-999,-999,-999,-999,"BC Reptiles - Lanser, 2013"
Reptilia,Squamata,Boidae,Boa,constrictor,-999,"Boa Constrictor (color morphs: albino, Anery, Blood, Camel, Coral Albino, Leopard, Leucistic, Pearl, Prodigy, Squaretail, Arabesque, Salmon, jaguar, Jungle, Marron, Motley, Onyx, Roswell, Fire, Inca, IMG, Pink, Avalanche, Blizzard, Ghost, Hytec, Moonglow, Paradigm, Pewter, Paradigm, Snow, Sunglow, Sunset,",-999,64,-999,-999,-999,-999,-999,-999,-999,-999,-999,-999,-999,-999,-999,-999,-999,-999,-999,-999,-999,-999,-999,-999,-999,-999,-999,-999,"BC Reptiles - Lanser, 2013"
Reptilia,Squamata,Boidae,Boa,constrictor,-999,"Boa Constrictor (color morphs: albino, Anery, Blood, Camel, Coral Albino, Leopard, Leucistic, Pearl, Prodigy, Squaretail, Arabesque, Salmon, jaguar, Jungle, Marron, Motley, Onyx, Roswell, Fire, Inca, IMG, Pink, Avalanche, Blizzard, Ghost, Hytec, Moonglow, Paradigm, Pewter, Paradigm, Snow, Sunglow, Sunset,",-999,-999,0.5,-999,-999,-999,-999,-999,-999,-999,-999,-999,-999,-999,-999,-999,-999,-999,-999,-999,-999,-999,-999,-999,-999,-999,-999,-999,"BC Reptiles - Meyers et al., 2009"
Reptilia,Squamata,Boidae,Boa,constrictor,-999,"Boa Constrictor (color morphs: albino, Anery, Blood, Camel, Coral Albino, Leopard, Leucistic, Pearl, Prodigy, Squaretail, Arabesque, Salmon, jaguar, Jungle, Marron, Motley, Onyx, Roswell, Fire, Inca, IMG, Pink, Avalanche, Blizzard, Ghost, Hytec, Moonglow, Paradigm, Pewter, Paradigm, Snow, Sunglow, Sunset,",-999,10,-999,-999,-999,-999,-999,-999,-999,-999,-999,-999,-999,-999,-999,-999,-999,-999,-999,-999,-999,-999,-999,-999,-999,-999,-999,-999,"BC Reptiles - Meyers et al., 2009"
Reptilia,Squamata,Boidae,Boa,constrictor,-999,"Boa Constrictor (color morphs: albino, Anery, Blood, Camel, Coral Albino, Leopard, Leucistic, Pearl, Prodigy, Squaretail, Arabesque, Salmon, jaguar, Jungle, Marron, Motley, Onyx, Roswell, Fire, Inca, IMG, Pink, Avalanche, Blizzard, Ghost, Hytec, Moonglow, Paradigm, Pewter, Paradigm, Snow, Sunglow, Sunset,",-999,64,-999,-999,-999,-999,-999,-999,-999,-999,-999,-999,-999,-999,-999,-999,-999,-999,-999,-999,-999,-999,-999,-999,-999,-999,-999,-999,"BC Reptiles - Meyers et al., 2009"
Reptilia,Squamata,Boidae,Boa,constrictor,-999,"Boa Constrictor (color morphs: albino, Anery, Blood, Camel, Coral Albino, Leopard, Leucistic, Pearl, Prodigy, Squaretail, Arabesque, Salmon, jaguar, Jungle, Marron, Motley, Onyx, Roswell, Fire, Inca, IMG, Pink, Avalanche, Blizzard, Ghost, Hytec, Moonglow, Paradigm, Pewter, Paradigm, Snow, Sunglow, Sunset,",-999,24,-999,-999,-999,-999,-999,-999,-999,-999,-999,-999,-999,-999,-999,-999,-999,-999,-999,-999,-999,-999,-999,-999,-999,-999,-999,-999,"BC Reptiles - Meyers et al., 2009"
Reptilia,Squamata,Boidae,Boa,constrictor,-999,"Boa Constrictor (color morphs: albino, Anery, Blood, Camel, Coral Albino, Leopard, Leucistic, Pearl, Prodigy, Squaretail, Arabesque, Salmon, jaguar, Jungle, Marron, Motley, Onyx, Roswell, Fire, Inca, IMG, Pink, Avalanche, Blizzard, Ghost, Hytec, Moonglow, Paradigm, Pewter, Paradigm, Snow, Sunglow, Sunset,",-999,-999,-999,-999,-999,152.2,-999,-999,-999,-999,-999,-999,-999,-999,-999,-999,-999,-999,-999,-999,-999,-999,-999,-999,-999,-999,-999,-999,"BC Reptiles - Meyers et al., 2009"
Reptilia,Squamata,Boidae,Boa,constrictor,-999,"Boa Constrictor (color morphs: albino, Anery, Blood, Camel, Coral Albino, Leopard, Leucistic, Pearl, Prodigy, Squaretail, Arabesque, Salmon, jaguar, Jungle, Marron, Motley, Onyx, Roswell, Fire, Inca, IMG, Pink, Avalanche, Blizzard, Ghost, Hytec, Moonglow, Paradigm, Pewter, Paradigm, Snow, Sunglow, Sunset,",-999,-999,-999,-999,-999,243.52,-999,-999,-999,-999,-999,-999,-999,-999,-999,-999,-999,-999,-999,-999,-999,-999,-999,-999,-999,-999,-999,-999,"BC Reptiles - Meyers et al., 2009"
Reptilia,Squamata,Boidae,Boa,constrictor,-999,"Boa Constrictor (color morphs: albino, Anery, Blood, Camel, Coral Albino, Leopard, Leucistic, Pearl, Prodigy, Squaretail, Arabesque, Salmon, jaguar, Jungle, Marron, Motley, Onyx, Roswell, Fire, Inca, IMG, Pink, Avalanche, Blizzard, Ghost, Hytec, Moonglow, Paradigm, Pewter, Paradigm, Snow, Sunglow, Sunset,",730.5,-999,-999,-999,-999,-999,-999,-999,-999,-999,-999,-999,-999,-999,-999,-999,-999,-999,-999,-999,-999,-999,-999,-999,-999,-999,-999,-999,"BC Reptiles - Meyers et al., 2009"
Reptilia,Squamata,Boidae,Boa,constrictor,-999,"Boa Constrictor (color morphs: albino, Anery, Blood, Camel, Coral Albino, Leopard, Leucistic, Pearl, Prodigy, Squaretail, Arabesque, Salmon, jaguar, Jungle, Marron, Motley, Onyx, Roswell, Fire, Inca, IMG, Pink, Avalanche, Blizzard, Ghost, Hytec, Moonglow, Paradigm, Pewter, Paradigm, Snow, Sunglow, Sunset,",1095.75,-999,-999,-999,-999,-999,-999,-999,-999,-999,-999,-999,-999,-999,-999,-999,-999,-999,-999,-999,-999,-999,-999,-999,-999,-999,-999,-999,"BC Reptiles - Meyers et al., 2009"
Reptilia,Squamata,Boidae,Boa,constrictor,-999,"Boa Constrictor (color morphs: albino, Anery, Blood, Camel, Coral Albino, Leopard, Leucistic, Pearl, Prodigy, Squaretail, Arabesque, Salmon, jaguar, Jungle, Marron, Motley, Onyx, Roswell, Fire, Inca, IMG, Pink, Avalanche, Blizzard, Ghost, Hytec, Moonglow, Paradigm, Pewter, Paradigm, Snow, Sunglow, Sunset,",-999,-999,-999,-999,-999,-999,-999,-999,-999,-999,-999,-999,730.5,-999,-999,-999,-999,-999,-999,-999,-999,-999,-999,-999,-999,-999,-999,-999,"BC Reptiles - Meyers et al., 2009"
Reptilia,Squamata,Boidae,Boa,constrictor,-999,"Boa Constrictor (color morphs: albino, Anery, Blood, Camel, Coral Albino, Leopard, Leucistic, Pearl, Prodigy, Squaretail, Arabesque, Salmon, jaguar, Jungle, Marron, Motley, Onyx, Roswell, Fire, Inca, IMG, Pink, Avalanche, Blizzard, Ghost, Hytec, Moonglow, Paradigm, Pewter, Paradigm, Snow, Sunglow, Sunset,",-999,-999,-999,-999,-999,-999,-999,-999,-999,-999,-999,-999,1095.75,-999,-999,-999,-999,-999,-999,-999,-999,-999,-999,-999,-999,-999,-999,-999,"BC Reptiles - Meyers et al., 2009"
Reptilia,Squamata,Boidae,Boa,constrictor,-999,"Boa Constrictor (color morphs: albino, Anery, Blood, Camel, Coral Albino, Leopard, Leucistic, Pearl, Prodigy, Squaretail, Arabesque, Salmon, jaguar, Jungle, Marron, Motley, Onyx, Roswell, Fire, Inca, IMG, Pink, Avalanche, Blizzard, Ghost, Hytec, Moonglow, Paradigm, Pewter, Paradigm, Snow, Sunglow, Sunset,",-999,-999,-999,-999,30,-999,-999,-999,-999,-999,-999,-999,-999,-999,-999,-999,-999,-999,-999,-999,-999,-999,-999,-999,-999,-999,-999,-999,"BC Reptiles - Meyers et al., 2009"
Reptilia,Squamata,Boidae,Boa,constrictor,-999,"Boa Constrictor (color morphs: albino, Anery, Blood, Camel, Coral Albino, Leopard, Leucistic, Pearl, Prodigy, Squaretail, Arabesque, Salmon, jaguar, Jungle, Marron, Motley, Onyx, Roswell, Fire, Inca, IMG, Pink, Avalanche, Blizzard, Ghost, Hytec, Moonglow, Paradigm, Pewter, Paradigm, Snow, Sunglow, Sunset,",-999,-999,-999,-999,40,-999,-999,-999,-999,-999,-999,-999,-999,-999,-999,-999,-999,-999,-999,-999,-999,-999,-999,-999,-999,-999,-999,-999,"BC Reptiles - Meyers et al., 2009"
Reptilia,Squamata,Boidae,Boa,constrictor,-999,"Boa Constrictor (color morphs: albino, Anery, Blood, Camel, Coral Albino, Leopard, Leucistic, Pearl, Prodigy, Squaretail, Arabesque, Salmon, jaguar, Jungle, Marron, Motley, Onyx, Roswell, Fire, Inca, IMG, Pink, Avalanche, Blizzard, Ghost, Hytec, Moonglow, Paradigm, Pewter, Paradigm, Snow, Sunglow, Sunset,",-999,-999,-999,-999,20,-999,-999,-999,-999,-999,-999,-999,-999,-999,-999,-999,-999,-999,-999,-999,-999,-999,-999,-999,-999,-999,-999,-999,"BC Reptiles - Meyers et al., 2009"
Reptilia,Squamata,Boidae,Boa,constrictor,-999,"Boa Constrictor (color morphs: albino, Anery, Blood, Camel, Coral Albino, Leopard, Leucistic, Pearl, Prodigy, Squaretail, Arabesque, Salmon, jaguar, Jungle, Marron, Motley, Onyx, Roswell, Fire, Inca, IMG, Pink, Avalanche, Blizzard, Ghost, Hytec, Moonglow, Paradigm, Pewter, Paradigm, Snow, Sunglow, Sunset,",-999,-999,-999,-999,25,-999,-999,-999,-999,-999,-999,-999,-999,-999,-999,-999,-999,-999,-999,-999,-999,-999,-999,-999,-999,-999,-999,-999,"BC Reptiles - Meyers et al., 2009"
Reptilia,Squamata,Boidae,Boa,constrictor,-999,"Boa Constrictor (color morphs: albino, Anery, Blood, Camel, Coral Albino, Leopard, Leucistic, Pearl, Prodigy, Squaretail, Arabesque, Salmon, jaguar, Jungle, Marron, Motley, Onyx, Roswell, Fire, Inca, IMG, Pink, Avalanche, Blizzard, Ghost, Hytec, Moonglow, Paradigm, Pewter, Paradigm, Snow, Sunglow, Sunset,",-999,-999,-999,-999,35,-999,-999,-999,-999,-999,-999,-999,-999,-999,-999,-999,-999,-999,-999,-999,-999,-999,-999,-999,-999,-999,-999,-999,"BC Reptiles - Meyers et al., 2009"
Reptilia,Squamata,Boidae,Boa,constrictor,-999,"Boa Constrictor (color morphs: albino, Anery, Blood, Camel, Coral Albino, Leopard, Leucistic, Pearl, Prodigy, Squaretail, Arabesque, Salmon, jaguar, Jungle, Marron, Motley, Onyx, Roswell, Fire, Inca, IMG, Pink, Avalanche, Blizzard, Ghost, Hytec, Moonglow, Paradigm, Pewter, Paradigm, Snow, Sunglow, Sunset,",-999,-999,-999,-999,40.4,-999,-999,-999,-999,-999,-999,-999,-999,-999,-999,-999,-999,-999,-999,-999,-999,-999,-999,-999,-999,-999,-999,-999,"BC Reptiles - Tacutu, R., T. Craig, A. Budovsky et al. 2013"
Reptilia,Squamata,Boidae,Boa,constrictor,-999,"Boa Constrictor (color morphs: albino, Anery, Blood, Camel, Coral Albino, Leopard, Leucistic, Pearl, Prodigy, Squaretail, Arabesque, Salmon, jaguar, Jungle, Marron, Motley, Onyx, Roswell, Fire, Inca, IMG, Pink, Avalanche, Blizzard, Ghost, Hytec, Moonglow, Paradigm, Pewter, Paradigm, Snow, Sunglow, Sunset,",1095,-999,-999,-999,-999,-999,-999,-999,-999,-999,-999,-999,-999,-999,-999,-999,-999,-999,-999,-999,-999,-999,-999,-999,-999,-999,-999,-999,"BC Reptiles - Tacutu, R., T. Craig, A. Budovsky et al. 2013"
Reptilia,Squamata,Boidae,Boa,constrictor,-999,"Boa Constrictor (color morphs: albino, Anery, Blood, Camel, Coral Albino, Leopard, Leucistic, Pearl, Prodigy, Squaretail, Arabesque, Salmon, jaguar, Jungle, Marron, Motley, Onyx, Roswell, Fire, Inca, IMG, Pink, Avalanche, Blizzard, Ghost, Hytec, Moonglow, Paradigm, Pewter, Paradigm, Snow, Sunglow, Sunset,",-999,-999,-999,-999,-999,-999,-999,-999,-999,-999,-999,-999,1095,-999,-999,-999,-999,-999,-999,-999,-999,-999,-999,-999,-999,-999,-999,-999,"BC Reptiles - Tacutu, R., T. Craig, A. Budovsky et al. 2013"
Reptilia,Squamata,Boidae,Boa,constrictor,-999,"Boa Constrictor (color morphs: albino, Anery, Blood, Camel, Coral Albino, Leopard, Leucistic, Pearl, Prodigy, Squaretail, Arabesque, Salmon, jaguar, Jungle, Marron, Motley, Onyx, Roswell, Fire, Inca, IMG, Pink, Avalanche, Blizzard, Ghost, Hytec, Moonglow, Paradigm, Pewter, Paradigm, Snow, Sunglow, Sunset,",-999,25,-999,-999,-999,-999,-999,-999,-999,-999,-999,-999,-999,-999,-999,-999,-999,-999,-999,-999,-999,-999,-999,-999,-999,-999,-999,-999,"BC Reptiles - Tacutu, R., T. Craig, A. Budovsky et al. 2013"
Reptilia,Squamata,Boidae,Boa,constrictor,-999,"Boa Constrictor (color morphs: albino, Anery, Blood, Camel, Coral Albino, Leopard, Leucistic, Pearl, Prodigy, Squaretail, Arabesque, Salmon, jaguar, Jungle, Marron, Motley, Onyx, Roswell, Fire, Inca, IMG, Pink, Avalanche, Blizzard, Ghost, Hytec, Moonglow, Paradigm, Pewter, Paradigm, Snow, Sunglow, Sunset,",-999,-999,-999,-999,-999,125,-999,-999,-999,-999,-999,-999,-999,-999,-999,-999,-999,-999,-999,-999,-999,-999,-999,-999,-999,-999,-999,-999,"BC Reptiles - Tacutu, R., T. Craig, A. Budovsky et al. 2013"
Reptilia,Squamata,Boidae,Boa,constrictor,-999,"Boa Constrictor (color morphs: albino, Anery, Blood, Camel, Coral Albino, Leopard, Leucistic, Pearl, Prodigy, Squaretail, Arabesque, Salmon, jaguar, Jungle, Marron, Motley, Onyx, Roswell, Fire, Inca, IMG, Pink, Avalanche, Blizzard, Ghost, Hytec, Moonglow, Paradigm, Pewter, Paradigm, Snow, Sunglow, Sunset,",-999,-999,-999,3532,-999,-999,-999,-999,-999,-999,-999,-999,-999,-999,-999,-999,-999,-999,-999,-999,-999,-999,-999,-999,-999,-999,-999,-999,"BC Reptiles - Tacutu, R., T. Craig, A. Budovsky et al. 2013"
Reptilia,Squamata,Boidae,Eunectes,murinus,-999,"Anaconda, Green Anaconda",-999,-999,-999,-999,31.8,-999,-999,-999,-999,-999,-999,-999,-999,-999,-999,-999,-999,-999,-999,-999,-999,-999,-999,-999,-999,-999,-999,-999,"de Magalhaes and Costa, 2009"
Reptilia,Squamata,Boidae,Eunectes,murinus,-999,"Anaconda, Green Anaconda",912.5,-999,-999,97500,31.8,-999,-999,-999,-999,-999,180,-999,-999,-999,-999,-999,-999,-999,-999,-999,-999,-999,-999,-999,-999,-999,-999,-999,"Ricklefs, 2010b"
Reptilia,Squamata,Boidae,Eunectes,murinus,-999,"Anaconda, Green Anaconda",-999,-999,-999,-999,-999,-999,-999,-999,-999,-999,-999,-999,-999,-999,-999,-999,-999,-999,-999,-999,318.8,-999,-999,-999,-999,-999,-999,-999,"Rivas, 2000"
Reptilia,Squamata,Boidae,Eunectes,murinus,-999,"Anaconda, Green Anaconda",-999,-999,-999,30820,-999,-999,-999,-999,-999,-999,-999,-999,-999,-999,-999,-999,-999,-999,-999,-999,-999,-999,-999,-999,-999,-999,-999,-999,"Rivas, 2000"
Reptilia,Squamata,Boidae,Eunectes,murinus,-999,"Anaconda, Green Anaconda",-999,29.4,-999,-999,-999,-999,-999,-999,-999,-999,-999,-999,-999,-999,-999,-999,-999,-999,-999,-999,-999,-999,-999,-999,-999,-999,-999,-999,"Rivas, 2000"
Reptilia,Squamata,Boidae,Eunectes,murinus,-999,"Anaconda, Green Anaconda",-999,-999,0.57,-999,-999,-999,-999,-999,-999,-999,-999,-999,-999,-999,-999,-999,-999,-999,-999,-999,-999,-999,-999,-999,-999,-999,-999,-999,"Rivas, 2000"
Reptilia,Squamata,Boidae,Eunectes,murinus,-999,"Anaconda, Green Anaconda",-999,-999,-999,-999,19.5,-999,-999,-999,-999,-999,-999,-999,-999,-999,-999,-999,-999,-999,-999,-999,-999,-999,-999,-999,-999,-999,-999,-999,"Carey, J.R. and D.S. Judge, 2002"
Reptilia,Squamata,Boidae,Eunectes,murinus,-999,"Anaconda, Green Anaconda",-999,-999,-999,-999,8,-999,-999,-999,-999,-999,-999,-999,-999,-999,-999,-999,-999,-999,-999,-999,-999,-999,-999,-999,-999,-999,-999,-999,"Carey, J.R. and D.S. Judge, 2002"
Reptilia,Squamata,Boidae,Eunectes,murinus,-999,"Anaconda, Green Anaconda",-999,-999,-999,-999,13.9,-999,-999,-999,-999,-999,-999,-999,-999,-999,-999,-999,-999,-999,-999,-999,-999,-999,-999,-999,-999,-999,-999,-999,"Carey, J.R. and D.S. Judge, 2002"
Reptilia,Squamata,Boidae,Eunectes,murinus,-999,"Anaconda, Green Anaconda",-999,-999,-999,-999,29,-999,-999,-999,-999,-999,-999,-999,-999,-999,-999,-999,-999,-999,-999,-999,-999,-999,-999,-999,-999,-999,-999,-999,"Carey, J.R. and D.S. Judge, 2002"
Reptilia,Squamata,Boidae,Eunectes,murinus,-999,"Anaconda, Green Anaconda",-999,20,-999,-999,-999,-999,-999,-999,-999,-999,-999,-999,-999,-999,-999,-999,-999,-999,-999,-999,-999,-999,-999,-999,-999,-999,-999,-999,"O'Shea, M., 2007"
Reptilia,Squamata,Boidae,Eunectes,murinus,-999,"Anaconda, Green Anaconda",-999,40,-999,-999,-999,-999,-999,-999,-999,-999,-999,-999,-999,-999,-999,-999,-999,-999,-999,-999,-999,-999,-999,-999,-999,-999,-999,-999,"O'Shea, M., 2007"
Reptilia,Squamata,Boidae,Eunectes,murinus,-999,"Anaconda, Green Anaconda",-999,82,-999,-999,-999,-999,-999,-999,-999,-999,-999,-999,-999,-999,-999,-999,-999,-999,-999,-999,-999,-999,-999,-999,-999,-999,-999,-999,"O'Shea, M., 2007"
Reptilia,Squamata,Boidae,Eunectes,murinus,-999,"Anaconda, Green Anaconda",-999,-999,-999,-999,27.95,-999,-999,-999,-999,-999,-999,-999,-999,-999,-999,-999,-999,-999,-999,-999,-999,-999,-999,-999,-999,-999,-999,-999,"O'Shea, M., 2007"
Reptilia,Squamata,Boidae,Eunectes,murinus,-999,"Anaconda, Green Anaconda",-999,-999,-999,-999,-999,-999,-999,-999,-999,-999,-999,-999,-999,-999,-999,-999,73000,-999,-999,-999,-999,-999,-999,-999,-999,-999,-999,-999,"O'Shea, M., 2007"
Reptilia,Squamata,Boidae,Eunectes,murinus,-999,"Anaconda, Green Anaconda",-999,-999,-999,155991,-999,-999,-999,-999,-999,-999,-999,-999,-999,-999,-999,-999,-999,-999,-999,-999,-999,-999,-999,-999,-999,-999,-999,-999,"Boback and Guyer, 2003"
Reptilia,Squamata,Eublepharidae,Eublepharis,macularius,-999,Common Leopard Gecko,400,2,-999,-999,28.5,55,-999,-999,-999,-999,-999,-999,400,-999,-999,-999,-999,-999,-999,-999,-999,-999,-999,-999,-999,-999,-999,-999,"de Magalhaes and Costa, 2009"
Reptilia,Squamata,Eublepharidae,Eublepharis,macularius,-999,Common Leopard Gecko,400,-999,-999,-999,28.5,-999,-999,-999,-999,-999,55,-999,-999,-999,-999,-999,-999,-999,-999,-999,-999,-999,-999,-999,-999,-999,-999,-999,"Ricklefs, 2010b"
Reptilia,Squamata,Eublepharidae,Eublepharis,macularius,-999,Common Leopard Gecko,-999,-999,-999,59.7,-999,-999,-999,-999,-999,-999,-999,-999,-999,-999,-999,-999,59.7,-999,-999,-999,12.505,-999,-999,-999,-999,-999,-999,-999,"Meiri, 2010"
Reptilia,Squamata,Eublepharidae,Eublepharis,macularius,-999,Common Leopard Gecko,-999,1.9,1,35.53,-999,-999,-999,-999,-999,3.46,-999,-999,-999,-999,35.53,-999,35.53,14.65,27.36,-999,35.53,-999,35.53,-999,-999,-999,-999,-999,"Kratochvil and Frynta, 2006a"
Reptilia,Squamata,Eublepharidae,Eublepharis,macularius,-999,Common Leopard Gecko,-999,2.1,-999,-999,-999,-999,-999,-999,-999,-999,-999,-999,-999,-999,-999,-999,-999,-999,-999,-999,-999,-999,-999,-999,-999,-999,-999,-999,"Kratochvil and Frynta, 2006a"
Reptilia,Squamata,Eublepharidae,Eublepharis,macularius,-999,Common Leopard Gecko,-999,2.4,3.5,34.96,-999,-999,-999,1.87,-999,-999,-999,-999,-999,-999,34.96,-999,34.96,-999,-999,-999,12.086,-999,12.086,4.4,-999,-999,-999,-999,"Meiri, S., Brown, J.H., and R.M. Sibly, 2011"
Reptilia,Squamata,Eublepharidae,Eublepharis,macularius,-999,Common Leopard Gecko,-999,2,-999,-999,-999,-999,-999,-999,-999,-999,45,-999,-999,-999,-999,-999,-999,-999,-999,-999,-999,-999,-999,-999,-999,-999,-999,-999,Reptile Incubation book
Reptilia,Squamata,Eublepharidae,Eublepharis,macularius,-999,Common Leopard Gecko,-999,-999,-999,-999,-999,-999,-999,-999,-999,-999,65,-999,-999,-999,-999,-999,-999,-999,-999,-999,-999,-999,-999,-999,-999,-999,-999,-999,Reptile Incubation book
Reptilia,Squamata,Eublepharidae,Eublepharis,macularius,-999,Common Leopard Gecko,-999,-999,-999,-999,-999,-999,-999,-999,-999,4.05,51,-999,-999,-999,-999,-999,-999,-999,-999,-999,-999,-999,-999,-999,-999,-999,-999,-999,"Birchard, G. and D. Marcellini, 1996"
Reptilia,Squamata,Eublepharidae,Eublepharis,macularius,-999,Common Leopard Gecko,-999,-999,-999,-999,4.9,-999,-999,-999,-999,-999,-999,-999,-999,-999,-999,-999,-999,-999,-999,-999,-999,-999,-999,-999,-999,-999,-999,-999,"Carey, J.R. and D.S. Judge, 2002"
Reptilia,Squamata,Eublepharidae,Eublepharis,macularius,-999,Common Leopard Gecko,-999,-999,-999,-999,-999,-999,-999,-999,-999,-999,-999,-999,-999,-999,-999,-999,-999,-999,-999,-999,-999,-999,-999,-999,-999,-999,16.5,-999,"Meiri, S., 2007"
Reptilia,Squamata,Pythonidae,Python,molurus,-999,Indian Rock Python,1095,40,-999,12370,34.2,100,-999,-999,-999,-999,-999,-999,1095,-999,-999,-999,12370,-999,-999,-999,-999,-999,-999,-999,-999,-999,-999,-999,"de Magalhaes and Costa, 2009"
Reptilia,Squamata,Pythonidae,Python,molurus,-999,Indian Rock Python,-999,13,-999,-999,-999,-999,-999,-999,-999,-999,58,-999,-999,-999,-999,-999,-999,-999,-999,-999,-999,-999,-999,-999,-999,-999,-999,-999,Reptile Incubation book
Reptilia,Squamata,Pythonidae,Python,molurus,-999,Indian Rock Python,-999,12,-999,-999,-999,-999,-999,-999,-999,-999,55,-999,-999,-999,-999,-999,-999,-999,-999,-999,-999,-999,-999,-999,-999,-999,-999,-999,Reptile Incubation book
Reptilia,Squamata,Pythonidae,Python,molurus,-999,Indian Rock Python,-999,2,-999,-999,-999,-999,-999,-999,-999,-999,56,-999,-999,-999,-999,-999,-999,-999,-999,-999,-999,-999,-999,-999,-999,-999,-999,-999,Reptile Incubation book
Reptilia,Squamata,Pythonidae,Python,molurus,-999,Indian Rock Python,-999,25,-999,-999,-999,-999,-999,-999,-999,-999,85,-999,-999,-999,-999,-999,-999,-999,-999,-999,-999,-999,-999,-999,-999,-999,-999,-999,Reptile Incubation book
Reptilia,Squamata,Pythonidae,Python,molurus,-999,Indian Rock Python,-999,38,-999,-999,-999,-999,-999,-999,-999,-999,72,-999,-999,-999,-999,-999,-999,-999,-999,-999,-999,-999,-999,-999,-999,-999,-999,-999,Reptile Incubation book
Reptilia,Squamata,Pythonidae,Python,molurus,-999,Indian Rock Python,-999,20,-999,-999,-999,-999,-999,-999,-999,-999,59,-999,-999,-999,-999,-999,-999,-999,-999,-999,-999,-999,-999,-999,-999,-999,-999,-999,Reptile Incubation book
Reptilia,Squamata,Pythonidae,Python,molurus,-999,Indian Rock Python,-999,-999,-999,-999,-999,-999,-999,-999,-999,220,68,-999,-999,-999,-999,-999,-999,-999,-999,-999,-999,-999,-999,-999,-999,-999,-999,-999,"Birchard, G. and D. Marcellini, 1996"
Reptilia,Squamata,Pythonidae,Python,molurus,-999,Indian Rock Python,-999,-999,-999,-999,28.3,-999,-999,-999,-999,-999,-999,-999,-999,-999,-999,-999,-999,-999,-999,-999,-999,-999,-999,-999,-999,-999,-999,-999,"Carey, J.R. and D.S. Judge, 2002"
Reptilia,Squamata,Pythonidae,Python,molurus,-999,Indian Rock Python,-999,-999,-999,-999,34.2,-999,-999,-999,-999,-999,-999,-999,-999,-999,-999,-999,-999,-999,-999,-999,-999,-999,-999,-999,-999,-999,-999,-999,"Carey, J.R. and D.S. Judge, 2002"
Reptilia,Squamata,Pythonidae,Python,molurus,-999,Indian Rock Python,-999,-999,-999,-999,15.8,-999,-999,-999,-999,-999,-999,-999,-999,-999,-999,-999,-999,-999,-999,-999,-999,-999,-999,-999,-999,-999,-999,-999,"Carey, J.R. and D.S. Judge, 2002"
Reptilia,Squamata,Pythonidae,Python,molurus,-999,Indian Rock Python,-999,30,-999,-999,-999,-999,-999,-999,-999,-999,-999,-999,-999,-999,-999,-999,-999,-999,-999,-999,-999,-999,-999,-999,-999,-999,-999,-999,"O'Shea, M., 2007"
Reptilia,Squamata,Pythonidae,Python,molurus,-999,Indian Rock Python,-999,30,-999,-999,-999,-999,-999,-999,-999,-999,-999,-999,-999,-999,-999,-999,-999,-999,-999,-999,-999,-999,-999,-999,-999,-999,-999,-999,"O'Shea, M., 2007"
Reptilia,Squamata,Pythonidae,Python,molurus,-999,Indian Rock Python,-999,100,-999,-999,-999,-999,-999,-999,-999,-999,-999,-999,-999,-999,-999,-999,-999,-999,-999,-999,-999,-999,-999,-999,-999,-999,-999,-999,"O'Shea, M., 2007"
Reptilia,Squamata,Pythonidae,Python,molurus,-999,Indian Rock Python,-999,100,-999,-999,-999,-999,-999,-999,-999,-999,-999,-999,-999,-999,-999,-999,-999,-999,-999,-999,-999,-999,-999,-999,-999,-999,-999,-999,"O'Shea, M., 2007"
Reptilia,Squamata,Pythonidae,Python,molurus,-999,Indian Rock Python,-999,-999,-999,-999,34.14166667,-999,-999,-999,-999,-999,-999,-999,-999,-999,-999,-999,-999,-999,-999,-999,-999,-999,-999,-999,-999,-999,-999,-999,"O'Shea, M., 2007"
Reptilia,Squamata,Pythonidae,Python,molurus,-999,Indian Rock Python,-999,-999,-999,77154,-999,-999,-999,-999,-999,-999,-999,-999,-999,-999,-999,-999,-999,-999,-999,-999,-999,-999,-999,-999,-999,-999,-999,-999,"Boback and Guyer, 2003"
Reptilia,Squamata,Pythonidae,Python,molurus,-999,Indian Rock Python,-999,-999,-999,137000,-999,-999,-999,-999,-999,-999,-999,-999,-999,-999,-999,-999,-999,-999,-999,-999,-999,-999,-999,-999,-999,-999,-999,-999,"BC Reptiles - Meyers et al., 2009"
Reptilia,Squamata,Pythonidae,Python,molurus,-999,Indian Rock Python,-999,-999,-999,-999,-999,60.88,-999,-999,-999,-999,-999,-999,-999,-999,-999,-999,-999,-999,-999,-999,-999,-999,-999,-999,-999,-999,-999,-999,"BC Reptiles - Meyers et al., 2009"
Reptilia,Squamata,Pythonidae,Python,molurus,-999,Indian Rock Python,-999,-999,-999,-999,-999,91.32,-999,-999,-999,-999,-999,-999,-999,-999,-999,-999,-999,-999,-999,-999,-999,-999,-999,-999,-999,-999,-999,-999,"BC Reptiles - Meyers et al., 2009"
Reptilia,Squamata,Pythonidae,Python,molurus,-999,Indian Rock Python,-999,-999,-999,-999,-999,-999,-999,-999,-999,-999,-999,-999,730.5,-999,-999,-999,-999,-999,-999,-999,-999,-999,-999,-999,-999,-999,-999,-999,"BC Reptiles - Meyers et al., 2009"
Reptilia,Squamata,Pythonidae,Python,molurus,-999,Indian Rock Python,-999,-999,-999,-999,-999,-999,-999,-999,-999,-999,-999,-999,1095.75,-999,-999,-999,-999,-999,-999,-999,-999,-999,-999,-999,-999,-999,-999,-999,"BC Reptiles - Meyers et al., 2009"
Reptilia,Squamata,Pythonidae,Python,molurus,-999,Indian Rock Python,730.5,-999,-999,-999,-999,-999,-999,-999,-999,-999,-999,-999,-999,-999,-999,-999,-999,-999,-999,-999,-999,-999,-999,-999,-999,-999,-999,-999,"BC Reptiles - Meyers et al., 2009"
Reptilia,Squamata,Pythonidae,Python,molurus,-999,Indian Rock Python,1095.75,-999,-999,-999,-999,-999,-999,-999,-999,-999,-999,-999,-999,-999,-999,-999,-999,-999,-999,-999,-999,-999,-999,-999,-999,-999,-999,-999,"BC Reptiles - Meyers et al., 2009"
Reptilia,Squamata,Pythonidae,Python,molurus,-999,Indian Rock Python,-999,-999,-999,-999,15.8,-999,-999,-999,-999,-999,-999,-999,-999,-999,-999,-999,-999,-999,-999,-999,-999,-999,-999,-999,-999,-999,-999,-999,"BC Reptiles - Meyers et al., 2009"
Reptilia,Squamata,Pythonidae,Python,molurus,-999,Indian Rock Python,-999,-999,-999,-999,34.2,-999,-999,-999,-999,-999,-999,-999,-999,-999,-999,-999,-999,-999,-999,-999,-999,-999,-999,-999,-999,-999,-999,-999,"BC Reptiles - Tacutu, R., T. Craig, A. Budovsky et al. 2013"
Reptilia,Squamata,Pythonidae,Python,molurus,-999,Indian Rock Python,1095,-999,-999,-999,-999,-999,-999,-999,-999,-999,-999,-999,-999,-999,-999,-999,-999,-999,-999,-999,-999,-999,-999,-999,-999,-999,-999,-999,"BC Reptiles - Tacutu, R., T. Craig, A. Budovsky et al. 2013"
Reptilia,Squamata,Pythonidae,Python,molurus,-999,Indian Rock Python,-999,-999,-999,-999,-999,-999,-999,-999,-999,-999,-999,-999,1095,-999,-999,-999,-999,-999,-999,-999,-999,-999,-999,-999,-999,-999,-999,-999,"BC Reptiles - Tacutu, R., T. Craig, A. Budovsky et al. 2013"
Reptilia,Squamata,Pythonidae,Python,molurus,-999,Indian Rock Python,-999,-999,-999,-999,-999,-999,-999,-999,-999,-999,100,-999,-999,-999,-999,-999,-999,-999,-999,-999,-999,-999,-999,-999,-999,-999,-999,-999,"BC Reptiles - Tacutu, R., T. Craig, A. Budovsky et al. 2013"
Reptilia,Squamata,Pythonidae,Python,molurus,-999,Indian Rock Python,-999,40,-999,-999,-999,-999,-999,-999,-999,-999,-999,-999,-999,-999,-999,-999,-999,-999,-999,-999,-999,-999,-999,-999,-999,-999,-999,-999,"BC Reptiles - Tacutu, R., T. Craig, A. Budovsky et al. 2013"
Reptilia,Squamata,Pythonidae,Python,molurus,-999,Indian Rock Python,-999,-999,-999,12370,-999,-999,-999,-999,-999,-999,-999,-999,-999,-999,-999,-999,-999,-999,-999,-999,-999,-999,-999,-999,-999,-999,-999,-999,"BC Reptiles - Tacutu, R., T. Craig, A. Budovsky et al. 2013"
Reptilia,Squamata,Pythonidae,Python,molurus,-999,Indian Rock Python,-999,-999,-999,17100,-999,-999,-999,-999,-999,-999,-999,-999,-999,-999,-999,-999,-999,-999,-999,-999,-999,-999,-999,-999,-999,-999,-999,-999,"BC Reptiles - Stahlschmidt, Z.R. and D.F. DeNardo, 2009"
Reptilia,Squamata,Pythonidae,Python,molurus,-999,Indian Rock Python,-999,-999,-999,-999,-999,-999,-999,90,-999,-999,-999,-999,-999,-999,-999,-999,-999,-999,-999,-999,-999,-999,-999,-999,-999,-999,-999,-999,"BC Reptiles - Ramesh and Bhupathy, 2010"
Reptilia,Squamata,Pythonidae,Python,molurus,-999,Indian Rock Python,-999,-999,-999,-999,-999,-999,-999,120,-999,-999,-999,-999,-999,-999,-999,-999,-999,-999,-999,-999,-999,-999,-999,-999,-999,-999,-999,-999,"BC Reptiles - Ramesh and Bhupathy, 2010"
Reptilia,Squamata,Pythonidae,Python,molurus,-999,Indian Rock Python,-999,-999,-999,-999,-999,-999,-999,111.2,-999,-999,-999,-999,-999,-999,-999,-999,-999,-999,-999,-999,-999,-999,-999,-999,-999,-999,-999,-999,"BC Reptiles - Ramesh and Bhupathy, 2010"
Reptilia,Squamata,Pythonidae,Python,molurus,-999,Indian Rock Python,-999,-999,-999,-999,-999,-999,-999,-999,-999,203.3,-999,-999,-999,-999,-999,-999,-999,-999,-999,-999,-999,-999,-999,-999,-999,-999,-999,-999,"BC Reptiles - Du, W-G., Tu, M-C., Radder, R.S., and R. Shine, 2013"
Reptilia,Squamata,Pythonidae,Python,molurus,-999,Indian Rock Python,-999,-999,-999,-999,-999,-999,-999,-999,-999,-999,45,-999,-999,-999,-999,-999,-999,-999,-999,-999,-999,-999,-999,-999,-999,-999,-999,-999,"BC Reptiles - Du, W-G., Tu, M-C., Radder, R.S., and R. Shine, 2013"
Reptilia,Squamata,Pythonidae,Python,molurus,-999,Indian Rock Python,-999,-999,1,-999,-999,-999,-999,-999,-999,-999,-999,-999,-999,-999,-999,-999,-999,-999,-999,-999,-999,-999,-999,-999,-999,-999,-999,-999,"BC Reptiles - Willson, Dorcas, and Snow, 2011"
Reptilia,Squamata,Pythonidae,Python,regius,-999,"Ball Python, Royal Python",1825,7,-999,-999,47.5,77,-999,-999,-999,-999,-999,-999,1825,-999,-999,-999,-999,-999,-999,-999,-999,-999,-999,-999,-999,-999,-999,-999,"de Magalhaes and Costa, 2009"
Reptilia,Squamata,Pythonidae,Python,regius,-999,"Ball Python, Royal Python",1825,-999,-999,11609,47.5,-999,-999,-999,-999,-999,77,-999,-999,-999,-999,-999,-999,-999,-999,-999,-999,-999,-999,-999,-999,-999,-999,-999,"Ricklefs, 2010b"
Reptilia,Squamata,Pythonidae,Python,regius,-999,"Ball Python, Royal Python",-999,7.7,-999,-999,-999,-999,-999,-999,-999,-999,-999,-999,-999,-999,-999,-999,-999,-999,-999,-999,-999,-999,-999,-999,-999,-999,-999,-999,"Aubret, F., Bonnet, X., Shine, R., and S. Maumelat, 2003"
Reptilia,Squamata,Pythonidae,Python,regius,-999,"Ball Python, Royal Python",-999,-999,1,-999,-999,-999,-999,-999,-999,-999,-999,-999,-999,-999,-999,-999,-999,-999,-999,-999,-999,-999,-999,-999,-999,-999,-999,-999,"Aubret, F., Bonnet, X., Shine, R., and S. Maumelat, 2003"
Reptilia,Squamata,Pythonidae,Python,regius,-999,"Ball Python, Royal Python",-999,-999,-999,-999,-999,-999,-999,-999,-999,-999,-999,-999,-999,-999,-999,-999,-999,-999,-999,-999,-999,-999,116.4,-999,-999,-999,-999,-999,"Aubret, F., Bonnet, X., Shine, R., and S. Maumelat, 2003"
Reptilia,Squamata,Pythonidae,Python,regius,-999,"Ball Python, Royal Python",-999,-999,-999,-999,-999,-999,-999,-999,-999,83.94805195,-999,-999,-999,-999,-999,-999,-999,-999,-999,-999,-999,-999,-999,-999,-999,-999,-999,-999,"Aubret, F., Bonnet, X., Shine, R., and S. Maumelat, 2003"
Reptilia,Squamata,Pythonidae,Python,regius,-999,"Ball Python, Royal Python",-999,-999,-999,-999,-999,-999,-999,-999,-999,-999,-999,-999,-999,-999,1234.8,-999,-999,-999,-999,-999,-999,-999,-999,-999,-999,-999,-999,-999,"Aubret, F., Bonnet, X., Shine, R., and S. Maumelat, 2003"
Reptilia,Squamata,Pythonidae,Python,regius,-999,"Ball Python, Royal Python",-999,-999,-999,-999,-999,-999,-999,-999,-999,-999,60.72,-999,-999,-999,-999,-999,-999,-999,-999,-999,-999,-999,-999,-999,-999,-999,-999,-999,"Aubret, F., Bonnet, X., Shine, R., and S. Maumelat, 2003"
Reptilia,Squamata,Pythonidae,Python,regius,-999,"Ball Python, Royal Python",-999,-999,-999,-999,-999,-999,-999,55,-999,-999,-999,-999,-999,-999,-999,-999,-999,-999,-999,-999,-999,-999,-999,-999,-999,-999,-999,-999,"Aubret, F., Bonnet, X., Shine, R., and S. Maumelat, 2003"
Reptilia,Squamata,Pythonidae,Python,regius,-999,"Ball Python, Royal Python",-999,-999,-999,-999,-999,-999,-999,-999,-999,-999,-999,-999,-999,-999,-999,-999,-999,-999,-999,-999,-999,-999,-999,39.3,-999,-999,-999,-999,"Aubret, F., Bonnet, X., Shine, R., and S. Maumelat, 2003"
Reptilia,Squamata,Pythonidae,Python,regius,-999,"Ball Python, Royal Python",-999,2,-999,-999,-999,-999,-999,-999,-999,-999,55,-999,-999,-999,-999,-999,-999,-999,-999,-999,-999,-999,-999,-999,-999,-999,-999,-999,Reptile Incubation book
Reptilia,Squamata,Pythonidae,Python,regius,-999,"Ball Python, Royal Python",-999,15,-999,-999,-999,-999,-999,-999,-999,-999,71,-999,-999,-999,-999,-999,-999,-999,-999,-999,-999,-999,-999,-999,-999,-999,-999,-999,Reptile Incubation book
Reptilia,Squamata,Pythonidae,Python,regius,-999,"Ball Python, Royal Python",-999,-999,-999,-999,-999,-999,-999,-999,-999,104.2,67.8,-999,-999,-999,-999,-999,-999,-999,-999,-999,-999,-999,-999,-999,-999,-999,-999,-999,"Birchard, G. and D. Marcellini, 1996"
Reptilia,Squamata,Pythonidae,Python,regius,-999,"Ball Python, Royal Python",-999,-999,-999,-999,8.7,-999,-999,-999,-999,-999,-999,-999,-999,-999,-999,-999,-999,-999,-999,-999,-999,-999,-999,-999,-999,-999,-999,-999,"Carey, J.R. and D.S. Judge, 2002"
Reptilia,Squamata,Pythonidae,Python,regius,-999,"Ball Python, Royal Python",-999,-999,-999,-999,30.5,-999,-999,-999,-999,-999,-999,-999,-999,-999,-999,-999,-999,-999,-999,-999,-999,-999,-999,-999,-999,-999,-999,-999,"Carey, J.R. and D.S. Judge, 2002"
Reptilia,Squamata,Pythonidae,Python,regius,-999,"Ball Python, Royal Python",-999,4,-999,-999,-999,-999,-999,-999,-999,-999,-999,-999,-999,-999,-999,-999,-999,-999,-999,-999,-999,-999,-999,-999,-999,-999,-999,-999,"O'Shea, M., 2007"
Reptilia,Squamata,Pythonidae,Python,regius,-999,"Ball Python, Royal Python",-999,10,-999,-999,-999,-999,-999,-999,-999,-999,-999,-999,-999,-999,-999,-999,-999,-999,-999,-999,-999,-999,-999,-999,-999,-999,-999,-999,"O'Shea, M., 2007"
Reptilia,Squamata,Pythonidae,Python,regius,-999,"Ball Python, Royal Python",-999,-999,-999,-999,47.41666667,-999,-999,-999,-999,-999,-999,-999,-999,-999,-999,-999,-999,-999,-999,-999,-999,-999,-999,-999,-999,-999,-999,-999,"O'Shea, M., 2007"
Reptilia,Squamata,Pythonidae,Python,regius,-999,"Ball Python, Royal Python",-999,-999,-999,6107,-999,-999,-999,-999,-999,-999,-999,-999,-999,-999,-999,-999,-999,-999,-999,-999,-999,-999,-999,-999,-999,-999,-999,-999,"Boback and Guyer, 2003"
Reptilia,Squamata,Sphenodontidae,Sphenodon,punctatus,-999,Tuatara (guntheri: Brothers Island tuatara),4380,-999,-999,430,90,-999,-999,-999,-999,-999,-999,-999,4380,-999,-999,-999,430,-999,-999,-999,-999,-999,-999,-999,-999,-999,-999,-999,"de Magalhaes and Costa, 2009"
Reptilia,Squamata,Sphenodontidae,Sphenodon,punctatus,-999,Tuatara (guntheri: Brothers Island tuatara),-999,6,-999,-999,-999,-999,-999,-999,-999,-999,295,-999,-999,-999,-999,-999,-999,-999,-999,-999,-999,-999,-999,-999,-999,-999,-999,-999,Reptile Incubation book
Reptilia,Squamata,Sphenodontidae,Sphenodon,punctatus,-999,Tuatara (guntheri: Brothers Island tuatara),-999,6,-999,-999,-999,-999,-999,-999,-999,-999,160,-999,-999,-999,-999,-999,-999,-999,-999,-999,-999,-999,-999,-999,-999,-999,-999,-999,Reptile Incubation book
Reptilia,Squamata,Sphenodontidae,Sphenodon,punctatus,-999,Tuatara (guntheri: Brothers Island tuatara),-999,18,-999,-999,-999,-999,-999,-999,-999,-999,366,-999,-999,-999,-999,-999,-999,-999,-999,-999,-999,-999,-999,-999,-999,-999,-999,-999,Reptile Incubation book
Reptilia,Squamata,Sphenodontidae,Sphenodon,punctatus,-999,Tuatara (guntheri: Brothers Island tuatara),-999,18,-999,-999,-999,-999,-999,-999,-999,-999,188,-999,-999,-999,-999,-999,-999,-999,-999,-999,-999,-999,-999,-999,-999,-999,-999,-999,Reptile Incubation book
Reptilia,Squamata,Sphenodontidae,Sphenodon,punctatus,-999,Tuatara (guntheri: Brothers Island tuatara),-999,-999,-999,-999,7,-999,-999,-999,-999,-999,-999,-999,-999,-999,-999,-999,-999,-999,-999,-999,-999,-999,-999,-999,-999,-999,-999,-999,"Carey, J.R. and D.S. Judge, 2002"
Reptilia,Squamata,Sphenodontidae,Sphenodon,punctatus,-999,Tuatara (guntheri: Brothers Island tuatara),-999,-999,-999,-999,11.7,-999,-999,-999,-999,-999,-999,-999,-999,-999,-999,-999,-999,-999,-999,-999,-999,-999,-999,-999,-999,-999,-999,-999,"Carey, J.R. and D.S. Judge, 2002"
Reptilia,Squamata,Sphenodontidae,Sphenodon,punctatus,-999,Tuatara (guntheri: Brothers Island tuatara),-999,-999,-999,-999,35,-999,-999,-999,-999,-999,-999,-999,-999,-999,-999,-999,-999,-999,-999,-999,-999,-999,-999,-999,-999,-999,-999,-999,"Carey, J.R. and D.S. Judge, 2002"
Reptilia,Squamata,Sphenodontidae,Sphenodon,punctatus,-999,Tuatara (guntheri: Brothers Island tuatara),-999,-999,-999,-999,50,-999,-999,-999,-999,-999,-999,-999,-999,-999,-999,-999,-999,-999,-999,-999,-999,-999,-999,-999,-999,-999,-999,-999,"Carey, J.R. and D.S. Judge, 2002"
Reptilia,Squamata,Sphenodontidae,Sphenodon,punctatus,-999,Tuatara (guntheri: Brothers Island tuatara),-999,-999,-999,-999,77,-999,-999,-999,-999,-999,-999,-999,-999,-999,-999,-999,-999,-999,-999,-999,-999,-999,-999,-999,-999,-999,-999,-999,"Carey, J.R. and D.S. Judge, 2002"
Reptilia,Squamata,Sphenodontidae,Sphenodon,punctatus,-999,Tuatara (guntheri: Brothers Island tuatara),-999,-999,-999,400,-999,-999,-999,-999,-999,-999,-999,-999,-999,-999,-999,-999,-999,-999,-999,-999,-999,-999,-999,-999,-999,-999,-999,-999,"BC Reptiles - Meyers et al., 2009"
Reptilia,Squamata,Sphenodontidae,Sphenodon,punctatus,-999,Tuatara (guntheri: Brothers Island tuatara),-999,-999,-999,1000,-999,-999,-999,-999,-999,-999,-999,-999,-999,-999,-999,-999,-999,-999,-999,-999,-999,-999,-999,-999,-999,-999,-999,-999,"BC Reptiles - Meyers et al., 2009"
Reptilia,Squamata,Sphenodontidae,Sphenodon,punctatus,-999,Tuatara (guntheri: Brothers Island tuatara),-999,-999,-999,-999,-999,-999,-999,-999,-999,-999,-999,-999,-999,-999,-999,-999,-999,-999,-999,-999,-999,-999,-999,-999,-999,-999,-999,3652.5,"BC Reptiles - Meyers et al., 2009"
Reptilia,Squamata,Sphenodontidae,Sphenodon,punctatus,-999,Tuatara (guntheri: Brothers Island tuatara),-999,-999,-999,-999,-999,-999,-999,-999,-999,-999,-999,-999,-999,-999,-999,-999,-999,-999,-999,-999,-999,-999,-999,-999,-999,-999,-999,7305,"BC Reptiles - Meyers et al., 2009"
Reptilia,Squamata,Sphenodontidae,Sphenodon,punctatus,-999,Tuatara (guntheri: Brothers Island tuatara),-999,5,-999,-999,-999,-999,-999,-999,-999,-999,-999,-999,-999,-999,-999,-999,-999,-999,-999,-999,-999,-999,-999,-999,-999,-999,-999,-999,"BC Reptiles - Meyers et al., 2009"
Reptilia,Squamata,Sphenodontidae,Sphenodon,punctatus,-999,Tuatara (guntheri: Brothers Island tuatara),-999,18,-999,-999,-999,-999,-999,-999,-999,-999,-999,-999,-999,-999,-999,-999,-999,-999,-999,-999,-999,-999,-999,-999,-999,-999,-999,-999,"BC Reptiles - Meyers et al., 2009"
Reptilia,Squamata,Sphenodontidae,Sphenodon,punctatus,-999,Tuatara (guntheri: Brothers Island tuatara),-999,-999,-999,-999,-999,-999,-999,-999,-999,-999,-999,-999,-999,4,-999,-999,-999,-999,-999,-999,-999,-999,-999,-999,-999,-999,-999,-999,"BC Reptiles - Meyers et al., 2009"
Reptilia,Squamata,Sphenodontidae,Sphenodon,punctatus,-999,Tuatara (guntheri: Brothers Island tuatara),-999,-999,-999,-999,-999,-999,-999,-999,-999,-999,365.28,-999,-999,-999,-999,-999,-999,-999,-999,-999,-999,-999,-999,-999,-999,-999,-999,-999,"BC Reptiles - Meyers et al., 2009"
Reptilia,Squamata,Sphenodontidae,Sphenodon,punctatus,-999,Tuatara (guntheri: Brothers Island tuatara),-999,-999,-999,-999,-999,-999,-999,-999,-999,-999,456.6,-999,-999,-999,-999,-999,-999,-999,-999,-999,-999,-999,-999,-999,-999,-999,-999,-999,"BC Reptiles - Meyers et al., 2009"
Reptilia,Squamata,Sphenodontidae,Sphenodon,punctatus,-999,Tuatara (guntheri: Brothers Island tuatara),-999,-999,-999,-999,35,-999,-999,-999,-999,-999,-999,-999,-999,-999,-999,-999,-999,-999,-999,-999,-999,-999,-999,-999,-999,-999,-999,-999,"BC Reptiles - Meyers et al., 2009"
Reptilia,Squamata,Sphenodontidae,Sphenodon,punctatus,-999,Tuatara (guntheri: Brothers Island tuatara),-999,-999,-999,-999,77,-999,-999,-999,-999,-999,-999,-999,-999,-999,-999,-999,-999,-999,-999,-999,-999,-999,-999,-999,-999,-999,-999,-999,"BC Reptiles - Meyers et al., 2009"
Reptilia,Squamata,Sphenodontidae,Sphenodon,punctatus,-999,Tuatara (guntheri: Brothers Island tuatara),-999,-999,-999,-999,50,-999,-999,-999,-999,-999,-999,-999,-999,-999,-999,-999,-999,-999,-999,-999,-999,-999,-999,-999,-999,-999,-999,-999,"BC Reptiles - Meyers et al., 2009"
Reptilia,Squamata,Sphenodontidae,Sphenodon,punctatus,-999,Tuatara (guntheri: Brothers Island tuatara),-999,-999,-999,-999,11.7,-999,-999,-999,-999,-999,-999,-999,-999,-999,-999,-999,-999,-999,-999,-999,-999,-999,-999,-999,-999,-999,-999,-999,"BC Reptiles - Meyers et al., 2009"
Reptilia,Squamata,Sphenodontidae,Sphenodon,punctatus,-999,Tuatara (guntheri: Brothers Island tuatara),-999,-999,-999,-999,7,-999,-999,-999,-999,-999,-999,-999,-999,-999,-999,-999,-999,-999,-999,-999,-999,-999,-999,-999,-999,-999,-999,-999,"BC Reptiles - Meyers et al., 2009"
Reptilia,Squamata,Sphenodontidae,Sphenodon,punctatus,-999,Tuatara (guntheri: Brothers Island tuatara),-999,-999,-999,-999,90,-999,-999,-999,-999,-999,-999,-999,-999,-999,-999,-999,-999,-999,-999,-999,-999,-999,-999,-999,-999,-999,-999,-999,"BC Reptiles - Tacutu, R., T. Craig, A. Budovsky et al. 2013"
Reptilia,Squamata,Sphenodontidae,Sphenodon,punctatus,-999,Tuatara (guntheri: Brothers Island tuatara),4380,-999,-999,-999,-999,-999,-999,-999,-999,-999,-999,-999,-999,-999,-999,-999,-999,-999,-999,-999,-999,-999,-999,-999,-999,-999,-999,-999,"BC Reptiles - Tacutu, R., T. Craig, A. Budovsky et al. 2013"
Reptilia,Squamata,Sphenodontidae,Sphenodon,punctatus,-999,Tuatara (guntheri: Brothers Island tuatara),-999,-999,-999,-999,-999,-999,-999,-999,-999,-999,-999,-999,4380,-999,-999,-999,-999,-999,-999,-999,-999,-999,-999,-999,-999,-999,-999,-999,"BC Reptiles - Tacutu, R., T. Craig, A. Budovsky et al. 2013"
Reptilia,Squamata,Sphenodontidae,Sphenodon,punctatus,-999,Tuatara (guntheri: Brothers Island tuatara),-999,-999,-999,430,-999,-999,-999,-999,-999,-999,-999,-999,-999,-999,-999,-999,-999,-999,-999,-999,-999,-999,-999,-999,-999,-999,-999,-999,"BC Reptiles - Tacutu, R., T. Craig, A. Budovsky et al. 2013"
Reptilia,Squamata,Sphenodontidae,Sphenodon,punctatus,-999,Tuatara (guntheri: Brothers Island tuatara),-999,-999,-999,-999,-999,-999,-999,-999,-999,-999,-999,-999,-999,-999,-999,-999,-999,-999,-999,-999,-999,-999,-999,-999,-999,-999,-999,3652.5,"BC Reptiles - Tacutu, R., T. Craig, A. Budovsky et al. 2013"
Reptilia,Squamata,Sphenodontidae,Sphenodon,punctatus,-999,Tuatara (guntheri: Brothers Island tuatara),-999,-999,-999,-999,-999,-999,-999,-999,-999,-999,-999,-999,-999,-999,-999,-999,-999,-999,-999,-999,-999,-999,-999,-999,-999,-999,-999,7305,"BC Reptiles - Tacutu, R., T. Craig, A. Budovsky et al. 2013"
Reptilia,Squamata,Sphenodontidae,Sphenodon,punctatus,-999,Tuatara (guntheri: Brothers Island tuatara),-999,-999,-999,400,-999,-999,-999,-999,-999,-999,-999,-999,-999,-999,-999,-999,-999,-999,-999,-999,-999,-999,-999,-999,-999,-999,-999,-999,"BC Reptiles - Meyers et al., 2009"
Reptilia,Squamata,Sphenodontidae,Sphenodon,punctatus,-999,Tuatara (guntheri: Brothers Island tuatara),-999,-999,-999,1000,-999,-999,-999,-999,-999,-999,-999,-999,-999,-999,-999,-999,-999,-999,-999,-999,-999,-999,-999,-999,-999,-999,-999,-999,"BC Reptiles - Meyers et al., 2009"
Reptilia,Squamata,Sphenodontidae,Sphenodon,punctatus,-999,Tuatara (guntheri: Brothers Island tuatara),-999,-999,-999,-999,35,-999,-999,-999,-999,-999,-999,-999,-999,-999,-999,-999,-999,-999,-999,-999,-999,-999,-999,-999,-999,-999,-999,-999,"BC Reptiles - Meyers et al., 2009"
Reptilia,Squamata,Sphenodontidae,Sphenodon,punctatus,-999,Tuatara (guntheri: Brothers Island tuatara),-999,-999,-999,-999,77,-999,-999,-999,-999,-999,-999,-999,-999,-999,-999,-999,-999,-999,-999,-999,-999,-999,-999,-999,-999,-999,-999,-999,"BC Reptiles - Meyers et al., 2009"
Reptilia,Squamata,Sphenodontidae,Sphenodon,punctatus,-999,Tuatara (guntheri: Brothers Island tuatara),-999,-999,-999,-999,50,-999,-999,-999,-999,-999,-999,-999,-999,-999,-999,-999,-999,-999,-999,-999,-999,-999,-999,-999,-999,-999,-999,-999,"BC Reptiles - Meyers et al., 2009"
Reptilia,Squamata,Sphenodontidae,Sphenodon,punctatus,-999,Tuatara (guntheri: Brothers Island tuatara),-999,-999,-999,-999,11.7,-999,-999,-999,-999,-999,-999,-999,-999,-999,-999,-999,-999,-999,-999,-999,-999,-999,-999,-999,-999,-999,-999,-999,"BC Reptiles - Meyers et al., 2009"
Reptilia,Squamata,Sphenodontidae,Sphenodon,punctatus,-999,Tuatara (guntheri: Brothers Island tuatara),-999,-999,-999,-999,7,-999,-999,-999,-999,-999,-999,-999,-999,-999,-999,-999,-999,-999,-999,-999,-999,-999,-999,-999,-999,-999,-999,-999,"BC Reptiles - Meyers et al., 2009"
Reptilia,Squamata,Sphenodontidae,Sphenodon,punctatus,-999,Tuatara (guntheri: Brothers Island tuatara),-999,-999,-999,-999,-999,-999,-999,-999,-999,-999,-999,-999,-999,-999,-999,-999,-999,-999,-999,-999,-999,-999,-999,-999,-999,-999,-999,3652.5,"BC Reptiles - Meyers et al., 2009"
Reptilia,Squamata,Sphenodontidae,Sphenodon,punctatus,-999,Tuatara (guntheri: Brothers Island tuatara),-999,-999,-999,-999,-999,-999,-999,-999,-999,-999,-999,-999,-999,-999,-999,-999,-999,-999,-999,-999,-999,-999,-999,-999,-999,-999,-999,7305,"BC Reptiles - Meyers et al., 2009"
Reptilia,Squamata,Sphenodontidae,Sphenodon,punctatus,-999,Tuatara (guntheri: Brothers Island tuatara),-999,5,-999,-999,-999,-999,-999,-999,-999,-999,-999,-999,-999,-999,-999,-999,-999,-999,-999,-999,-999,-999,-999,-999,-999,-999,-999,-999,"BC Reptiles - Meyers et al., 2009"
Reptilia,Squamata,Sphenodontidae,Sphenodon,punctatus,-999,Tuatara (guntheri: Brothers Island tuatara),-999,18,-999,-999,-999,-999,-999,-999,-999,-999,-999,-999,-999,-999,-999,-999,-999,-999,-999,-999,-999,-999,-999,-999,-999,-999,-999,-999,"BC Reptiles - Meyers et al., 2009"
Reptilia,Squamata,Sphenodontidae,Sphenodon,punctatus,-999,Tuatara (guntheri: Brothers Island tuatara),-999,-999,0.25,-999,-999,-999,-999,-999,-999,-999,-999,-999,-999,-999,-999,-999,-999,-999,-999,-999,-999,-999,-999,-999,-999,-999,-999,-999,"BC Reptiles - Meyers et al., 2009"
Reptilia,Squamata,Sphenodontidae,Sphenodon,punctatus,-999,Tuatara (guntheri: Brothers Island tuatara),-999,-999,-999,-999,-999,-999,-999,-999,-999,-999,365.28,-999,-999,-999,-999,-999,-999,-999,-999,-999,-999,-999,-999,-999,-999,-999,-999,-999,"BC Reptiles - Meyers et al., 2009"
Reptilia,Squamata,Sphenodontidae,Sphenodon,punctatus,-999,Tuatara (guntheri: Brothers Island tuatara),-999,-999,-999,-999,-999,-999,-999,-999,-999,-999,456.6,-999,-999,-999,-999,-999,-999,-999,-999,-999,-999,-999,-999,-999,-999,-999,-999,-999,"BC Reptiles - Meyers et al., 2009"
Reptilia,Squamata,Sphenodontidae,Sphenodon,punctatus,-999,Tuatara (guntheri: Brothers Island tuatara),-999,-999,-999,-999,90,-999,-999,-999,-999,-999,-999,-999,-999,-999,-999,-999,-999,-999,-999,-999,-999,-999,-999,-999,-999,-999,-999,-999,"BC Reptiles - Tacutu, R., T. Craig, A. Budovsky et al. 2013"
Reptilia,Squamata,Sphenodontidae,Sphenodon,punctatus,-999,Tuatara (guntheri: Brothers Island tuatara),4380,-999,-999,-999,-999,-999,-999,-999,-999,-999,-999,-999,-999,-999,-999,-999,-999,-999,-999,-999,-999,-999,-999,-999,-999,-999,-999,-999,"BC Reptiles - Tacutu, R., T. Craig, A. Budovsky et al. 2013"
Reptilia,Squamata,Sphenodontidae,Sphenodon,punctatus,-999,Tuatara (guntheri: Brothers Island tuatara),-999,-999,-999,-999,-999,-999,-999,-999,-999,-999,-999,-999,4380,-999,-999,-999,-999,-999,-999,-999,-999,-999,-999,-999,-999,-999,-999,-999,"BC Reptiles - Tacutu, R., T. Craig, A. Budovsky et al. 2013"
Reptilia,Squamata,Sphenodontidae,Sphenodon,punctatus,-999,Tuatara (guntheri: Brothers Island tuatara),-999,-999,-999,430,-999,-999,-999,-999,-999,-999,-999,-999,-999,-999,-999,-999,-999,-999,-999,-999,-999,-999,-999,-999,-999,-999,-999,-999,"BC Reptiles - Tacutu, R., T. Craig, A. Budovsky et al. 2013"
Reptilia,Squamata,Viperidae,Agkistrodon,contortrix,-999,Southern Copperhead,730,6,-999,-999,29.8,-999,-999,-999,-999,-999,-999,-999,730,-999,-999,-999,-999,-999,-999,-999,-999,-999,-999,-999,-999,-999,-999,-999,"de Magalhaes and Costa, 2009"
Reptilia,Squamata,Viperidae,Agkistrodon,contortrix,-999,Southern Copperhead,-999,-999,-999,-999,14.5,-999,-999,-999,-999,-999,-999,-999,-999,-999,-999,-999,-999,-999,-999,-999,-999,-999,-999,-999,-999,-999,-999,-999,"Carey, J.R. and D.S. Judge, 2002"
Reptilia,Squamata,Viperidae,Agkistrodon,contortrix,-999,Southern Copperhead,-999,-999,-999,-999,21.5,-999,-999,-999,-999,-999,-999,-999,-999,-999,-999,-999,-999,-999,-999,-999,-999,-999,-999,-999,-999,-999,-999,-999,"Carey, J.R. and D.S. Judge, 2002"
Reptilia,Squamata,Viperidae,Agkistrodon,contortrix,-999,Southern Copperhead,-999,-999,-999,-999,29.8,-999,-999,-999,-999,-999,-999,-999,-999,-999,-999,-999,-999,-999,-999,-999,-999,-999,-999,-999,-999,-999,-999,-999,"Carey, J.R. and D.S. Judge, 2002"
Reptilia,Squamata,Viperidae,Agkistrodon,contortrix,-999,Southern Copperhead,-999,-999,-999,-999,20.4,-999,-999,-999,-999,-999,-999,-999,-999,-999,-999,-999,-999,-999,-999,-999,-999,-999,-999,-999,-999,-999,-999,-999,"Carey, J.R. and D.S. Judge, 2002"
Reptilia,Squamata,Viperidae,Agkistrodon,contortrix,-999,Southern Copperhead,1095.72,-999,-999,-999,-999,-999,-999,-999,-999,-999,-999,-999,-999,-999,-999,-999,-999,-999,-999,-999,-999,-999,-999,-999,-999,-999,-999,-999,"De Graaf, R.M., Rudis, D.D., 1983"
Reptilia,Squamata,Viperidae,Agkistrodon,contortrix,-999,Southern Copperhead,-999,-999,-999,-999,-999,105,-999,-999,-999,-999,-999,-999,-999,-999,-999,-999,-999,-999,-999,-999,-999,-999,-999,-999,-999,-999,-999,-999,"De Graaf, R.M., Rudis, D.D., 1983"
Reptilia,Squamata,Viperidae,Agkistrodon,contortrix,-999,Southern Copperhead,-999,-999,-999,-999,-999,110,-999,-999,-999,-999,-999,-999,-999,-999,-999,-999,-999,-999,-999,-999,-999,-999,-999,-999,-999,-999,-999,-999,"De Graaf, R.M., Rudis, D.D., 1983"
Reptilia,Squamata,Viperidae,Agkistrodon,contortrix,-999,Southern Copperhead,-999,1,-999,-999,-999,-999,-999,-999,-999,-999,-999,-999,-999,-999,-999,-999,-999,-999,-999,-999,-999,-999,-999,-999,-999,-999,-999,-999,"De Graaf, R.M., Rudis, D.D., 1983"
Reptilia,Squamata,Viperidae,Agkistrodon,contortrix,-999,Southern Copperhead,-999,17,-999,-999,-999,-999,-999,-999,-999,-999,-999,-999,-999,-999,-999,-999,-999,-999,-999,-999,-999,-999,-999,-999,-999,-999,-999,-999,"De Graaf, R.M., Rudis, D.D., 1983"
Reptilia,Squamata,Viperidae,Agkistrodon,contortrix,-999,Southern Copperhead,-999,5,-999,-999,-999,-999,-999,-999,-999,-999,-999,-999,-999,-999,-999,-999,-999,-999,-999,-999,-999,-999,-999,-999,-999,-999,-999,-999,"De Graaf, R.M., Rudis, D.D., 1983"
Reptilia,Squamata,Viperidae,Agkistrodon,contortrix,-999,Southern Copperhead,-999,1,-999,-999,-999,-999,-999,-999,-999,-999,-999,-999,-999,-999,-999,-999,-999,-999,-999,-999,-999,-999,-999,-999,-999,-999,-999,-999,"Behler, J.L., King, F.W., 1979"
Reptilia,Squamata,Viperidae,Agkistrodon,contortrix,-999,Southern Copperhead,-999,14,-999,-999,-999,-999,-999,-999,-999,-999,-999,-999,-999,-999,-999,-999,-999,-999,-999,-999,-999,-999,-999,-999,-999,-999,-999,-999,"Behler, J.L., King, F.W., 1979"
Reptilia,Squamata,Viperidae,Agkistrodon,contortrix,-999,Southern Copperhead,-999,3,-999,-999,-999,-999,-999,-999,-999,-999,-999,-999,-999,-999,-999,-999,-999,-999,-999,-999,-999,-999,-999,-999,-999,-999,-999,-999,"Greene, H.W., 1997"
Reptilia,Squamata,Viperidae,Agkistrodon,contortrix,-999,Southern Copperhead,-999,5.3,-999,-999,-999,-999,-999,-999,-999,-999,-999,-999,-999,-999,-999,-999,-999,-999,-999,-999,-999,-999,-999,-999,-999,-999,-999,-999,"Greene, H.W., 1997"
Reptilia,Squamata,Viperidae,Agkistrodon,contortrix,-999,Southern Copperhead,-999,6.2,-999,-999,-999,-999,-999,-999,-999,-999,-999,-999,-999,-999,-999,-999,-999,-999,-999,-999,-999,-999,-999,-999,-999,-999,-999,-999,"Greene, H.W., 1997"
Reptilia,Squamata,Viperidae,Agkistrodon,contortrix,-999,Southern Copperhead,-999,-999,-999,-999,-999,-999,-999,-999,-999,-999,-999,-999,-999,-999,-999,-999,-999,-999,-999,-999,-999,-999,-999,-999,-999,-999,-999,730.48,"Behler, J.L., King, F.W., 1979"
Reptilia,Squamata,Viperidae,Agkistrodon,contortrix,-999,Southern Copperhead,-999,-999,-999,-999,-999,-999,-999,-999,-999,-999,-999,-999,-999,-999,-999,-999,-999,-999,-999,-999,-999,-999,-999,-999,-999,-999,-999,1095.72,"Behler, J.L., King, F.W., 1979"
Reptilia,Squamata,Viperidae,Agkistrodon,contortrix,-999,Southern Copperhead,-999,-999,-999,950,-999,-999,-999,-999,-999,-999,-999,-999,-999,-999,-999,-999,-999,-999,-999,-999,-999,-999,-999,-999,-999,-999,-999,-999,"Boback and Guyer, 2003"
Reptilia,Squamata,Viperidae,Agkistrodon,contortrix,-999,Southern Copperhead,-999,-999,-999,-999,29.8,-999,-999,-999,-999,-999,-999,-999,-999,-999,-999,-999,-999,-999,-999,-999,-999,-999,-999,-999,-999,-999,-999,-999,"BC Reptiles - Tacutu, R., T. Craig, A. Budovsky et al. 2013"
Reptilia,Squamata,Viperidae,Agkistrodon,contortrix,-999,Southern Copperhead,730,-999,-999,-999,-999,-999,-999,-999,-999,-999,-999,-999,-999,-999,-999,-999,-999,-999,-999,-999,-999,-999,-999,-999,-999,-999,-999,-999,"BC Reptiles - Tacutu, R., T. Craig, A. Budovsky et al. 2013"
Reptilia,Squamata,Viperidae,Agkistrodon,contortrix,-999,Southern Copperhead,-999,-999,-999,-999,-999,-999,-999,-999,-999,-999,-999,-999,730,-999,-999,-999,-999,-999,-999,-999,-999,-999,-999,-999,-999,-999,-999,-999,"BC Reptiles - Tacutu, R., T. Craig, A. Budovsky et al. 2013"
Reptilia,Squamata,Viperidae,Agkistrodon,contortrix,-999,Southern Copperhead,-999,6,-999,-999,-999,-999,-999,-999,-999,-999,-999,-999,-999,-999,-999,-999,-999,-999,-999,-999,-999,-999,-999,-999,-999,-999,-999,-999,"BC Reptiles - Tacutu, R., T. Craig, A. Budovsky et al. 2013"
Reptilia,Squamata,Viperidae,Agkistrodon,contortrix,-999,Southern Copperhead,-999,-999,-999,-999,-999,-999,-999,-999,-999,-999,-999,-999,-999,-999,-999,-999,-999,-999,-999,-999,-999,-999,-999,-999,-999,-999,-999,730.5,"BC Reptiles - Wilson, 2003"
Reptilia,Squamata,Viperidae,Agkistrodon,contortrix,-999,Southern Copperhead,1095.75,-999,-999,-999,-999,-999,-999,-999,-999,-999,-999,-999,-999,-999,-999,-999,-999,-999,-999,-999,-999,-999,-999,-999,-999,-999,-999,-999,"BC Reptiles - Wilson, 2003"
Reptilia,Squamata,Viperidae,Agkistrodon,contortrix,-999,Southern Copperhead,-999,21,-999,-999,-999,-999,-999,-999,-999,-999,-999,-999,-999,-999,-999,-999,-999,-999,-999,-999,-999,-999,-999,-999,-999,-999,-999,-999,"BC Reptiles - Wilson, 2003"
Reptilia,Squamata,Viperidae,Agkistrodon,contortrix,-999,Southern Copperhead,-999,4,-999,-999,-999,-999,-999,-999,-999,-999,-999,-999,-999,-999,-999,-999,-999,-999,-999,-999,-999,-999,-999,-999,-999,-999,-999,-999,"BC Reptiles - Wilson, 2003"
Reptilia,Squamata,Viperidae,Agkistrodon,contortrix,-999,Southern Copperhead,-999,8,-999,-999,-999,-999,-999,-999,-999,-999,-999,-999,-999,-999,-999,-999,-999,-999,-999,-999,-999,-999,-999,-999,-999,-999,-999,-999,"BC Reptiles - Wilson, 2003"
Reptilia,Squamata,Viperidae,Agkistrodon,contortrix,-999,Southern Copperhead,-999,5.3,-999,-999,-999,-999,-999,-999,-999,-999,-999,-999,-999,-999,-999,-999,-999,-999,-999,-999,-999,-999,-999,-999,-999,-999,-999,-999,"BC Reptiles - Wilson, 2003"
Reptilia,Squamata,Viperidae,Agkistrodon,contortrix,-999,Southern Copperhead,-999,3,-999,-999,-999,-999,-999,-999,-999,-999,-999,-999,-999,-999,-999,-999,-999,-999,-999,-999,-999,-999,-999,-999,-999,-999,-999,-999,"BC Reptiles - Wilson, 2003"
Reptilia,Squamata,Viperidae,Agkistrodon,contortrix,-999,Southern Copperhead,-999,4,-999,-999,-999,-999,-999,-999,-999,-999,-999,-999,-999,-999,-999,-999,-999,-999,-999,-999,-999,-999,-999,-999,-999,-999,-999,-999,"BC Reptiles - Wilson, 2003"
Reptilia,Squamata,Viperidae,Agkistrodon,contortrix,-999,Southern Copperhead,-999,-999,-999,-999,18,-999,-999,-999,-999,-999,-999,-999,-999,-999,-999,-999,-999,-999,-999,-999,-999,-999,-999,-999,-999,-999,-999,-999,"BC Reptiles - Meyers et al., 2009"
Reptilia,Squamata,Viperidae,Agkistrodon,contortrix,-999,Southern Copperhead,-999,-999,-999,-999,-999,-999,-999,-999,-999,-999,-999,-999,1461,-999,-999,-999,-999,-999,-999,-999,-999,-999,-999,-999,-999,-999,-999,-999,"BC Reptiles - Meyers et al., 2009"
Reptilia,Squamata,Viperidae,Agkistrodon,contortrix,-999,Southern Copperhead,1461,-999,-999,-999,-999,-999,-999,-999,-999,-999,-999,-999,-999,-999,-999,-999,-999,-999,-999,-999,-999,-999,-999,-999,-999,-999,-999,-999,"BC Reptiles - Meyers et al., 2009"
Reptilia,Squamata,Viperidae,Agkistrodon,contortrix,-999,Southern Copperhead,-999,-999,-999,-999,-999,91.32,-999,-999,-999,-999,-999,-999,-999,-999,-999,-999,-999,-999,-999,-999,-999,-999,-999,-999,-999,-999,-999,-999,"BC Reptiles - Meyers et al., 2009"
Reptilia,Squamata,Viperidae,Agkistrodon,contortrix,-999,Southern Copperhead,-999,-999,-999,-999,-999,273.96,-999,-999,-999,-999,-999,-999,-999,-999,-999,-999,-999,-999,-999,-999,-999,-999,-999,-999,-999,-999,-999,-999,"BC Reptiles - Meyers et al., 2009"
Reptilia,Squamata,Viperidae,Agkistrodon,contortrix,-999,Southern Copperhead,-999,2,-999,-999,-999,-999,-999,-999,-999,-999,-999,-999,-999,-999,-999,-999,-999,-999,-999,-999,-999,-999,-999,-999,-999,-999,-999,-999,"BC Reptiles - Meyers et al., 2009"
Reptilia,Squamata,Viperidae,Agkistrodon,contortrix,-999,Southern Copperhead,-999,10,-999,-999,-999,-999,-999,-999,-999,-999,-999,-999,-999,-999,-999,-999,-999,-999,-999,-999,-999,-999,-999,-999,-999,-999,-999,-999,"BC Reptiles - Meyers et al., 2009"
Reptilia,Squamata,Viperidae,Agkistrodon,contortrix,-999,Southern Copperhead,-999,-999,-999,-999,29.8,-999,-999,-999,-999,-999,-999,-999,-999,-999,-999,-999,-999,-999,-999,-999,-999,-999,-999,-999,-999,-999,-999,-999,"BC Reptiles - Wilson, 2003"
Reptilia,Squamata,Viperidae,Agkistrodon,contortrix,-999,Southern Copperhead,730,-999,-999,-999,-999,-999,-999,-999,-999,-999,-999,-999,-999,-999,-999,-999,-999,-999,-999,-999,-999,-999,-999,-999,-999,-999,-999,-999,"BC Reptiles - Wilson, 2003"
Reptilia,Squamata,Viperidae,Agkistrodon,contortrix,-999,Southern Copperhead,-999,-999,-999,-999,-999,-999,-999,-999,-999,-999,-999,-999,730,-999,-999,-999,-999,-999,-999,-999,-999,-999,-999,-999,-999,-999,-999,-999,"BC Reptiles - Wilson, 2003"
Reptilia,Squamata,Viperidae,Agkistrodon,contortrix,-999,Southern Copperhead,-999,6,-999,-999,-999,-999,-999,-999,-999,-999,-999,-999,-999,-999,-999,-999,-999,-999,-999,-999,-999,-999,-999,-999,-999,-999,-999,-999,"BC Reptiles - Wilson, 2003"
Reptilia,Squamata,Viperidae,Agkistrodon,contortrix,-999,Southern Copperhead,-999,21,-999,-999,-999,-999,-999,-999,-999,-999,-999,-999,-999,-999,-999,-999,-999,-999,-999,-999,-999,-999,-999,-999,-999,-999,-999,-999,"BC Reptiles - Wilson, 2003"
Reptilia,Squamata,Viperidae,Agkistrodon,contortrix,-999,Southern Copperhead,-999,4,-999,-999,-999,-999,-999,-999,-999,-999,-999,-999,-999,-999,-999,-999,-999,-999,-999,-999,-999,-999,-999,-999,-999,-999,-999,-999,"BC Reptiles - Wilson, 2003"
Reptilia,Squamata,Viperidae,Agkistrodon,contortrix,-999,Southern Copperhead,-999,8,-999,-999,-999,-999,-999,-999,-999,-999,-999,-999,-999,-999,-999,-999,-999,-999,-999,-999,-999,-999,-999,-999,-999,-999,-999,-999,"BC Reptiles - Wilson, 2003"
Reptilia,Squamata,Viperidae,Agkistrodon,contortrix,-999,Southern Copperhead,-999,3,-999,-999,-999,-999,-999,-999,-999,-999,-999,-999,-999,-999,-999,-999,-999,-999,-999,-999,-999,-999,-999,-999,-999,-999,-999,-999,"BC Reptiles - Wilson, 2003"
Reptilia,Squamata,Viperidae,Agkistrodon,contortrix,-999,Southern Copperhead,-999,4,-999,-999,-999,-999,-999,-999,-999,-999,-999,-999,-999,-999,-999,-999,-999,-999,-999,-999,-999,-999,-999,-999,-999,-999,-999,-999,"BC Reptiles - Wilson, 2003"
Reptilia,Squamata,Viperidae,Crotalus,atrox,-999,Western Diamond-backed Rattlesnake,1095,14,-999,-999,27,-999,-999,-999,-999,-999,-999,-999,1095,-999,-999,-999,-999,-999,-999,-999,-999,-999,-999,-999,-999,-999,-999,-999,"de Magalhaes and Costa, 2009"
Reptilia,Squamata,Viperidae,Crotalus,atrox,-999,Western Diamond-backed Rattlesnake,-999,-999,-999,-999,18.3,-999,-999,-999,-999,-999,-999,-999,-999,-999,-999,-999,-999,-999,-999,-999,-999,-999,-999,-999,-999,-999,-999,-999,"de Magalhaes and Costa, 2009"
Reptilia,Squamata,Viperidae,Crotalus,atrox,-999,Western Diamond-backed Rattlesnake,1095,-999,-999,6700,27,-999,-999,-999,-999,-999,167,-999,-999,-999,-999,-999,-999,-999,-999,-999,-999,-999,-999,-999,-999,-999,-999,-999,"Ricklefs, 2010b"
Reptilia,Squamata,Viperidae,Crotalus,atrox,-999,Western Diamond-backed Rattlesnake,-999,-999,-999,-999,25.8,-999,-999,-999,-999,-999,-999,-999,-999,-999,-999,-999,-999,-999,-999,-999,-999,-999,-999,-999,-999,-999,-999,-999,"Carey, J.R. and D.S. Judge, 2002"
Reptilia,Squamata,Viperidae,Crotalus,atrox,-999,Western Diamond-backed Rattlesnake,-999,-999,-999,-999,22,-999,-999,-999,-999,-999,-999,-999,-999,-999,-999,-999,-999,-999,-999,-999,-999,-999,-999,-999,-999,-999,-999,-999,"Carey, J.R. and D.S. Judge, 2002"
Reptilia,Squamata,Viperidae,Crotalus,atrox,-999,Western Diamond-backed Rattlesnake,-999,-999,-999,-999,18.3,-999,-999,-999,-999,-999,-999,-999,-999,-999,-999,-999,-999,-999,-999,-999,-999,-999,-999,-999,-999,-999,-999,-999,"Carey, J.R. and D.S. Judge, 2002"
Reptilia,Squamata,Viperidae,Crotalus,atrox,-999,Western Diamond-backed Rattlesnake,1095.72,-999,-999,-999,-999,-999,-999,-999,-999,-999,-999,-999,-999,-999,-999,-999,-999,-999,-999,-999,-999,-999,-999,-999,-999,-999,-999,-999,"Behler, J.L., King, F.W., 1979"
Reptilia,Squamata,Viperidae,Crotalus,atrox,-999,Western Diamond-backed Rattlesnake,-999,4,-999,-999,-999,-999,-999,-999,-999,-999,-999,-999,-999,-999,-999,-999,-999,-999,-999,-999,-999,-999,-999,-999,-999,-999,-999,-999,"Behler, J.L., King, F.W., 1979"
Reptilia,Squamata,Viperidae,Crotalus,atrox,-999,Western Diamond-backed Rattlesnake,-999,25,-999,-999,-999,-999,-999,-999,-999,-999,-999,-999,-999,-999,-999,-999,-999,-999,-999,-999,-999,-999,-999,-999,-999,-999,-999,-999,"Behler, J.L., King, F.W., 1979"
Reptilia,Squamata,Viperidae,Crotalus,atrox,-999,Western Diamond-backed Rattlesnake,-999,4,-999,-999,-999,-999,-999,-999,-999,-999,-999,-999,-999,-999,-999,-999,-999,-999,-999,-999,-999,-999,-999,-999,-999,-999,-999,-999,"Stebbins, R.C., 2003"
Reptilia,Squamata,Viperidae,Crotalus,atrox,-999,Western Diamond-backed Rattlesnake,-999,25,-999,-999,-999,-999,-999,-999,-999,-999,-999,-999,-999,-999,-999,-999,-999,-999,-999,-999,-999,-999,-999,-999,-999,-999,-999,-999,"Stebbins, R.C., 2003"
Reptilia,Squamata,Viperidae,Crotalus,atrox,-999,Western Diamond-backed Rattlesnake,-999,-999,-999,-999,25.95833333,-999,-999,-999,-999,-999,-999,-999,-999,-999,-999,-999,-999,-999,-999,-999,-999,-999,-999,-999,-999,-999,-999,-999,"Behler, J.L., King, F.W., 1979"
Reptilia,Squamata,Viperidae,Crotalus,atrox,-999,Western Diamond-backed Rattlesnake,-999,-999,-999,3765,-999,-999,-999,-999,-999,-999,-999,-999,-999,-999,-999,-999,-999,-999,-999,-999,-999,-999,-999,-999,-999,-999,-999,-999,"Boback and Guyer, 2003"
Reptilia,Squamata,Viperidae,Crotalus,atrox,-999,Western Diamond-backed Rattlesnake,-999,-999,-999,-999,27,-999,-999,-999,-999,-999,-999,-999,-999,-999,-999,-999,-999,-999,-999,-999,-999,-999,-999,-999,-999,-999,-999,-999,"BC Reptiles - Tacutu, R., T. Craig, A. Budovsky et al. 2013"
Reptilia,Squamata,Viperidae,Crotalus,atrox,-999,Western Diamond-backed Rattlesnake,1095,-999,-999,-999,-999,-999,-999,-999,-999,-999,-999,-999,-999,-999,-999,-999,-999,-999,-999,-999,-999,-999,-999,-999,-999,-999,-999,-999,"BC Reptiles - Tacutu, R., T. Craig, A. Budovsky et al. 2013"
Reptilia,Squamata,Viperidae,Crotalus,atrox,-999,Western Diamond-backed Rattlesnake,-999,-999,-999,-999,-999,-999,-999,-999,-999,-999,-999,-999,1095,-999,-999,-999,-999,-999,-999,-999,-999,-999,-999,-999,-999,-999,-999,-999,"BC Reptiles - Tacutu, R., T. Craig, A. Budovsky et al. 2013"
Reptilia,Squamata,Viperidae,Crotalus,atrox,-999,Western Diamond-backed Rattlesnake,-999,14,-999,-999,-999,-999,-999,-999,-999,-999,-999,-999,-999,-999,-999,-999,-999,-999,-999,-999,-999,-999,-999,-999,-999,-999,-999,-999,"BC Reptiles - Tacutu, R., T. Craig, A. Budovsky et al. 2013"
Reptilia,Squamata,Viperidae,Crotalus,atrox,-999,Western Diamond-backed Rattlesnake,-999,-999,-999,6700,-999,-999,-999,-999,-999,-999,-999,-999,-999,-999,-999,-999,-999,-999,-999,-999,-999,-999,-999,-999,-999,-999,-999,-999,"BC Reptiles - Wilson, 2003"
Reptilia,Squamata,Viperidae,Crotalus,atrox,-999,Western Diamond-backed Rattlesnake,-999,-999,-999,-999,25.8,-999,-999,-999,-999,-999,-999,-999,-999,-999,-999,-999,-999,-999,-999,-999,-999,-999,-999,-999,-999,-999,-999,-999,"BC Reptiles - Wilson, 2003"
Reptilia,Squamata,Viperidae,Crotalus,atrox,-999,Western Diamond-backed Rattlesnake,-999,-999,-999,-999,22,-999,-999,-999,-999,-999,-999,-999,-999,-999,-999,-999,-999,-999,-999,-999,-999,-999,-999,-999,-999,-999,-999,-999,"BC Reptiles - Wilson, 2003"
Reptilia,Squamata,Viperidae,Crotalus,atrox,-999,Western Diamond-backed Rattlesnake,-999,14,-999,-999,-999,-999,-999,-999,-999,-999,-999,-999,-999,-999,-999,-999,-999,-999,-999,-999,-999,-999,-999,-999,-999,-999,-999,-999,"BC Reptiles - Wilson, 2003"
Reptilia,Squamata,Viperidae,Crotalus,atrox,-999,Western Diamond-backed Rattlesnake,-999,-999,-999,-999,-999,167,-999,-999,-999,-999,-999,-999,-999,-999,-999,-999,-999,-999,-999,-999,-999,-999,-999,-999,-999,-999,-999,-999,"BC Reptiles - Wilson, 2003"
Reptilia,Squamata,Viperidae,Crotalus,atrox,-999,Western Diamond-backed Rattlesnake,-999,-999,-999,-999,-999,-999,-999,-999,-999,-999,-999,-999,-999,-999,-999,-999,-999,-999,-999,-999,-999,-999,-999,-999,-999,-999,-999,1095.75,"BC Reptiles - Wilson, 2003"
Reptilia,Squamata,Viperidae,Crotalus,atrox,-999,Western Diamond-backed Rattlesnake,-999,10,-999,-999,-999,-999,-999,-999,-999,-999,-999,-999,-999,-999,-999,-999,-999,-999,-999,-999,-999,-999,-999,-999,-999,-999,-999,-999,"BC Reptiles - Wilson, 2003"
Reptilia,Squamata,Viperidae,Crotalus,atrox,-999,Western Diamond-backed Rattlesnake,-999,20,-999,-999,-999,-999,-999,-999,-999,-999,-999,-999,-999,-999,-999,-999,-999,-999,-999,-999,-999,-999,-999,-999,-999,-999,-999,-999,"BC Reptiles - Wilson, 2003"
Reptilia,Squamata,Viperidae,Crotalus,atrox,-999,Western Diamond-backed Rattlesnake,-999,-999,-999,-999,25.8,-999,-999,-999,-999,-999,-999,-999,-999,-999,-999,-999,-999,-999,-999,-999,-999,-999,-999,-999,-999,-999,-999,-999,"BC Reptiles - Meyers et al., 2009"
Reptilia,Squamata,Viperidae,Crotalus,atrox,-999,Western Diamond-backed Rattlesnake,-999,-999,-999,-999,22,-999,-999,-999,-999,-999,-999,-999,-999,-999,-999,-999,-999,-999,-999,-999,-999,-999,-999,-999,-999,-999,-999,-999,"BC Reptiles - Meyers et al., 2009"
Reptilia,Squamata,Viperidae,Crotalus,atrox,-999,Western Diamond-backed Rattlesnake,-999,-999,-999,6700,-999,-999,-999,-999,-999,-999,-999,-999,-999,-999,-999,-999,-999,-999,-999,-999,-999,-999,-999,-999,-999,-999,-999,-999,"BC Reptiles - Meyers et al., 2009"
Reptilia,Squamata,Viperidae,Crotalus,atrox,-999,Western Diamond-backed Rattlesnake,-999,10,-999,-999,-999,-999,-999,-999,-999,-999,-999,-999,-999,-999,-999,-999,-999,-999,-999,-999,-999,-999,-999,-999,-999,-999,-999,-999,"BC Reptiles - Meyers et al., 2009"
Reptilia,Squamata,Viperidae,Crotalus,atrox,-999,Western Diamond-backed Rattlesnake,-999,20,-999,-999,-999,-999,-999,-999,-999,-999,-999,-999,-999,-999,-999,-999,-999,-999,-999,-999,-999,-999,-999,-999,-999,-999,-999,-999,"BC Reptiles - Meyers et al., 2009"
Reptilia,Squamata,Viperidae,Crotalus,atrox,-999,Western Diamond-backed Rattlesnake,-999,-999,-999,-999,-999,167,-999,-999,-999,-999,-999,-999,-999,-999,-999,-999,-999,-999,-999,-999,-999,-999,-999,-999,-999,-999,-999,-999,"BC Reptiles - Meyers et al., 2009"
Reptilia,Squamata,Viperidae,Crotalus,atrox,-999,Western Diamond-backed Rattlesnake,-999,-999,-999,-999,-999,-999,-999,-999,-999,-999,-999,-999,-999,-999,-999,-999,-999,-999,-999,-999,-999,-999,-999,-999,-999,-999,-999,1095.75,"BC Reptiles - Meyers et al., 2009"
Reptilia,Squamata,Viperidae,Crotalus,atrox,-999,Western Diamond-backed Rattlesnake,-999,-999,-999,-999,27,-999,-999,-999,-999,-999,-999,-999,-999,-999,-999,-999,-999,-999,-999,-999,-999,-999,-999,-999,-999,-999,-999,-999,"BC Reptiles - Tacutu, R., T. Craig, A. Budovsky et al. 2013"
Reptilia,Squamata,Viperidae,Crotalus,atrox,-999,Western Diamond-backed Rattlesnake,1095,-999,-999,-999,-999,-999,-999,-999,-999,-999,-999,-999,-999,-999,-999,-999,-999,-999,-999,-999,-999,-999,-999,-999,-999,-999,-999,-999,"BC Reptiles - Tacutu, R., T. Craig, A. Budovsky et al. 2013"
Reptilia,Squamata,Viperidae,Crotalus,atrox,-999,Western Diamond-backed Rattlesnake,-999,-999,-999,-999,-999,-999,-999,-999,-999,-999,-999,-999,1095,-999,-999,-999,-999,-999,-999,-999,-999,-999,-999,-999,-999,-999,-999,-999,"BC Reptiles - Tacutu, R., T. Craig, A. Budovsky et al. 2013"
Reptilia,Squamata,Viperidae,Crotalus,atrox,-999,Western Diamond-backed Rattlesnake,-999,14,-999,-999,-999,-999,-999,-999,-999,-999,-999,-999,-999,-999,-999,-999,-999,-999,-999,-999,-999,-999,-999,-999,-999,-999,-999,-999,"BC Reptiles - Tacutu, R., T. Craig, A. Budovsky et al. 2013"
Reptilia,Squamata,Viperidae,Crotalus,atrox,-999,Western Diamond-backed Rattlesnake,-999,2,-999,-999,-999,-999,-999,-999,-999,-999,-999,-999,-999,-999,-999,-999,-999,-999,-999,-999,-999,-999,-999,-999,-999,-999,-999,-999,"BC Reptiles - Wilson, 2003"
Reptilia,Squamata,Viperidae,Crotalus,atrox,-999,Western Diamond-backed Rattlesnake,-999,7,-999,-999,-999,-999,-999,-999,-999,-999,-999,-999,-999,-999,-999,-999,-999,-999,-999,-999,-999,-999,-999,-999,-999,-999,-999,-999,"BC Reptiles - Wilson, 2003"
Reptilia,Squamata,Viperidae,Crotalus,atrox,-999,Western Diamond-backed Rattlesnake,-999,4.5,-999,-999,-999,-999,-999,-999,-999,-999,-999,-999,-999,-999,-999,-999,-999,-999,-999,-999,-999,-999,-999,-999,-999,-999,-999,-999,"BC Reptiles - Wilson, 2003"
Reptilia,Testudines,Cheloniidae,Caretta,caretta,-999,Loggerhead,3650,115,-999,156500,37,60,-999,-999,-999,-999,-999,-999,3650,-999,-999,-999,-999,-999,-999,-999,-999,-999,-999,-999,-999,-999,-999,-999,"de Magalhaes and Costa, 2009"
Reptilia,Testudines,Cheloniidae,Caretta,caretta,-999,Loggerhead,-999,90,-999,-999,-999,-999,-999,-999,-999,-999,-999,-999,-999,-999,-999,-999,-999,-999,-999,-999,-999,-999,-999,-999,-999,-999,-999,-999,"Peters, A., Verhoeven, K.J.F., and H. Strijbosch, 1994"
Reptilia,Testudines,Cheloniidae,Caretta,caretta,-999,Loggerhead,-999,-999,-999,102000,-999,-999,-999,-999,-999,-999,-999,-999,-999,-999,-999,-999,-999,-999,-999,-999,-999,-999,-999,-999,-999,-999,-999,-999,"Seymour, 1979"
Reptilia,Testudines,Cheloniidae,Caretta,caretta,-999,Loggerhead,-999,-999,-999,-999,-999,-999,-999,-999,-999,44,-999,-999,-999,-999,-999,-999,-999,-999,-999,-999,-999,-999,-999,-999,-999,-999,-999,-999,"Seymour, 1979"
Reptilia,Testudines,Cheloniidae,Caretta,caretta,-999,Loggerhead,-999,118,-999,-999,-999,-999,-999,-999,-999,-999,-999,-999,-999,-999,-999,-999,-999,-999,-999,-999,-999,-999,-999,-999,-999,-999,-999,-999,"Seymour, 1979"
Reptilia,Testudines,Cheloniidae,Caretta,caretta,-999,Loggerhead,-999,-999,-999,-999,-999,-999,-999,-999,-999,-999,-999,-999,-999,-999,-999,-999,-999,-999,-999,-999,-999,-999,-999,-999,-999,-999,-999,8035.5,"Heppell, 1998"
Reptilia,Testudines,Cheloniidae,Caretta,caretta,-999,Loggerhead,-999,153,-999,-999,-999,-999,-999,-999,-999,-999,-999,-999,-999,-999,-999,-999,-999,-999,-999,-999,-999,-999,-999,-999,-999,-999,-999,-999,"Heppell, 1998"
Reptilia,Testudines,Cheloniidae,Caretta,caretta,-999,Loggerhead,-999,-999,1,-999,-999,-999,-999,-999,-999,-999,-999,-999,-999,-999,-999,-999,-999,-999,-999,-999,-999,-999,-999,-999,-999,-999,-999,-999,"Heppell, 1998"
Reptilia,Testudines,Cheloniidae,Caretta,caretta,-999,Loggerhead,-999,-999,-999,-999,-999,-999,-999,-999,-999,-999,-999,-999,-999,-999,-999,-999,-999,-999,-999,-999,-999,-999,-999,-999,-999,-999,-999,12783.75,"Heppell, 1998"
Reptilia,Testudines,Cheloniidae,Caretta,caretta,-999,Loggerhead,-999,65.08,-999,-999,-999,-999,-999,-999,-999,-999,-999,-999,-999,-999,-999,-999,-999,-999,-999,-999,-999,-999,-999,-999,-999,-999,-999,-999,"Heppell, 1998"
Reptilia,Testudines,Cheloniidae,Caretta,caretta,-999,Loggerhead,-999,-999,1,-999,-999,-999,-999,-999,-999,-999,-999,-999,-999,-999,-999,-999,-999,-999,-999,-999,-999,-999,-999,-999,-999,-999,-999,-999,"Heppell, 1998"
Reptilia,Testudines,Cheloniidae,Caretta,caretta,-999,Loggerhead,-999,-999,-999,-999,-999,-999,-999,-999,-999,-999,-999,-999,-999,-999,-999,-999,-999,-999,-999,-999,-999,-999,-999,-999,-999,-999,-999,8583.375,"Casale, P., Mazaris, A. and D. Freggi, 2011"
Reptilia,Testudines,Cheloniidae,Caretta,caretta,-999,Loggerhead,-999,-999,-999,-999,-999,-999,-999,-999,-999,-999,-999,-999,-999,-999,-999,-999,-999,-999,-999,-999,-999,-999,-999,-999,-999,-999,-999,10701.825,"Casale, P., Mazaris, A. and D. Freggi, 2011"
Reptilia,Testudines,Cheloniidae,Caretta,caretta,-999,Loggerhead,-999,-999,-999,-999,76,-999,-999,-999,-999,-999,-999,-999,-999,-999,-999,-999,-999,-999,-999,-999,-999,-999,-999,-999,-999,-999,-999,-999,
Reptilia,Testudines,Cheloniidae,Caretta,caretta,-999,Loggerhead,-999,44,-999,-999,-999,-999,-999,-999,-999,-999,49,-999,-999,-999,-999,-999,-999,-999,-999,-999,-999,-999,-999,-999,-999,-999,-999,-999,Reptile Incubation book
Reptilia,Testudines,Cheloniidae,Caretta,caretta,-999,Loggerhead,-999,172,-999,-999,-999,-999,-999,-999,-999,-999,72,-999,-999,-999,-999,-999,-999,-999,-999,-999,-999,-999,-999,-999,-999,-999,-999,-999,Reptile Incubation book
Reptilia,Testudines,Cheloniidae,Caretta,caretta,-999,Loggerhead,-999,123,-999,116300,-999,-999,-999,-999,-999,41.2,-999,-999,-999,-999,116300,-999,116300,-999,-999,-999,-999,-999,-999,-999,-999,-999,-999,-999,"Iverson, J., Balgooyen, C., Byrd, K. et al., 1993"
Reptilia,Testudines,Cheloniidae,Caretta,caretta,-999,Loggerhead,-999,115,-999,68500,-999,-999,-999,-999,-999,31.27,-999,-999,-999,-999,68500,-999,68500,-999,-999,-999,-999,-999,-999,-999,-999,-999,-999,-999,"Iverson, J., Balgooyen, C., Byrd, K. et al., 1993"
Reptilia,Testudines,Cheloniidae,Caretta,caretta,-999,Loggerhead,-999,-999,-999,-999,-999,-999,-999,-999,-999,42.6,50,-999,-999,-999,-999,-999,-999,-999,-999,-999,-999,-999,-999,-999,-999,-999,-999,-999,"Birchard, G. and D. Marcellini, 1996"
Reptilia,Testudines,Cheloniidae,Caretta,caretta,-999,Loggerhead,-999,-999,-999,-999,33,-999,-999,-999,-999,-999,-999,-999,-999,-999,-999,-999,-999,-999,-999,-999,-999,-999,-999,-999,-999,-999,-999,-999,"Carey, J.R. and D.S. Judge, 2002"
Reptilia,Testudines,Cheloniidae,Caretta,caretta,-999,Loggerhead,-999,-999,-999,-999,-999,-999,-999,20.9,-999,-999,-999,-999,-999,-999,-999,-999,-999,-999,-999,-999,-999,-999,-999,-999,-999,-999,-999,-999,"van Buskirk, J., Crowder, L.B., 1994"
Reptilia,Testudines,Cheloniidae,Caretta,caretta,-999,Loggerhead,-999,-999,-999,-999,-999,-999,-999,20.1,-999,-999,-999,-999,-999,-999,-999,-999,-999,-999,-999,-999,-999,-999,-999,-999,-999,-999,-999,-999,"van Buskirk, J., Crowder, L.B., 1994"
Reptilia,Testudines,Cheloniidae,Caretta,caretta,-999,Loggerhead,-999,-999,-999,-999,-999,-999,-999,21,-999,-999,-999,-999,-999,-999,-999,-999,-999,-999,-999,-999,-999,-999,-999,-999,-999,-999,-999,-999,"van Buskirk, J., Crowder, L.B., 1994"
Reptilia,Testudines,Cheloniidae,Caretta,caretta,-999,Loggerhead,-999,-999,-999,-999,-999,-999,-999,16.1,-999,-999,-999,-999,-999,-999,-999,-999,-999,-999,-999,-999,-999,-999,-999,-999,-999,-999,-999,-999,"van Buskirk, J., Crowder, L.B., 1994"
Reptilia,Testudines,Cheloniidae,Caretta,caretta,-999,Loggerhead,-999,-999,-999,-999,-999,-999,-999,21,-999,-999,-999,-999,-999,-999,-999,-999,-999,-999,-999,-999,-999,-999,-999,-999,-999,-999,-999,-999,"van Buskirk, J., Crowder, L.B., 1994"
Reptilia,Testudines,Cheloniidae,Caretta,caretta,-999,Loggerhead,-999,-999,-999,-999,-999,-999,-999,19.6,-999,-999,-999,-999,-999,-999,-999,-999,-999,-999,-999,-999,-999,-999,-999,-999,-999,-999,-999,-999,"van Buskirk, J., Crowder, L.B., 1994"
Reptilia,Testudines,Cheloniidae,Caretta,caretta,-999,Loggerhead,-999,-999,-999,-999,-999,-999,-999,21.2,-999,-999,-999,-999,-999,-999,-999,-999,-999,-999,-999,-999,-999,-999,-999,-999,-999,-999,-999,-999,"van Buskirk, J., Crowder, L.B., 1994"
Reptilia,Testudines,Cheloniidae,Caretta,caretta,-999,Loggerhead,-999,-999,-999,-999,-999,-999,-999,17,-999,-999,-999,-999,-999,-999,-999,-999,-999,-999,-999,-999,-999,-999,-999,-999,-999,-999,-999,-999,"van Buskirk, J., Crowder, L.B., 1994"
Reptilia,Testudines,Cheloniidae,Caretta,caretta,-999,Loggerhead,-999,-999,-999,-999,-999,-999,-999,-999,-999,36.5,-999,-999,-999,-999,-999,-999,-999,-999,-999,-999,-999,-999,-999,-999,-999,-999,-999,-999,"van Buskirk, J., Crowder, L.B., 1994"
Reptilia,Testudines,Cheloniidae,Caretta,caretta,-999,Loggerhead,-999,-999,-999,-999,-999,-999,-999,-999,-999,38.4,-999,-999,-999,-999,-999,-999,-999,-999,-999,-999,-999,-999,-999,-999,-999,-999,-999,-999,"van Buskirk, J., Crowder, L.B., 1994"
Reptilia,Testudines,Cheloniidae,Caretta,caretta,-999,Loggerhead,-999,-999,-999,-999,-999,-999,-999,-999,-999,31.4,-999,-999,-999,-999,-999,-999,-999,-999,-999,-999,-999,-999,-999,-999,-999,-999,-999,-999,"van Buskirk, J., Crowder, L.B., 1994"
Reptilia,Testudines,Cheloniidae,Caretta,caretta,-999,Loggerhead,-999,-999,-999,-999,-999,-999,-999,-999,-999,25.5,-999,-999,-999,-999,-999,-999,-999,-999,-999,-999,-999,-999,-999,-999,-999,-999,-999,-999,"van Buskirk, J., Crowder, L.B., 1994"
Reptilia,Testudines,Cheloniidae,Caretta,caretta,-999,Loggerhead,-999,-999,-999,-999,-999,-999,-999,-999,-999,20.3,-999,-999,-999,-999,-999,-999,-999,-999,-999,-999,-999,-999,-999,-999,-999,-999,-999,-999,"van Buskirk, J., Crowder, L.B., 1994"
Reptilia,Testudines,Cheloniidae,Caretta,caretta,-999,Loggerhead,-999,-999,-999,-999,-999,-999,-999,-999,-999,34.9,-999,-999,-999,-999,-999,-999,-999,-999,-999,-999,-999,-999,-999,-999,-999,-999,-999,-999,"van Buskirk, J., Crowder, L.B., 1994"
Reptilia,Testudines,Cheloniidae,Caretta,caretta,-999,Loggerhead,-999,-999,-999,-999,-999,-999,-999,-999,-999,41.8,-999,-999,-999,-999,-999,-999,-999,-999,-999,-999,-999,-999,-999,-999,-999,-999,-999,-999,"van Buskirk, J., Crowder, L.B., 1994"
Reptilia,Testudines,Cheloniidae,Caretta,caretta,-999,Loggerhead,-999,-999,-999,-999,-999,-999,-999,-999,-999,-999,49,-999,-999,-999,-999,-999,-999,-999,-999,-999,-999,-999,-999,-999,-999,-999,-999,-999,"Behler, J.L., King, F.W., 1979"
Reptilia,Testudines,Cheloniidae,Caretta,caretta,-999,Loggerhead,-999,-999,-999,-999,-999,-999,-999,-999,-999,-999,63,-999,-999,-999,-999,-999,-999,-999,-999,-999,-999,-999,-999,-999,-999,-999,-999,-999,"Behler, J.L., King, F.W., 1979"
Reptilia,Testudines,Cheloniidae,Caretta,caretta,-999,Loggerhead,-999,-999,-999,-999,-999,-999,-999,-999,-999,-999,55.5,-999,-999,-999,-999,-999,-999,-999,-999,-999,-999,-999,-999,-999,-999,-999,-999,-999,"van Buskirk, J., Crowder, L.B., 1994"
Reptilia,Testudines,Cheloniidae,Caretta,caretta,-999,Loggerhead,-999,-999,-999,-999,-999,-999,-999,-999,-999,-999,50.7,-999,-999,-999,-999,-999,-999,-999,-999,-999,-999,-999,-999,-999,-999,-999,-999,-999,"van Buskirk, J., Crowder, L.B., 1994"
Reptilia,Testudines,Cheloniidae,Caretta,caretta,-999,Loggerhead,-999,-999,-999,-999,-999,-999,-999,-999,-999,-999,50.7,-999,-999,-999,-999,-999,-999,-999,-999,-999,-999,-999,-999,-999,-999,-999,-999,-999,"van Buskirk, J., Crowder, L.B., 1994"
Reptilia,Testudines,Cheloniidae,Caretta,caretta,-999,Loggerhead,-999,-999,-999,-999,-999,-999,-999,-999,-999,-999,60.5,-999,-999,-999,-999,-999,-999,-999,-999,-999,-999,-999,-999,-999,-999,-999,-999,-999,"van Buskirk, J., Crowder, L.B., 1994"
Reptilia,Testudines,Cheloniidae,Caretta,caretta,-999,Loggerhead,-999,-999,-999,-999,-999,-999,-999,-999,-999,-999,61.2,-999,-999,-999,-999,-999,-999,-999,-999,-999,-999,-999,-999,-999,-999,-999,-999,-999,"van Buskirk, J., Crowder, L.B., 1994"
Reptilia,Testudines,Cheloniidae,Caretta,caretta,-999,Loggerhead,-999,-999,-999,-999,-999,-999,-999,-999,-999,-999,55,-999,-999,-999,-999,-999,-999,-999,-999,-999,-999,-999,-999,-999,-999,-999,-999,-999,"van Buskirk, J., Crowder, L.B., 1994"
Reptilia,Testudines,Cheloniidae,Caretta,caretta,-999,Loggerhead,-999,-999,-999,-999,-999,-999,-999,-999,-999,-999,58,-999,-999,-999,-999,-999,-999,-999,-999,-999,-999,-999,-999,-999,-999,-999,-999,-999,"van Buskirk, J., Crowder, L.B., 1994"
Reptilia,Testudines,Cheloniidae,Caretta,caretta,-999,Loggerhead,-999,-999,-999,-999,-999,-999,-999,-999,-999,-999,62,-999,-999,-999,-999,-999,-999,-999,-999,-999,-999,-999,-999,-999,-999,-999,-999,-999,"van Buskirk, J., Crowder, L.B., 1994"
Reptilia,Testudines,Cheloniidae,Caretta,caretta,-999,Loggerhead,-999,-999,-999,-999,-999,-999,-999,-999,-999,-999,57,-999,-999,-999,-999,-999,-999,-999,-999,-999,-999,-999,-999,-999,-999,-999,-999,-999,"van Buskirk, J., Crowder, L.B., 1994"
Reptilia,Testudines,Cheloniidae,Caretta,caretta,-999,Loggerhead,-999,-999,-999,-999,-999,-999,-999,-999,-999,-999,65.5,-999,-999,-999,-999,-999,-999,-999,-999,-999,-999,-999,-999,-999,-999,-999,-999,-999,"van Buskirk, J., Crowder, L.B., 1994"
Reptilia,Testudines,Cheloniidae,Caretta,caretta,-999,Loggerhead,-999,-999,-999,-999,-999,-999,-999,-999,-999,-999,56,-999,-999,-999,-999,-999,-999,-999,-999,-999,-999,-999,-999,-999,-999,-999,-999,-999,"van Buskirk, J., Crowder, L.B., 1994"
Reptilia,Testudines,Cheloniidae,Caretta,caretta,-999,Loggerhead,-999,125,-999,-999,-999,-999,-999,-999,-999,-999,-999,-999,-999,-999,-999,-999,-999,-999,-999,-999,-999,-999,-999,-999,-999,-999,-999,-999,"Behler, J.L., King, F.W., 1979"
Reptilia,Testudines,Cheloniidae,Caretta,caretta,-999,Loggerhead,-999,112.4,-999,-999,-999,-999,-999,-999,-999,-999,-999,-999,-999,-999,-999,-999,-999,-999,-999,-999,-999,-999,-999,-999,-999,-999,-999,-999,"van Buskirk, J., Crowder, L.B., 1994"
Reptilia,Testudines,Cheloniidae,Caretta,caretta,-999,Loggerhead,-999,127,-999,-999,-999,-999,-999,-999,-999,-999,-999,-999,-999,-999,-999,-999,-999,-999,-999,-999,-999,-999,-999,-999,-999,-999,-999,-999,"van Buskirk, J., Crowder, L.B., 1994"
Reptilia,Testudines,Cheloniidae,Caretta,caretta,-999,Loggerhead,-999,107,-999,-999,-999,-999,-999,-999,-999,-999,-999,-999,-999,-999,-999,-999,-999,-999,-999,-999,-999,-999,-999,-999,-999,-999,-999,-999,"van Buskirk, J., Crowder, L.B., 1994"
Reptilia,Testudines,Cheloniidae,Caretta,caretta,-999,Loggerhead,-999,102.3,-999,-999,-999,-999,-999,-999,-999,-999,-999,-999,-999,-999,-999,-999,-999,-999,-999,-999,-999,-999,-999,-999,-999,-999,-999,-999,"van Buskirk, J., Crowder, L.B., 1994"
Reptilia,Testudines,Cheloniidae,Caretta,caretta,-999,Loggerhead,-999,117.7,-999,-999,-999,-999,-999,-999,-999,-999,-999,-999,-999,-999,-999,-999,-999,-999,-999,-999,-999,-999,-999,-999,-999,-999,-999,-999,"van Buskirk, J., Crowder, L.B., 1994"
Reptilia,Testudines,Cheloniidae,Caretta,caretta,-999,Loggerhead,-999,100.2,-999,-999,-999,-999,-999,-999,-999,-999,-999,-999,-999,-999,-999,-999,-999,-999,-999,-999,-999,-999,-999,-999,-999,-999,-999,-999,"van Buskirk, J., Crowder, L.B., 1994"
Reptilia,Testudines,Cheloniidae,Caretta,caretta,-999,Loggerhead,-999,107.6,-999,-999,-999,-999,-999,-999,-999,-999,-999,-999,-999,-999,-999,-999,-999,-999,-999,-999,-999,-999,-999,-999,-999,-999,-999,-999,"van Buskirk, J., Crowder, L.B., 1994"
Reptilia,Testudines,Cheloniidae,Caretta,caretta,-999,Loggerhead,-999,107,-999,-999,-999,-999,-999,-999,-999,-999,-999,-999,-999,-999,-999,-999,-999,-999,-999,-999,-999,-999,-999,-999,-999,-999,-999,-999,"van Buskirk, J., Crowder, L.B., 1994"
Reptilia,Testudines,Cheloniidae,Caretta,caretta,-999,Loggerhead,-999,114,-999,-999,-999,-999,-999,-999,-999,-999,-999,-999,-999,-999,-999,-999,-999,-999,-999,-999,-999,-999,-999,-999,-999,-999,-999,-999,"van Buskirk, J., Crowder, L.B., 1994"
Reptilia,Testudines,Cheloniidae,Caretta,caretta,-999,Loggerhead,-999,93,-999,-999,-999,-999,-999,-999,-999,-999,-999,-999,-999,-999,-999,-999,-999,-999,-999,-999,-999,-999,-999,-999,-999,-999,-999,-999,"van Buskirk, J., Crowder, L.B., 1994"
Reptilia,Testudines,Cheloniidae,Caretta,caretta,-999,Loggerhead,-999,110,-999,-999,-999,-999,-999,-999,-999,-999,-999,-999,-999,-999,-999,-999,-999,-999,-999,-999,-999,-999,-999,-999,-999,-999,-999,-999,"van Buskirk, J., Crowder, L.B., 1994"
Reptilia,Testudines,Cheloniidae,Caretta,caretta,-999,Loggerhead,-999,100,-999,-999,-999,-999,-999,-999,-999,-999,-999,-999,-999,-999,-999,-999,-999,-999,-999,-999,-999,-999,-999,-999,-999,-999,-999,-999,"van Buskirk, J., Crowder, L.B., 1994"
Reptilia,Testudines,Cheloniidae,Caretta,caretta,-999,Loggerhead,-999,120,-999,-999,-999,-999,-999,-999,-999,-999,-999,-999,-999,-999,-999,-999,-999,-999,-999,-999,-999,-999,-999,-999,-999,-999,-999,-999,"van Buskirk, J., Crowder, L.B., 1994"
Reptilia,Testudines,Cheloniidae,Caretta,caretta,-999,Loggerhead,-999,113.5,-999,-999,-999,-999,-999,-999,-999,-999,-999,-999,-999,-999,-999,-999,-999,-999,-999,-999,-999,-999,-999,-999,-999,-999,-999,-999,"van Buskirk, J., Crowder, L.B., 1994"
Reptilia,Testudines,Cheloniidae,Caretta,caretta,-999,Loggerhead,-999,108,-999,-999,-999,-999,-999,-999,-999,-999,-999,-999,-999,-999,-999,-999,-999,-999,-999,-999,-999,-999,-999,-999,-999,-999,-999,-999,"van Buskirk, J., Crowder, L.B., 1994"
Reptilia,Testudines,Cheloniidae,Caretta,caretta,-999,Loggerhead,-999,119.8,-999,-999,-999,-999,-999,-999,-999,-999,-999,-999,-999,-999,-999,-999,-999,-999,-999,-999,-999,-999,-999,-999,-999,-999,-999,-999,"van Buskirk, J., Crowder, L.B., 1994"
Reptilia,Testudines,Cheloniidae,Caretta,caretta,-999,Loggerhead,-999,119.5,-999,-999,-999,-999,-999,-999,-999,-999,-999,-999,-999,-999,-999,-999,-999,-999,-999,-999,-999,-999,-999,-999,-999,-999,-999,-999,"van Buskirk, J., Crowder, L.B., 1994"
Reptilia,Testudines,Cheloniidae,Caretta,caretta,-999,Loggerhead,-999,128.4,-999,-999,-999,-999,-999,-999,-999,-999,-999,-999,-999,-999,-999,-999,-999,-999,-999,-999,-999,-999,-999,-999,-999,-999,-999,-999,"van Buskirk, J., Crowder, L.B., 1994"
Reptilia,Testudines,Cheloniidae,Caretta,caretta,-999,Loggerhead,-999,118.4,-999,-999,-999,-999,-999,-999,-999,-999,-999,-999,-999,-999,-999,-999,-999,-999,-999,-999,-999,-999,-999,-999,-999,-999,-999,-999,"van Buskirk, J., Crowder, L.B., 1994"
Reptilia,Testudines,Cheloniidae,Caretta,caretta,-999,Loggerhead,-999,122.3,-999,-999,-999,-999,-999,-999,-999,-999,-999,-999,-999,-999,-999,-999,-999,-999,-999,-999,-999,-999,-999,-999,-999,-999,-999,-999,"van Buskirk, J., Crowder, L.B., 1994"
Reptilia,Testudines,Cheloniidae,Caretta,caretta,-999,Loggerhead,-999,-999,1.34,-999,-999,-999,-999,-999,-999,-999,-999,-999,-999,-999,-999,-999,-999,-999,-999,-999,-999,-999,-999,-999,-999,-999,-999,-999,"van Buskirk, J., Crowder, L.B., 1994"
Reptilia,Testudines,Cheloniidae,Caretta,caretta,-999,Loggerhead,-999,-999,1.23,-999,-999,-999,-999,-999,-999,-999,-999,-999,-999,-999,-999,-999,-999,-999,-999,-999,-999,-999,-999,-999,-999,-999,-999,-999,"van Buskirk, J., Crowder, L.B., 1994"
Reptilia,Testudines,Cheloniidae,Caretta,caretta,-999,Loggerhead,-999,-999,1.75,-999,-999,-999,-999,-999,-999,-999,-999,-999,-999,-999,-999,-999,-999,-999,-999,-999,-999,-999,-999,-999,-999,-999,-999,-999,"van Buskirk, J., Crowder, L.B., 1994"
Reptilia,Testudines,Cheloniidae,Caretta,caretta,-999,Loggerhead,-999,-999,1.4,-999,-999,-999,-999,-999,-999,-999,-999,-999,-999,-999,-999,-999,-999,-999,-999,-999,-999,-999,-999,-999,-999,-999,-999,-999,"van Buskirk, J., Crowder, L.B., 1994"
Reptilia,Testudines,Cheloniidae,Caretta,caretta,-999,Loggerhead,-999,-999,1.15,-999,-999,-999,-999,-999,-999,-999,-999,-999,-999,-999,-999,-999,-999,-999,-999,-999,-999,-999,-999,-999,-999,-999,-999,-999,"van Buskirk, J., Crowder, L.B., 1994"
Reptilia,Testudines,Cheloniidae,Chelonia,mydas,-999,Green Turtle,3650,150,-999,160000,75,59,-999,-999,-999,-999,-999,-999,3650,-999,-999,-999,-999,-999,-999,-999,-999,-999,-999,-999,-999,-999,-999,-999,"de Magalhaes and Costa, 2009"
Reptilia,Testudines,Cheloniidae,Chelonia,mydas,-999,Green Turtle,-999,66,-999,-999,-999,-999,-999,-999,-999,-999,-999,-999,-999,-999,-999,-999,-999,-999,-999,-999,-999,-999,-999,-999,-999,-999,-999,-999,"Marquez-M., 1994"
Reptilia,Testudines,Cheloniidae,Chelonia,mydas,-999,Green Turtle,-999,-999,-999,68000,-999,-999,-999,-999,-999,-999,-999,-999,-999,-999,-999,-999,-999,-999,-999,-999,-999,-999,-999,-999,-999,-999,-999,-999,"Seymour, 1979"
Reptilia,Testudines,Cheloniidae,Chelonia,mydas,-999,Green Turtle,-999,-999,-999,-999,-999,-999,-999,-999,-999,69,-999,-999,-999,-999,-999,-999,-999,-999,-999,-999,-999,-999,-999,-999,-999,-999,-999,-999,"Seymour, 1979"
Reptilia,Testudines,Cheloniidae,Chelonia,mydas,-999,Green Turtle,-999,104,-999,-999,-999,-999,-999,-999,-999,-999,-999,-999,-999,-999,-999,-999,-999,-999,-999,-999,-999,-999,-999,-999,-999,-999,-999,-999,"Seymour, 1979"
Reptilia,Testudines,Cheloniidae,Chelonia,mydas,-999,Green Turtle,-999,-999,-999,-999,-999,-999,-999,-999,-999,-999,-999,-999,-999,-999,-999,-999,-999,-999,-999,-999,-999,-999,-999,-999,-999,-999,-999,14610,"Meylan, A.B. and M. Donnelly, 1999"
Reptilia,Testudines,Cheloniidae,Chelonia,mydas,-999,Green Turtle,-999,-999,-999,-999,-999,-999,-999,-999,-999,-999,-999,-999,-999,-999,-999,-999,-999,-999,-999,-999,-999,-999,-999,-999,-999,-999,-999,21915,"Meylan, A.B. and M. Donnelly, 1999"
Reptilia,Testudines,Cheloniidae,Chelonia,mydas,-999,Green Turtle,-999,100,-999,-999,-999,-999,-999,-999,-999,-999,45,-999,-999,-999,-999,-999,-999,-999,-999,-999,-999,-999,-999,-999,-999,-999,-999,-999,Reptile Incubation book
Reptilia,Testudines,Cheloniidae,Chelonia,mydas,-999,Green Turtle,-999,150,-999,-999,-999,-999,-999,-999,-999,-999,60,-999,-999,-999,-999,-999,-999,-999,-999,-999,-999,-999,-999,-999,-999,-999,-999,-999,Reptile Incubation book
Reptilia,Testudines,Cheloniidae,Chelonia,mydas,-999,Green Turtle,-999,70,-999,-999,-999,-999,-999,-999,-999,39.6,-999,-999,-999,-999,-999,-999,-999,-999,-999,-999,-999,-999,-999,-999,-999,-999,-999,-999,"Iverson, J., Balgooyen, C., Byrd, K. et al., 1993"
Reptilia,Testudines,Cheloniidae,Chelonia,mydas,-999,Green Turtle,-999,112.2,-999,128100,-999,-999,-999,-999,-999,-999,-999,-999,-999,-999,128100,-999,128100,-999,-999,-999,-999,-999,-999,-999,-999,-999,-999,-999,"Iverson, J., Balgooyen, C., Byrd, K. et al., 1993"
Reptilia,Testudines,Cheloniidae,Chelonia,mydas,-999,Green Turtle,-999,-999,-999,-999,-999,-999,-999,-999,-999,59.9,64,-999,-999,-999,-999,-999,-999,-999,-999,-999,-999,-999,-999,-999,-999,-999,-999,-999,"Birchard, G. and D. Marcellini, 1996"
Reptilia,Testudines,Cheloniidae,Chelonia,mydas,-999,Green Turtle,-999,-999,-999,-999,-999,-999,-999,21,-999,-999,-999,-999,-999,-999,-999,-999,-999,-999,-999,-999,-999,-999,-999,-999,-999,-999,-999,-999,"van Buskirk, J., Crowder, L.B., 1994"
Reptilia,Testudines,Cheloniidae,Chelonia,mydas,-999,Green Turtle,-999,-999,-999,-999,-999,-999,-999,22.7,-999,-999,-999,-999,-999,-999,-999,-999,-999,-999,-999,-999,-999,-999,-999,-999,-999,-999,-999,-999,"van Buskirk, J., Crowder, L.B., 1994"
Reptilia,Testudines,Cheloniidae,Chelonia,mydas,-999,Green Turtle,-999,-999,-999,-999,-999,-999,-999,22.1,-999,-999,-999,-999,-999,-999,-999,-999,-999,-999,-999,-999,-999,-999,-999,-999,-999,-999,-999,-999,"van Buskirk, J., Crowder, L.B., 1994"
Reptilia,Testudines,Cheloniidae,Chelonia,mydas,-999,Green Turtle,-999,-999,-999,-999,-999,-999,-999,21.2,-999,-999,-999,-999,-999,-999,-999,-999,-999,-999,-999,-999,-999,-999,-999,-999,-999,-999,-999,-999,"van Buskirk, J., Crowder, L.B., 1994"
Reptilia,Testudines,Cheloniidae,Chelonia,mydas,-999,Green Turtle,-999,-999,-999,-999,-999,-999,-999,28.2,-999,-999,-999,-999,-999,-999,-999,-999,-999,-999,-999,-999,-999,-999,-999,-999,-999,-999,-999,-999,"van Buskirk, J., Crowder, L.B., 1994"
Reptilia,Testudines,Cheloniidae,Chelonia,mydas,-999,Green Turtle,-999,-999,-999,-999,-999,-999,-999,25.5,-999,-999,-999,-999,-999,-999,-999,-999,-999,-999,-999,-999,-999,-999,-999,-999,-999,-999,-999,-999,"van Buskirk, J., Crowder, L.B., 1994"
Reptilia,Testudines,Cheloniidae,Chelonia,mydas,-999,Green Turtle,-999,-999,-999,-999,-999,-999,-999,23.9,-999,-999,-999,-999,-999,-999,-999,-999,-999,-999,-999,-999,-999,-999,-999,-999,-999,-999,-999,-999,"van Buskirk, J., Crowder, L.B., 1994"
Reptilia,Testudines,Cheloniidae,Chelonia,mydas,-999,Green Turtle,-999,-999,-999,-999,-999,-999,-999,23,-999,-999,-999,-999,-999,-999,-999,-999,-999,-999,-999,-999,-999,-999,-999,-999,-999,-999,-999,-999,"van Buskirk, J., Crowder, L.B., 1994"
Reptilia,Testudines,Cheloniidae,Chelonia,mydas,-999,Green Turtle,-999,-999,-999,-999,-999,-999,-999,25,-999,-999,-999,-999,-999,-999,-999,-999,-999,-999,-999,-999,-999,-999,-999,-999,-999,-999,-999,-999,"van Buskirk, J., Crowder, L.B., 1994"
Reptilia,Testudines,Cheloniidae,Chelonia,mydas,-999,Green Turtle,-999,-999,-999,-999,-999,-999,-999,31,-999,-999,-999,-999,-999,-999,-999,-999,-999,-999,-999,-999,-999,-999,-999,-999,-999,-999,-999,-999,"van Buskirk, J., Crowder, L.B., 1994"
Reptilia,Testudines,Cheloniidae,Chelonia,mydas,-999,Green Turtle,-999,-999,-999,-999,-999,-999,-999,27,-999,-999,-999,-999,-999,-999,-999,-999,-999,-999,-999,-999,-999,-999,-999,-999,-999,-999,-999,-999,"van Buskirk, J., Crowder, L.B., 1994"
Reptilia,Testudines,Cheloniidae,Chelonia,mydas,-999,Green Turtle,-999,-999,-999,-999,-999,-999,-999,-999,-999,-999,-999,-999,-999,-999,-999,-999,-999,-999,55,-999,-999,-999,-999,-999,-999,-999,-999,-999,"Obst, F.J., 1986"
Reptilia,Testudines,Cheloniidae,Chelonia,mydas,-999,Green Turtle,-999,-999,-999,-999,-999,-999,-999,-999,-999,51.6,-999,-999,-999,-999,-999,-999,-999,-999,-999,-999,-999,-999,-999,-999,-999,-999,-999,-999,"van Buskirk, J., Crowder, L.B., 1994"
Reptilia,Testudines,Cheloniidae,Chelonia,mydas,-999,Green Turtle,-999,-999,-999,-999,-999,-999,-999,-999,-999,53,-999,-999,-999,-999,-999,-999,-999,-999,-999,-999,-999,-999,-999,-999,-999,-999,-999,-999,"van Buskirk, J., Crowder, L.B., 1994"
Reptilia,Testudines,Cheloniidae,Chelonia,mydas,-999,Green Turtle,-999,-999,-999,-999,-999,-999,-999,-999,-999,40.3,-999,-999,-999,-999,-999,-999,-999,-999,-999,-999,-999,-999,-999,-999,-999,-999,-999,-999,"van Buskirk, J., Crowder, L.B., 1994"
Reptilia,Testudines,Cheloniidae,Chelonia,mydas,-999,Green Turtle,-999,-999,-999,-999,-999,-999,-999,-999,-999,36,-999,-999,-999,-999,-999,-999,-999,-999,-999,-999,-999,-999,-999,-999,-999,-999,-999,-999,"van Buskirk, J., Crowder, L.B., 1994"
Reptilia,Testudines,Cheloniidae,Chelonia,mydas,-999,Green Turtle,-999,-999,-999,-999,-999,-999,-999,-999,-999,44.9,-999,-999,-999,-999,-999,-999,-999,-999,-999,-999,-999,-999,-999,-999,-999,-999,-999,-999,"van Buskirk, J., Crowder, L.B., 1994"
Reptilia,Testudines,Cheloniidae,Chelonia,mydas,-999,Green Turtle,-999,-999,-999,-999,-999,-999,-999,-999,-999,46.9,-999,-999,-999,-999,-999,-999,-999,-999,-999,-999,-999,-999,-999,-999,-999,-999,-999,-999,"van Buskirk, J., Crowder, L.B., 1994"
Reptilia,Testudines,Cheloniidae,Chelonia,mydas,-999,Green Turtle,-999,-999,-999,-999,-999,-999,-999,-999,-999,48,-999,-999,-999,-999,-999,-999,-999,-999,-999,-999,-999,-999,-999,-999,-999,-999,-999,-999,"van Buskirk, J., Crowder, L.B., 1994"
Reptilia,Testudines,Cheloniidae,Chelonia,mydas,-999,Green Turtle,-999,-999,-999,-999,-999,-999,-999,-999,-999,44.8,-999,-999,-999,-999,-999,-999,-999,-999,-999,-999,-999,-999,-999,-999,-999,-999,-999,-999,"van Buskirk, J., Crowder, L.B., 1994"
Reptilia,Testudines,Cheloniidae,Chelonia,mydas,-999,Green Turtle,-999,-999,-999,-999,-999,-999,-999,-999,-999,50,-999,-999,-999,-999,-999,-999,-999,-999,-999,-999,-999,-999,-999,-999,-999,-999,-999,-999,"van Buskirk, J., Crowder, L.B., 1994"
Reptilia,Testudines,Cheloniidae,Chelonia,mydas,-999,Green Turtle,-999,-999,-999,-999,-999,-999,-999,-999,-999,45.1,-999,-999,-999,-999,-999,-999,-999,-999,-999,-999,-999,-999,-999,-999,-999,-999,-999,-999,"van Buskirk, J., Crowder, L.B., 1994"
Reptilia,Testudines,Cheloniidae,Chelonia,mydas,-999,Green Turtle,-999,-999,-999,-999,-999,-999,-999,-999,-999,-999,-999,-999,-999,-999,-999,-999,-999,45,-999,-999,-999,-999,-999,-999,-999,-999,-999,-999,"Obst, F.J., 1986"
Reptilia,Testudines,Cheloniidae,Chelonia,mydas,-999,Green Turtle,-999,-999,-999,-999,-999,-999,-999,-999,-999,-999,60.86,-999,-999,-999,-999,-999,-999,-999,-999,-999,-999,-999,-999,-999,-999,-999,-999,-999,"Behler, J.L., King, F.W., 1979"
Reptilia,Testudines,Cheloniidae,Chelonia,mydas,-999,Green Turtle,-999,-999,-999,-999,-999,-999,-999,-999,-999,-999,59.5,-999,-999,-999,-999,-999,-999,-999,-999,-999,-999,-999,-999,-999,-999,-999,-999,-999,"van Buskirk, J., Crowder, L.B., 1994"
Reptilia,Testudines,Cheloniidae,Chelonia,mydas,-999,Green Turtle,-999,-999,-999,-999,-999,-999,-999,-999,-999,-999,56,-999,-999,-999,-999,-999,-999,-999,-999,-999,-999,-999,-999,-999,-999,-999,-999,-999,"van Buskirk, J., Crowder, L.B., 1994"
Reptilia,Testudines,Cheloniidae,Chelonia,mydas,-999,Green Turtle,-999,-999,-999,-999,-999,-999,-999,-999,-999,-999,63,-999,-999,-999,-999,-999,-999,-999,-999,-999,-999,-999,-999,-999,-999,-999,-999,-999,"van Buskirk, J., Crowder, L.B., 1994"
Reptilia,Testudines,Cheloniidae,Chelonia,mydas,-999,Green Turtle,-999,-999,-999,-999,-999,-999,-999,-999,-999,-999,55.6,-999,-999,-999,-999,-999,-999,-999,-999,-999,-999,-999,-999,-999,-999,-999,-999,-999,"van Buskirk, J., Crowder, L.B., 1994"
Reptilia,Testudines,Cheloniidae,Chelonia,mydas,-999,Green Turtle,-999,-999,-999,-999,-999,-999,-999,-999,-999,-999,61,-999,-999,-999,-999,-999,-999,-999,-999,-999,-999,-999,-999,-999,-999,-999,-999,-999,"van Buskirk, J., Crowder, L.B., 1994"
Reptilia,Testudines,Cheloniidae,Chelonia,mydas,-999,Green Turtle,-999,-999,-999,-999,-999,-999,-999,-999,-999,-999,57,-999,-999,-999,-999,-999,-999,-999,-999,-999,-999,-999,-999,-999,-999,-999,-999,-999,"van Buskirk, J., Crowder, L.B., 1994"
Reptilia,Testudines,Cheloniidae,Chelonia,mydas,-999,Green Turtle,-999,-999,-999,-999,-999,-999,-999,-999,-999,-999,59,-999,-999,-999,-999,-999,-999,-999,-999,-999,-999,-999,-999,-999,-999,-999,-999,-999,"van Buskirk, J., Crowder, L.B., 1994"
Reptilia,Testudines,Cheloniidae,Chelonia,mydas,-999,Green Turtle,-999,-999,-999,-999,-999,-999,-999,-999,-999,-999,59,-999,-999,-999,-999,-999,-999,-999,-999,-999,-999,-999,-999,-999,-999,-999,-999,-999,"van Buskirk, J., Crowder, L.B., 1994"
Reptilia,Testudines,Cheloniidae,Chelonia,mydas,-999,Green Turtle,-999,-999,-999,-999,-999,-999,-999,-999,-999,-999,70,-999,-999,-999,-999,-999,-999,-999,-999,-999,-999,-999,-999,-999,-999,-999,-999,-999,"van Buskirk, J., Crowder, L.B., 1994"
Reptilia,Testudines,Cheloniidae,Chelonia,mydas,-999,Green Turtle,-999,-999,-999,-999,-999,-999,-999,-999,-999,-999,48,-999,-999,-999,-999,-999,-999,-999,-999,-999,-999,-999,-999,-999,-999,-999,-999,-999,"van Buskirk, J., Crowder, L.B., 1994"
Reptilia,Testudines,Cheloniidae,Chelonia,mydas,-999,Green Turtle,-999,-999,-999,-999,-999,-999,-999,-999,-999,-999,56.4,-999,-999,-999,-999,-999,-999,-999,-999,-999,-999,-999,-999,-999,-999,-999,-999,-999,"van Buskirk, J., Crowder, L.B., 1994"
Reptilia,Testudines,Cheloniidae,Chelonia,mydas,-999,Green Turtle,-999,-999,-999,-999,-999,-999,-999,-999,-999,-999,58,-999,-999,-999,-999,-999,-999,-999,-999,-999,-999,-999,-999,-999,-999,-999,-999,-999,"van Buskirk, J., Crowder, L.B., 1994"
Reptilia,Testudines,Cheloniidae,Chelonia,mydas,-999,Green Turtle,-999,-999,-999,-999,-999,-999,-999,-999,-999,-999,54,-999,-999,-999,-999,-999,-999,-999,-999,-999,-999,-999,-999,-999,-999,-999,-999,-999,"van Buskirk, J., Crowder, L.B., 1994"
Reptilia,Testudines,Cheloniidae,Chelonia,mydas,-999,Green Turtle,-999,-999,-999,-999,-999,-999,-999,-999,-999,-999,64.5,-999,-999,-999,-999,-999,-999,-999,-999,-999,-999,-999,-999,-999,-999,-999,-999,-999,"van Buskirk, J., Crowder, L.B., 1994"
Reptilia,Testudines,Cheloniidae,Chelonia,mydas,-999,Green Turtle,-999,100,-999,-999,-999,-999,-999,-999,-999,-999,-999,-999,-999,-999,-999,-999,-999,-999,-999,-999,-999,-999,-999,-999,-999,-999,-999,-999,"Behler, J.L., King, F.W., 1979"
Reptilia,Testudines,Cheloniidae,Chelonia,mydas,-999,Green Turtle,-999,112.8,-999,-999,-999,-999,-999,-999,-999,-999,-999,-999,-999,-999,-999,-999,-999,-999,-999,-999,-999,-999,-999,-999,-999,-999,-999,-999,"van Buskirk, J., Crowder, L.B., 1994"
Reptilia,Testudines,Cheloniidae,Chelonia,mydas,-999,Green Turtle,-999,121.4,-999,-999,-999,-999,-999,-999,-999,-999,-999,-999,-999,-999,-999,-999,-999,-999,-999,-999,-999,-999,-999,-999,-999,-999,-999,-999,"van Buskirk, J., Crowder, L.B., 1994"
Reptilia,Testudines,Cheloniidae,Chelonia,mydas,-999,Green Turtle,-999,113,-999,-999,-999,-999,-999,-999,-999,-999,-999,-999,-999,-999,-999,-999,-999,-999,-999,-999,-999,-999,-999,-999,-999,-999,-999,-999,"van Buskirk, J., Crowder, L.B., 1994"
Reptilia,Testudines,Cheloniidae,Chelonia,mydas,-999,Green Turtle,-999,110.7,-999,-999,-999,-999,-999,-999,-999,-999,-999,-999,-999,-999,-999,-999,-999,-999,-999,-999,-999,-999,-999,-999,-999,-999,-999,-999,"van Buskirk, J., Crowder, L.B., 1994"
Reptilia,Testudines,Cheloniidae,Chelonia,mydas,-999,Green Turtle,-999,121.6,-999,-999,-999,-999,-999,-999,-999,-999,-999,-999,-999,-999,-999,-999,-999,-999,-999,-999,-999,-999,-999,-999,-999,-999,-999,-999,"van Buskirk, J., Crowder, L.B., 1994"
Reptilia,Testudines,Cheloniidae,Chelonia,mydas,-999,Green Turtle,-999,122.4,-999,-999,-999,-999,-999,-999,-999,-999,-999,-999,-999,-999,-999,-999,-999,-999,-999,-999,-999,-999,-999,-999,-999,-999,-999,-999,"van Buskirk, J., Crowder, L.B., 1994"
Reptilia,Testudines,Cheloniidae,Chelonia,mydas,-999,Green Turtle,-999,87,-999,-999,-999,-999,-999,-999,-999,-999,-999,-999,-999,-999,-999,-999,-999,-999,-999,-999,-999,-999,-999,-999,-999,-999,-999,-999,"van Buskirk, J., Crowder, L.B., 1994"
Reptilia,Testudines,Cheloniidae,Chelonia,mydas,-999,Green Turtle,-999,113.1,-999,-999,-999,-999,-999,-999,-999,-999,-999,-999,-999,-999,-999,-999,-999,-999,-999,-999,-999,-999,-999,-999,-999,-999,-999,-999,"van Buskirk, J., Crowder, L.B., 1994"
Reptilia,Testudines,Cheloniidae,Chelonia,mydas,-999,Green Turtle,-999,80,-999,-999,-999,-999,-999,-999,-999,-999,-999,-999,-999,-999,-999,-999,-999,-999,-999,-999,-999,-999,-999,-999,-999,-999,-999,-999,"van Buskirk, J., Crowder, L.B., 1994"
Reptilia,Testudines,Cheloniidae,Chelonia,mydas,-999,Green Turtle,-999,122,-999,-999,-999,-999,-999,-999,-999,-999,-999,-999,-999,-999,-999,-999,-999,-999,-999,-999,-999,-999,-999,-999,-999,-999,-999,-999,"van Buskirk, J., Crowder, L.B., 1994"
Reptilia,Testudines,Cheloniidae,Chelonia,mydas,-999,Green Turtle,-999,104.7,-999,-999,-999,-999,-999,-999,-999,-999,-999,-999,-999,-999,-999,-999,-999,-999,-999,-999,-999,-999,-999,-999,-999,-999,-999,-999,"van Buskirk, J., Crowder, L.B., 1994"
Reptilia,Testudines,Cheloniidae,Chelonia,mydas,-999,Green Turtle,-999,113,-999,-999,-999,-999,-999,-999,-999,-999,-999,-999,-999,-999,-999,-999,-999,-999,-999,-999,-999,-999,-999,-999,-999,-999,-999,-999,"van Buskirk, J., Crowder, L.B., 1994"
Reptilia,Testudines,Cheloniidae,Chelonia,mydas,-999,Green Turtle,-999,64.9,-999,-999,-999,-999,-999,-999,-999,-999,-999,-999,-999,-999,-999,-999,-999,-999,-999,-999,-999,-999,-999,-999,-999,-999,-999,-999,"van Buskirk, J., Crowder, L.B., 1994"
Reptilia,Testudines,Cheloniidae,Chelonia,mydas,-999,Green Turtle,-999,116,-999,-999,-999,-999,-999,-999,-999,-999,-999,-999,-999,-999,-999,-999,-999,-999,-999,-999,-999,-999,-999,-999,-999,-999,-999,-999,"van Buskirk, J., Crowder, L.B., 1994"
Reptilia,Testudines,Cheloniidae,Chelonia,mydas,-999,Green Turtle,-999,115,-999,-999,-999,-999,-999,-999,-999,-999,-999,-999,-999,-999,-999,-999,-999,-999,-999,-999,-999,-999,-999,-999,-999,-999,-999,-999,"van Buskirk, J., Crowder, L.B., 1994"
Reptilia,Testudines,Cheloniidae,Chelonia,mydas,-999,Green Turtle,-999,97,-999,-999,-999,-999,-999,-999,-999,-999,-999,-999,-999,-999,-999,-999,-999,-999,-999,-999,-999,-999,-999,-999,-999,-999,-999,-999,"van Buskirk, J., Crowder, L.B., 1994"
Reptilia,Testudines,Cheloniidae,Chelonia,mydas,-999,Green Turtle,-999,103.5,-999,-999,-999,-999,-999,-999,-999,-999,-999,-999,-999,-999,-999,-999,-999,-999,-999,-999,-999,-999,-999,-999,-999,-999,-999,-999,"van Buskirk, J., Crowder, L.B., 1994"
Reptilia,Testudines,Cheloniidae,Chelonia,mydas,-999,Green Turtle,-999,110,-999,-999,-999,-999,-999,-999,-999,-999,-999,-999,-999,-999,-999,-999,-999,-999,-999,-999,-999,-999,-999,-999,-999,-999,-999,-999,"van Buskirk, J., Crowder, L.B., 1994"
Reptilia,Testudines,Cheloniidae,Chelonia,mydas,-999,Green Turtle,-999,141.2,-999,-999,-999,-999,-999,-999,-999,-999,-999,-999,-999,-999,-999,-999,-999,-999,-999,-999,-999,-999,-999,-999,-999,-999,-999,-999,"van Buskirk, J., Crowder, L.B., 1994"
Reptilia,Testudines,Cheloniidae,Chelonia,mydas,-999,Green Turtle,-999,129,-999,-999,-999,-999,-999,-999,-999,-999,-999,-999,-999,-999,-999,-999,-999,-999,-999,-999,-999,-999,-999,-999,-999,-999,-999,-999,"van Buskirk, J., Crowder, L.B., 1994"
Reptilia,Testudines,Cheloniidae,Chelonia,mydas,-999,Green Turtle,-999,106,-999,-999,-999,-999,-999,-999,-999,-999,-999,-999,-999,-999,-999,-999,-999,-999,-999,-999,-999,-999,-999,-999,-999,-999,-999,-999,"van Buskirk, J., Crowder, L.B., 1994"
Reptilia,Testudines,Cheloniidae,Chelonia,mydas,-999,Green Turtle,-999,138,-999,-999,-999,-999,-999,-999,-999,-999,-999,-999,-999,-999,-999,-999,-999,-999,-999,-999,-999,-999,-999,-999,-999,-999,-999,-999,"van Buskirk, J., Crowder, L.B., 1994"
Reptilia,Testudines,Cheloniidae,Chelonia,mydas,-999,Green Turtle,-999,138,-999,-999,-999,-999,-999,-999,-999,-999,-999,-999,-999,-999,-999,-999,-999,-999,-999,-999,-999,-999,-999,-999,-999,-999,-999,-999,"van Buskirk, J., Crowder, L.B., 1994"
Reptilia,Testudines,Cheloniidae,Chelonia,mydas,-999,Green Turtle,-999,134.7,-999,-999,-999,-999,-999,-999,-999,-999,-999,-999,-999,-999,-999,-999,-999,-999,-999,-999,-999,-999,-999,-999,-999,-999,-999,-999,"van Buskirk, J., Crowder, L.B., 1994"
Reptilia,Testudines,Cheloniidae,Chelonia,mydas,-999,Green Turtle,-999,104,-999,-999,-999,-999,-999,-999,-999,-999,-999,-999,-999,-999,-999,-999,-999,-999,-999,-999,-999,-999,-999,-999,-999,-999,-999,-999,"van Buskirk, J., Crowder, L.B., 1994"
Reptilia,Testudines,Cheloniidae,Chelonia,mydas,-999,Green Turtle,-999,100,-999,-999,-999,-999,-999,-999,-999,-999,-999,-999,-999,-999,-999,-999,-999,-999,-999,-999,-999,-999,-999,-999,-999,-999,-999,-999,"Stebbins, R.C., 2003"
Reptilia,Testudines,Cheloniidae,Chelonia,mydas,-999,Green Turtle,-999,120,-999,-999,-999,-999,-999,-999,-999,-999,-999,-999,-999,-999,-999,-999,-999,-999,-999,-999,-999,-999,-999,-999,-999,-999,-999,-999,"Stebbins, R.C., 2003"
Reptilia,Testudines,Cheloniidae,Chelonia,mydas,-999,Green Turtle,-999,-999,1,-999,-999,-999,-999,-999,-999,-999,-999,-999,-999,-999,-999,-999,-999,-999,-999,-999,-999,-999,-999,-999,-999,-999,-999,-999,"Behler, J.L., King, F.W., 1979"
Reptilia,Testudines,Cheloniidae,Chelonia,mydas,-999,Green Turtle,-999,-999,8,-999,-999,-999,-999,-999,-999,-999,-999,-999,-999,-999,-999,-999,-999,-999,-999,-999,-999,-999,-999,-999,-999,-999,-999,-999,"Behler, J.L., King, F.W., 1979"
Reptilia,Testudines,Cheloniidae,Chelonia,mydas,-999,Green Turtle,-999,-999,1.03,-999,-999,-999,-999,-999,-999,-999,-999,-999,-999,-999,-999,-999,-999,-999,-999,-999,-999,-999,-999,-999,-999,-999,-999,-999,"van Buskirk, J., Crowder, L.B., 1994"
Reptilia,Testudines,Cheloniidae,Chelonia,mydas,-999,Green Turtle,-999,-999,0.78,-999,-999,-999,-999,-999,-999,-999,-999,-999,-999,-999,-999,-999,-999,-999,-999,-999,-999,-999,-999,-999,-999,-999,-999,-999,"van Buskirk, J., Crowder, L.B., 1994"
Reptilia,Testudines,Cheloniidae,Chelonia,mydas,-999,Green Turtle,-999,-999,1.125,-999,-999,-999,-999,-999,-999,-999,-999,-999,-999,-999,-999,-999,-999,-999,-999,-999,-999,-999,-999,-999,-999,-999,-999,-999,"van Buskirk, J., Crowder, L.B., 1994"
Reptilia,Testudines,Cheloniidae,Chelonia,mydas,-999,Green Turtle,-999,-999,0.92,-999,-999,-999,-999,-999,-999,-999,-999,-999,-999,-999,-999,-999,-999,-999,-999,-999,-999,-999,-999,-999,-999,-999,-999,-999,"van Buskirk, J., Crowder, L.B., 1994"
Reptilia,Testudines,Cheloniidae,Chelonia,mydas,-999,Green Turtle,-999,-999,1.3,-999,-999,-999,-999,-999,-999,-999,-999,-999,-999,-999,-999,-999,-999,-999,-999,-999,-999,-999,-999,-999,-999,-999,-999,-999,"van Buskirk, J., Crowder, L.B., 1994"
Reptilia,Testudines,Cheloniidae,Chelonia,mydas,-999,Green Turtle,-999,-999,0.95,-999,-999,-999,-999,-999,-999,-999,-999,-999,-999,-999,-999,-999,-999,-999,-999,-999,-999,-999,-999,-999,-999,-999,-999,-999,"van Buskirk, J., Crowder, L.B., 1994"
Reptilia,Testudines,Cheloniidae,Chelonia,mydas,-999,Green Turtle,-999,-999,1.17,-999,-999,-999,-999,-999,-999,-999,-999,-999,-999,-999,-999,-999,-999,-999,-999,-999,-999,-999,-999,-999,-999,-999,-999,-999,"van Buskirk, J., Crowder, L.B., 1994"
Reptilia,Testudines,Cheloniidae,Chelonia,mydas,-999,Green Turtle,-999,-999,1.8,-999,-999,-999,-999,-999,-999,-999,-999,-999,-999,-999,-999,-999,-999,-999,-999,-999,-999,-999,-999,-999,-999,-999,-999,-999,"van Buskirk, J., Crowder, L.B., 1994"
Reptilia,Testudines,Cheloniidae,Chelonia,mydas,-999,Green Turtle,-999,-999,0.72,-999,-999,-999,-999,-999,-999,-999,-999,-999,-999,-999,-999,-999,-999,-999,-999,-999,-999,-999,-999,-999,-999,-999,-999,-999,"van Buskirk, J., Crowder, L.B., 1994"
Reptilia,Testudines,Cheloniidae,Chelonia,mydas,-999,Green Turtle,-999,-999,1,-999,-999,-999,-999,-999,-999,-999,-999,-999,-999,-999,-999,-999,-999,-999,-999,-999,-999,-999,-999,-999,-999,-999,-999,-999,"van Buskirk, J., Crowder, L.B., 1994"
Reptilia,Testudines,Cheloniidae,Chelonia,mydas,-999,Green Turtle,-999,-999,1.07,-999,-999,-999,-999,-999,-999,-999,-999,-999,-999,-999,-999,-999,-999,-999,-999,-999,-999,-999,-999,-999,-999,-999,-999,-999,"van Buskirk, J., Crowder, L.B., 1994"
Reptilia,Testudines,Cheloniidae,Chelonia,mydas,-999,Green Turtle,-999,-999,1,-999,-999,-999,-999,-999,-999,-999,-999,-999,-999,-999,-999,-999,-999,-999,-999,-999,-999,-999,-999,-999,-999,-999,-999,-999,"Stebbins, R.C., 2003"
Reptilia,Testudines,Cheloniidae,Chelonia,mydas,-999,Green Turtle,-999,-999,8,-999,-999,-999,-999,-999,-999,-999,-999,-999,-999,-999,-999,-999,-999,-999,-999,-999,-999,-999,-999,-999,-999,-999,-999,-999,"Stebbins, R.C., 2003"
Reptilia,Testudines,Cheloniidae,Chelonia,mydas,-999,Green Turtle,-999,-999,-999,-999,-999,-999,-999,-999,-999,-999,-999,-999,-999,-999,-999,-999,54431.0844,-999,-999,-999,-999,-999,-999,-999,-999,-999,-999,-999,"Stebbins, R.C., 2003"
Reptilia,Testudines,Cheloniidae,Chelonia,mydas,-999,Green Turtle,-999,-999,-999,-999,-999,-999,-999,-999,-999,-999,-999,-999,-999,-999,-999,-999,90718.474,-999,-999,-999,-999,-999,-999,-999,-999,-999,-999,-999,"Stebbins, R.C., 2003"
Reptilia,Testudines,Cheloniidae,Chelonia,mydas,-999,Green Turtle,-999,-999,-999,-999,-999,-999,-999,-999,-999,-999,-999,-999,-999,-999,-999,-999,272155.422,-999,-999,-999,-999,-999,-999,-999,-999,-999,-999,-999,"Stebbins, R.C., 2003"
Reptilia,Testudines,Cheloniidae,Chelonia,mydas,-999,Green Turtle,-999,-999,-999,-999,-999,-999,-999,-999,-999,-999,-999,-999,-999,-999,-999,-999,-999,-999,-999,-999,-999,-999,-999,-999,-999,-999,-999,18262,"Obst, F.J., 1986"
Reptilia,Testudines,Cheloniidae,Chelonia,mydas,-999,Green Turtle,-999,-999,-999,-999,-999,-999,-999,-999,-999,-999,-999,-999,-999,-999,-999,-999,-999,-999,-999,-999,-999,-999,-999,-999,-999,-999,-999,7304.8,"Behler, J.L., King, F.W., 1979"
Reptilia,Testudines,Cheloniidae,Chelonia,mydas,-999,Green Turtle,-999,-999,-999,-999,-999,-999,-999,-999,-999,-999,-999,-999,-999,-999,-999,-999,-999,-999,-999,-999,-999,-999,-999,-999,-999,-999,-999,10957.2,"Behler, J.L., King, F.W., 1979"
Reptilia,Testudines,Cheloniidae,Chelonia,mydas,-999,Green Turtle,-999,-999,-999,205000,-999,-999,-999,-999,-999,-999,-999,-999,-999,-999,-999,-999,-999,-999,-999,-999,-999,-999,-999,-999,-999,-999,-999,-999,"BC Reptiles - Meyers et al., 2009"
Reptilia,Testudines,Cheloniidae,Chelonia,mydas,-999,Green Turtle,-999,-999,-999,-999,75,-999,-999,-999,-999,-999,-999,-999,-999,-999,-999,-999,-999,-999,-999,-999,-999,-999,-999,-999,-999,-999,-999,-999,"BC Reptiles - Tacutu, R., T. Craig, A. Budovsky et al. 2013"
Reptilia,Testudines,Cheloniidae,Chelonia,mydas,-999,Green Turtle,3650,-999,-999,-999,-999,-999,-999,-999,-999,-999,-999,-999,-999,-999,-999,-999,-999,-999,-999,-999,-999,-999,-999,-999,-999,-999,-999,-999,"BC Reptiles - Tacutu, R., T. Craig, A. Budovsky et al. 2013"
Reptilia,Testudines,Cheloniidae,Chelonia,mydas,-999,Green Turtle,-999,-999,-999,-999,-999,-999,-999,-999,-999,-999,-999,-999,3650,-999,-999,-999,-999,-999,-999,-999,-999,-999,-999,-999,-999,-999,-999,-999,"BC Reptiles - Tacutu, R., T. Craig, A. Budovsky et al. 2013"
Reptilia,Testudines,Cheloniidae,Chelonia,mydas,-999,Green Turtle,-999,-999,-999,-999,-999,-999,-999,-999,-999,-999,59,-999,-999,-999,-999,-999,-999,-999,-999,-999,-999,-999,-999,-999,-999,-999,-999,-999,"BC Reptiles - Tacutu, R., T. Craig, A. Budovsky et al. 2013"
Reptilia,Testudines,Cheloniidae,Chelonia,mydas,-999,Green Turtle,-999,150,-999,-999,-999,-999,-999,-999,-999,-999,-999,-999,-999,-999,-999,-999,-999,-999,-999,-999,-999,-999,-999,-999,-999,-999,-999,-999,"BC Reptiles - Tacutu, R., T. Craig, A. Budovsky et al. 2013"
Reptilia,Testudines,Cheloniidae,Chelonia,mydas,-999,Green Turtle,-999,-999,-999,160000,-999,-999,-999,-999,-999,-999,-999,-999,-999,-999,-999,-999,-999,-999,-999,-999,-999,-999,-999,-999,-999,-999,-999,-999,"BC Reptiles - Tacutu, R., T. Craig, A. Budovsky et al. 2013"
Reptilia,Testudines,Cheloniidae,Chelonia,mydas,-999,Green Turtle,-999,-999,1,-999,-999,-999,-999,-999,-999,-999,-999,-999,-999,-999,-999,-999,-999,-999,-999,-999,-999,-999,-999,-999,-999,-999,-999,-999,"BC Reptiles - Wilson, 2003"
Reptilia,Testudines,Cheloniidae,Chelonia,mydas,-999,Green Turtle,-999,-999,8,-999,-999,-999,-999,-999,-999,-999,-999,-999,-999,-999,-999,-999,-999,-999,-999,-999,-999,-999,-999,-999,-999,-999,-999,-999,"BC Reptiles - Wilson, 2003"
Reptilia,Testudines,Cheloniidae,Chelonia,mydas,-999,Green Turtle,-999,90,-999,-999,-999,-999,-999,-999,-999,-999,-999,-999,-999,-999,-999,-999,-999,-999,-999,-999,-999,-999,-999,-999,-999,-999,-999,-999,"BC Reptiles - Wilson, 2003"
Reptilia,Testudines,Cheloniidae,Chelonia,mydas,-999,Green Turtle,-999,140,-999,-999,-999,-999,-999,-999,-999,-999,-999,-999,-999,-999,-999,-999,-999,-999,-999,-999,-999,-999,-999,-999,-999,-999,-999,-999,"BC Reptiles - Wilson, 2003"
Reptilia,Testudines,Chelydridae,Macrochelys,temminckii,-999,Alligator Snapping Turtle,4015,30,-999,58500,70.3,120,-999,-999,-999,-999,-999,-999,4015,-999,-999,-999,-999,-999,-999,-999,-999,-999,-999,-999,-999,-999,-999,-999,"de Magalhaes and Costa, 2009"
Reptilia,Testudines,Chelydridae,Macrochelys,temminckii,-999,Alligator Snapping Turtle,-999,-999,1,-999,-999,-999,-999,-999,-999,-999,-999,-999,-999,-999,-999,-999,-999,-999,-999,-999,-999,-999,-999,-999,-999,-999,-999,-999,"Dobie, 1971"
Reptilia,Testudines,Chelydridae,Macrochelys,temminckii,-999,Alligator Snapping Turtle,-999,16,-999,-999,-999,-999,-999,-999,-999,-999,-999,-999,-999,-999,-999,-999,-999,-999,-999,-999,-999,-999,-999,-999,-999,-999,-999,-999,"Dobie, 1971"
Reptilia,Testudines,Chelydridae,Macrochelys,temminckii,-999,Alligator Snapping Turtle,-999,44,-999,-999,-999,-999,-999,-999,-999,-999,-999,-999,-999,-999,-999,-999,-999,-999,-999,-999,-999,-999,-999,-999,-999,-999,-999,-999,"Dobie, 1971"
Reptilia,Testudines,Chelydridae,Macrochelys,temminckii,-999,Alligator Snapping Turtle,-999,-999,-999,-999,-999,-999,-999,-999,-999,-999,-999,-999,-999,-999,-999,-999,-999,37.9,-999,-999,-999,-999,-999,-999,-999,-999,-999,-999,"Dobie, 1971"
Reptilia,Testudines,Chelydridae,Macrochelys,temminckii,-999,Alligator Snapping Turtle,-999,-999,-999,-999,-999,-999,-999,-999,-999,-999,-999,-999,-999,-999,-999,-999,-999,-999,39.3,-999,-999,-999,-999,-999,-999,-999,-999,-999,"Dobie, 1971"
Reptilia,Testudines,Chelydridae,Macrochelys,temminckii,-999,Alligator Snapping Turtle,-999,-999,-999,-999,-999,-999,-999,-999,-999,-999,-999,-999,-999,-999,-999,-999,-999,37.1,-999,-999,-999,-999,-999,-999,-999,-999,-999,-999,"Dobie, 1971"
Reptilia,Testudines,Chelydridae,Macrochelys,temminckii,-999,Alligator Snapping Turtle,-999,-999,-999,-999,-999,-999,-999,-999,-999,-999,-999,-999,-999,-999,-999,-999,-999,-999,38.5,-999,-999,-999,-999,-999,-999,-999,-999,-999,"Dobie, 1971"
Reptilia,Testudines,Chelydridae,Macrochelys,temminckii,-999,Alligator Snapping Turtle,-999,-999,-999,-999,-999,-999,-999,-999,-999,-999,-999,-999,-999,-999,-999,-999,-999,37.9,-999,-999,-999,-999,-999,-999,-999,-999,-999,-999,"Dobie, 1971"
Reptilia,Testudines,Chelydridae,Macrochelys,temminckii,-999,Alligator Snapping Turtle,-999,-999,-999,-999,-999,-999,-999,-999,-999,-999,-999,-999,-999,-999,-999,-999,-999,-999,39.1,-999,-999,-999,-999,-999,-999,-999,-999,-999,"Dobie, 1971"
Reptilia,Testudines,Chelydridae,Macrochelys,temminckii,-999,Alligator Snapping Turtle,-999,-999,-999,-999,-999,-999,-999,-999,-999,-999,90,-999,-999,-999,-999,-999,-999,-999,-999,-999,-999,-999,-999,-999,-999,-999,-999,-999,"Dobie, 1971"
Reptilia,Testudines,Chelydridae,Macrochelys,temminckii,-999,Alligator Snapping Turtle,-999,-999,-999,-999,-999,-999,-999,-999,-999,-999,80,-999,-999,-999,-999,-999,-999,-999,-999,-999,-999,-999,-999,-999,-999,-999,-999,-999,"Dobie, 1971"
Reptilia,Testudines,Chelydridae,Macrochelys,temminckii,-999,Alligator Snapping Turtle,-999,-999,-999,-999,-999,-999,-999,-999,-999,-999,-999,-999,-999,-999,23500,-999,-999,-999,-999,-999,-999,-999,-999,-999,-999,-999,-999,-999,"Dobie, 1971"
Reptilia,Testudines,Chelydridae,Macrochelys,temminckii,-999,Alligator Snapping Turtle,-999,-999,-999,-999,-999,-999,-999,-999,-999,-999,-999,-999,-999,-999,-999,44400,-999,-999,-999,-999,-999,-999,-999,-999,-999,-999,-999,-999,"Dobie, 1971"
Reptilia,Testudines,Chelydridae,Macrochelys,temminckii,-999,Alligator Snapping Turtle,-999,-999,-999,-999,-999,-999,-999,-999,-999,-999,-999,-999,-999,-999,-999,-999,-999,-999,-999,-999,-999,-999,-999,-999,-999,-999,-999,4017.75,"Dobie, 1971"
Reptilia,Testudines,Chelydridae,Macrochelys,temminckii,-999,Alligator Snapping Turtle,-999,-999,-999,-999,-999,-999,-999,-999,-999,-999,-999,-999,-999,-999,-999,-999,-999,-999,-999,-999,-999,-999,-999,-999,-999,-999,-999,4748.25,"Dobie, 1971"
Reptilia,Testudines,Chelydridae,Macrochelys,temminckii,-999,Alligator Snapping Turtle,-999,-999,-999,-999,58.75,-999,-999,-999,-999,-999,-999,-999,-999,-999,-999,-999,-999,-999,-999,-999,-999,-999,-999,-999,-999,-999,-999,-999,"Dobie, 1971"
Reptilia,Testudines,Chelydridae,Macrochelys,temminckii,-999,Alligator Snapping Turtle,-999,-999,-999,99300,-999,-999,-999,-999,-999,-999,-999,-999,-999,-999,-999,-999,-999,-999,-999,-999,-999,-999,-999,-999,-999,-999,-999,-999,"Dobie, 1971"
Reptilia,Testudines,Chelydridae,Macrochelys,temminckii,-999,Alligator Snapping Turtle,-999,9,-999,-999,-999,-999,-999,-999,-999,-999,84,-999,-999,-999,-999,-999,-999,-999,-999,-999,-999,-999,-999,-999,-999,-999,-999,-999,Reptile Incubation book
Reptilia,Testudines,Chelydridae,Macrochelys,temminckii,-999,Alligator Snapping Turtle,-999,61,-999,-999,-999,-999,-999,-999,-999,-999,92,-999,-999,-999,-999,-999,-999,-999,-999,-999,-999,-999,-999,-999,-999,-999,-999,-999,Reptile Incubation book
Reptilia,Testudines,Chelydridae,Macrochelys,temminckii,-999,Alligator Snapping Turtle,-999,24.5,-999,-999,-999,-999,-999,-999,-999,29.06,-999,-999,-999,-999,-999,-999,-999,-999,-999,-999,-999,-999,-999,-999,-999,-999,-999,-999,"Iverson, J., Balgooyen, C., Byrd, K. et al., 1993"
Reptilia,Testudines,Chelydridae,Macrochelys,temminckii,-999,Alligator Snapping Turtle,-999,-999,-999,-999,-999,-999,-999,-999,-999,36.1,82,-999,-999,-999,-999,-999,-999,-999,-999,-999,-999,-999,-999,-999,-999,-999,-999,-999,"Birchard, G. and D. Marcellini, 1996"
Reptilia,Testudines,Chelydridae,Macrochelys,temminckii,-999,Alligator Snapping Turtle,-999,-999,-999,-999,5.3,-999,-999,-999,-999,-999,-999,-999,-999,-999,-999,-999,-999,-999,-999,-999,-999,-999,-999,-999,-999,-999,-999,-999,"Carey, J.R. and D.S. Judge, 2002"
Reptilia,Testudines,Chelydridae,Macrochelys,temminckii,-999,Alligator Snapping Turtle,-999,-999,-999,-999,58.8,-999,-999,-999,-999,-999,-999,-999,-999,-999,-999,-999,-999,-999,-999,-999,-999,-999,-999,-999,-999,-999,-999,-999,"Carey, J.R. and D.S. Judge, 2002"
Reptilia,Testudines,Chelydridae,Macrochelys,temminckii,-999,Alligator Snapping Turtle,-999,-999,-999,-999,59,-999,-999,-999,-999,-999,-999,-999,-999,-999,-999,-999,-999,-999,-999,-999,-999,-999,-999,-999,-999,-999,-999,-999,"Carey, J.R. and D.S. Judge, 2002"
Reptilia,Testudines,Chelydridae,Macrochelys,temminckii,-999,Alligator Snapping Turtle,-999,-999,-999,-999,-999,-999,-999,-999,-999,-999,-999,-999,-999,-999,-999,-999,-999,-999,38,-999,-999,-999,-999,-999,-999,-999,-999,-999,"Behler, J.L., King, F.W., 1979"
Reptilia,Testudines,Chelydridae,Macrochelys,temminckii,-999,Alligator Snapping Turtle,-999,-999,-999,-999,-999,-999,-999,-999,-999,-999,80.5,-999,-999,-999,-999,-999,-999,-999,-999,-999,-999,-999,-999,-999,-999,-999,-999,-999,"Behler, J.L., King, F.W., 1979"
Reptilia,Testudines,Chelydridae,Macrochelys,temminckii,-999,Alligator Snapping Turtle,-999,-999,-999,-999,-999,-999,-999,-999,-999,-999,112,-999,-999,-999,-999,-999,-999,-999,-999,-999,-999,-999,-999,-999,-999,-999,-999,-999,"Behler, J.L., King, F.W., 1979"
Reptilia,Testudines,Chelydridae,Macrochelys,temminckii,-999,Alligator Snapping Turtle,-999,10,-999,-999,-999,-999,-999,-999,-999,-999,-999,-999,-999,-999,-999,-999,-999,-999,-999,-999,-999,-999,-999,-999,-999,-999,-999,-999,"Behler, J.L., King, F.W., 1979"
Reptilia,Testudines,Chelydridae,Macrochelys,temminckii,-999,Alligator Snapping Turtle,-999,52,-999,-999,-999,-999,-999,-999,-999,-999,-999,-999,-999,-999,-999,-999,-999,-999,-999,-999,-999,-999,-999,-999,-999,-999,-999,-999,"Behler, J.L., King, F.W., 1979"
Reptilia,Testudines,Chelydridae,Macrochelys,temminckii,-999,Alligator Snapping Turtle,-999,38,-999,-999,-999,-999,-999,-999,-999,-999,-999,-999,-999,-999,-999,-999,-999,-999,-999,-999,-999,-999,-999,-999,-999,-999,-999,-999,"Dobie, 1971"
Reptilia,Testudines,Chelydridae,Macrochelys,temminckii,-999,Alligator Snapping Turtle,-999,26,-999,-999,-999,-999,-999,-999,-999,-999,-999,-999,-999,-999,-999,-999,-999,-999,-999,-999,-999,-999,-999,-999,-999,-999,-999,-999,"Dobie, 1971"
Reptilia,Testudines,Chelydridae,Macrochelys,temminckii,-999,Alligator Snapping Turtle,-999,25,-999,-999,-999,-999,-999,-999,-999,-999,-999,-999,-999,-999,-999,-999,-999,-999,-999,-999,-999,-999,-999,-999,-999,-999,-999,-999,"Dobie, 1971"
Reptilia,Testudines,Chelydridae,Macrochelys,temminckii,-999,Alligator Snapping Turtle,-999,21,-999,-999,-999,-999,-999,-999,-999,-999,-999,-999,-999,-999,-999,-999,-999,-999,-999,-999,-999,-999,-999,-999,-999,-999,-999,-999,"Dobie, 1971"
Reptilia,Testudines,Chelydridae,Macrochelys,temminckii,-999,Alligator Snapping Turtle,-999,26,-999,-999,-999,-999,-999,-999,-999,-999,-999,-999,-999,-999,-999,-999,-999,-999,-999,-999,-999,-999,-999,-999,-999,-999,-999,-999,"Dobie, 1971"
Reptilia,Testudines,Chelydridae,Macrochelys,temminckii,-999,Alligator Snapping Turtle,-999,22,-999,-999,-999,-999,-999,-999,-999,-999,-999,-999,-999,-999,-999,-999,-999,-999,-999,-999,-999,-999,-999,-999,-999,-999,-999,-999,"Dobie, 1971"
Reptilia,Testudines,Chelydridae,Macrochelys,temminckii,-999,Alligator Snapping Turtle,-999,23,-999,-999,-999,-999,-999,-999,-999,-999,-999,-999,-999,-999,-999,-999,-999,-999,-999,-999,-999,-999,-999,-999,-999,-999,-999,-999,"Dobie, 1971"
Reptilia,Testudines,Chelydridae,Macrochelys,temminckii,-999,Alligator Snapping Turtle,-999,23,-999,-999,-999,-999,-999,-999,-999,-999,-999,-999,-999,-999,-999,-999,-999,-999,-999,-999,-999,-999,-999,-999,-999,-999,-999,-999,"Dobie, 1971"
Reptilia,Testudines,Chelydridae,Macrochelys,temminckii,-999,Alligator Snapping Turtle,-999,16,-999,-999,-999,-999,-999,-999,-999,-999,-999,-999,-999,-999,-999,-999,-999,-999,-999,-999,-999,-999,-999,-999,-999,-999,-999,-999,"Dobie, 1971"
Reptilia,Testudines,Chelydridae,Macrochelys,temminckii,-999,Alligator Snapping Turtle,-999,19,-999,-999,-999,-999,-999,-999,-999,-999,-999,-999,-999,-999,-999,-999,-999,-999,-999,-999,-999,-999,-999,-999,-999,-999,-999,-999,"Dobie, 1971"
Reptilia,Testudines,Chelydridae,Macrochelys,temminckii,-999,Alligator Snapping Turtle,-999,16,-999,-999,-999,-999,-999,-999,-999,-999,-999,-999,-999,-999,-999,-999,-999,-999,-999,-999,-999,-999,-999,-999,-999,-999,-999,-999,"Dobie, 1971"
Reptilia,Testudines,Chelydridae,Macrochelys,temminckii,-999,Alligator Snapping Turtle,-999,22,-999,-999,-999,-999,-999,-999,-999,-999,-999,-999,-999,-999,-999,-999,-999,-999,-999,-999,-999,-999,-999,-999,-999,-999,-999,-999,"Dobie, 1971"
Reptilia,Testudines,Chelydridae,Macrochelys,temminckii,-999,Alligator Snapping Turtle,-999,32,-999,-999,-999,-999,-999,-999,-999,-999,-999,-999,-999,-999,-999,-999,-999,-999,-999,-999,-999,-999,-999,-999,-999,-999,-999,-999,"Dobie, 1971"
Reptilia,Testudines,Chelydridae,Macrochelys,temminckii,-999,Alligator Snapping Turtle,-999,-999,1,-999,-999,-999,-999,-999,-999,-999,-999,-999,-999,-999,-999,-999,-999,-999,-999,-999,-999,-999,-999,-999,-999,-999,-999,-999,"Dobie, 1971"
Reptilia,Testudines,Chelydridae,Macrochelys,temminckii,-999,Alligator Snapping Turtle,-999,-999,-999,-999,-999,-999,-999,-999,-999,-999,-999,-999,-999,-999,-999,39900,-999,-999,-999,-999,-999,-999,-999,-999,-999,-999,-999,-999,"Dobie, 1971"
Reptilia,Testudines,Chelydridae,Macrochelys,temminckii,-999,Alligator Snapping Turtle,-999,-999,-999,-999,59.9,-999,-999,-999,-999,-999,-999,-999,-999,-999,-999,-999,-999,-999,-999,-999,-999,-999,-999,-999,-999,-999,-999,-999,"Behler, J.L., King, F.W., 1979"
Reptilia,Testudines,Chelydridae,Macrochelys,temminckii,-999,Alligator Snapping Turtle,-999,-999,-999,-999,58.55833333,-999,-999,-999,-999,-999,-999,-999,-999,-999,-999,-999,-999,-999,-999,-999,-999,-999,-999,-999,-999,-999,-999,-999,"Dobie, 1971"
Reptilia,Testudines,Chelydridae,Macrochelys,temminckii,-999,Alligator Snapping Turtle,-999,-999,-999,-999,-999,-999,-999,-999,-999,-999,-999,-999,-999,-999,-999,-999,100000,-999,-999,-999,-999,-999,-999,-999,-999,-999,-999,-999,"Obst, F.J., 1986"
Reptilia,Testudines,Chelydridae,Macrochelys,temminckii,-999,Alligator Snapping Turtle,-999,-999,-999,-999,-999,-999,-999,-999,-999,-999,-999,-999,-999,-999,-999,-999,99500,-999,-999,-999,-999,-999,-999,-999,-999,-999,-999,-999,"Behler, J.L., King, F.W., 1979"
Reptilia,Testudines,Chelydridae,Macrochelys,temminckii,-999,Alligator Snapping Turtle,-999,-999,-999,-999,-999,-999,-999,-999,-999,-999,-999,-999,-999,-999,-999,-999,-999,-999,-999,-999,-999,-999,-999,-999,-999,-999,-999,4017.64,"Dobie, 1971"
Reptilia,Testudines,Chelydridae,Macrochelys,temminckii,-999,Alligator Snapping Turtle,-999,-999,-999,-999,-999,-999,-999,-999,-999,-999,-999,-999,-999,-999,-999,-999,-999,-999,-999,-999,-999,-999,-999,-999,-999,-999,-999,4748.12,"Dobie, 1971"
Reptilia,Testudines,Dermochelyidae,Dermochelys,coriacea,-999,Leatherback Sea Turtle,-999,105,-999,420000,30,60,-999,-999,-999,-999,-999,-999,-999,-999,-999,-999,-999,-999,-999,-999,-999,-999,-999,-999,-999,-999,-999,-999,"de Magalhaes and Costa, 2009"
Reptilia,Testudines,Dermochelyidae,Dermochelys,coriacea,-999,Leatherback Sea Turtle,-999,-999,-999,385000,-999,-999,-999,-999,-999,-999,-999,-999,-999,-999,-999,-999,-999,-999,-999,-999,-999,-999,-999,-999,-999,-999,-999,-999,"Seymour, 1979"
Reptilia,Testudines,Dermochelyidae,Dermochelys,coriacea,-999,Leatherback Sea Turtle,-999,-999,-999,-999,-999,-999,-999,-999,-999,101,-999,-999,-999,-999,-999,-999,-999,-999,-999,-999,-999,-999,-999,-999,-999,-999,-999,-999,"Seymour, 1979"
Reptilia,Testudines,Dermochelyidae,Dermochelys,coriacea,-999,Leatherback Sea Turtle,-999,110,-999,-999,-999,-999,-999,-999,-999,-999,-999,-999,-999,-999,-999,-999,-999,-999,-999,-999,-999,-999,-999,-999,-999,-999,-999,-999,"Seymour, 1979"
Reptilia,Testudines,Dermochelyidae,Dermochelys,coriacea,-999,Leatherback Sea Turtle,-999,50,-999,-999,-999,-999,-999,-999,-999,-999,53,-999,-999,-999,-999,-999,-999,-999,-999,-999,-999,-999,-999,-999,-999,-999,-999,-999,Reptile Incubation book
Reptilia,Testudines,Dermochelyidae,Dermochelys,coriacea,-999,Leatherback Sea Turtle,-999,150,-999,-999,-999,-999,-999,-999,-999,-999,72,-999,-999,-999,-999,-999,-999,-999,-999,-999,-999,-999,-999,-999,-999,-999,-999,-999,Reptile Incubation book
Reptilia,Testudines,Dermochelyidae,Dermochelys,coriacea,-999,Leatherback Sea Turtle,-999,70.08,-999,372500,-999,-999,-999,-999,-999,73.19,-999,-999,-999,-999,372500,-999,372500,-999,-999,-999,-999,-999,-999,-999,-999,-999,-999,-999,"Iverson, J., Balgooyen, C., Byrd, K. et al., 1993"
Reptilia,Testudines,Dermochelyidae,Dermochelys,coriacea,-999,Leatherback Sea Turtle,-999,-999,-999,-999,-999,-999,-999,-999,-999,85.5,57,-999,-999,-999,-999,-999,-999,-999,-999,-999,-999,-999,-999,-999,-999,-999,-999,-999,"Birchard, G. and D. Marcellini, 1996"
Reptilia,Testudines,Dermochelyidae,Dermochelys,coriacea,-999,Leatherback Sea Turtle,-999,-999,-999,-999,-999,-999,-999,46.9,-999,-999,-999,-999,-999,-999,-999,-999,-999,-999,-999,-999,-999,-999,-999,-999,-999,-999,-999,-999,"van Buskirk, J., Crowder, L.B., 1994"
Reptilia,Testudines,Dermochelyidae,Dermochelys,coriacea,-999,Leatherback Sea Turtle,-999,-999,-999,-999,-999,-999,-999,38.2,-999,-999,-999,-999,-999,-999,-999,-999,-999,-999,-999,-999,-999,-999,-999,-999,-999,-999,-999,-999,"van Buskirk, J., Crowder, L.B., 1994"
Reptilia,Testudines,Dermochelyidae,Dermochelys,coriacea,-999,Leatherback Sea Turtle,-999,-999,-999,-999,-999,-999,-999,33.1,-999,-999,-999,-999,-999,-999,-999,-999,-999,-999,-999,-999,-999,-999,-999,-999,-999,-999,-999,-999,"van Buskirk, J., Crowder, L.B., 1994"
Reptilia,Testudines,Dermochelyidae,Dermochelys,coriacea,-999,Leatherback Sea Turtle,-999,-999,-999,-999,-999,-999,-999,57.5,-999,-999,-999,-999,-999,-999,-999,-999,-999,-999,-999,-999,-999,-999,-999,-999,-999,-999,-999,-999,"van Buskirk, J., Crowder, L.B., 1994"
Reptilia,Testudines,Dermochelyidae,Dermochelys,coriacea,-999,Leatherback Sea Turtle,-999,-999,-999,-999,-999,-999,-999,46.1,-999,-999,-999,-999,-999,-999,-999,-999,-999,-999,-999,-999,-999,-999,-999,-999,-999,-999,-999,-999,"van Buskirk, J., Crowder, L.B., 1994"
Reptilia,Testudines,Dermochelyidae,Dermochelys,coriacea,-999,Leatherback Sea Turtle,-999,-999,-999,-999,-999,-999,-999,-999,-999,81.95,-999,-999,-999,-999,-999,-999,-999,-999,-999,-999,-999,-999,-999,-999,-999,-999,-999,-999,"van Buskirk, J., Crowder, L.B., 1994"
Reptilia,Testudines,Dermochelyidae,Dermochelys,coriacea,-999,Leatherback Sea Turtle,-999,-999,-999,-999,-999,-999,-999,-999,-999,66,-999,-999,-999,-999,-999,-999,-999,-999,-999,-999,-999,-999,-999,-999,-999,-999,-999,-999,"van Buskirk, J., Crowder, L.B., 1994"
Reptilia,Testudines,Dermochelyidae,Dermochelys,coriacea,-999,Leatherback Sea Turtle,-999,-999,-999,-999,-999,-999,-999,-999,-999,72,-999,-999,-999,-999,-999,-999,-999,-999,-999,-999,-999,-999,-999,-999,-999,-999,-999,-999,"van Buskirk, J., Crowder, L.B., 1994"
Reptilia,Testudines,Dermochelyidae,Dermochelys,coriacea,-999,Leatherback Sea Turtle,-999,-999,-999,-999,-999,-999,-999,-999,-999,84,-999,-999,-999,-999,-999,-999,-999,-999,-999,-999,-999,-999,-999,-999,-999,-999,-999,-999,"van Buskirk, J., Crowder, L.B., 1994"
Reptilia,Testudines,Dermochelyidae,Dermochelys,coriacea,-999,Leatherback Sea Turtle,-999,-999,-999,-999,-999,-999,-999,-999,-999,-999,56,-999,-999,-999,-999,-999,-999,-999,-999,-999,-999,-999,-999,-999,-999,-999,-999,-999,"Behler, J.L., King, F.W., 1979"
Reptilia,Testudines,Dermochelyidae,Dermochelys,coriacea,-999,Leatherback Sea Turtle,-999,-999,-999,-999,-999,-999,-999,-999,-999,-999,70,-999,-999,-999,-999,-999,-999,-999,-999,-999,-999,-999,-999,-999,-999,-999,-999,-999,"Behler, J.L., King, F.W., 1979"
Reptilia,Testudines,Dermochelyidae,Dermochelys,coriacea,-999,Leatherback Sea Turtle,-999,-999,-999,-999,-999,-999,-999,-999,-999,-999,65,-999,-999,-999,-999,-999,-999,-999,-999,-999,-999,-999,-999,-999,-999,-999,-999,-999,"van Buskirk, J., Crowder, L.B., 1994"
Reptilia,Testudines,Dermochelyidae,Dermochelys,coriacea,-999,Leatherback Sea Turtle,-999,-999,-999,-999,-999,-999,-999,-999,-999,-999,56,-999,-999,-999,-999,-999,-999,-999,-999,-999,-999,-999,-999,-999,-999,-999,-999,-999,"van Buskirk, J., Crowder, L.B., 1994"
Reptilia,Testudines,Dermochelyidae,Dermochelys,coriacea,-999,Leatherback Sea Turtle,-999,-999,-999,-999,-999,-999,-999,-999,-999,-999,57,-999,-999,-999,-999,-999,-999,-999,-999,-999,-999,-999,-999,-999,-999,-999,-999,-999,"van Buskirk, J., Crowder, L.B., 1994"
Reptilia,Testudines,Dermochelyidae,Dermochelys,coriacea,-999,Leatherback Sea Turtle,-999,-999,-999,-999,-999,-999,-999,-999,-999,-999,67,-999,-999,-999,-999,-999,-999,-999,-999,-999,-999,-999,-999,-999,-999,-999,-999,-999,"van Buskirk, J., Crowder, L.B., 1994"
Reptilia,Testudines,Dermochelyidae,Dermochelys,coriacea,-999,Leatherback Sea Turtle,-999,-999,-999,-999,-999,-999,-999,-999,-999,-999,61,-999,-999,-999,-999,-999,-999,-999,-999,-999,-999,-999,-999,-999,-999,-999,-999,-999,"van Buskirk, J., Crowder, L.B., 1994"
Reptilia,Testudines,Dermochelyidae,Dermochelys,coriacea,-999,Leatherback Sea Turtle,-999,-999,-999,-999,-999,-999,-999,-999,-999,-999,65,-999,-999,-999,-999,-999,-999,-999,-999,-999,-999,-999,-999,-999,-999,-999,-999,-999,"van Buskirk, J., Crowder, L.B., 1994"
Reptilia,Testudines,Dermochelyidae,Dermochelys,coriacea,-999,Leatherback Sea Turtle,-999,-999,-999,-999,-999,-999,-999,-999,-999,-999,64.7,-999,-999,-999,-999,-999,-999,-999,-999,-999,-999,-999,-999,-999,-999,-999,-999,-999,"van Buskirk, J., Crowder, L.B., 1994"
Reptilia,Testudines,Dermochelyidae,Dermochelys,coriacea,-999,Leatherback Sea Turtle,-999,-999,-999,-999,-999,-999,-999,-999,-999,-999,62.9,-999,-999,-999,-999,-999,-999,-999,-999,-999,-999,-999,-999,-999,-999,-999,-999,-999,"van Buskirk, J., Crowder, L.B., 1994"
Reptilia,Testudines,Dermochelyidae,Dermochelys,coriacea,-999,Leatherback Sea Turtle,-999,50,-999,-999,-999,-999,-999,-999,-999,-999,-999,-999,-999,-999,-999,-999,-999,-999,-999,-999,-999,-999,-999,-999,-999,-999,-999,-999,"Behler, J.L., King, F.W., 1979"
Reptilia,Testudines,Dermochelyidae,Dermochelys,coriacea,-999,Leatherback Sea Turtle,-999,170,-999,-999,-999,-999,-999,-999,-999,-999,-999,-999,-999,-999,-999,-999,-999,-999,-999,-999,-999,-999,-999,-999,-999,-999,-999,-999,"Behler, J.L., King, F.W., 1979"
Reptilia,Testudines,Dermochelyidae,Dermochelys,coriacea,-999,Leatherback Sea Turtle,-999,81.5,-999,-999,-999,-999,-999,-999,-999,-999,-999,-999,-999,-999,-999,-999,-999,-999,-999,-999,-999,-999,-999,-999,-999,-999,-999,-999,"van Buskirk, J., Crowder, L.B., 1994"
Reptilia,Testudines,Dermochelyidae,Dermochelys,coriacea,-999,Leatherback Sea Turtle,-999,82.8,-999,-999,-999,-999,-999,-999,-999,-999,-999,-999,-999,-999,-999,-999,-999,-999,-999,-999,-999,-999,-999,-999,-999,-999,-999,-999,"van Buskirk, J., Crowder, L.B., 1994"
Reptilia,Testudines,Dermochelyidae,Dermochelys,coriacea,-999,Leatherback Sea Turtle,-999,80.5,-999,-999,-999,-999,-999,-999,-999,-999,-999,-999,-999,-999,-999,-999,-999,-999,-999,-999,-999,-999,-999,-999,-999,-999,-999,-999,"van Buskirk, J., Crowder, L.B., 1994"
Reptilia,Testudines,Dermochelyidae,Dermochelys,coriacea,-999,Leatherback Sea Turtle,-999,64,-999,-999,-999,-999,-999,-999,-999,-999,-999,-999,-999,-999,-999,-999,-999,-999,-999,-999,-999,-999,-999,-999,-999,-999,-999,-999,"van Buskirk, J., Crowder, L.B., 1994"
Reptilia,Testudines,Dermochelyidae,Dermochelys,coriacea,-999,Leatherback Sea Turtle,-999,65.6,-999,-999,-999,-999,-999,-999,-999,-999,-999,-999,-999,-999,-999,-999,-999,-999,-999,-999,-999,-999,-999,-999,-999,-999,-999,-999,"van Buskirk, J., Crowder, L.B., 1994"
Reptilia,Testudines,Dermochelyidae,Dermochelys,coriacea,-999,Leatherback Sea Turtle,-999,88.1,-999,-999,-999,-999,-999,-999,-999,-999,-999,-999,-999,-999,-999,-999,-999,-999,-999,-999,-999,-999,-999,-999,-999,-999,-999,-999,"van Buskirk, J., Crowder, L.B., 1994"
Reptilia,Testudines,Dermochelyidae,Dermochelys,coriacea,-999,Leatherback Sea Turtle,-999,82.3,-999,-999,-999,-999,-999,-999,-999,-999,-999,-999,-999,-999,-999,-999,-999,-999,-999,-999,-999,-999,-999,-999,-999,-999,-999,-999,"van Buskirk, J., Crowder, L.B., 1994"
Reptilia,Testudines,Dermochelyidae,Dermochelys,coriacea,-999,Leatherback Sea Turtle,-999,60.1,-999,-999,-999,-999,-999,-999,-999,-999,-999,-999,-999,-999,-999,-999,-999,-999,-999,-999,-999,-999,-999,-999,-999,-999,-999,-999,"van Buskirk, J., Crowder, L.B., 1994"
Reptilia,Testudines,Dermochelyidae,Dermochelys,coriacea,-999,Leatherback Sea Turtle,-999,103.7,-999,-999,-999,-999,-999,-999,-999,-999,-999,-999,-999,-999,-999,-999,-999,-999,-999,-999,-999,-999,-999,-999,-999,-999,-999,-999,"van Buskirk, J., Crowder, L.B., 1994"
Reptilia,Testudines,Dermochelyidae,Dermochelys,coriacea,-999,Leatherback Sea Turtle,-999,97,-999,-999,-999,-999,-999,-999,-999,-999,-999,-999,-999,-999,-999,-999,-999,-999,-999,-999,-999,-999,-999,-999,-999,-999,-999,-999,"van Buskirk, J., Crowder, L.B., 1994"
Reptilia,Testudines,Dermochelyidae,Dermochelys,coriacea,-999,Leatherback Sea Turtle,-999,86,-999,-999,-999,-999,-999,-999,-999,-999,-999,-999,-999,-999,-999,-999,-999,-999,-999,-999,-999,-999,-999,-999,-999,-999,-999,-999,"van Buskirk, J., Crowder, L.B., 1994"
Reptilia,Testudines,Dermochelyidae,Dermochelys,coriacea,-999,Leatherback Sea Turtle,-999,95,-999,-999,-999,-999,-999,-999,-999,-999,-999,-999,-999,-999,-999,-999,-999,-999,-999,-999,-999,-999,-999,-999,-999,-999,-999,-999,"van Buskirk, J., Crowder, L.B., 1994"
Reptilia,Testudines,Dermochelyidae,Dermochelys,coriacea,-999,Leatherback Sea Turtle,-999,75.1,-999,-999,-999,-999,-999,-999,-999,-999,-999,-999,-999,-999,-999,-999,-999,-999,-999,-999,-999,-999,-999,-999,-999,-999,-999,-999,"van Buskirk, J., Crowder, L.B., 1994"
Reptilia,Testudines,Dermochelyidae,Dermochelys,coriacea,-999,Leatherback Sea Turtle,-999,79.7,-999,-999,-999,-999,-999,-999,-999,-999,-999,-999,-999,-999,-999,-999,-999,-999,-999,-999,-999,-999,-999,-999,-999,-999,-999,-999,"van Buskirk, J., Crowder, L.B., 1994"
Reptilia,Testudines,Dermochelyidae,Dermochelys,coriacea,-999,Leatherback Sea Turtle,-999,50,-999,-999,-999,-999,-999,-999,-999,-999,-999,-999,-999,-999,-999,-999,-999,-999,-999,-999,-999,-999,-999,-999,-999,-999,-999,-999,"Stebbins, R.C., 2003"
Reptilia,Testudines,Dermochelyidae,Dermochelys,coriacea,-999,Leatherback Sea Turtle,-999,170,-999,-999,-999,-999,-999,-999,-999,-999,-999,-999,-999,-999,-999,-999,-999,-999,-999,-999,-999,-999,-999,-999,-999,-999,-999,-999,"Stebbins, R.C., 2003"
Reptilia,Testudines,Dermochelyidae,Dermochelys,coriacea,-999,Leatherback Sea Turtle,-999,-999,2.71,-999,-999,-999,-999,-999,-999,-999,-999,-999,-999,-999,-999,-999,-999,-999,-999,-999,-999,-999,-999,-999,-999,-999,-999,-999,"van Buskirk, J., Crowder, L.B., 1994"
Reptilia,Testudines,Dermochelyidae,Dermochelys,coriacea,-999,Leatherback Sea Turtle,-999,-999,2.75,-999,-999,-999,-999,-999,-999,-999,-999,-999,-999,-999,-999,-999,-999,-999,-999,-999,-999,-999,-999,-999,-999,-999,-999,-999,"van Buskirk, J., Crowder, L.B., 1994"
Reptilia,Testudines,Dermochelyidae,Dermochelys,coriacea,-999,Leatherback Sea Turtle,-999,-999,2.93,-999,-999,-999,-999,-999,-999,-999,-999,-999,-999,-999,-999,-999,-999,-999,-999,-999,-999,-999,-999,-999,-999,-999,-999,-999,"van Buskirk, J., Crowder, L.B., 1994"
Reptilia,Testudines,Dermochelyidae,Dermochelys,coriacea,-999,Leatherback Sea Turtle,-999,-999,2.24,-999,-999,-999,-999,-999,-999,-999,-999,-999,-999,-999,-999,-999,-999,-999,-999,-999,-999,-999,-999,-999,-999,-999,-999,-999,"van Buskirk, J., Crowder, L.B., 1994"
Reptilia,Testudines,Dermochelyidae,Dermochelys,coriacea,-999,Leatherback Sea Turtle,-999,-999,0.5,-999,-999,-999,-999,-999,-999,-999,-999,-999,-999,-999,-999,-999,-999,-999,-999,-999,-999,-999,-999,-999,-999,-999,-999,-999,"Stebbins, R.C., 2003"
Reptilia,Testudines,Dermochelyidae,Dermochelys,coriacea,-999,Leatherback Sea Turtle,-999,-999,-999,-999,29.95,-999,-999,-999,-999,-999,-999,-999,-999,-999,-999,-999,-999,-999,-999,-999,-999,-999,-999,-999,-999,-999,-999,-999,"IUCN, 2011"
Reptilia,Testudines,Dermochelyidae,Dermochelys,coriacea,-999,Leatherback Sea Turtle,-999,-999,-999,-999,-999,-999,-999,-999,-999,-999,-999,-999,-999,-999,-999,-999,350000,-999,-999,-999,-999,-999,-999,-999,-999,-999,-999,-999,"Obst, F.J., 1986"
Reptilia,Testudines,Dermochelyidae,Dermochelys,coriacea,-999,Leatherback Sea Turtle,-999,-999,-999,-999,-999,-999,-999,-999,-999,-999,-999,-999,-999,-999,-999,-999,500000,-999,-999,-999,-999,-999,-999,-999,-999,-999,-999,-999,"Obst, F.J., 1986"
Reptilia,Testudines,Dermochelyidae,Dermochelys,coriacea,-999,Leatherback Sea Turtle,-999,-999,-999,-999,-999,-999,-999,-999,-999,-999,-999,-999,-999,-999,-999,-999,273000,-999,-999,-999,-999,-999,-999,-999,-999,-999,-999,-999,"Behler, J.L., King, F.W., 1979"
Reptilia,Testudines,Dermochelyidae,Dermochelys,coriacea,-999,Leatherback Sea Turtle,-999,-999,-999,-999,-999,-999,-999,-999,-999,-999,-999,-999,-999,-999,-999,-999,727000,-999,-999,-999,-999,-999,-999,-999,-999,-999,-999,-999,"Behler, J.L., King, F.W., 1979"
Reptilia,Testudines,Dermochelyidae,Dermochelys,coriacea,-999,Leatherback Sea Turtle,-999,-999,-999,-999,-999,-999,-999,-999,-999,-999,-999,-999,-999,-999,-999,-999,272155.422,-999,-999,-999,-999,-999,-999,-999,-999,-999,-999,-999,"Stebbins, R.C., 2003"
Reptilia,Testudines,Dermochelyidae,Dermochelys,coriacea,-999,Leatherback Sea Turtle,-999,-999,-999,-999,-999,-999,-999,-999,-999,-999,-999,-999,-999,-999,-999,-999,725747.792,-999,-999,-999,-999,-999,-999,-999,-999,-999,-999,-999,"Stebbins, R.C., 2003"
Reptilia,Testudines,Dermochelyidae,Dermochelys,coriacea,-999,Leatherback Sea Turtle,-999,-999,-999,-999,-999,-999,-999,-999,-999,-999,-999,-999,-999,-999,-999,-999,-999,-999,-999,-999,-999,-999,-999,-999,-999,-999,-999,4748.12,"IUCN, 2011"
Reptilia,Testudines,Dermochelyidae,Dermochelys,coriacea,-999,Leatherback Sea Turtle,-999,-999,-999,-999,-999,-999,-999,-999,-999,-999,-999,-999,-999,-999,-999,-999,-999,-999,-999,-999,-999,-999,-999,-999,-999,-999,-999,5113.36,"IUCN, 2011"
Reptilia,Testudines,Dermochelyidae,Dermochelys,coriacea,-999,Leatherback Sea Turtle,-999,-999,-999,-999,30,-999,-999,-999,-999,-999,-999,-999,-999,-999,-999,-999,-999,-999,-999,-999,-999,-999,-999,-999,-999,-999,-999,-999,"BC Reptiles - Tacutu, R., T. Craig, A. Budovsky et al. 2013"
Reptilia,Testudines,Dermochelyidae,Dermochelys,coriacea,-999,Leatherback Sea Turtle,-999,-999,-999,-999,70,-999,-999,-999,-999,-999,-999,-999,-999,-999,-999,-999,-999,-999,-999,-999,-999,-999,-999,-999,-999,-999,-999,-999,"BC Reptiles - Tacutu, R., T. Craig, A. Budovsky et al. 2013"
Reptilia,Testudines,Dermochelyidae,Dermochelys,coriacea,-999,Leatherback Sea Turtle,-999,-999,-999,-999,80,-999,-999,-999,-999,-999,-999,-999,-999,-999,-999,-999,-999,-999,-999,-999,-999,-999,-999,-999,-999,-999,-999,-999,"BC Reptiles - Tacutu, R., T. Craig, A. Budovsky et al. 2013"
Reptilia,Testudines,Dermochelyidae,Dermochelys,coriacea,-999,Leatherback Sea Turtle,-999,-999,-999,-999,-999,-999,-999,-999,-999,-999,60,-999,-999,-999,-999,-999,-999,-999,-999,-999,-999,-999,-999,-999,-999,-999,-999,-999,"BC Reptiles - Tacutu, R., T. Craig, A. Budovsky et al. 2013"
Reptilia,Testudines,Dermochelyidae,Dermochelys,coriacea,-999,Leatherback Sea Turtle,-999,105,-999,-999,-999,-999,-999,-999,-999,-999,-999,-999,-999,-999,-999,-999,-999,-999,-999,-999,-999,-999,-999,-999,-999,-999,-999,-999,"BC Reptiles - Tacutu, R., T. Craig, A. Budovsky et al. 2013"
Reptilia,Testudines,Dermochelyidae,Dermochelys,coriacea,-999,Leatherback Sea Turtle,-999,-999,-999,420000,-999,-999,-999,-999,-999,-999,-999,-999,-999,-999,-999,-999,-999,-999,-999,-999,-999,-999,-999,-999,-999,-999,-999,-999,"BC Reptiles - Tacutu, R., T. Craig, A. Budovsky et al. 2013"
Reptilia,Testudines,Dermochelyidae,Dermochelys,coriacea,-999,Leatherback Sea Turtle,-999,-999,-999,916000,-999,-999,-999,-999,-999,-999,-999,-999,-999,-999,-999,-999,-999,-999,-999,-999,-999,-999,-999,-999,-999,-999,-999,-999,"BC Reptiles - Wilson, 2003"
Reptilia,Testudines,Dermochelyidae,Dermochelys,coriacea,-999,Leatherback Sea Turtle,-999,100,-999,-999,-999,-999,-999,-999,-999,-999,-999,-999,-999,-999,-999,-999,-999,-999,-999,-999,-999,-999,-999,-999,-999,-999,-999,-999,"BC Reptiles - Wilson, 2003"
Reptilia,Testudines,Dermochelyidae,Dermochelys,coriacea,-999,Leatherback Sea Turtle,-999,-999,6,-999,-999,-999,-999,-999,-999,-999,-999,-999,-999,-999,-999,-999,-999,-999,-999,-999,-999,-999,-999,-999,-999,-999,-999,-999,"BC Reptiles - Wilson, 2003"
Reptilia,Testudines,Dermochelyidae,Dermochelys,coriacea,-999,Leatherback Sea Turtle,-999,-999,10,-999,-999,-999,-999,-999,-999,-999,-999,-999,-999,-999,-999,-999,-999,-999,-999,-999,-999,-999,-999,-999,-999,-999,-999,-999,"BC Reptiles - Wilson, 2003"
Reptilia,Testudines,Dermochelyidae,Dermochelys,coriacea,-999,Leatherback Sea Turtle,-999,-999,-999,-999,-999,-999,-999,-999,-999,-999,60,-999,-999,-999,-999,-999,-999,-999,-999,-999,-999,-999,-999,-999,-999,-999,-999,-999,"BC Reptiles - Wilson, 2003"
Reptilia,Testudines,Dermochelyidae,Dermochelys,coriacea,-999,Leatherback Sea Turtle,-999,-999,-999,-999,-999,-999,-999,-999,-999,-999,80,-999,-999,-999,-999,-999,-999,-999,-999,-999,-999,-999,-999,-999,-999,-999,-999,-999,"BC Reptiles - Wilson, 2003"
Reptilia,Testudines,Dermochelyidae,Dermochelys,coriacea,-999,Leatherback Sea Turtle,-999,-999,-999,500000,-999,-999,-999,-999,-999,-999,-999,-999,-999,-999,-999,-999,-999,-999,-999,-999,-999,-999,-999,-999,-999,-999,-999,-999,"BC Reptiles - Wilson, 2003"
Reptilia,Testudines,Dermochelyidae,Dermochelys,coriacea,-999,Leatherback Sea Turtle,-999,-999,-999,250000,-999,-999,-999,-999,-999,-999,-999,-999,-999,-999,-999,-999,-999,-999,-999,-999,-999,-999,-999,-999,-999,-999,-999,-999,"BC Reptiles - Wilson, 2003"
Reptilia,Testudines,Dermochelyidae,Dermochelys,coriacea,-999,Leatherback Sea Turtle,-999,-999,-999,900000,-999,-999,-999,-999,-999,-999,-999,-999,-999,-999,-999,-999,-999,-999,-999,-999,-999,-999,-999,-999,-999,-999,-999,-999,"BC Reptiles - Wilson, 2003"
Reptilia,Testudines,Dermochelyidae,Dermochelys,coriacea,-999,Leatherback Sea Turtle,-999,-999,-999,544000,-999,-999,-999,-999,-999,-999,-999,-999,-999,-999,-999,-999,-999,-999,-999,-999,-999,-999,-999,-999,-999,-999,-999,-999,"BC Reptiles - Wilson, 2003"
Reptilia,Testudines,Dermochelyidae,Dermochelys,coriacea,-999,Leatherback Sea Turtle,-999,-999,-999,-999,-999,-999,-999,35,-999,-999,-999,-999,-999,-999,-999,-999,-999,-999,-999,-999,-999,-999,-999,-999,-999,-999,-999,-999,"BC Reptiles - Wilson, 2003"
Reptilia,Testudines,Dermochelyidae,Dermochelys,coriacea,-999,Leatherback Sea Turtle,-999,-999,-999,-999,-999,-999,-999,50,-999,-999,-999,-999,-999,-999,-999,-999,-999,-999,-999,-999,-999,-999,-999,-999,-999,-999,-999,-999,"BC Reptiles - Wilson, 2003"
Reptilia,Testudines,Dermochelyidae,Dermochelys,coriacea,-999,Leatherback Sea Turtle,-999,50,-999,-999,-999,-999,-999,-999,-999,-999,-999,-999,-999,-999,-999,-999,-999,-999,-999,-999,-999,-999,-999,-999,-999,-999,-999,-999,"BC Reptiles - Wilson, 2003"
Reptilia,Testudines,Dermochelyidae,Dermochelys,coriacea,-999,Leatherback Sea Turtle,-999,170,-999,-999,-999,-999,-999,-999,-999,-999,-999,-999,-999,-999,-999,-999,-999,-999,-999,-999,-999,-999,-999,-999,-999,-999,-999,-999,"BC Reptiles - Wilson, 2003"
Reptilia,Testudines,Dermochelyidae,Dermochelys,coriacea,-999,Leatherback Sea Turtle,-999,-999,5,-999,-999,-999,-999,-999,-999,-999,-999,-999,-999,-999,-999,-999,-999,-999,-999,-999,-999,-999,-999,-999,-999,-999,-999,-999,"BC Reptiles - Wilson, 2003"
Reptilia,Testudines,Dermochelyidae,Dermochelys,coriacea,-999,Leatherback Sea Turtle,-999,-999,7,-999,-999,-999,-999,-999,-999,-999,-999,-999,-999,-999,-999,-999,-999,-999,-999,-999,-999,-999,-999,-999,-999,-999,-999,-999,"BC Reptiles - Wilson, 2003"
Reptilia,Testudines,Dermochelyidae,Dermochelys,coriacea,-999,Leatherback Sea Turtle,-999,-999,-999,-999,-999,-999,-999,-999,-999,-999,-999,-999,-999,2,-999,-999,-999,-999,-999,-999,-999,-999,-999,-999,-999,-999,-999,-999,"BC Reptiles - Wilson, 2003"
Reptilia,Testudines,Dermochelyidae,Dermochelys,coriacea,-999,Leatherback Sea Turtle,-999,-999,-999,-999,-999,-999,-999,-999,-999,-999,-999,-999,-999,3,-999,-999,-999,-999,-999,-999,-999,-999,-999,-999,-999,-999,-999,-999,"BC Reptiles - Wilson, 2003"
Reptilia,Testudines,Dermochelyidae,Dermochelys,coriacea,-999,Leatherback Sea Turtle,-999,-999,-999,-999,-999,55,-999,-999,-999,-999,-999,-999,-999,-999,-999,-999,-999,-999,-999,-999,-999,-999,-999,-999,-999,-999,-999,-999,"BC Reptiles - Wilson, 2003"
Reptilia,Testudines,Dermochelyidae,Dermochelys,coriacea,-999,Leatherback Sea Turtle,-999,-999,-999,-999,-999,75,-999,-999,-999,-999,-999,-999,-999,-999,-999,-999,-999,-999,-999,-999,-999,-999,-999,-999,-999,-999,-999,-999,"BC Reptiles - Wilson, 2003"
Reptilia,Testudines,Dermochelyidae,Dermochelys,coriacea,-999,Leatherback Sea Turtle,1826.25,-999,-999,-999,-999,-999,-999,-999,-999,-999,-999,-999,-999,-999,-999,-999,-999,-999,-999,-999,-999,-999,-999,-999,-999,-999,-999,-999,"BC Reptiles - Wilson, 2003"
Reptilia,Testudines,Dermochelyidae,Dermochelys,coriacea,-999,Leatherback Sea Turtle,7670.25,-999,-999,-999,-999,-999,-999,-999,-999,-999,-999,-999,-999,-999,-999,-999,-999,-999,-999,-999,-999,-999,-999,-999,-999,-999,-999,-999,"BC Reptiles - Wilson, 2003"
Reptilia,Testudines,Dermochelyidae,Dermochelys,coriacea,-999,Leatherback Sea Turtle,-999,-999,-999,250000,-999,-999,-999,-999,-999,-999,-999,-999,-999,-999,-999,-999,-999,-999,-999,-999,-999,-999,-999,-999,-999,-999,-999,-999,"BC Reptiles - Meyers et al., 2009"
Reptilia,Testudines,Dermochelyidae,Dermochelys,coriacea,-999,Leatherback Sea Turtle,-999,-999,-999,900000,-999,-999,-999,-999,-999,-999,-999,-999,-999,-999,-999,-999,-999,-999,-999,-999,-999,-999,-999,-999,-999,-999,-999,-999,"BC Reptiles - Meyers et al., 2009"
Reptilia,Testudines,Dermochelyidae,Dermochelys,coriacea,-999,Leatherback Sea Turtle,-999,-999,-999,-999,-999,-999,-999,35,-999,-999,-999,-999,-999,-999,-999,-999,-999,-999,-999,-999,-999,-999,-999,-999,-999,-999,-999,-999,"BC Reptiles - Meyers et al., 2009"
Reptilia,Testudines,Dermochelyidae,Dermochelys,coriacea,-999,Leatherback Sea Turtle,-999,-999,-999,-999,-999,-999,-999,50,-999,-999,-999,-999,-999,-999,-999,-999,-999,-999,-999,-999,-999,-999,-999,-999,-999,-999,-999,-999,"BC Reptiles - Meyers et al., 2009"
Reptilia,Testudines,Dermochelyidae,Dermochelys,coriacea,-999,Leatherback Sea Turtle,-999,-999,5,-999,-999,-999,-999,-999,-999,-999,-999,-999,-999,-999,-999,-999,-999,-999,-999,-999,-999,-999,-999,-999,-999,-999,-999,-999,"BC Reptiles - Meyers et al., 2009"
Reptilia,Testudines,Dermochelyidae,Dermochelys,coriacea,-999,Leatherback Sea Turtle,-999,-999,7,-999,-999,-999,-999,-999,-999,-999,-999,-999,-999,-999,-999,-999,-999,-999,-999,-999,-999,-999,-999,-999,-999,-999,-999,-999,"BC Reptiles - Meyers et al., 2009"
Reptilia,Testudines,Dermochelyidae,Dermochelys,coriacea,-999,Leatherback Sea Turtle,-999,50,-999,-999,-999,-999,-999,-999,-999,-999,-999,-999,-999,-999,-999,-999,-999,-999,-999,-999,-999,-999,-999,-999,-999,-999,-999,-999,"BC Reptiles - Meyers et al., 2009"
Reptilia,Testudines,Dermochelyidae,Dermochelys,coriacea,-999,Leatherback Sea Turtle,-999,70,-999,-999,-999,-999,-999,-999,-999,-999,-999,-999,-999,-999,-999,-999,-999,-999,-999,-999,-999,-999,-999,-999,-999,-999,-999,-999,"BC Reptiles - Meyers et al., 2009"
Reptilia,Testudines,Dermochelyidae,Dermochelys,coriacea,-999,Leatherback Sea Turtle,-999,-999,-999,-999,-999,55,-999,-999,-999,-999,-999,-999,-999,-999,-999,-999,-999,-999,-999,-999,-999,-999,-999,-999,-999,-999,-999,-999,"BC Reptiles - Meyers et al., 2009"
Reptilia,Testudines,Dermochelyidae,Dermochelys,coriacea,-999,Leatherback Sea Turtle,-999,-999,-999,-999,-999,75,-999,-999,-999,-999,-999,-999,-999,-999,-999,-999,-999,-999,-999,-999,-999,-999,-999,-999,-999,-999,-999,-999,"BC Reptiles - Meyers et al., 2009"
Reptilia,Testudines,Dermochelyidae,Dermochelys,coriacea,-999,Leatherback Sea Turtle,1826.25,-999,-999,-999,-999,-999,-999,-999,-999,-999,-999,-999,-999,-999,-999,-999,-999,-999,-999,-999,-999,-999,-999,-999,-999,-999,-999,-999,"BC Reptiles - Meyers et al., 2009"
Reptilia,Testudines,Dermochelyidae,Dermochelys,coriacea,-999,Leatherback Sea Turtle,7670.25,-999,-999,-999,-999,-999,-999,-999,-999,-999,-999,-999,-999,-999,-999,-999,-999,-999,-999,-999,-999,-999,-999,-999,-999,-999,-999,-999,"BC Reptiles - Meyers et al., 2009"
Reptilia,Testudines,Dermochelyidae,Dermochelys,coriacea,-999,Leatherback Sea Turtle,-999,-999,-999,-999,30,-999,-999,-999,-999,-999,-999,-999,-999,-999,-999,-999,-999,-999,-999,-999,-999,-999,-999,-999,-999,-999,-999,-999,"BC Reptiles - Tacutu, R., T. Craig, A. Budovsky et al. 2013"
Reptilia,Testudines,Dermochelyidae,Dermochelys,coriacea,-999,Leatherback Sea Turtle,-999,-999,-999,-999,-999,-999,-999,-999,-999,-999,60,-999,-999,-999,-999,-999,-999,-999,-999,-999,-999,-999,-999,-999,-999,-999,-999,-999,"BC Reptiles - Tacutu, R., T. Craig, A. Budovsky et al. 2013"
Reptilia,Testudines,Dermochelyidae,Dermochelys,coriacea,-999,Leatherback Sea Turtle,-999,105,-999,-999,-999,-999,-999,-999,-999,-999,-999,-999,-999,-999,-999,-999,-999,-999,-999,-999,-999,-999,-999,-999,-999,-999,-999,-999,"BC Reptiles - Tacutu, R., T. Craig, A. Budovsky et al. 2013"
Reptilia,Testudines,Dermochelyidae,Dermochelys,coriacea,-999,Leatherback Sea Turtle,-999,-999,-999,420000,-999,-999,-999,-999,-999,-999,-999,-999,-999,-999,-999,-999,-999,-999,-999,-999,-999,-999,-999,-999,-999,-999,-999,-999,"BC Reptiles - Tacutu, R., T. Craig, A. Budovsky et al. 2013"
Reptilia,Testudines,Emydidae,Trachemys,scripta,-999,"Pond Slider, scripta: Yellowbelly Slider, elegans: Red-eared Slider, troostii: Cumberland Slider",2920,13,-999,240,41.3,75,-999,-999,-999,-999,-999,-999,1460,-999,-999,-999,240,-999,-999,-999,-999,-999,-999,-999,-999,-999,-999,-999,"de Magalhaes and Costa, 2009"
Reptilia,Testudines,Emydidae,Trachemys,scripta,-999,"Pond Slider, scripta: Yellowbelly Slider, elegans: Red-eared Slider, troostii: Cumberland Slider",2920,-999,-999,240,41.3,-999,-999,-999,-999,-999,75,-999,-999,-999,-999,-999,-999,-999,-999,-999,-999,-999,-999,-999,-999,-999,-999,-999,"Ricklefs, 2010b"
Reptilia,Testudines,Emydidae,Trachemys,scripta,-999,"Pond Slider, scripta: Yellowbelly Slider, elegans: Red-eared Slider, troostii: Cumberland Slider",-999,-999,-999,-999,30,-999,-999,-999,-999,-999,-999,-999,-999,-999,-999,-999,-999,-999,-999,-999,-999,-999,-999,-999,-999,-999,-999,-999,"Germano, 1992"
Reptilia,Testudines,Emydidae,Trachemys,scripta,-999,"Pond Slider, scripta: Yellowbelly Slider, elegans: Red-eared Slider, troostii: Cumberland Slider",-999,-999,-999,-999,75,-999,-999,-999,-999,-999,-999,-999,-999,-999,-999,-999,-999,-999,-999,-999,-999,-999,-999,-999,-999,-999,-999,-999,"Germano, 1992"
Reptilia,Testudines,Emydidae,Trachemys,scripta,-999,"Pond Slider, scripta: Yellowbelly Slider, elegans: Red-eared Slider, troostii: Cumberland Slider",-999,-999,-999,-999,-999,-999,-999,-999,-999,-999,-999,-999,-999,-999,-999,-999,-999,-999,-999,-999,-999,-999,-999,-999,-999,-999,-999,2556.75,"Heppell, 1998"
Reptilia,Testudines,Emydidae,Trachemys,scripta,-999,"Pond Slider, scripta: Yellowbelly Slider, elegans: Red-eared Slider, troostii: Cumberland Slider",-999,2.56,-999,-999,-999,-999,-999,-999,-999,-999,-999,-999,-999,-999,-999,-999,-999,-999,-999,-999,-999,-999,-999,-999,-999,-999,-999,-999,"Heppell, 1998"
Reptilia,Testudines,Emydidae,Trachemys,scripta,-999,"Pond Slider, scripta: Yellowbelly Slider, elegans: Red-eared Slider, troostii: Cumberland Slider",-999,2.56,-999,-999,-999,-999,-999,-999,-999,-999,-999,-999,-999,-999,-999,-999,-999,-999,-999,-999,-999,-999,-999,-999,-999,-999,-999,-999,"Heppell, 1998"
Reptilia,Testudines,Emydidae,Trachemys,scripta,-999,"Pond Slider, scripta: Yellowbelly Slider, elegans: Red-eared Slider, troostii: Cumberland Slider",-999,3.24,-999,-999,-999,-999,-999,-999,-999,-999,-999,-999,-999,-999,-999,-999,-999,-999,-999,-999,-999,-999,-999,-999,-999,-999,-999,-999,"Heppell, 1998"
Reptilia,Testudines,Emydidae,Trachemys,scripta,-999,"Pond Slider, scripta: Yellowbelly Slider, elegans: Red-eared Slider, troostii: Cumberland Slider",-999,-999,1,-999,-999,-999,-999,-999,-999,-999,-999,-999,-999,-999,-999,-999,-999,-999,-999,-999,-999,-999,-999,-999,-999,-999,-999,-999,"Heppell, 1998"
Reptilia,Testudines,Emydidae,Trachemys,scripta,-999,"Pond Slider, scripta: Yellowbelly Slider, elegans: Red-eared Slider, troostii: Cumberland Slider",-999,1,-999,-999,-999,-999,-999,-999,-999,-999,60,-999,-999,-999,-999,-999,-999,-999,-999,-999,-999,-999,-999,-999,-999,-999,-999,-999,Reptile Incubation book
Reptilia,Testudines,Emydidae,Trachemys,scripta,-999,"Pond Slider, scripta: Yellowbelly Slider, elegans: Red-eared Slider, troostii: Cumberland Slider",-999,22,-999,-999,-999,-999,-999,-999,-999,-999,90,-999,-999,-999,-999,-999,-999,-999,-999,-999,-999,-999,-999,-999,-999,-999,-999,-999,Reptile Incubation book
Reptilia,Testudines,Emydidae,Trachemys,scripta,-999,"Pond Slider, scripta: Yellowbelly Slider, elegans: Red-eared Slider, troostii: Cumberland Slider",-999,7.1,-999,1895,-999,-999,-999,-999,-999,10.52,-999,-999,-999,-999,1895,-999,1895,-999,-999,-999,-999,-999,-999,-999,-999,-999,-999,-999,"Iverson, J., Balgooyen, C., Byrd, K. et al., 1993"
Reptilia,Testudines,Emydidae,Trachemys,scripta,-999,"Pond Slider, scripta: Yellowbelly Slider, elegans: Red-eared Slider, troostii: Cumberland Slider",-999,9.7,-999,1950,-999,-999,-999,-999,-999,10.99,-999,-999,-999,-999,1950,-999,1950,-999,-999,-999,-999,-999,-999,-999,-999,-999,-999,-999,"Iverson, J., Balgooyen, C., Byrd, K. et al., 1993"
Reptilia,Testudines,Emydidae,Trachemys,scripta,-999,"Pond Slider, scripta: Yellowbelly Slider, elegans: Red-eared Slider, troostii: Cumberland Slider",-999,12.03,-999,1813,-999,-999,-999,-999,-999,11.78,-999,-999,-999,-999,1813,-999,1813,-999,-999,-999,-999,-999,-999,-999,-999,-999,-999,-999,"Iverson, J., Balgooyen, C., Byrd, K. et al., 1993"
Reptilia,Testudines,Emydidae,Trachemys,scripta,-999,"Pond Slider, scripta: Yellowbelly Slider, elegans: Red-eared Slider, troostii: Cumberland Slider",-999,17.4,-999,4000,-999,-999,-999,-999,-999,20.66,-999,-999,-999,-999,4000,-999,4000,-999,-999,-999,-999,-999,-999,-999,-999,-999,-999,-999,"Iverson, J., Balgooyen, C., Byrd, K. et al., 1993"
Reptilia,Testudines,Emydidae,Trachemys,scripta,-999,"Pond Slider, scripta: Yellowbelly Slider, elegans: Red-eared Slider, troostii: Cumberland Slider",-999,-999,-999,-999,-999,-999,-999,-999,-999,11.1,58,-999,-999,-999,-999,-999,-999,-999,-999,-999,-999,-999,-999,-999,-999,-999,-999,-999,"Birchard, G. and D. Marcellini, 1996"
Reptilia,Testudines,Emydidae,Trachemys,scripta,-999,"Pond Slider, scripta: Yellowbelly Slider, elegans: Red-eared Slider, troostii: Cumberland Slider",-999,-999,-999,-999,30.5,-999,-999,-999,-999,-999,-999,-999,-999,-999,-999,-999,-999,-999,-999,-999,-999,-999,-999,-999,-999,-999,-999,-999,"Carey, J.R. and D.S. Judge, 2002"
Reptilia,Testudines,Emydidae,Trachemys,scripta,-999,"Pond Slider, scripta: Yellowbelly Slider, elegans: Red-eared Slider, troostii: Cumberland Slider",-999,-999,-999,-999,6.8,-999,-999,-999,-999,-999,-999,-999,-999,-999,-999,-999,-999,-999,-999,-999,-999,-999,-999,-999,-999,-999,-999,-999,"Carey, J.R. and D.S. Judge, 2002"
Reptilia,Testudines,Emydidae,Trachemys,scripta,-999,"Pond Slider, scripta: Yellowbelly Slider, elegans: Red-eared Slider, troostii: Cumberland Slider",-999,-999,-999,-999,5.9,-999,-999,-999,-999,-999,-999,-999,-999,-999,-999,-999,-999,-999,-999,-999,-999,-999,-999,-999,-999,-999,-999,-999,"Carey, J.R. and D.S. Judge, 2002"
Reptilia,Testudines,Emydidae,Trachemys,scripta,-999,"Pond Slider, scripta: Yellowbelly Slider, elegans: Red-eared Slider, troostii: Cumberland Slider",-999,-999,-999,-999,12.4,-999,-999,-999,-999,-999,-999,-999,-999,-999,-999,-999,-999,-999,-999,-999,-999,-999,-999,-999,-999,-999,-999,-999,"Carey, J.R. and D.S. Judge, 2002"
Reptilia,Testudines,Emydidae,Trachemys,scripta,-999,"Pond Slider, scripta: Yellowbelly Slider, elegans: Red-eared Slider, troostii: Cumberland Slider",-999,-999,-999,-999,25.3,-999,-999,-999,-999,-999,-999,-999,-999,-999,-999,-999,-999,-999,-999,-999,-999,-999,-999,-999,-999,-999,-999,-999,"Carey, J.R. and D.S. Judge, 2002"
Reptilia,Testudines,Emydidae,Trachemys,scripta,-999,"Pond Slider, scripta: Yellowbelly Slider, elegans: Red-eared Slider, troostii: Cumberland Slider",-999,-999,-999,-999,8.6,-999,-999,-999,-999,-999,-999,-999,-999,-999,-999,-999,-999,-999,-999,-999,-999,-999,-999,-999,-999,-999,-999,-999,"Carey, J.R. and D.S. Judge, 2002"
Reptilia,Testudines,Emydidae,Trachemys,scripta,-999,"Pond Slider, scripta: Yellowbelly Slider, elegans: Red-eared Slider, troostii: Cumberland Slider",-999,-999,-999,-999,-999,-999,-999,-999,-999,-999,60.86,-999,-999,-999,-999,-999,-999,-999,-999,-999,-999,-999,-999,-999,-999,-999,-999,-999,"Behler, J.L., King, F.W., 1979"
Reptilia,Testudines,Emydidae,Trachemys,scripta,-999,"Pond Slider, scripta: Yellowbelly Slider, elegans: Red-eared Slider, troostii: Cumberland Slider",-999,-999,-999,-999,-999,-999,-999,-999,-999,-999,76.075,-999,-999,-999,-999,-999,-999,-999,-999,-999,-999,-999,-999,-999,-999,-999,-999,-999,"Behler, J.L., King, F.W., 1979"
Reptilia,Testudines,Emydidae,Trachemys,scripta,-999,"Pond Slider, scripta: Yellowbelly Slider, elegans: Red-eared Slider, troostii: Cumberland Slider",-999,4,-999,-999,-999,-999,-999,-999,-999,-999,-999,-999,-999,-999,-999,-999,-999,-999,-999,-999,-999,-999,-999,-999,-999,-999,-999,-999,"Behler, J.L., King, F.W., 1979"
Reptilia,Testudines,Emydidae,Trachemys,scripta,-999,"Pond Slider, scripta: Yellowbelly Slider, elegans: Red-eared Slider, troostii: Cumberland Slider",-999,23,-999,-999,-999,-999,-999,-999,-999,-999,-999,-999,-999,-999,-999,-999,-999,-999,-999,-999,-999,-999,-999,-999,-999,-999,-999,-999,"Behler, J.L., King, F.W., 1979"
Reptilia,Testudines,Emydidae,Trachemys,scripta,-999,"Pond Slider, scripta: Yellowbelly Slider, elegans: Red-eared Slider, troostii: Cumberland Slider",-999,-999,1,-999,-999,-999,-999,-999,-999,-999,-999,-999,-999,-999,-999,-999,-999,-999,-999,-999,-999,-999,-999,-999,-999,-999,-999,-999,"Behler, J.L., King, F.W., 1979"
Reptilia,Testudines,Emydidae,Trachemys,scripta,-999,"Pond Slider, scripta: Yellowbelly Slider, elegans: Red-eared Slider, troostii: Cumberland Slider",-999,-999,3,-999,-999,-999,-999,-999,-999,-999,-999,-999,-999,-999,-999,-999,-999,-999,-999,-999,-999,-999,-999,-999,-999,-999,-999,-999,"Behler, J.L., King, F.W., 1979"
Reptilia,Testudines,Emydidae,Trachemys,scripta,-999,"Pond Slider, scripta: Yellowbelly Slider, elegans: Red-eared Slider, troostii: Cumberland Slider",-999,-999,-999,-999,-999,-999,-999,-999,-999,-999,-999,-999,730.48,-999,-999,-999,-999,-999,-999,-999,-999,-999,-999,-999,-999,-999,-999,-999,"Behler, J.L., King, F.W., 1979"
Reptilia,Testudines,Emydidae,Trachemys,scripta,-999,"Pond Slider, scripta: Yellowbelly Slider, elegans: Red-eared Slider, troostii: Cumberland Slider",-999,-999,-999,-999,-999,-999,-999,-999,-999,-999,-999,-999,1826.2,-999,-999,-999,-999,-999,-999,-999,-999,-999,-999,-999,-999,-999,-999,-999,"Behler, J.L., King, F.W., 1979"
Reptilia,Testudines,Emydidae,Trachemys,scripta,-999,"Pond Slider, scripta: Yellowbelly Slider, elegans: Red-eared Slider, troostii: Cumberland Slider",-999,2,-999,-999,-999,-999,-999,-999,-999,-999,-999,-999,-999,-999,-999,-999,-999,-999,-999,-999,-999,-999,-999,-999,-999,-999,-999,-999,"De Graaf, R.M., Rudis, D.D., 1983"
Reptilia,Testudines,Emydidae,Trachemys,scripta,-999,"Pond Slider, scripta: Yellowbelly Slider, elegans: Red-eared Slider, troostii: Cumberland Slider",-999,22,-999,-999,-999,-999,-999,-999,-999,-999,-999,-999,-999,-999,-999,-999,-999,-999,-999,-999,-999,-999,-999,-999,-999,-999,-999,-999,"De Graaf, R.M., Rudis, D.D., 1983"
Reptilia,Testudines,Emydidae,Trachemys,scripta,-999,"Pond Slider, scripta: Yellowbelly Slider, elegans: Red-eared Slider, troostii: Cumberland Slider",-999,5,-999,-999,-999,-999,-999,-999,-999,-999,-999,-999,-999,-999,-999,-999,-999,-999,-999,-999,-999,-999,-999,-999,-999,-999,-999,-999,"De Graaf, R.M., Rudis, D.D., 1983"
Reptilia,Testudines,Emydidae,Trachemys,scripta,-999,"Pond Slider, scripta: Yellowbelly Slider, elegans: Red-eared Slider, troostii: Cumberland Slider",-999,10,-999,-999,-999,-999,-999,-999,-999,-999,-999,-999,-999,-999,-999,-999,-999,-999,-999,-999,-999,-999,-999,-999,-999,-999,-999,-999,"De Graaf, R.M., Rudis, D.D., 1983"
Reptilia,Testudines,Emydidae,Trachemys,scripta,-999,"Pond Slider, scripta: Yellowbelly Slider, elegans: Red-eared Slider, troostii: Cumberland Slider",-999,-999,1,-999,-999,-999,-999,-999,-999,-999,-999,-999,-999,-999,-999,-999,-999,-999,-999,-999,-999,-999,-999,-999,-999,-999,-999,-999,"De Graaf, R.M., Rudis, D.D., 1983"
Reptilia,Testudines,Emydidae,Trachemys,scripta,-999,"Pond Slider, scripta: Yellowbelly Slider, elegans: Red-eared Slider, troostii: Cumberland Slider",-999,-999,3,-999,-999,-999,-999,-999,-999,-999,-999,-999,-999,-999,-999,-999,-999,-999,-999,-999,-999,-999,-999,-999,-999,-999,-999,-999,"De Graaf, R.M., Rudis, D.D., 1983"
Reptilia,Testudines,Emydidae,Trachemys,scripta,-999,"Pond Slider, scripta: Yellowbelly Slider, elegans: Red-eared Slider, troostii: Cumberland Slider",1826.2,-999,-999,-999,-999,-999,-999,-999,-999,-999,-999,-999,-999,-999,-999,-999,-999,-999,-999,-999,-999,-999,-999,-999,-999,-999,-999,-999,"IUCN, 2011"
Reptilia,Testudines,Emydidae,Trachemys,scripta,-999,"Pond Slider, scripta: Yellowbelly Slider, elegans: Red-eared Slider, troostii: Cumberland Slider",2921.92,-999,-999,-999,-999,-999,-999,-999,-999,-999,-999,-999,-999,-999,-999,-999,-999,-999,-999,-999,-999,-999,-999,-999,-999,-999,-999,-999,"IUCN, 2011"
Reptilia,Testudines,Emydidae,Trachemys,scripta,-999,"Pond Slider, scripta: Yellowbelly Slider, elegans: Red-eared Slider, troostii: Cumberland Slider",-999,-999,-999,-999,-999,-999,-999,-999,-999,-999,60,-999,-999,-999,-999,-999,-999,-999,-999,-999,-999,-999,-999,-999,-999,-999,-999,-999,"IUCN, 2011"
Reptilia,Testudines,Emydidae,Trachemys,scripta,-999,"Pond Slider, scripta: Yellowbelly Slider, elegans: Red-eared Slider, troostii: Cumberland Slider",-999,-999,-999,-999,-999,-999,-999,-999,-999,-999,91,-999,-999,-999,-999,-999,-999,-999,-999,-999,-999,-999,-999,-999,-999,-999,-999,-999,"IUCN, 2011"
Reptilia,Testudines,Emydidae,Trachemys,scripta,-999,"Pond Slider, scripta: Yellowbelly Slider, elegans: Red-eared Slider, troostii: Cumberland Slider",-999,5,-999,-999,-999,-999,-999,-999,-999,-999,-999,-999,-999,-999,-999,-999,-999,-999,-999,-999,-999,-999,-999,-999,-999,-999,-999,-999,"IUCN, 2011"
Reptilia,Testudines,Emydidae,Trachemys,scripta,-999,"Pond Slider, scripta: Yellowbelly Slider, elegans: Red-eared Slider, troostii: Cumberland Slider",-999,20,-999,-999,-999,-999,-999,-999,-999,-999,-999,-999,-999,-999,-999,-999,-999,-999,-999,-999,-999,-999,-999,-999,-999,-999,-999,-999,"IUCN, 2011"
Reptilia,Testudines,Emydidae,Trachemys,scripta,-999,"Pond Slider, scripta: Yellowbelly Slider, elegans: Red-eared Slider, troostii: Cumberland Slider",-999,2,-999,-999,-999,-999,-999,-999,-999,-999,-999,-999,-999,-999,-999,-999,-999,-999,-999,-999,-999,-999,-999,-999,-999,-999,-999,-999,"Stebbins, R.C., 2003"
Reptilia,Testudines,Emydidae,Trachemys,scripta,-999,"Pond Slider, scripta: Yellowbelly Slider, elegans: Red-eared Slider, troostii: Cumberland Slider",-999,25,-999,-999,-999,-999,-999,-999,-999,-999,-999,-999,-999,-999,-999,-999,-999,-999,-999,-999,-999,-999,-999,-999,-999,-999,-999,-999,"Stebbins, R.C., 2003"
Reptilia,Testudines,Emydidae,Trachemys,scripta,-999,"Pond Slider, scripta: Yellowbelly Slider, elegans: Red-eared Slider, troostii: Cumberland Slider",-999,-999,3,-999,-999,-999,-999,-999,-999,-999,-999,-999,-999,-999,-999,-999,-999,-999,-999,-999,-999,-999,-999,-999,-999,-999,-999,-999,"IUCN, 2011"
Reptilia,Testudines,Emydidae,Trachemys,scripta,-999,"Pond Slider, scripta: Yellowbelly Slider, elegans: Red-eared Slider, troostii: Cumberland Slider",-999,-999,1,-999,-999,-999,-999,-999,-999,-999,-999,-999,-999,-999,-999,-999,-999,-999,-999,-999,-999,-999,-999,-999,-999,-999,-999,-999,"Stebbins, R.C., 2003"
Reptilia,Testudines,Emydidae,Trachemys,scripta,-999,"Pond Slider, scripta: Yellowbelly Slider, elegans: Red-eared Slider, troostii: Cumberland Slider",-999,-999,3,-999,-999,-999,-999,-999,-999,-999,-999,-999,-999,-999,-999,-999,-999,-999,-999,-999,-999,-999,-999,-999,-999,-999,-999,-999,"Stebbins, R.C., 2003"
Reptilia,Testudines,Emydidae,Trachemys,scripta,-999,"Pond Slider, scripta: Yellowbelly Slider, elegans: Red-eared Slider, troostii: Cumberland Slider",-999,-999,-999,-999,-999,-999,-999,-999,-999,-999,-999,-999,730.48,-999,-999,-999,-999,-999,-999,-999,-999,-999,-999,-999,-999,-999,-999,-999,"IUCN, 2011"
Reptilia,Testudines,Emydidae,Trachemys,scripta,-999,"Pond Slider, scripta: Yellowbelly Slider, elegans: Red-eared Slider, troostii: Cumberland Slider",-999,-999,-999,-999,-999,-999,-999,-999,-999,-999,-999,-999,1826.2,-999,-999,-999,-999,-999,-999,-999,-999,-999,-999,-999,-999,-999,-999,-999,"IUCN, 2011"
Reptilia,Testudines,Emydidae,Trachemys,scripta,-999,"Pond Slider, scripta: Yellowbelly Slider, elegans: Red-eared Slider, troostii: Cumberland Slider",-999,-999,-999,-999,29.95,-999,-999,-999,-999,-999,-999,-999,-999,-999,-999,-999,-999,-999,-999,-999,-999,-999,-999,-999,-999,-999,-999,-999,"IUCN, 2011"
Reptilia,Testudines,Emydidae,Trachemys,scripta,-999,"Pond Slider, scripta: Yellowbelly Slider, elegans: Red-eared Slider, troostii: Cumberland Slider",-999,-999,-999,-999,-999,-999,-999,-999,-999,-999,-999,-999,-999,-999,-999,900,-999,-999,-999,-999,-999,-999,-999,-999,-999,-999,-999,-999,"BC Reptiles - Ferronato, B.O., Marques, T.S., Guardia, I. et al., 2009"
Reptilia,Testudines,Emydidae,Trachemys,scripta,-999,"Pond Slider, scripta: Yellowbelly Slider, elegans: Red-eared Slider, troostii: Cumberland Slider",-999,-999,-999,-999,-999,-999,-999,-999,-999,-999,-999,-999,-999,-999,-999,800,-999,-999,-999,-999,-999,-999,-999,-999,-999,-999,-999,-999,"BC Reptiles - Ferronato, B.O., Marques, T.S., Guardia, I. et al., 2009"
Reptilia,Testudines,Emydidae,Trachemys,scripta,-999,"Pond Slider, scripta: Yellowbelly Slider, elegans: Red-eared Slider, troostii: Cumberland Slider",-999,-999,-999,-999,-999,-999,-999,-999,-999,-999,-999,-999,-999,-999,-999,1000,-999,-999,-999,-999,-999,-999,-999,-999,-999,-999,-999,-999,"BC Reptiles - Ferronato, B.O., Marques, T.S., Guardia, I. et al., 2009"
Reptilia,Testudines,Emydidae,Trachemys,scripta,-999,"Pond Slider, scripta: Yellowbelly Slider, elegans: Red-eared Slider, troostii: Cumberland Slider",-999,-999,-999,-999,-999,-999,-999,-999,-999,-999,-999,-999,-999,-999,1250,-999,-999,-999,-999,-999,-999,-999,-999,-999,-999,-999,-999,-999,"BC Reptiles - Ferronato, B.O., Marques, T.S., Guardia, I. et al., 2009"
Reptilia,Testudines,Emydidae,Trachemys,scripta,-999,"Pond Slider, scripta: Yellowbelly Slider, elegans: Red-eared Slider, troostii: Cumberland Slider",-999,-999,-999,-999,-999,-999,-999,-999,-999,-999,-999,-999,-999,-999,1000,-999,-999,-999,-999,-999,-999,-999,-999,-999,-999,-999,-999,-999,"BC Reptiles - Ferronato, B.O., Marques, T.S., Guardia, I. et al., 2009"
Reptilia,Testudines,Emydidae,Trachemys,scripta,-999,"Pond Slider, scripta: Yellowbelly Slider, elegans: Red-eared Slider, troostii: Cumberland Slider",-999,-999,-999,-999,-999,-999,-999,-999,-999,-999,-999,-999,-999,-999,1500,-999,-999,-999,-999,-999,-999,-999,-999,-999,-999,-999,-999,-999,"BC Reptiles - Ferronato, B.O., Marques, T.S., Guardia, I. et al., 2009"
Reptilia,Testudines,Emydidae,Trachemys,scripta,-999,"Pond Slider, scripta: Yellowbelly Slider, elegans: Red-eared Slider, troostii: Cumberland Slider",-999,6,-999,-999,-999,-999,-999,-999,-999,-999,-999,-999,-999,-999,-999,-999,-999,-999,-999,-999,-999,-999,-999,-999,-999,-999,-999,-999,"BC Reptiles - Ferronato, B.O., Marques, T.S., Guardia, I. et al., 2009"
Reptilia,Testudines,Testudinidae,Gopherus,agassizii,-999,"Agassiz's Desert Tortoise, (Californian) Desert Tortoise",5500,8,-999,-999,62.8,118,-999,-999,-999,-999,-999,-999,5500,-999,-999,-999,-999,-999,-999,-999,-999,-999,-999,-999,-999,-999,-999,-999,"de Magalhaes and Costa, 2009"
Reptilia,Testudines,Testudinidae,Gopherus,agassizii,-999,"Agassiz's Desert Tortoise, (Californian) Desert Tortoise",5500,-999,-999,17000,62.8,-999,-999,-999,-999,-999,118,-999,-999,-999,-999,-999,-999,-999,-999,-999,-999,-999,-999,-999,-999,-999,-999,-999,"Ricklefs, 2010b"
Reptilia,Testudines,Testudinidae,Gopherus,agassizii,-999,"Agassiz's Desert Tortoise, (Californian) Desert Tortoise",-999,-999,-999,-999,48,-999,-999,-999,-999,-999,-999,-999,-999,-999,-999,-999,-999,-999,-999,-999,-999,-999,-999,-999,-999,-999,-999,-999,"Germano, 1992"
Reptilia,Testudines,Testudinidae,Gopherus,agassizii,-999,"Agassiz's Desert Tortoise, (Californian) Desert Tortoise",-999,-999,-999,-999,53,-999,-999,-999,-999,-999,-999,-999,-999,-999,-999,-999,-999,-999,-999,-999,-999,-999,-999,-999,-999,-999,-999,-999,"Germano, 1992"
Reptilia,Testudines,Testudinidae,Gopherus,agassizii,-999,"Agassiz's Desert Tortoise, (Californian) Desert Tortoise",-999,-999,-999,-999,40,-999,-999,-999,-999,-999,-999,-999,-999,-999,-999,-999,-999,-999,-999,-999,-999,-999,-999,-999,-999,-999,-999,-999,"Germano, 1992"
Reptilia,Testudines,Testudinidae,Gopherus,agassizii,-999,"Agassiz's Desert Tortoise, (Californian) Desert Tortoise",-999,-999,-999,-999,60,-999,-999,-999,-999,-999,-999,-999,-999,-999,-999,-999,-999,-999,-999,-999,-999,-999,-999,-999,-999,-999,-999,-999,"Germano, 1992"
Reptilia,Testudines,Testudinidae,Gopherus,agassizii,-999,"Agassiz's Desert Tortoise, (Californian) Desert Tortoise",-999,-999,-999,-999,-999,-999,-999,-999,-999,-999,-999,-999,-999,-999,-999,-999,-999,-999,-999,-999,-999,-999,-999,-999,-999,-999,-999,5113.5,"Heppell, 1998"
Reptilia,Testudines,Testudinidae,Gopherus,agassizii,-999,"Agassiz's Desert Tortoise, (Californian) Desert Tortoise",-999,8,-999,-999,-999,-999,-999,-999,-999,-999,-999,-999,-999,-999,-999,-999,-999,-999,-999,-999,-999,-999,-999,-999,-999,-999,-999,-999,"Heppell, 1998"
Reptilia,Testudines,Testudinidae,Gopherus,agassizii,-999,"Agassiz's Desert Tortoise, (Californian) Desert Tortoise",-999,-999,1,-999,-999,-999,-999,-999,-999,-999,-999,-999,-999,-999,-999,-999,-999,-999,-999,-999,-999,-999,-999,-999,-999,-999,-999,-999,"Heppell, 1998"
Reptilia,Testudines,Testudinidae,Gopherus,agassizii,-999,"Agassiz's Desert Tortoise, (Californian) Desert Tortoise",-999,-999,-999,-999,-999,-999,-999,-999,-999,-999,-999,-999,-999,-999,-999,-999,-999,-999,-999,-999,-999,-999,-999,-999,-999,-999,-999,4017.75,"Heppell, 1998"
Reptilia,Testudines,Testudinidae,Gopherus,agassizii,-999,"Agassiz's Desert Tortoise, (Californian) Desert Tortoise",-999,-999,1,-999,-999,-999,-999,-999,-999,-999,-999,-999,-999,-999,-999,-999,-999,-999,-999,-999,-999,-999,-999,-999,-999,-999,-999,-999,"Iverson, 1980"
Reptilia,Testudines,Testudinidae,Gopherus,agassizii,-999,"Agassiz's Desert Tortoise, (Californian) Desert Tortoise",-999,-999,-999,-999,-999,-999,-999,-999,-999,-999,-999,-999,-999,-999,-999,-999,-999,-999,41,-999,-999,-999,-999,-999,-999,-999,-999,-999,"Iverson, 1980"
Reptilia,Testudines,Testudinidae,Gopherus,agassizii,-999,"Agassiz's Desert Tortoise, (Californian) Desert Tortoise",-999,-999,-999,-999,-999,-999,-999,-999,-999,41,-999,-999,-999,-999,-999,-999,-999,-999,-999,-999,-999,-999,-999,-999,-999,-999,-999,-999,"Iverson, 1980"
Reptilia,Testudines,Testudinidae,Gopherus,agassizii,-999,"Agassiz's Desert Tortoise, (Californian) Desert Tortoise",-999,-999,-999,-999,-999,-999,-999,-999,-999,-999,-999,-999,-999,-999,-999,-999,-999,-999,-999,-999,-999,-999,-999,-999,-999,-999,-999,3652.5,"Iverson, 1980"
Reptilia,Testudines,Testudinidae,Gopherus,agassizii,-999,"Agassiz's Desert Tortoise, (Californian) Desert Tortoise",-999,-999,-999,-999,-999,-999,-999,-999,-999,-999,-999,-999,-999,-999,-999,-999,-999,-999,-999,-999,-999,-999,-999,-999,-999,-999,-999,5478.75,"Iverson, 1980"
Reptilia,Testudines,Testudinidae,Gopherus,agassizii,-999,"Agassiz's Desert Tortoise, (Californian) Desert Tortoise",-999,-999,-999,-999,-999,-999,-999,30.1,-999,-999,-999,-999,-999,-999,-999,-999,-999,-999,-999,-999,-999,-999,-999,-999,-999,-999,-999,-999,"Iverson, 1980"
Reptilia,Testudines,Testudinidae,Gopherus,agassizii,-999,"Agassiz's Desert Tortoise, (Californian) Desert Tortoise",-999,-999,-999,-999,-999,-999,-999,35.7,-999,-999,-999,-999,-999,-999,-999,-999,-999,-999,-999,-999,-999,-999,-999,-999,-999,-999,-999,-999,"Iverson, 1980"
Reptilia,Testudines,Testudinidae,Gopherus,agassizii,-999,"Agassiz's Desert Tortoise, (Californian) Desert Tortoise",-999,-999,-999,-999,-999,-999,-999,-999,-999,-999,-999,-999,-999,-999,-999,-999,-999,-999,-999,-999,-999,-999,-999,-999,-999,-999,-999,4748.25,"Hellgren, E.C., Kazmaier, R., Ruthven, D.C. III and D.R. Synatzske, 2000"
Reptilia,Testudines,Testudinidae,Gopherus,agassizii,-999,"Agassiz's Desert Tortoise, (Californian) Desert Tortoise",-999,-999,-999,-999,-999,-999,-999,-999,-999,-999,-999,-999,-999,-999,-999,-999,-999,-999,-999,-999,-999,-999,-999,-999,-999,-999,-999,5844,"Hellgren, E.C., Kazmaier, R., Ruthven, D.C. III and D.R. Synatzske, 2000"
Reptilia,Testudines,Testudinidae,Gopherus,agassizii,-999,"Agassiz's Desert Tortoise, (Californian) Desert Tortoise",-999,5.784194529,2.000525486,1400,-999,-999,-999,-999,-999,32.9,-999,-999,-999,-999,-999,-999,1400,-999,-999,-999,-999,-999,-999,-999,-999,-999,-999,-999,"Werner and Griebeler, 2013"
Reptilia,Testudines,Testudinidae,Gopherus,agassizii,-999,"Agassiz's Desert Tortoise, (Californian) Desert Tortoise",-999,3,-999,-999,-999,-999,-999,-999,-999,-999,89,-999,-999,-999,-999,-999,-999,-999,-999,-999,-999,-999,-999,-999,-999,-999,-999,-999,Reptile Incubation book
Reptilia,Testudines,Testudinidae,Gopherus,agassizii,-999,"Agassiz's Desert Tortoise, (Californian) Desert Tortoise",-999,-999,-999,-999,-999,-999,-999,-999,-999,-999,68,-999,-999,-999,-999,-999,-999,-999,-999,-999,-999,-999,-999,-999,-999,-999,-999,-999,Reptile Incubation book
Reptilia,Testudines,Testudinidae,Gopherus,agassizii,-999,"Agassiz's Desert Tortoise, (Californian) Desert Tortoise",-999,2,-999,-999,-999,-999,-999,-999,-999,-999,80,-999,-999,-999,-999,-999,-999,-999,-999,-999,-999,-999,-999,-999,-999,-999,-999,-999,Reptile Incubation book
Reptilia,Testudines,Testudinidae,Gopherus,agassizii,-999,"Agassiz's Desert Tortoise, (Californian) Desert Tortoise",-999,15,-999,-999,-999,-999,-999,-999,-999,-999,125,-999,-999,-999,-999,-999,-999,-999,-999,-999,-999,-999,-999,-999,-999,-999,-999,-999,Reptile Incubation book
Reptilia,Testudines,Testudinidae,Gopherus,agassizii,-999,"Agassiz's Desert Tortoise, (Californian) Desert Tortoise",-999,-999,-999,-999,-999,-999,-999,-999,-999,-999,73,-999,-999,-999,-999,-999,-999,-999,-999,-999,-999,-999,-999,-999,-999,-999,-999,-999,Reptile Incubation book
Reptilia,Testudines,Testudinidae,Gopherus,agassizii,-999,"Agassiz's Desert Tortoise, (Californian) Desert Tortoise",-999,12,-999,-999,-999,-999,-999,-999,-999,-999,102,-999,-999,-999,-999,-999,-999,-999,-999,-999,-999,-999,-999,-999,-999,-999,-999,-999,Reptile Incubation book
Reptilia,Testudines,Testudinidae,Gopherus,agassizii,-999,"Agassiz's Desert Tortoise, (Californian) Desert Tortoise",-999,4.5,-999,2290,-999,-999,-999,-999,-999,38.9,-999,-999,-999,-999,2290,-999,2290,-999,-999,-999,-999,-999,-999,-999,-999,-999,-999,-999,"Iverson, J., Balgooyen, C., Byrd, K. et al., 1993"
Reptilia,Testudines,Testudinidae,Gopherus,agassizii,-999,"Agassiz's Desert Tortoise, (Californian) Desert Tortoise",-999,5.2,-999,2784,-999,-999,-999,-999,-999,40.9,-999,-999,-999,-999,2784,-999,2784,-999,-999,-999,-999,-999,-999,-999,-999,-999,-999,-999,"Iverson, J., Balgooyen, C., Byrd, K. et al., 1993"
Reptilia,Testudines,Testudinidae,Gopherus,agassizii,-999,"Agassiz's Desert Tortoise, (Californian) Desert Tortoise",-999,-999,-999,-999,-999,-999,-999,-999,-999,29,72,-999,-999,-999,-999,-999,-999,-999,-999,-999,-999,-999,-999,-999,-999,-999,-999,-999,"Birchard, G. and D. Marcellini, 1996"
Reptilia,Testudines,Testudinidae,Gopherus,agassizii,-999,"Agassiz's Desert Tortoise, (Californian) Desert Tortoise",-999,-999,-999,-999,2.8,-999,-999,-999,-999,-999,-999,-999,-999,-999,-999,-999,-999,-999,-999,-999,-999,-999,-999,-999,-999,-999,-999,-999,"Carey, J.R. and D.S. Judge, 2002"
Reptilia,Testudines,Testudinidae,Gopherus,agassizii,-999,"Agassiz's Desert Tortoise, (Californian) Desert Tortoise",-999,-999,-999,-999,8.5,-999,-999,-999,-999,-999,-999,-999,-999,-999,-999,-999,-999,-999,-999,-999,-999,-999,-999,-999,-999,-999,-999,-999,"Carey, J.R. and D.S. Judge, 2002"
Reptilia,Testudines,Testudinidae,Gopherus,agassizii,-999,"Agassiz's Desert Tortoise, (Californian) Desert Tortoise",-999,-999,-999,-999,-999,-999,-999,-999,-999,33,-999,-999,-999,-999,-999,-999,-999,-999,-999,-999,-999,-999,-999,-999,-999,-999,-999,-999,"Werner, J., 2010"
Reptilia,Testudines,Testudinidae,Gopherus,agassizii,-999,"Agassiz's Desert Tortoise, (Californian) Desert Tortoise",-999,2,-999,-999,-999,-999,-999,-999,-999,-999,-999,-999,-999,-999,-999,-999,-999,-999,-999,-999,-999,-999,-999,-999,-999,-999,-999,-999,"Behler, J.L., King, F.W., 1979"
Reptilia,Testudines,Testudinidae,Gopherus,agassizii,-999,"Agassiz's Desert Tortoise, (Californian) Desert Tortoise",-999,14,-999,-999,-999,-999,-999,-999,-999,-999,-999,-999,-999,-999,-999,-999,-999,-999,-999,-999,-999,-999,-999,-999,-999,-999,-999,-999,"Behler, J.L., King, F.W., 1979"
Reptilia,Testudines,Testudinidae,Gopherus,agassizii,-999,"Agassiz's Desert Tortoise, (Californian) Desert Tortoise",-999,1,-999,-999,-999,-999,-999,-999,-999,-999,-999,-999,-999,-999,-999,-999,-999,-999,-999,-999,-999,-999,-999,-999,-999,-999,-999,-999,"Stebbins, R.C., 2003"
Reptilia,Testudines,Testudinidae,Gopherus,agassizii,-999,"Agassiz's Desert Tortoise, (Californian) Desert Tortoise",-999,4,-999,-999,-999,-999,-999,-999,-999,-999,-999,-999,-999,-999,-999,-999,-999,-999,-999,-999,-999,-999,-999,-999,-999,-999,-999,-999,"Stebbins, R.C., 2003"
Reptilia,Testudines,Testudinidae,Gopherus,agassizii,-999,"Agassiz's Desert Tortoise, (Californian) Desert Tortoise",-999,6,-999,-999,-999,-999,-999,-999,-999,-999,-999,-999,-999,-999,-999,-999,-999,-999,-999,-999,-999,-999,-999,-999,-999,-999,-999,-999,"Stebbins, R.C., 2003"
Reptilia,Testudines,Testudinidae,Gopherus,agassizii,-999,"Agassiz's Desert Tortoise, (Californian) Desert Tortoise",-999,12,-999,-999,-999,-999,-999,-999,-999,-999,-999,-999,-999,-999,-999,-999,-999,-999,-999,-999,-999,-999,-999,-999,-999,-999,-999,-999,"Stebbins, R.C., 2003"
Reptilia,Testudines,Testudinidae,Gopherus,agassizii,-999,"Agassiz's Desert Tortoise, (Californian) Desert Tortoise",-999,-999,2,-999,-999,-999,-999,-999,-999,-999,-999,-999,-999,-999,-999,-999,-999,-999,-999,-999,-999,-999,-999,-999,-999,-999,-999,-999,"Behler, J.L., King, F.W., 1979"
Reptilia,Testudines,Testudinidae,Gopherus,agassizii,-999,"Agassiz's Desert Tortoise, (Californian) Desert Tortoise",-999,-999,3,-999,-999,-999,-999,-999,-999,-999,-999,-999,-999,-999,-999,-999,-999,-999,-999,-999,-999,-999,-999,-999,-999,-999,-999,-999,"Behler, J.L., King, F.W., 1979"
Reptilia,Testudines,Testudinidae,Gopherus,agassizii,-999,"Agassiz's Desert Tortoise, (Californian) Desert Tortoise",-999,-999,2,-999,-999,-999,-999,-999,-999,-999,-999,-999,-999,-999,-999,-999,-999,-999,-999,-999,-999,-999,-999,-999,-999,-999,-999,-999,"Stebbins, R.C., 2003"
Reptilia,Testudines,Testudinidae,Gopherus,agassizii,-999,"Agassiz's Desert Tortoise, (Californian) Desert Tortoise",-999,-999,3,-999,-999,-999,-999,-999,-999,-999,-999,-999,-999,-999,-999,-999,-999,-999,-999,-999,-999,-999,-999,-999,-999,-999,-999,-999,"Stebbins, R.C., 2003"
Reptilia,Testudines,Testudinidae,Gopherus,agassizii,-999,"Agassiz's Desert Tortoise, (Californian) Desert Tortoise",-999,-999,-999,-999,-999,-999,-999,-999,-999,-999,-999,-999,-999,-999,-999,-999,1400,-999,-999,-999,-999,-999,-999,-999,-999,-999,-999,-999,"Werner, J., 2010"
Reptilia,Testudines,Testudinidae,Gopherus,agassizii,-999,"Agassiz's Desert Tortoise, (Californian) Desert Tortoise",-999,-999,-999,-999,-999,-999,-999,-999,-999,-999,-999,-999,-999,-999,-999,-999,-999,-999,-999,-999,-999,-999,-999,-999,-999,-999,-999,5478.6,"Behler, J.L., King, F.W., 1979"
Reptilia,Testudines,Testudinidae,Gopherus,agassizii,-999,"Agassiz's Desert Tortoise, (Californian) Desert Tortoise",-999,-999,-999,-999,-999,-999,-999,-999,-999,-999,-999,-999,-999,-999,-999,-999,-999,-999,-999,-999,-999,-999,-999,-999,-999,-999,-999,7304.8,"Behler, J.L., King, F.W., 1979"
Reptilia,Testudines,Testudinidae,Gopherus,agassizii,-999,"Agassiz's Desert Tortoise, (Californian) Desert Tortoise",-999,-999,-999,-999,-999,-999,-999,-999,-999,-999,-999,-999,-999,-999,1907,-999,-999,-999,-999,-999,-999,-999,-999,-999,-999,-999,-999,-999,"Wallis, I.R., Henen, B.T., Nagy, K.A., 1999"
Reptilia,Testudines,Testudinidae,Gopherus,agassizii,-999,"Agassiz's Desert Tortoise, (Californian) Desert Tortoise",-999,-999,-999,-999,-999,-999,-999,-999,-999,-999,-999,-999,-999,-999,1758,-999,-999,-999,-999,-999,-999,-999,-999,-999,-999,-999,-999,-999,"Wallis, I.R., Henen, B.T., Nagy, K.A., 1999"
Reptilia,Testudines,Testudinidae,Gopherus,agassizii,-999,"Agassiz's Desert Tortoise, (Californian) Desert Tortoise",-999,-999,-999,-999,-999,-999,-999,-999,-999,-999,-999,-999,-999,-999,2598,-999,-999,-999,-999,-999,-999,-999,-999,-999,-999,-999,-999,-999,"Wallis, I.R., Henen, B.T., Nagy, K.A., 1999"
Reptilia,Testudines,Testudinidae,Gopherus,agassizii,-999,"Agassiz's Desert Tortoise, (Californian) Desert Tortoise",-999,-999,-999,-999,-999,-999,-999,-999,-999,-999,-999,-999,-999,-999,2596,-999,-999,-999,-999,-999,-999,-999,-999,-999,-999,-999,-999,-999,"Wallis, I.R., Henen, B.T., Nagy, K.A., 1999"
Reptilia,Testudines,Testudinidae,Gopherus,agassizii,-999,"Agassiz's Desert Tortoise, (Californian) Desert Tortoise",-999,-999,1,-999,-999,-999,-999,-999,-999,-999,-999,-999,-999,-999,-999,-999,-999,-999,-999,-999,-999,-999,-999,-999,-999,-999,-999,-999,"BC Reptiles - Meyers et al., 2009"
Reptilia,Testudines,Testudinidae,Gopherus,agassizii,-999,"Agassiz's Desert Tortoise, (Californian) Desert Tortoise",-999,-999,-999,-999,8.5,-999,-999,-999,-999,-999,-999,-999,-999,-999,-999,-999,-999,-999,-999,-999,-999,-999,-999,-999,-999,-999,-999,-999,"BC Reptiles - Meyers et al., 2009"
Reptilia,Testudines,Testudinidae,Gopherus,agassizii,-999,"Agassiz's Desert Tortoise, (Californian) Desert Tortoise",-999,-999,-999,-999,25,-999,-999,-999,-999,-999,-999,-999,-999,-999,-999,-999,-999,-999,-999,-999,-999,-999,-999,-999,-999,-999,-999,-999,"BC Reptiles - Tacutu, R., T. Craig, A. Budovsky et al. 2013"
Reptilia,Testudines,Testudinidae,Gopherus,agassizii,-999,"Agassiz's Desert Tortoise, (Californian) Desert Tortoise",3650,-999,-999,-999,-999,-999,-999,-999,-999,-999,-999,-999,-999,-999,-999,-999,-999,-999,-999,-999,-999,-999,-999,-999,-999,-999,-999,-999,"BC Reptiles - Tacutu, R., T. Craig, A. Budovsky et al. 2013"
Reptilia,Testudines,Testudinidae,Gopherus,agassizii,-999,"Agassiz's Desert Tortoise, (Californian) Desert Tortoise",-999,-999,-999,-999,-999,-999,-999,-999,-999,-999,-999,-999,3650,-999,-999,-999,-999,-999,-999,-999,-999,-999,-999,-999,-999,-999,-999,-999,"BC Reptiles - Tacutu, R., T. Craig, A. Budovsky et al. 2013"
Reptilia,Testudines,Testudinidae,Gopherus,agassizii,-999,"Agassiz's Desert Tortoise, (Californian) Desert Tortoise",-999,-999,-999,-999,-999,-999,-999,-999,-999,-999,90,-999,-999,-999,-999,-999,-999,-999,-999,-999,-999,-999,-999,-999,-999,-999,-999,-999,"BC Reptiles - Tacutu, R., T. Craig, A. Budovsky et al. 2013"
Reptilia,Testudines,Testudinidae,Gopherus,agassizii,-999,"Agassiz's Desert Tortoise, (Californian) Desert Tortoise",-999,8,-999,-999,-999,-999,-999,-999,-999,-999,-999,-999,-999,-999,-999,-999,-999,-999,-999,-999,-999,-999,-999,-999,-999,-999,-999,-999,"BC Reptiles - Tacutu, R., T. Craig, A. Budovsky et al. 2013"
Reptilia,Testudines,Testudinidae,Gopherus,agassizii,-999,"Agassiz's Desert Tortoise, (Californian) Desert Tortoise",-999,-999,-999,5500,-999,-999,-999,-999,-999,-999,-999,-999,-999,-999,-999,-999,-999,-999,-999,-999,-999,-999,-999,-999,-999,-999,-999,-999,"BC Reptiles - Tacutu, R., T. Craig, A. Budovsky et al. 2013"
Reptilia,Testudines,Testudinidae,Gopherus,agassizii,-999,"Agassiz's Desert Tortoise, (Californian) Desert Tortoise",-999,-999,-999,-999,40,-999,-999,-999,-999,-999,-999,-999,-999,-999,-999,-999,-999,-999,-999,-999,-999,-999,-999,-999,-999,-999,-999,-999,"BC Reptiles - Wilson, 2003"
Reptilia,Testudines,Testudinidae,Gopherus,agassizii,-999,"Agassiz's Desert Tortoise, (Californian) Desert Tortoise",-999,-999,-999,-999,-999,-999,-999,-999,-999,-999,-999,-999,-999,-999,-999,-999,-999,-999,-999,-999,-999,-999,-999,-999,-999,-999,-999,5844,"BC Reptiles - Wilson, 2003"
Reptilia,Testudines,Testudinidae,Gopherus,agassizii,-999,"Agassiz's Desert Tortoise, (Californian) Desert Tortoise",-999,-999,-999,-999,-999,-999,-999,-999,-999,-999,-999,-999,-999,-999,-999,-999,-999,-999,-999,-999,-999,-999,-999,-999,-999,-999,-999,7670.25,"BC Reptiles - Wilson, 2003"
